session_code,id_in_session,participant_code,channel,nickname,body,timestamp
m7p1o3h8,2,0ies6b63,2-bargaining_tdl_main-11_2_3,RightPartner,orange chatta con purple a sx,1787515852.565567
m7p1o3h8,2,0ies6b63,2-bargaining_tdl_main-11_1_2,LeftPartner,orange chatta con yellow a destra,1787515862.5186257
m7p1o3h8,1,pvyf0zut,2-bargaining_tdl_main-11_1_2,RightPartner,yellow ha orange a sx,1787515889.0468805
m7p1o3h8,1,pvyf0zut,2-bargaining_tdl_main-11_1_3,LeftPartner,yellow ha purple a dx,1787515904.5003247
m7p1o3h8,3,xdev4epy,2-bargaining_tdl_main-11_1_3,RightPartner,prplue ha yellow a sx,1787515915.1410723
m7p1o3h8,3,xdev4epy,2-bargaining_tdl_main-11_2_3,LeftPartner,purple ha orange a dx,1787515926.4013371
y9ga0gir,2,21kj71fv,3-bargaining_tdl_main-13_1_2,LeftPartner,orange chatta con yellow a sx,1787516847.9159846
y9ga0gir,2,21kj71fv,3-bargaining_tdl_main-13_2_3,RightPartner,orange chatta con purple a dx,1787516858.2772393
y9ga0gir,3,dzykmc69,3-bargaining_tdl_main-13_2_3,LeftPartner,purple chatta con orange a sx,1787516870.025338
y9ga0gir,3,dzykmc69,3-bargaining_tdl_main-13_1_3,RightPartner,purple chatta con yellow a dx,1787516879.1877716
y9ga0gir,1,e2ymy3si,3-bargaining_tdl_main-13_1_2,RightPartner,yellow chatta con orrange a sx,1787516891.1174407
y9ga0gir,1,e2ymy3si,3-bargaining_tdl_main-13_1_3,LeftPartner,yellow chatta con purple a dx,1787516904.9978926
y4bdktc9,1,t5lmf7vf,4-bargaining_tdl_main-15_1_3,LeftPartner,ahshnhhhshsh yellow parla con purple  a sx,1787517351.994574
y4bdktc9,1,t5lmf7vf,4-bargaining_tdl_main-15_1_2,RightPartner,yellow parla con orange a dx,1787517360.8270912
y4bdktc9,2,h6sphzvs,4-bargaining_tdl_main-15_2_3,RightPartner,orange parlaa con puple a sx,1787517374.473085
y4bdktc9,2,h6sphzvs,4-bargaining_tdl_main-15_1_2,LeftPartner,orange parla con yellow a dx,1787517390.4324052
y4bdktc9,3,eca5lpiz,4-bargaining_tdl_main-15_2_3,LeftPartner,Purple parla con Orange a sx,1787517405.7748716
y4bdktc9,3,eca5lpiz,4-bargaining_tdl_main-15_1_3,RightPartner,Purple parla con yellow a dx,1787517418.8436854
7k6rrk1t,1,bq7v8spd,10-bargaining_tdl_main-22_1_3,LeftPartner,sgsrhsrhshshshsh,1787557952.6507006
7k6rrk1t,1,bq7v8spd,10-bargaining_tdl_main-22_1_2,RightPartner,srhsrhsagaeg,1787557956.2661934
7k6rrk1t,2,y74997tg,10-bargaining_tdl_main-22_2_3,RightPartner,shsrhshh,1787557960.3197055
7k6rrk1t,2,y74997tg,10-bargaining_tdl_main-22_1_2,LeftPartner,djshshshshr,1787557963.361831
7k6rrk1t,3,eos88v0r,10-bargaining_tdl_main-22_2_3,LeftPartner,nnggnfnfnfgngfnn,1787557972.8509874
7k6rrk1t,1,bq7v8spd,10-bargaining_tdl_main-22_1_3,LeftPartner,ciao purple,1787557990.6506965
7k6rrk1t,1,bq7v8spd,10-bargaining_tdl_main-22_1_3,LeftPartner,"ciao sono il giallo, tu sei il viola",1787558082.1875942
7k6rrk1t,2,y74997tg,10-bargaining_tdl_main-22_2_3,RightPartner,"Ciao io sono Orange, e tu sei purple e sei alla mia sinistra",1787558207.6573553
7k6rrk1t,1,bq7v8spd,10-bargaining_tdl_main-22_1_3,LeftPartner,"io sono yellow qui, e sto scrivendo a purple sulla chat sinistra",1787558264.6532671
7k6rrk1t,3,eos88v0r,10-bargaining_tdl_main-22_2_3,LeftPartner,cIAO SONO purple e wcrivo a orange nella chat sx,1787558366.964898
8gresv05,3,1dctvgwr,11-bargaining_tdl_main-24_2_3,RightPartner,purple scrive a orange nella chat a sx,1787565761.8478363
8gresv05,3,1dctvgwr,11-bargaining_tdl_main-24_1_3,LeftPartner,purple scrive a yellow nella chat dx,1787565785.0749245
8gresv05,2,ugya7zfa,11-bargaining_tdl_main-24_1_2,RightPartner,Orange scrivo a yellow nella chat sx,1787565848.3389235
8gresv05,2,ugya7zfa,11-bargaining_tdl_main-24_2_3,LeftPartner,Orange scrivo a purpleeee,1787565868.5932329
8gresv05,1,en61f0xs,11-bargaining_tdl_main-24_1_2,LeftPartner,yellow scrivo a orange a sx,1787565880.1429513
8gresv05,1,en61f0xs,11-bargaining_tdl_main-24_1_3,RightPartner,yellow scrivo a purple a dx,1787565903.6488366
qgjaaekj,2,g2uyg7bq,12-bargaining_tdl_main-26_2_3,LeftPartner,Orange per purple aweeeeeeeeeeeee,1787566536.5995867
qgjaaekj,2,g2uyg7bq,12-bargaining_tdl_main-26_1_2,RightPartner,orange per yellow evaaaaaa,1787566547.872194
qgjaaekj,1,rggnizw0,12-bargaining_tdl_main-26_1_2,LeftPartner,yellow saluta Orangeeeee,1787566562.484291
qgjaaekj,1,rggnizw0,12-bargaining_tdl_main-26_1_3,RightPartner,yellow saluta purple,1787566569.0111623
qgjaaekj,3,32g26m6g,12-bargaining_tdl_main-26_1_3,LeftPartner,prple saluta yellow,1787566583.741725
qgjaaekj,3,32g26m6g,12-bargaining_tdl_main-26_2_3,RightPartner,prple saluta orange,1787566595.9653194
ap8xo7vf,1,tn09juk5,13-bargaining_tdl_main-28_1_2,LeftPartner,Ciao sono yellow a scrivo per primo ad Orange nella chat sx,1787576782.9109013
ap8xo7vf,1,tn09juk5,13-bargaining_tdl_main-28_1_3,RightPartner,Ciao sono yellow e scrivo a Purple nella chat dx e sono il primo,1787576799.5336342
ap8xo7vf,2,b7ohs09b,13-bargaining_tdl_main-28_1_2,RightPartner,ciao sono orange e rispondo a yellow nella chat a sx per secondo,1787576825.3427367
ap8xo7vf,2,b7ohs09b,13-bargaining_tdl_main-28_2_3,LeftPartner,ciao sono orange e scrivo per primo a purple nella hat destra,1787576854.1358285
ap8xo7vf,3,z6swda5o,13-bargaining_tdl_main-28_2_3,RightPartner,ciao sono purple e ricevo da orange che ha scritto per primo. adesso rispondo per secondo nella chat sx,1787576886.9447637
ap8xo7vf,3,z6swda5o,13-bargaining_tdl_main-28_1_3,LeftPartner,"Ciao yellow, si sono purple e yi scrivo nella chat destra per secondo",1787576908.291767
w0k1pp1v,9,pa0lyt3t,7-bargaining_tdl_main-29_2_3,RightPartner,I'm the purple participant. I'm willing to form an alliance. ,1787579677.3892338
w0k1pp1v,8,sujm7e3t,7-bargaining_tdl_main-29_2_3,LeftPartner,Hello. I am going to support you so that there is a chance we can both get a bonus,1787579682.7959423
w0k1pp1v,9,pa0lyt3t,7-bargaining_tdl_main-29_2_3,RightPartner,I will support you in order to do the same.,1787579693.6536832
w0k1pp1v,8,sujm7e3t,7-bargaining_tdl_main-29_1_2,RightPartner,Hello. I am going to support you so that there is a chance we both get a bonus,1787579701.1713328
w0k1pp1v,8,sujm7e3t,7-bargaining_tdl_main-29_2_3,LeftPartner,perfect lets do it,1787579705.735583
w0k1pp1v,4,3c1q0aop,7-bargaining_tdl_main-29_1_2,LeftPartner,Hello! I will do the same.,1787579707.0842285
w0k1pp1v,9,pa0lyt3t,7-bargaining_tdl_main-29_2_3,RightPartner,Sounds great!,1787579710.662034
w0k1pp1v,4,3c1q0aop,7-bargaining_tdl_main-29_1_3,RightPartner,Hello. I will support you.,1787579719.847483
w0k1pp1v,22,c20ssexe,7-bargaining_tdl_main-31_2_3,RightPartner,I will support you if you support me,1787579728.4407847
w0k1pp1v,22,c20ssexe,7-bargaining_tdl_main-31_1_3,LeftPartner,who do you plan to support?,1787579741.874063
w0k1pp1v,13,q5vwsmix,7-bargaining_tdl_main-32_2_3,LeftPartner,Hey!,1787579742.315474
w0k1pp1v,13,q5vwsmix,7-bargaining_tdl_main-32_1_2,RightPartner,Hey!,1787579745.5728886
w0k1pp1v,30,m2ebd0pn,7-bargaining_tdl_main-31_2_3,LeftPartner,I agree to this arrangement.,1787579745.6317034
w0k1pp1v,24,xbkayxyl,7-bargaining_tdl_main-30_1_3,RightPartner,"Hi Purple! If we both support each other, we each earn $3. Let me know if you want to team up",1787579748.5700622
w0k1pp1v,38,mp422707,7-bargaining_tdl_main-33_2_3,LeftPartner,Hi there!,1787579756.402072
w0k1pp1v,38,mp422707,7-bargaining_tdl_main-33_1_2,RightPartner,Hi there!,1787579757.3617513
w0k1pp1v,44,18tj6ajl,7-bargaining_tdl_main-32_1_2,LeftPartner,hi there. our other participant left already lol,1787579763.063997
w0k1pp1v,22,c20ssexe,7-bargaining_tdl_main-31_2_3,RightPartner,Perfect! ,1787579763.3264728
w0k1pp1v,13,q5vwsmix,7-bargaining_tdl_main-32_1_2,RightPartner,I will support you since the other particpant left,1787579771.4187722
w0k1pp1v,28,bahye0k7,7-bargaining_tdl_main-31_1_3,RightPartner,I didn't have a plan. Am willing to support who ever supports me,1787579773.1556141
w0k1pp1v,44,18tj6ajl,7-bargaining_tdl_main-32_1_2,LeftPartner,exactly,1787579774.4952533
w0k1pp1v,13,q5vwsmix,7-bargaining_tdl_main-32_1_2,RightPartner,I guess our choices was made easily!,1787579789.480319
w0k1pp1v,44,18tj6ajl,7-bargaining_tdl_main-32_1_2,LeftPartner,easy money not sure why they bailed,1787579792.8631666
w0k1pp1v,31,33sk0ckk,7-bargaining_tdl_main-34_2_3,LeftPartner,Hello!,1787579795.6448436
w0k1pp1v,31,33sk0ckk,7-bargaining_tdl_main-34_1_2,RightPartner,Hello!,1787579799.988676
w0k1pp1v,6,i4fnewyg,7-bargaining_tdl_main-35_2_3,RightPartner,hi,1787579803.1351733
w0k1pp1v,42,h0i7fw4n,7-bargaining_tdl_main-35_2_3,LeftPartner,Hi,1787579805.7355835
w0k1pp1v,44,18tj6ajl,7-bargaining_tdl_main-32_1_2,LeftPartner,ok so can we just hit next to move on?,1787579806.0819345
w0k1pp1v,6,i4fnewyg,7-bargaining_tdl_main-35_1_3,LeftPartner,hi,1787579807.9214976
w0k1pp1v,42,h0i7fw4n,7-bargaining_tdl_main-35_1_2,RightPartner,Hi,1787579809.2566752
w0k1pp1v,22,c20ssexe,7-bargaining_tdl_main-31_1_3,LeftPartner,That sounds good.,1787579810.9926376
w0k1pp1v,13,q5vwsmix,7-bargaining_tdl_main-32_1_2,RightPartner,"I don't either, very weird. I think we can go ahead and click next.",1787579815.642526
w0k1pp1v,28,bahye0k7,7-bargaining_tdl_main-31_1_3,RightPartner,want to trade support or nah?,1787579815.9294498
w0k1pp1v,42,h0i7fw4n,7-bargaining_tdl_main-35_2_3,LeftPartner,We should support each other to earn the bonus,1787579819.7087145
w0k1pp1v,6,i4fnewyg,7-bargaining_tdl_main-35_2_3,RightPartner,I will support you if you support me,1787579827.4243255
w0k1pp1v,42,h0i7fw4n,7-bargaining_tdl_main-35_1_2,RightPartner,We should support each other to earn the bonus,1787579827.9503992
w0k1pp1v,25,14fow89s,7-bargaining_tdl_main-34_1_2,LeftPartner,"I will support you, if you support me, then we both win.",1787579829.264307
w0k1pp1v,42,h0i7fw4n,7-bargaining_tdl_main-35_2_3,LeftPartner,OK,1787579832.5141168
w0k1pp1v,54,hm67flwa,7-bargaining_tdl_main-36_2_3,RightPartner,hey,1787579838.5189967
w0k1pp1v,6,i4fnewyg,7-bargaining_tdl_main-35_2_3,RightPartner,Sounds like a plan,1787579841.1746268
w0k1pp1v,54,hm67flwa,7-bargaining_tdl_main-36_1_3,LeftPartner,hey,1787579841.2043834
w0k1pp1v,27,5duad6r4,7-bargaining_tdl_main-35_1_2,LeftPartner,Hello,1787579843.3055096
w0k1pp1v,42,h0i7fw4n,7-bargaining_tdl_main-35_2_3,LeftPartner,Great!,1787579847.0347
w0k1pp1v,24,xbkayxyl,7-bargaining_tdl_main-30_1_3,RightPartner,hello,1787579847.6782215
w0k1pp1v,31,33sk0ckk,7-bargaining_tdl_main-34_1_2,RightPartner,I agree! That sounds good to me!,1787579848.313586
w0k1pp1v,21,feb7kdkx,7-bargaining_tdl_main-36_2_3,LeftPartner,Hello,1787579848.8660126
w0k1pp1v,27,5duad6r4,7-bargaining_tdl_main-35_1_3,RightPartner,Hello,1787579851.1016557
w0k1pp1v,6,i4fnewyg,7-bargaining_tdl_main-35_1_3,LeftPartner,hows it going,1787579854.6915507
w0k1pp1v,1,rttz7zmy,7-bargaining_tdl_main-36_1_3,RightPartner,yes ,1787579860.7833998
w0k1pp1v,6,i4fnewyg,7-bargaining_tdl_main-35_1_3,LeftPartner,who are you supporting,1787579864.3168273
w0k1pp1v,54,hm67flwa,7-bargaining_tdl_main-36_1_3,LeftPartner,shall we support each other?,1787579873.0043395
w0k1pp1v,27,5duad6r4,7-bargaining_tdl_main-35_1_3,RightPartner,"good, just got done reading the rules. this one is intense hehe",1787579873.1415684
w0k1pp1v,58,ontr1p82,7-bargaining_tdl_main-37_1_3,LeftPartner,Hi there.,1787579877.0042994
w0k1pp1v,58,ontr1p82,7-bargaining_tdl_main-37_2_3,RightPartner,Hi there.,1787579878.469632
w0k1pp1v,54,hm67flwa,7-bargaining_tdl_main-36_2_3,RightPartner,shall we support each other?,1787579878.6475346
w0k1pp1v,1,rttz7zmy,7-bargaining_tdl_main-36_1_3,RightPartner,ok lets do it make sure thz,1787579885.4313893
w0k1pp1v,21,feb7kdkx,7-bargaining_tdl_main-36_2_3,LeftPartner,i propose we support each other to earn $3,1787579887.4420016
w0k1pp1v,25,14fow89s,7-bargaining_tdl_main-34_1_2,LeftPartner,"Ok...we are set, just always support each other, including purple, who left",1787579890.2049701
w0k1pp1v,21,feb7kdkx,7-bargaining_tdl_main-36_1_2,RightPartner,hello,1787579891.58688
w0k1pp1v,33,h3cvwk2e,7-bargaining_tdl_main-37_2_3,LeftPartner,hi who you picking,1787579892.0242796
w0k1pp1v,27,5duad6r4,7-bargaining_tdl_main-35_1_3,RightPartner,"I'll support you, purple is my favorite color :)",1787579893.393991
w0k1pp1v,19,2yjbrlfh,7-bargaining_tdl_main-38_2_3,RightPartner,I’m going to support you,1787579898.2483218
w0k1pp1v,19,2yjbrlfh,7-bargaining_tdl_main-38_1_3,LeftPartner,I’m going to support you,1787579907.9313598
w0k1pp1v,58,ontr1p82,7-bargaining_tdl_main-37_2_3,RightPartner,You of course.  ,1787579907.9375808
w0k1pp1v,1,rttz7zmy,7-bargaining_tdl_main-36_1_2,LeftPartner,sry i already agreed to spt purple. ,1787579919.6126015
w0k1pp1v,58,ontr1p82,7-bargaining_tdl_main-37_2_3,RightPartner,Let's make some money.,1787579920.8396406
w0k1pp1v,33,h3cvwk2e,7-bargaining_tdl_main-37_1_2,RightPartner,"hello, who are you picking",1787579921.790407
w0k1pp1v,16,sy6hl3tp,7-bargaining_tdl_main-38_2_3,LeftPartner,Okay I'll support you as well.,1787579922.212918
w0k1pp1v,54,hm67flwa,7-bargaining_tdl_main-36_2_3,RightPartner,I will 100% support you,1787579930.5414834
w0k1pp1v,54,hm67flwa,7-bargaining_tdl_main-36_2_3,RightPartner,the other participant is making no sense,1787579937.463857
w0k1pp1v,16,sy6hl3tp,7-bargaining_tdl_main-38_1_2,RightPartner,who do you plan to support,1787579937.5772212
w0k1pp1v,32,8rn9b959,7-bargaining_tdl_main-37_1_3,RightPartner,I am good and you,1787579939.4183207
w0k1pp1v,57,o5wl0csp,7-bargaining_tdl_main-39_2_3,RightPartner,I plan to support you,1787579942.6883013
w0k1pp1v,39,0zhdy0ci,7-bargaining_tdl_main-39_1_3,RightPartner,Any ideas?,1787579945.6011198
w0k1pp1v,33,h3cvwk2e,7-bargaining_tdl_main-37_2_3,LeftPartner,okay deal i'll also choose you,1787579945.9616919
w0k1pp1v,32,8rn9b959,7-bargaining_tdl_main-37_1_2,LeftPartner,i am good and you,1787579949.6046505
w0k1pp1v,58,ontr1p82,7-bargaining_tdl_main-37_1_3,LeftPartner,"Great, thanks.",1787579956.196169
w0k1pp1v,39,0zhdy0ci,7-bargaining_tdl_main-39_1_2,LeftPartner,Anu ideas?,1787579956.1998298
w0k1pp1v,54,hm67flwa,7-bargaining_tdl_main-36_2_3,RightPartner,"to be honest, I don't like them at all",1787579970.2117963
w0k1pp1v,60,a739vpjo,7-bargaining_tdl_main-40_1_3,LeftPartner,hello,1787579974.8389513
w0k1pp1v,60,a739vpjo,7-bargaining_tdl_main-40_2_3,RightPartner,hello,1787579979.3331764
w0k1pp1v,58,ontr1p82,7-bargaining_tdl_main-37_2_3,RightPartner,Cool.  Let's do it then.,1787579981.0849445
w0k1pp1v,29,wgrml8yf,7-bargaining_tdl_main-40_1_3,RightPartner,hey!,1787579984.1286452
w0k1pp1v,41,cek33gm1,7-bargaining_tdl_main-40_2_3,LeftPartner,hello,1787579985.1317787
w0k1pp1v,55,z35y8fo5,7-bargaining_tdl_main-39_2_3,LeftPartner,ok lets support eachother,1787579985.2222137
w0k1pp1v,57,o5wl0csp,7-bargaining_tdl_main-39_1_3,LeftPartner,should we support each other?,1787579985.6720798
w0k1pp1v,29,wgrml8yf,7-bargaining_tdl_main-40_1_2,LeftPartner,hey,1787579988.1659696
w0k1pp1v,39,0zhdy0ci,7-bargaining_tdl_main-39_1_2,LeftPartner,I meant ANY,1787579990.7839787
w0k1pp1v,41,cek33gm1,7-bargaining_tdl_main-40_1_2,RightPartner,hi,1787579999.574139
w0k1pp1v,1,rttz7zmy,7-bargaining_tdl_main-36_1_3,RightPartner,i told orange im gona spt u ,1787580001.5032237
w0k1pp1v,60,a739vpjo,7-bargaining_tdl_main-40_2_3,RightPartner,im willing to take one for the team,1787580002.9166436
w0k1pp1v,29,wgrml8yf,7-bargaining_tdl_main-40_1_2,LeftPartner,what do you think we should do?,1787580008.405395
w0k1pp1v,60,a739vpjo,7-bargaining_tdl_main-40_1_3,LeftPartner,im willing to take one for the team,1787580010.9336464
w0k1pp1v,41,cek33gm1,7-bargaining_tdl_main-40_2_3,LeftPartner,really?,1787580021.69652
w0k1pp1v,60,a739vpjo,7-bargaining_tdl_main-40_2_3,RightPartner,yes,1787580024.7717555
w0k1pp1v,41,cek33gm1,7-bargaining_tdl_main-40_1_2,RightPartner,Not sure,1787580026.146883
w0k1pp1v,41,cek33gm1,7-bargaining_tdl_main-40_2_3,LeftPartner,Well its up to you,1787580032.7923262
w0k1pp1v,29,wgrml8yf,7-bargaining_tdl_main-40_1_3,RightPartner,are you sure? so your not going to pick anyone,1787580035.8191261
w0k1pp1v,60,a739vpjo,7-bargaining_tdl_main-40_2_3,RightPartner,so how do we do this,1787580035.9999297
w0k1pp1v,1,rttz7zmy,7-bargaining_tdl_main-36_1_2,LeftPartner,hi,1787580040.244563
w0k1pp1v,21,feb7kdkx,7-bargaining_tdl_main-36_1_2,RightPartner,what are we agreeing too,1787580044.9741263
w0k1pp1v,1,rttz7zmy,7-bargaining_tdl_main-36_1_2,LeftPartner,purple left the chat,1787580047.206136
w0k1pp1v,29,wgrml8yf,7-bargaining_tdl_main-40_1_2,LeftPartner,me either ,1787580049.0942996
w0k1pp1v,60,a739vpjo,7-bargaining_tdl_main-40_1_3,LeftPartner,what should i do theres no way we can all get paid,1787580054.294097
w0k1pp1v,21,feb7kdkx,7-bargaining_tdl_main-36_1_2,RightPartner,yeah,1787580057.2784157
w0k1pp1v,1,rttz7zmy,7-bargaining_tdl_main-36_1_2,LeftPartner,lets support each other ok ??,1787580060.813868
w0k1pp1v,41,cek33gm1,7-bargaining_tdl_main-40_2_3,LeftPartner,I guess you pick who to support or not to support,1787580065.4274087
w0k1pp1v,60,a739vpjo,7-bargaining_tdl_main-40_1_3,LeftPartner,yea you guys work it out,1787580077.7134402
w0k1pp1v,21,feb7kdkx,7-bargaining_tdl_main-36_1_2,RightPartner,okay Im Orange,1787580077.9423497
w0k1pp1v,41,cek33gm1,7-bargaining_tdl_main-40_1_2,RightPartner,you have to pick who you want to support,1787580077.947006
w0k1pp1v,35,l2bdeiwp,7-bargaining_tdl_main-41_1_3,RightPartner,Hello ,1787580088.4806826
w0k1pp1v,60,a739vpjo,7-bargaining_tdl_main-40_1_3,LeftPartner,tell me what you want me to pick,1787580088.9019654
w0k1pp1v,21,feb7kdkx,7-bargaining_tdl_main-36_1_2,RightPartner,agreed ,1787580091.1638389
w0k1pp1v,35,l2bdeiwp,7-bargaining_tdl_main-41_1_2,LeftPartner,Hello,1787580092.0972903
w0k1pp1v,1,rttz7zmy,7-bargaining_tdl_main-36_1_2,LeftPartner,yes i spt u and u spt me. make sure okay? thx,1787580092.4974961
w0k1pp1v,37,npsvxthz,7-bargaining_tdl_main-41_2_3,LeftPartner,I think that we should support one another and not support yellow,1787580095.6740725
w0k1pp1v,29,wgrml8yf,7-bargaining_tdl_main-40_1_2,LeftPartner,ok ill choose you ,1787580096.5973449
w0k1pp1v,60,a739vpjo,7-bargaining_tdl_main-40_2_3,RightPartner,tell me what you want me to pick,1787580097.0418632
w0k1pp1v,37,npsvxthz,7-bargaining_tdl_main-41_1_2,RightPartner,Hello,1787580099.3200378
w0k1pp1v,65,85j5ofgm,7-bargaining_tdl_main-42_1_2,RightPartner,Good morning,1787580100.02895
w0k1pp1v,48,hq5tbgfo,7-bargaining_tdl_main-41_1_3,LeftPartner,Hello!,1787580101.909134
w0k1pp1v,29,wgrml8yf,7-bargaining_tdl_main-40_1_3,RightPartner,you pick no one?,1787580104.8996964
w0k1pp1v,21,feb7kdkx,7-bargaining_tdl_main-36_1_2,RightPartner,yeah we good,1787580105.219545
w0k1pp1v,65,85j5ofgm,7-bargaining_tdl_main-42_2_3,LeftPartner,Good morning,1787580106.353311
w0k1pp1v,29,wgrml8yf,7-bargaining_tdl_main-40_1_3,RightPartner,im not sure,1787580107.079627
w0k1pp1v,66,4z3psel4,7-bargaining_tdl_main-42_2_3,RightPartner,hello,1787580110.5267487
w0k1pp1v,48,hq5tbgfo,7-bargaining_tdl_main-41_2_3,RightPartner,"Totally agree, let's do it!",1787580112.2191193
w0k1pp1v,60,a739vpjo,7-bargaining_tdl_main-40_1_3,LeftPartner,yea right,1787580112.8929207
w0k1pp1v,29,wgrml8yf,7-bargaining_tdl_main-40_1_3,RightPartner,this is a little confusing lol,1787580113.6851573
w0k1pp1v,41,cek33gm1,7-bargaining_tdl_main-40_2_3,LeftPartner,I can't tell you that. I want you to pick for yourself,1787580114.0747325
w0k1pp1v,60,a739vpjo,7-bargaining_tdl_main-40_1_3,LeftPartner,lol,1787580116.1752098
w0k1pp1v,66,4z3psel4,7-bargaining_tdl_main-42_1_3,LeftPartner,hey,1787580116.5202887
w0k1pp1v,60,a739vpjo,7-bargaining_tdl_main-40_1_3,LeftPartner,yea,1787580118.5148804
w0k1pp1v,59,7bahlg0x,7-bargaining_tdl_main-43_1_3,RightPartner,Hello,1787580118.9720879
w0k1pp1v,35,l2bdeiwp,7-bargaining_tdl_main-41_1_3,RightPartner,Which color do you think you'll choose,1787580120.8961568
w0k1pp1v,70,64vc0b7z,7-bargaining_tdl_main-43_1_3,LeftPartner,Hello,1787580123.729557
w0k1pp1v,41,cek33gm1,7-bargaining_tdl_main-40_1_2,RightPartner,Ok then I choose you too,1787580127.6274633
w0k1pp1v,49,30ghjv9r,7-bargaining_tdl_main-42_1_2,LeftPartner,Morning to you too.,1787580128.8453648
w0k1pp1v,35,l2bdeiwp,7-bargaining_tdl_main-41_1_2,LeftPartner,what color are ya thinking of choosing,1787580129.0820973
w0k1pp1v,37,npsvxthz,7-bargaining_tdl_main-41_2_3,LeftPartner,What should we tell yellow?  Nothing?,1787580130.7068784
w0k1pp1v,29,wgrml8yf,7-bargaining_tdl_main-40_1_3,RightPartner,other person is orange and i cant stand that color so im not picking them lmao,1787580132.8556075
w0k1pp1v,64,ifdnbxpp,7-bargaining_tdl_main-43_1_2,RightPartner,hello,1787580133.3642313
w0k1pp1v,49,30ghjv9r,7-bargaining_tdl_main-42_1_3,RightPartner,Hello,1787580137.727404
w0k1pp1v,48,hq5tbgfo,7-bargaining_tdl_main-41_1_3,LeftPartner,"I am still deciding, how about you?",1787580138.064317
w0k1pp1v,37,npsvxthz,7-bargaining_tdl_main-41_2_3,LeftPartner,They are asking me what color to choose?,1787580141.458097
w0k1pp1v,64,ifdnbxpp,7-bargaining_tdl_main-43_2_3,LeftPartner,hello,1787580142.3270624
w0k1pp1v,70,64vc0b7z,7-bargaining_tdl_main-43_2_3,RightPartner,Hello,1787580142.90329
w0k1pp1v,66,4z3psel4,7-bargaining_tdl_main-42_1_3,LeftPartner,wanna support each other,1787580149.1687968
w0k1pp1v,70,64vc0b7z,7-bargaining_tdl_main-43_2_3,RightPartner,Let's support each other and get the max benefit.,1787580154.8381195
w0k1pp1v,49,30ghjv9r,7-bargaining_tdl_main-42_1_3,RightPartner,absolutely.,1787580159.872453
w0k1pp1v,48,hq5tbgfo,7-bargaining_tdl_main-41_2_3,RightPartner,I just told yellow I am still thinking about it.  But I am 100% committed to supporting you.,1787580162.8233082
w0k1pp1v,64,ifdnbxpp,7-bargaining_tdl_main-43_2_3,LeftPartner,perfect,1787580168.7949886
w0k1pp1v,37,npsvxthz,7-bargaining_tdl_main-41_1_2,RightPartner,I am thinking of choosing yellow if you choose orange,1787580169.713927
w0k1pp1v,66,4z3psel4,7-bargaining_tdl_main-42_1_3,LeftPartner,thanks,1787580173.595715
w0k1pp1v,37,npsvxthz,7-bargaining_tdl_main-41_2_3,LeftPartner,I told them yellow as well,1787580180.3103542
w0k1pp1v,35,l2bdeiwp,7-bargaining_tdl_main-41_1_3,RightPartner,I'm leaning towards purple now and then maybe orange later so we get equal shots at making the money ,1787580184.0214171
w0k1pp1v,35,l2bdeiwp,7-bargaining_tdl_main-41_1_3,RightPartner,orange left the chat so idk that theyll be fair,1787580226.6984732
w0k1pp1v,48,hq5tbgfo,7-bargaining_tdl_main-41_1_3,LeftPartner,Yeah I had the same experience with orange!  How about we agree to support each other?,1787580251.372666
w0k1pp1v,35,l2bdeiwp,7-bargaining_tdl_main-41_1_3,RightPartner,sounds good ,1787580256.9999523
w0k1pp1v,48,hq5tbgfo,7-bargaining_tdl_main-41_1_3,LeftPartner,Great!,1787580265.2020972
w0k1pp1v,52,jlw209m3,7-bargaining_tdl_main-44_1_3,RightPartner,i will support you,1787580282.6468487
w0k1pp1v,69,iea3juo1,7-bargaining_tdl_main-44_1_3,LeftPartner,"Sounds good, i'll support you back",1787580294.6493733
w0k1pp1v,52,jlw209m3,7-bargaining_tdl_main-44_1_3,RightPartner,"deal, thanks.",1787580303.4757104
w0k1pp1v,68,4gf34krz,7-bargaining_tdl_main-44_2_3,LeftPartner,"If you promise to support me every time, I will promise to support you every time.",1787580307.4553857
w0k1pp1v,68,4gf34krz,7-bargaining_tdl_main-44_2_3,LeftPartner,Deal?,1787580336.723468
w0k1pp1v,69,iea3juo1,7-bargaining_tdl_main-44_2_3,RightPartner,"I would have said yes, but unfortunately the other participant offered first and i already said yes. I apologize",1787580356.06737
w0k1pp1v,56,n436emyu,7-bargaining_tdl_main-45_1_2,RightPartner,HI,1787580549.2713077
w0k1pp1v,51,hxk8xaae,7-bargaining_tdl_main-45_1_2,LeftPartner,Hello!,1787580555.573312
w0k1pp1v,51,hxk8xaae,7-bargaining_tdl_main-45_1_3,RightPartner,Good Morning!,1787580563.599046
w0k1pp1v,51,hxk8xaae,7-bargaining_tdl_main-45_1_2,LeftPartner,How is your Monday going so far?,1787580584.6066608
w0k1pp1v,56,n436emyu,7-bargaining_tdl_main-45_1_2,RightPartner,"If you can trust me, can we work together",1787580594.7069225
w0k1pp1v,56,n436emyu,7-bargaining_tdl_main-45_2_3,LeftPartner,hello,1787580603.0505943
w0k1pp1v,51,hxk8xaae,7-bargaining_tdl_main-45_1_2,LeftPartner,"I'm generally pretty trusting, so if you say we're working together I can go with that!",1787580632.8344297
w0k1pp1v,56,n436emyu,7-bargaining_tdl_main-45_1_2,RightPartner,"Don't disappoint me, I am ready to trust you",1787580676.2612426
w0k1pp1v,51,hxk8xaae,7-bargaining_tdl_main-45_1_2,LeftPartner,Okay same! ,1787580686.6444159
w0k1pp1v,56,n436emyu,7-bargaining_tdl_main-45_2_3,LeftPartner,hope you are there,1787580688.7500784
w0k1pp1v,51,hxk8xaae,7-bargaining_tdl_main-45_1_2,LeftPartner,Want to click next and move to the next part?,1787580698.7517614
w0k1pp1v,56,n436emyu,7-bargaining_tdl_main-45_1_2,RightPartner,hope you understand the game,1787580712.701858
w0k1pp1v,51,hxk8xaae,7-bargaining_tdl_main-45_1_2,LeftPartner,I think I do,1787580718.35335
w0k1pp1v,56,n436emyu,7-bargaining_tdl_main-45_1_2,RightPartner,"sure, let move on",1787580725.5830598
w0k1pp1v,51,hxk8xaae,7-bargaining_tdl_main-45_1_2,LeftPartner,okay let's go!,1787580730.366336
w0k1pp1v,96,8qx1cgk6,7-bargaining_tdl_main-46_1_2,RightPartner,I'm glad to support someone if they'll support me back.,1787581177.2043173
w0k1pp1v,96,8qx1cgk6,7-bargaining_tdl_main-46_2_3,LeftPartner,Glad to support you if you'll support me back!,1787581191.900719
w0k1pp1v,99,d0x4khnp,7-bargaining_tdl_main-47_2_3,LeftPartner,Hey ! i definetly think that you should support me,1787581210.0570533
w0k1pp1v,103,arh189lt,7-bargaining_tdl_main-47_2_3,RightPartner,Hi there!,1787581211.1551976
w0k1pp1v,105,vizzrjoz,7-bargaining_tdl_main-48_2_3,LeftPartner,Hello,1787581212.036758
w0k1pp1v,105,vizzrjoz,7-bargaining_tdl_main-48_1_2,RightPartner,Hello,1787581214.8463464
w0k1pp1v,99,d0x4khnp,7-bargaining_tdl_main-47_1_2,RightPartner,Hi!,1787581214.9529426
w0k1pp1v,85,2ubzh57u,7-bargaining_tdl_main-49_1_2,RightPartner,"Hi, I will support you",1787581219.42988
w0k1pp1v,73,6nfptj8w,7-bargaining_tdl_main-48_1_3,RightPartner,Hello!,1787581219.7998
w0k1pp1v,103,arh189lt,7-bargaining_tdl_main-47_1_3,LeftPartner,Hi there!,1787581221.4987032
w0k1pp1v,92,g78azthz,7-bargaining_tdl_main-47_1_2,LeftPartner,I would think it would benefit us both if we just agreed to vote for each other and get the $3,1787581221.6703892
w0k1pp1v,73,6nfptj8w,7-bargaining_tdl_main-48_1_2,LeftPartner,Hello!,1787581223.0783677
w0k1pp1v,99,d0x4khnp,7-bargaining_tdl_main-47_2_3,LeftPartner,How are you doing,1787581223.4686923
w0k1pp1v,84,ct1gk54g,7-bargaining_tdl_main-49_1_2,LeftPartner,Hello. Lets support each other.,1787581223.8229563
w0k1pp1v,85,2ubzh57u,7-bargaining_tdl_main-49_2_3,LeftPartner,"Hi, I will support you",1787581228.0980127
w0k1pp1v,99,d0x4khnp,7-bargaining_tdl_main-47_1_2,RightPartner,Yes! Lets do it,1787581230.4863558
w0k1pp1v,108,gv8dwbep,7-bargaining_tdl_main-48_2_3,RightPartner,Hi. I would like to support you if you will support me.,1787581230.725736
w0k1pp1v,92,g78azthz,7-bargaining_tdl_main-47_1_2,LeftPartner,Otherwise we walk with nothing,1787581231.130655
w0k1pp1v,95,kpyo2rqz,7-bargaining_tdl_main-49_1_3,LeftPartner,You should chose me because I am writing your color down,1787581231.782891
w0k1pp1v,106,j8afu46t,7-bargaining_tdl_main-50_1_2,RightPartner,I will support you if you support me,1787581232.086842
w0k1pp1v,84,ct1gk54g,7-bargaining_tdl_main-49_1_2,LeftPartner,We are both light colors :),1787581232.79994
w0k1pp1v,96,8qx1cgk6,7-bargaining_tdl_main-46_2_3,LeftPartner,"Yellow left the chat as soon as I sent a message, so I think you and I have the best chance of working together",1787581234.4156194
w0k1pp1v,73,6nfptj8w,7-bargaining_tdl_main-48_1_2,LeftPartner,Are you wanting to support each other?,1787581237.2362902
w0k1pp1v,85,2ubzh57u,7-bargaining_tdl_main-49_1_2,RightPartner,yes,1787581237.2488816
w0k1pp1v,99,d0x4khnp,7-bargaining_tdl_main-47_1_2,RightPartner,Can i trust you?,1787581237.734928
w0k1pp1v,105,vizzrjoz,7-bargaining_tdl_main-48_2_3,LeftPartner,This sounds appealing to me,1787581240.1620657
w0k1pp1v,92,g78azthz,7-bargaining_tdl_main-47_1_2,LeftPartner,Yes,1787581242.4671402
w0k1pp1v,95,kpyo2rqz,7-bargaining_tdl_main-49_2_3,RightPartner,Ok I will do the same for you so we both get the bonus,1787581242.609689
w0k1pp1v,83,vrwl98zr,7-bargaining_tdl_main-51_1_2,LeftPartner,Hello,1787581243.7066243
w0k1pp1v,83,vrwl98zr,7-bargaining_tdl_main-51_1_3,RightPartner,Hello,1787581247.135676
w0k1pp1v,105,vizzrjoz,7-bargaining_tdl_main-48_1_2,RightPartner,Yes I think that would be a great idea,1787581247.8529196
w0k1pp1v,87,mjzh4ngg,7-bargaining_tdl_main-50_1_2,LeftPartner,Ok.,1787581247.9167402
w0k1pp1v,73,6nfptj8w,7-bargaining_tdl_main-48_1_3,RightPartner,Would you like to support each other?,1787581247.9830735
w0k1pp1v,94,lmx2ddmh,7-bargaining_tdl_main-51_1_2,RightPartner,hello,1787581248.1582892
w0k1pp1v,92,g78azthz,7-bargaining_tdl_main-47_1_2,LeftPartner,I haven't even typed to the other color,1787581248.3396838
w0k1pp1v,103,arh189lt,7-bargaining_tdl_main-47_2_3,RightPartner,"OK, I'll ALWAYS support you IF you support me!",1787581251.377286
w0k1pp1v,108,gv8dwbep,7-bargaining_tdl_main-48_1_3,LeftPartner,"Yes, I would. ",1787581254.2876055
w0k1pp1v,83,vrwl98zr,7-bargaining_tdl_main-51_1_2,LeftPartner,Do you want to just support each other?,1787581262.6514735
w0k1pp1v,108,gv8dwbep,7-bargaining_tdl_main-48_2_3,RightPartner,That is what we should do then.,1787581263.4260938
w0k1pp1v,94,lmx2ddmh,7-bargaining_tdl_main-51_2_3,LeftPartner,I will support purple,1787581263.7196312
w0k1pp1v,87,mjzh4ngg,7-bargaining_tdl_main-50_1_2,LeftPartner,I will choose orange.,1787581264.2196846
w0k1pp1v,103,arh189lt,7-bargaining_tdl_main-47_1_3,LeftPartner,hello?,1787581267.6792288
w0k1pp1v,99,d0x4khnp,7-bargaining_tdl_main-47_1_2,RightPartner,That sounds good with me ,1787581267.6829574
w0k1pp1v,94,lmx2ddmh,7-bargaining_tdl_main-51_1_2,RightPartner,yes I will support you,1787581269.6306574
w0k1pp1v,105,vizzrjoz,7-bargaining_tdl_main-48_2_3,LeftPartner,Okay I am fine with that,1787581277.5393665
w0k1pp1v,83,vrwl98zr,7-bargaining_tdl_main-51_1_2,LeftPartner,"Sounds good, I'll do the same then",1787581282.845066
w0k1pp1v,92,g78azthz,7-bargaining_tdl_main-47_1_2,LeftPartner,So do we really sit here for ten minutes? haha,1787581283.1844022
w0k1pp1v,99,d0x4khnp,7-bargaining_tdl_main-47_2_3,LeftPartner,Can you be trusted with supporting me?,1787581283.1882217
w0k1pp1v,94,lmx2ddmh,7-bargaining_tdl_main-51_1_2,RightPartner,Sounds good,1787581288.690845
w0k1pp1v,110,3ugtx1v0,7-bargaining_tdl_main-51_2_3,RightPartner,I will support orange. ,1787581289.3138778
w0k1pp1v,110,3ugtx1v0,7-bargaining_tdl_main-51_1_3,LeftPartner,Would you be willing to support me? I will support you.,1787581293.990763
w0k1pp1v,92,g78azthz,7-bargaining_tdl_main-47_1_2,LeftPartner,Or can we click next and move on?,1787581294.2017395
w0k1pp1v,103,arh189lt,7-bargaining_tdl_main-47_2_3,RightPartner,Of course!,1787581294.2581484
w0k1pp1v,83,vrwl98zr,7-bargaining_tdl_main-51_1_2,LeftPartner,"Perfect, see you in the game.",1787581295.7769885
w0k1pp1v,99,d0x4khnp,7-bargaining_tdl_main-47_1_2,RightPartner,Yeah i guess so ,1787581296.467426
w0k1pp1v,92,g78azthz,7-bargaining_tdl_main-47_1_2,LeftPartner,I'm moving on and voting orange for you!,1787581305.8100798
w0k1pp1v,103,arh189lt,7-bargaining_tdl_main-47_2_3,RightPartner,That way we'll both make money!,1787581308.281691
w0k1pp1v,99,d0x4khnp,7-bargaining_tdl_main-47_1_2,RightPartner,I think we can just clicked next ,1787581310.163409
w0k1pp1v,73,6nfptj8w,7-bargaining_tdl_main-48_1_3,RightPartner,"Great! At the end of the day, someone is going to get 0 unfortunately.",1787581314.1449533
w0k1pp1v,105,vizzrjoz,7-bargaining_tdl_main-48_1_2,RightPartner,So are we doing to lock in and support one another?,1787581317.244454
w0k1pp1v,111,9lj02el0,7-bargaining_tdl_main-53_1_3,RightPartner,Hello,1787581319.995879
w0k1pp1v,86,dd8g5n3l,7-bargaining_tdl_main-52_2_3,LeftPartner,hi,1787581322.1902807
w0k1pp1v,86,dd8g5n3l,7-bargaining_tdl_main-52_1_2,RightPartner,hello,1787581324.6456568
w0k1pp1v,111,9lj02el0,7-bargaining_tdl_main-53_1_2,LeftPartner,Hello,1787581325.3868697
w0k1pp1v,79,qludv7ue,7-bargaining_tdl_main-52_1_2,LeftPartner,Hi,1787581332.4999685
w0k1pp1v,113,35cg8lsk,7-bargaining_tdl_main-53_2_3,LeftPartner,hey,1787581333.3360798
w0k1pp1v,90,fq060u1u,7-bargaining_tdl_main-52_2_3,RightPartner,hi who are you supporting?,1787581344.8946567
w0k1pp1v,111,9lj02el0,7-bargaining_tdl_main-53_1_3,RightPartner,Anybody there?,1787581346.943146
w0k1pp1v,86,dd8g5n3l,7-bargaining_tdl_main-52_1_2,RightPartner,"alright, cool",1787581350.4810874
w0k1pp1v,86,dd8g5n3l,7-bargaining_tdl_main-52_1_2,RightPartner,you're responding,1787581354.462531
w0k1pp1v,90,fq060u1u,7-bargaining_tdl_main-52_1_3,LeftPartner,hi who are you supporting?,1787581361.3284643
w0k1pp1v,111,9lj02el0,7-bargaining_tdl_main-53_1_3,RightPartner,No worries if you don't want to chat,1787581376.1222236
w0k1pp1v,86,dd8g5n3l,7-bargaining_tdl_main-52_2_3,LeftPartner,I don't think there's a fair way to do this right,1787581386.7538648
w0k1pp1v,76,piguhffc,7-bargaining_tdl_main-54_1_3,RightPartner,hello,1787581388.456013
w0k1pp1v,124,17t98wdx,7-bargaining_tdl_main-54_2_3,RightPartner,"Hello and good morning! Orange is my nephew's favorite color. He is obsessed with orange. Thus, I will support you. It would be great if you support me!",1787581393.303042
w0k1pp1v,107,rh230638,7-bargaining_tdl_main-54_1_2,RightPartner,Can you see which color I am?,1787581394.3637762
w0k1pp1v,86,dd8g5n3l,7-bargaining_tdl_main-52_2_3,LeftPartner,like one person has to be left out,1787581395.2810333
w0k1pp1v,124,17t98wdx,7-bargaining_tdl_main-54_1_3,LeftPartner,Hi there,1787581398.5192912
w0k1pp1v,79,qludv7ue,7-bargaining_tdl_main-52_1_3,RightPartner,You and I can support each other.,1787581398.9855795
w0k1pp1v,76,piguhffc,7-bargaining_tdl_main-54_1_2,LeftPartner,"yes, i can",1787581402.4195561
w0k1pp1v,136,vx3ypuy5,7-bargaining_tdl_main-56_2_3,RightPartner,Hey there!,1787581405.7748377
w0k1pp1v,123,2zlymyro,7-bargaining_tdl_main-53_1_3,LeftPartner,"I’m willing to support you if you support me. If we both stick to that agreement, we each get $3. Are you willing to agree to that?",1787581407.7419097
w0k1pp1v,136,vx3ypuy5,7-bargaining_tdl_main-56_1_3,LeftPartner,Hey there!,1787581408.3097162
w0k1pp1v,104,yawy61kz,7-bargaining_tdl_main-55_1_3,RightPartner,are you planning on supporting anyone?,1787581409.4390974
w0k1pp1v,126,asrcrh6w,7-bargaining_tdl_main-56_2_3,LeftPartner,Hello!,1787581410.3707833
w0k1pp1v,90,fq060u1u,7-bargaining_tdl_main-52_2_3,RightPartner,true but at least someone will win,1787581418.212589
w0k1pp1v,128,devi1fvz,7-bargaining_tdl_main-55_1_3,LeftPartner,Not sure yet. Wanna team up and support each other?,1787581421.2072635
w0k1pp1v,125,rugo5tf6,7-bargaining_tdl_main-56_1_3,RightPartner,hi !!,1787581421.308617
w0k1pp1v,107,rh230638,7-bargaining_tdl_main-54_1_2,RightPartner,How about we support each other in each round?,1787581424.1490169
w0k1pp1v,111,9lj02el0,7-bargaining_tdl_main-53_1_3,RightPartner,Yeah sure let's do that. Sounds good to me!,1787581427.1975706
w0k1pp1v,104,yawy61kz,7-bargaining_tdl_main-55_1_3,RightPartner,yea sure,1787581430.5497096
w0k1pp1v,115,bfppn9t1,7-bargaining_tdl_main-55_2_3,LeftPartner,Do you want to pair ?,1787581430.5562606
w0k1pp1v,124,17t98wdx,7-bargaining_tdl_main-54_1_3,LeftPartner,I'll support you if you support me. We both win. What do you say?,1787581431.9144087
w0k1pp1v,126,asrcrh6w,7-bargaining_tdl_main-56_2_3,LeftPartner,Do you want to support each other so we can  earn $3?,1787581431.9187617
w0k1pp1v,86,dd8g5n3l,7-bargaining_tdl_main-52_2_3,LeftPartner,"yeah, I'm gonna sacrifice myself",1787581434.2677665
w0k1pp1v,86,dd8g5n3l,7-bargaining_tdl_main-52_2_3,LeftPartner,vote for the other,1787581436.4478426
w0k1pp1v,136,vx3ypuy5,7-bargaining_tdl_main-56_2_3,RightPartner,Yes please I was just about to ask that,1787581439.6150975
w0k1pp1v,125,rugo5tf6,7-bargaining_tdl_main-56_1_2,LeftPartner,want to support me ?,1787581442.2072299
w0k1pp1v,135,0err8ha5,7-bargaining_tdl_main-57_1_2,RightPartner,who will you support,1787581443.2319663
w0k1pp1v,79,qludv7ue,7-bargaining_tdl_main-52_1_2,LeftPartner,Who are you going to support?,1787581443.4465513
w0k1pp1v,128,devi1fvz,7-bargaining_tdl_main-55_1_3,LeftPartner,Sounds like a plan. Let's do it.,1787581446.3550293
w0k1pp1v,136,vx3ypuy5,7-bargaining_tdl_main-56_2_3,RightPartner,Thank you for saying that,1787581448.867559
w0k1pp1v,135,0err8ha5,7-bargaining_tdl_main-57_2_3,LeftPartner,who will you support,1787581449.1954758
w0k1pp1v,86,dd8g5n3l,7-bargaining_tdl_main-52_1_2,RightPartner,"I'm self sacrificing, vote for the other",1787581450.056642
w0k1pp1v,90,fq060u1u,7-bargaining_tdl_main-52_1_3,LeftPartner,sounds good,1787581452.174387
w0k1pp1v,126,asrcrh6w,7-bargaining_tdl_main-56_2_3,LeftPartner,"OK, I will give my support to purple",1787581453.6022317
w0k1pp1v,125,rugo5tf6,7-bargaining_tdl_main-56_1_3,RightPartner,should we support each other ?,1787581455.9995437
w0k1pp1v,104,yawy61kz,7-bargaining_tdl_main-55_1_3,RightPartner,do we need to let orange know?,1787581456.458307
w0k1pp1v,126,asrcrh6w,7-bargaining_tdl_main-56_2_3,LeftPartner,I am orange.,1787581457.9353302
w0k1pp1v,76,piguhffc,7-bargaining_tdl_main-54_1_3,RightPartner,I totally agree with that.,1787581458.350759
w0k1pp1v,107,rh230638,7-bargaining_tdl_main-54_2_3,LeftPartner,Sure. sounds good,1787581462.736234
w0k1pp1v,126,asrcrh6w,7-bargaining_tdl_main-56_2_3,LeftPartner,Thanks so much!,1787581464.4231215
w0k1pp1v,90,fq060u1u,7-bargaining_tdl_main-52_2_3,RightPartner,thank you ,1787581464.4268498
w0k1pp1v,86,dd8g5n3l,7-bargaining_tdl_main-52_1_2,RightPartner,there's no fair way to do it and I'm not pressed for a bonus haha,1787581464.9431446
w0k1pp1v,115,bfppn9t1,7-bargaining_tdl_main-55_1_2,RightPartner,Do you want to Pair ?,1787581467.2226052
w0k1pp1v,138,2ljpd68r,7-bargaining_tdl_main-57_1_3,LeftPartner,Hello .,1787581472.9068396
w0k1pp1v,136,vx3ypuy5,7-bargaining_tdl_main-56_2_3,RightPartner,Sounds good to me and of course! I appreciate you,1787581475.9783642
w0k1pp1v,124,17t98wdx,7-bargaining_tdl_main-54_1_3,LeftPartner,Ok sounds great. Let's do it. Purple will support Yellow and vice versa. Sounds like a plan. ,1787581482.9279814
w0k1pp1v,138,2ljpd68r,7-bargaining_tdl_main-57_2_3,RightPartner,I am not sure just yet,1787581485.585199
w0k1pp1v,126,asrcrh6w,7-bargaining_tdl_main-56_1_2,RightPartner,I'm so sorry. I just made an agreement with purple.,1787581486.037293
w0k1pp1v,127,pnbhvr77,7-bargaining_tdl_main-57_1_3,RightPartner,Hello,1787581487.103071
w0k1pp1v,116,q10b5ceg,7-bargaining_tdl_main-58_1_3,RightPartner,hello,1787581490.597679
w0k1pp1v,76,piguhffc,7-bargaining_tdl_main-54_1_3,RightPartner,definetly,1787581494.477015
w0k1pp1v,135,0err8ha5,7-bargaining_tdl_main-57_2_3,LeftPartner,then support me,1787581495.3683116
w0k1pp1v,127,pnbhvr77,7-bargaining_tdl_main-57_1_2,LeftPartner,Dunno,1787581495.700166
w0k1pp1v,135,0err8ha5,7-bargaining_tdl_main-57_2_3,LeftPartner,and i will support you,1787581502.924593
w0k1pp1v,138,2ljpd68r,7-bargaining_tdl_main-57_2_3,RightPartner,"I am open to it , please say why ",1787581511.5468824
w0k1pp1v,132,kw7zy1d3,7-bargaining_tdl_main-58_1_3,LeftPartner,It looks like orange left. So how about you support me and I support you and that way we both get the bonus?,1787581515.6406302
w0k1pp1v,135,0err8ha5,7-bargaining_tdl_main-57_1_2,RightPartner,i know who i will support,1787581517.2808557
w0k1pp1v,79,qludv7ue,7-bargaining_tdl_main-52_1_3,RightPartner,The other person has not communicated well with me.  I will support you.,1787581523.5292687
w0k1pp1v,135,0err8ha5,7-bargaining_tdl_main-57_2_3,LeftPartner,because if we support each other then well get the money,1787581527.1491714
w0k1pp1v,138,2ljpd68r,7-bargaining_tdl_main-57_1_3,LeftPartner,Can you tell me why I should be supporting you ?,1787581530.1000648
w0k1pp1v,140,27ms7irl,7-bargaining_tdl_main-59_2_3,RightPartner,"Hi, can we agree to support each other so that we each earn $3?",1787581531.8906124
w0k1pp1v,135,0err8ha5,7-bargaining_tdl_main-57_2_3,LeftPartner,but if you dont support me and i dont support you then we get nothing,1787581535.869117
w0k1pp1v,86,dd8g5n3l,7-bargaining_tdl_main-52_1_2,RightPartner,are you good with that,1787581541.4350204
w0k1pp1v,79,qludv7ue,7-bargaining_tdl_main-52_1_2,LeftPartner,I understand.,1787581542.1770718
w0k1pp1v,86,dd8g5n3l,7-bargaining_tdl_main-52_1_2,RightPartner,cool cool,1787581545.4580836
w0k1pp1v,129,306mrw7o,7-bargaining_tdl_main-59_2_3,LeftPartner,Yes. That works for me. ,1787581549.7003317
w0k1pp1v,130,tio8epdt,7-bargaining_tdl_main-58_2_3,LeftPartner,"I intend to support you. If you support me as well, we can both earn $3. Please support Orange",1787581556.7575579
w0k1pp1v,130,tio8epdt,7-bargaining_tdl_main-58_1_2,RightPartner,I intend to support Purple. You can support whoever you think is best.,1787581557.9066706
w0k1pp1v,86,dd8g5n3l,7-bargaining_tdl_main-52_2_3,LeftPartner,I'm hitting the next button,1787581560.1993167
w0k1pp1v,127,pnbhvr77,7-bargaining_tdl_main-57_1_2,LeftPartner,who,1787581560.3376548
w0k1pp1v,127,pnbhvr77,7-bargaining_tdl_main-57_1_3,RightPartner,not really,1787581570.167979
w0k1pp1v,135,0err8ha5,7-bargaining_tdl_main-57_1_2,RightPartner,purple,1787581574.333694
w0k1pp1v,86,dd8g5n3l,7-bargaining_tdl_main-52_1_2,RightPartner,I'm hitting the next button,1787581574.551763
w0k1pp1v,90,fq060u1u,7-bargaining_tdl_main-52_1_3,LeftPartner,They agreed to both of us supporting each other ,1787581578.9697764
w0k1pp1v,127,pnbhvr77,7-bargaining_tdl_main-57_1_3,RightPartner,Should I support you?,1787581586.0253744
w0k1pp1v,78,fd61kqcf,7-bargaining_tdl_main-60_1_2,LeftPartner,hello,1787581594.2351725
w0k1pp1v,138,2ljpd68r,7-bargaining_tdl_main-57_2_3,RightPartner,"If I support you , will you support me ? We will both walk away with $3 .",1787581600.310648
w0k1pp1v,127,pnbhvr77,7-bargaining_tdl_main-57_1_2,LeftPartner,"cool, that's me",1787581603.4293637
w0k1pp1v,139,51xafo1c,7-bargaining_tdl_main-60_1_3,LeftPartner,"Im going to support you, support me back and we win",1787581606.095412
w0k1pp1v,90,fq060u1u,7-bargaining_tdl_main-52_1_3,LeftPartner,im hitting next ,1787581607.20122
w0k1pp1v,135,0err8ha5,7-bargaining_tdl_main-57_1_2,RightPartner,no its not,1787581620.851135
w0k1pp1v,127,pnbhvr77,7-bargaining_tdl_main-57_1_2,LeftPartner,jk,1787581622.7995713
w0k1pp1v,135,0err8ha5,7-bargaining_tdl_main-57_2_3,LeftPartner,yes,1787581629.585125
w0k1pp1v,78,fd61kqcf,7-bargaining_tdl_main-60_1_2,LeftPartner,I am ready to support you ,1787581635.8641226
w0k1pp1v,138,2ljpd68r,7-bargaining_tdl_main-57_2_3,RightPartner,"All right then Orange , I am game . ",1787581648.9109235
w0k1pp1v,127,pnbhvr77,7-bargaining_tdl_main-57_1_2,LeftPartner,just trying to inject some humor. you can see who you're chatting with,1787581651.4139264
w0k1pp1v,135,0err8ha5,7-bargaining_tdl_main-57_2_3,LeftPartner,are we finished here?,1787581656.7188716
w0k1pp1v,133,owr3is4o,7-bargaining_tdl_main-61_1_2,LeftPartner,"hi, i think we should support each other",1787581658.4912455
w0k1pp1v,135,0err8ha5,7-bargaining_tdl_main-57_1_2,RightPartner,what does that mean ,1787581660.7544594
w0k1pp1v,135,0err8ha5,7-bargaining_tdl_main-57_1_2,RightPartner,creepy bot,1787581662.16036
w0k1pp1v,138,2ljpd68r,7-bargaining_tdl_main-57_2_3,RightPartner,"Yes , as far as I am concerned",1787581668.510942
w0k1pp1v,114,p753z9n4,7-bargaining_tdl_main-60_1_2,RightPartner,Hello i also ready to support you,1787581670.8721998
w0k1pp1v,133,owr3is4o,7-bargaining_tdl_main-61_1_3,RightPartner,hi i think we should support each other,1787581671.0202138
w0k1pp1v,78,fd61kqcf,7-bargaining_tdl_main-60_1_2,LeftPartner,support me and we will win partner,1787581673.1607974
w0k1pp1v,127,pnbhvr77,7-bargaining_tdl_main-57_1_2,LeftPartner,"You are listed as ""Purple Participant"" beep boop",1787581682.2212827
w0k1pp1v,114,p753z9n4,7-bargaining_tdl_main-60_1_2,RightPartner,yes i agree,1787581690.9199882
w0k1pp1v,78,fd61kqcf,7-bargaining_tdl_main-60_1_2,LeftPartner,Ok lets goo,1787581693.0632665
w0k1pp1v,144,mbqoc0ag,7-bargaining_tdl_main-61_2_3,RightPartner,Hi! I'm purple. i'd like to support u if your'e willing to support me as well. That way we can both earn $3. let me know if you'd like to coordinate that :),1787581694.1267715
w0k1pp1v,127,pnbhvr77,7-bargaining_tdl_main-57_1_3,RightPartner,beep boop,1787581696.3953288
w0k1pp1v,145,2jce0uip,7-bargaining_tdl_main-62_1_2,RightPartner,hello!,1787581696.7531767
w0k1pp1v,145,2jce0uip,7-bargaining_tdl_main-62_2_3,LeftPartner,hello!,1787581697.749407
w0k1pp1v,133,owr3is4o,7-bargaining_tdl_main-61_1_2,LeftPartner,hellloooo,1787581711.044645
w0k1pp1v,147,n06pgjto,7-bargaining_tdl_main-62_2_3,RightPartner,"hi, purple and orange are the bolder more powerful colors",1787581713.8603792
w0k1pp1v,122,x2rhsb0z,7-bargaining_tdl_main-62_1_2,LeftPartner,Hello,1787581714.7012932
w0k1pp1v,122,x2rhsb0z,7-bargaining_tdl_main-62_1_3,RightPartner,Hello,1787581717.857429
w0k1pp1v,127,pnbhvr77,7-bargaining_tdl_main-57_1_3,RightPartner,"the other bot left, now it's just us",1787581721.0376642
w0k1pp1v,147,n06pgjto,7-bargaining_tdl_main-62_2_3,RightPartner,it would make sense to support each other,1787581722.0294306
w0k1pp1v,144,mbqoc0ag,7-bargaining_tdl_main-61_1_3,LeftPartner,"yes, that way we can doth earn 3 dollars. let's coordinate that. ",1787581725.1628723
w0k1pp1v,147,n06pgjto,7-bargaining_tdl_main-62_1_3,LeftPartner,Hello,1787581728.1220841
w0k1pp1v,137,ij6g0ac5,7-bargaining_tdl_main-61_2_3,LeftPartner,"Hello, let's work together.  It's a deal",1787581729.9769185
w0k1pp1v,137,ij6g0ac5,7-bargaining_tdl_main-61_1_2,RightPartner,Hello.  I think you joining me is your best bet,1787581732.1600943
w0k1pp1v,143,jljdka6u,7-bargaining_tdl_main-63_1_2,RightPartner,"Hi, how's it going? ",1787581732.4350374
w0k1pp1v,147,n06pgjto,7-bargaining_tdl_main-62_1_3,LeftPartner,What's your strategy thought?,1787581737.3663652
w0k1pp1v,143,jljdka6u,7-bargaining_tdl_main-63_2_3,LeftPartner,"Hi, how's it going? ",1787581738.7881844
w0k1pp1v,142,s3b8w8bw,7-bargaining_tdl_main-63_1_2,LeftPartner,good how are you,1787581745.4081075
w0k1pp1v,133,owr3is4o,7-bargaining_tdl_main-61_1_2,LeftPartner,alright then,1787581750.4708385
w0k1pp1v,144,mbqoc0ag,7-bargaining_tdl_main-61_2_3,RightPartner,"great! i'll chooose organge, and you choose purple. ",1787581763.9644444
w0k1pp1v,133,owr3is4o,7-bargaining_tdl_main-61_1_3,RightPartner,"exactly, lets do that",1787581764.6929696
w0k1pp1v,142,s3b8w8bw,7-bargaining_tdl_main-63_1_2,LeftPartner,we should team up,1787581764.6977725
w0k1pp1v,122,x2rhsb0z,7-bargaining_tdl_main-62_1_3,RightPartner,I'd we support each other. What do you think?,1787581765.6248531
w0k1pp1v,143,jljdka6u,7-bargaining_tdl_main-63_1_2,RightPartner,I'm good. Did you have a good weekend? ,1787581767.3793952
w0k1pp1v,145,2jce0uip,7-bargaining_tdl_main-62_2_3,LeftPartner,"that does make sense. i'm willing to support you, if you have me",1787581767.8738947
w0k1pp1v,137,ij6g0ac5,7-bargaining_tdl_main-61_2_3,LeftPartner,that's the ticket,1787581776.5951757
w0k1pp1v,145,2jce0uip,7-bargaining_tdl_main-62_1_2,RightPartner,who are you planning on supporting,1787581776.7110562
w0k1pp1v,122,x2rhsb0z,7-bargaining_tdl_main-62_1_2,LeftPartner,What's your strategy proposal?,1787581778.8147612
w0k1pp1v,142,s3b8w8bw,7-bargaining_tdl_main-63_1_2,LeftPartner,yes very good,1787581782.8722134
w0k1pp1v,144,mbqoc0ag,7-bargaining_tdl_main-61_1_3,LeftPartner,great! i'll choose yellow and you choose purple,1787581783.7390249
w0k1pp1v,143,jljdka6u,7-bargaining_tdl_main-63_1_2,RightPartner,"Yes, OK let's team up. My other participant has already left the chat. ",1787581785.942638
w0k1pp1v,137,ij6g0ac5,7-bargaining_tdl_main-61_1_2,RightPartner,"thank you, partner",1787581787.0064685
w0k1pp1v,147,n06pgjto,7-bargaining_tdl_main-62_2_3,RightPartner,"strong, bold colors stick together, so I say yes",1787581789.345383
w0k1pp1v,143,jljdka6u,7-bargaining_tdl_main-63_1_2,RightPartner,It's kind of an odd experiment,1787581802.5048616
w0k1pp1v,122,x2rhsb0z,7-bargaining_tdl_main-62_1_2,LeftPartner,I'm of the opinion that you and I support each other. What do you think?,1787581806.1166685
w0k1pp1v,142,s3b8w8bw,7-bargaining_tdl_main-63_1_2,LeftPartner,yes so hopefully that will help,1787581806.7188416
w0k1pp1v,147,n06pgjto,7-bargaining_tdl_main-62_1_3,LeftPartner,"I wish there were a way to have everyone split 6 three ways, but since there isn't, you seem reasonable. Let's split.",1787581818.8739924
w0k1pp1v,143,jljdka6u,7-bargaining_tdl_main-63_1_2,RightPartner,What is your color?,1787581836.608257
w0k1pp1v,122,x2rhsb0z,7-bargaining_tdl_main-62_1_3,RightPartner,Me too. But it is what it is. ,1787581836.6822858
w0k1pp1v,142,s3b8w8bw,7-bargaining_tdl_main-63_1_2,LeftPartner,im green,1787581848.2754703
w0k1pp1v,145,2jce0uip,7-bargaining_tdl_main-62_2_3,LeftPartner,"okay cool, we have a deal",1787581850.9814348
w0k1pp1v,150,uthufu12,7-bargaining_tdl_main-64_2_3,RightPartner,Hi! I’m interested in hearing your thoughts on the best way for us to make our choices. What do you think?,1787581865.7737775
w0k1pp1v,150,uthufu12,7-bargaining_tdl_main-64_1_3,LeftPartner,Hi! I’m open to discussing how we should approach the choices. What are you thinking?,1787581866.8042233
w0k1pp1v,143,jljdka6u,7-bargaining_tdl_main-63_1_2,RightPartner,"Oooh. It says yellow here. Mine says orange, what do you see for me?",1787581869.514271
w0k1pp1v,142,s3b8w8bw,7-bargaining_tdl_main-63_1_2,LeftPartner,orange,1787581896.1100554
w0k1pp1v,143,jljdka6u,7-bargaining_tdl_main-63_1_2,RightPartner,Tell me a little bit about yourself,1787581924.824259
w0k1pp1v,142,s3b8w8bw,7-bargaining_tdl_main-63_1_2,LeftPartner,when i started it said i was green,1787581932.1381392
w0k1pp1v,120,ifnphg93,7-bargaining_tdl_main-64_1_2,RightPartner,Hi. I'm hoping that we can support each other so that we can both have a chance to earn $3,1787581932.9302466
w0k1pp1v,120,ifnphg93,7-bargaining_tdl_main-64_1_2,RightPartner,What do you think about that,1787581952.4330995
w0k1pp1v,112,au4jytk3,7-bargaining_tdl_main-64_1_2,LeftPartner,I agree.  I promise to support you if you promise to support me.,1787581955.1176875
w0k1pp1v,143,jljdka6u,7-bargaining_tdl_main-63_1_2,RightPartner,Mm. OK. And does it still say green?,1787581968.4147792
w0k1pp1v,142,s3b8w8bw,7-bargaining_tdl_main-63_1_2,LeftPartner,"i am just an average survey taker, male 66 years old",1787581971.948561
w0k1pp1v,142,s3b8w8bw,7-bargaining_tdl_main-63_1_2,LeftPartner,no im sorry it says i am yellow now,1787582002.6964273
w0k1pp1v,112,au4jytk3,7-bargaining_tdl_main-64_1_2,LeftPartner,Sound good?  Once you confirm. I'm good.,1787582011.637555
w0k1pp1v,143,jljdka6u,7-bargaining_tdl_main-63_1_2,RightPartner,"OK great, I see yellow for you too. ",1787582013.484564
w0k1pp1v,120,ifnphg93,7-bargaining_tdl_main-64_1_2,RightPartner,okay then we are good to go,1787582014.051821
w0k1pp1v,143,jljdka6u,7-bargaining_tdl_main-63_1_2,RightPartner,OK so shall we go to the next?,1787582027.3418636
w0k1pp1v,142,s3b8w8bw,7-bargaining_tdl_main-63_1_2,LeftPartner,good ,1787582032.9419603
w0k1pp1v,143,jljdka6u,7-bargaining_tdl_main-63_1_2,RightPartner,I'm going to go to the next - see you there!,1787582078.3698876
w0k1pp1v,142,s3b8w8bw,7-bargaining_tdl_main-63_1_2,LeftPartner,do we need to wait till the timer is done?,1787582083.7141128
w0k1pp1v,152,odgj10ql,7-bargaining_tdl_main-65_2_3,RightPartner,Would you be interested in supporting each other?,1787582564.046256
w0k1pp1v,151,dcnruldk,7-bargaining_tdl_main-65_2_3,LeftPartner,"yes, i will",1787582586.2824628
w0k1pp1v,152,odgj10ql,7-bargaining_tdl_main-65_1_3,LeftPartner,Would you be interested in supporting each other?,1787582596.781881
w0k1pp1v,151,dcnruldk,7-bargaining_tdl_main-65_2_3,LeftPartner,what about you?,1787582597.132774
w0k1pp1v,152,odgj10ql,7-bargaining_tdl_main-65_2_3,RightPartner,yeah ok will do,1787582611.79814
w0k1pp1v,156,tyzq3ech,7-bargaining_tdl_main-66_2_3,RightPartner,Would you like to team up ?,1787583047.541496
w0k1pp1v,153,pgehhw9t,7-bargaining_tdl_main-66_1_3,RightPartner,I will support you if you support me to the end,1787583066.448938
w0k1pp1v,155,huizkyep,7-bargaining_tdl_main-66_2_3,LeftPartner,Yes that is fine. ,1787583073.2330616
w0k1pp1v,156,tyzq3ech,7-bargaining_tdl_main-66_2_3,RightPartner,"Ok, I am not going to respond to Yellow,  Do we have a deal ?",1787583090.2178283
w0k1pp1v,155,huizkyep,7-bargaining_tdl_main-66_1_2,RightPartner,I would like to team up.,1787583094.9421916
w0k1pp1v,156,tyzq3ech,7-bargaining_tdl_main-66_2_3,RightPartner,Purple and Orange.  Power team lol,1787583104.9935403
w0k1pp1v,153,pgehhw9t,7-bargaining_tdl_main-66_1_2,LeftPartner,"good, to the end?",1787583105.4610283
w0k1pp1v,155,huizkyep,7-bargaining_tdl_main-66_2_3,LeftPartner,Yes,1787583107.5231795
w0k1pp1v,156,tyzq3ech,7-bargaining_tdl_main-66_2_3,RightPartner,"Ok, we got it",1787583112.9886034
w0k1pp1v,155,huizkyep,7-bargaining_tdl_main-66_1_2,RightPartner,We could send support to each other.,1787583146.24233
w0k1pp1v,153,pgehhw9t,7-bargaining_tdl_main-66_1_2,LeftPartner,Lets lock in and begin. Deal,1787583157.5566535
w0k1pp1v,174,cckjdpvg,7-bargaining_tdl_main-69_2_3,LeftPartner,"Let's support each other, sound good?",1787583619.3886585
w0k1pp1v,207,lmbs3s5c,7-bargaining_tdl_main-70_1_3,LeftPartner,"Hello, looking forward to working with you. ",1787583630.0413523
w0k1pp1v,213,no67m65w,7-bargaining_tdl_main-68_2_3,RightPartner,Want to team up?,1787583632.4159274
w0k1pp1v,161,vw72036y,7-bargaining_tdl_main-70_1_2,LeftPartner,"Hello, how are you?",1787583634.641855
w0k1pp1v,190,f1brmo53,7-bargaining_tdl_main-71_2_3,LeftPartner,hi,1787583635.4138837
w0k1pp1v,183,blzev4fy,7-bargaining_tdl_main-68_2_3,LeftPartner,Sure lets do it,1787583638.5282357
w0k1pp1v,190,f1brmo53,7-bargaining_tdl_main-71_1_2,RightPartner,hi,1787583639.8721776
w0k1pp1v,174,cckjdpvg,7-bargaining_tdl_main-69_1_2,RightPartner,"Let's support each other, sound good?",1787583640.7699063
w0k1pp1v,161,vw72036y,7-bargaining_tdl_main-70_1_3,RightPartner,"Hello, same here.",1787583641.238289
w0k1pp1v,207,lmbs3s5c,7-bargaining_tdl_main-70_2_3,RightPartner,"Hi, you thinking of offering support>",1787583644.780096
w0k1pp1v,158,w33rwycy,7-bargaining_tdl_main-69_1_3,RightPartner,hi im yellow..welcom to the game,1787583647.8562953
w0k1pp1v,204,yce95c1i,7-bargaining_tdl_main-70_1_2,RightPartner,hi I'm good,1787583650.8068874
w0k1pp1v,213,no67m65w,7-bargaining_tdl_main-68_1_3,LeftPartner,Want to team up?,1787583654.1667178
w0k1pp1v,207,lmbs3s5c,7-bargaining_tdl_main-70_1_3,LeftPartner,Looking to get a bonus?,1787583658.6812968
w0k1pp1v,191,yc7lcu8r,7-bargaining_tdl_main-69_1_3,LeftPartner,Hey! I’m Purple. I was thinking we could support each other so we both have a chance to get the $3. What do you think?,1787583660.299401
w0k1pp1v,167,zd9jfn7f,7-bargaining_tdl_main-68_1_3,RightPartner,Sure. Sounds perfect,1787583664.198984
w0k1pp1v,206,8ewq2uwp,7-bargaining_tdl_main-72_2_3,RightPartner,let's support each other,1787583670.8203006
w0k1pp1v,190,f1brmo53,7-bargaining_tdl_main-71_1_2,RightPartner,we should agree to support each other to earn the bonus,1787583671.0219479
w0k1pp1v,186,zyeusiq5,7-bargaining_tdl_main-72_1_3,RightPartner,Hey forget about Orange lets just support each other,1787583671.0286922
w0k1pp1v,204,yce95c1i,7-bargaining_tdl_main-70_2_3,LeftPartner,"maybe, are you?",1787583671.4565632
w0k1pp1v,161,vw72036y,7-bargaining_tdl_main-70_1_2,LeftPartner,Do you have any questions for me?,1787583672.5374207
w0k1pp1v,161,vw72036y,7-bargaining_tdl_main-70_1_3,RightPartner,"Yes, you?",1787583678.6708496
w0k1pp1v,189,d73dzziz,7-bargaining_tdl_main-72_2_3,LeftPartner,Sure!,1787583679.5319536
w0k1pp1v,167,zd9jfn7f,7-bargaining_tdl_main-68_1_2,LeftPartner,Any feelings on supporting each other?,1787583679.631084
w0k1pp1v,158,w33rwycy,7-bargaining_tdl_main-69_1_3,RightPartner,sounds good to me,1787583682.1602726
w0k1pp1v,207,lmbs3s5c,7-bargaining_tdl_main-70_2_3,RightPartner,I could be.,1787583686.1742947
w0k1pp1v,206,8ewq2uwp,7-bargaining_tdl_main-72_1_3,LeftPartner,I'm supporting orange,1787583688.5070844
w0k1pp1v,183,blzev4fy,7-bargaining_tdl_main-68_1_2,RightPartner,Sure lets do it,1787583688.781947
w0k1pp1v,186,zyeusiq5,7-bargaining_tdl_main-72_1_2,LeftPartner,Hey forget about Purple lets just support each other and get the payment,1787583692.0472667
w0k1pp1v,187,5ou4rzcl,7-bargaining_tdl_main-71_1_2,LeftPartner,Hello there! I will support you if you support yellow. Can we please agree to support each other?,1787583692.2427354
w0k1pp1v,167,zd9jfn7f,7-bargaining_tdl_main-68_1_2,LeftPartner,ok,1787583695.27479
w0k1pp1v,190,f1brmo53,7-bargaining_tdl_main-71_1_2,RightPartner,does that sound good?,1787583695.8040307
w0k1pp1v,207,lmbs3s5c,7-bargaining_tdl_main-70_1_3,LeftPartner,Certainly! it is why I do these tasks,1787583696.4084086
w0k1pp1v,191,yc7lcu8r,7-bargaining_tdl_main-69_1_3,LeftPartner,Great! ,1787583700.6258376
w0k1pp1v,186,zyeusiq5,7-bargaining_tdl_main-72_1_3,RightPartner,Why?,1787583700.747107
w0k1pp1v,190,f1brmo53,7-bargaining_tdl_main-71_1_2,RightPartner,yes!,1787583702.761761
w0k1pp1v,204,yce95c1i,7-bargaining_tdl_main-70_1_2,RightPartner,not really; who are you considering supporting?,1787583706.4871948
w0k1pp1v,206,8ewq2uwp,7-bargaining_tdl_main-72_1_3,LeftPartner,we already agreed,1787583712.159093
w0k1pp1v,161,vw72036y,7-bargaining_tdl_main-70_1_2,LeftPartner,I have not decided. I don't have enough info.,1787583720.9057713
w0k1pp1v,208,d2sglg8r,7-bargaining_tdl_main-73_2_3,RightPartner,Greetings,1787583721.4607103
w0k1pp1v,158,w33rwycy,7-bargaining_tdl_main-69_1_3,RightPartner,looks like you understand the rules and are ready to maximize youre earnings today just like me,1787583722.6209972
w0k1pp1v,204,yce95c1i,7-bargaining_tdl_main-70_1_2,RightPartner,what info do you need?,1787583732.2199578
w0k1pp1v,204,yce95c1i,7-bargaining_tdl_main-70_1_2,RightPartner,what info do you need?,1787583738.677105
w0k1pp1v,191,yc7lcu8r,7-bargaining_tdl_main-69_1_3,LeftPartner,True.,1787583743.754056
w0k1pp1v,182,u35j08pr,7-bargaining_tdl_main-75_1_2,RightPartner,hi,1787583759.518343
w0k1pp1v,208,d2sglg8r,7-bargaining_tdl_main-73_2_3,RightPartner,"So, whom do you intend to support?",1787583761.180036
w0k1pp1v,182,u35j08pr,7-bargaining_tdl_main-75_2_3,LeftPartner,hi,1787583762.6043684
w0k1pp1v,164,7dnht6zj,7-bargaining_tdl_main-75_1_2,LeftPartner,hi,1787583765.5553362
w0k1pp1v,172,a99ipscd,7-bargaining_tdl_main-74_2_3,RightPartner,We should support each other,1787583765.5590725
w0k1pp1v,191,yc7lcu8r,7-bargaining_tdl_main-69_1_3,LeftPartner,I need to maximize my earnings.,1787583768.3976197
w0k1pp1v,193,qjddb7i0,7-bargaining_tdl_main-75_2_3,RightPartner,"Hi Orange, I plan to support you! I hope it'll be a quick easy $3 for both of us :)",1787583768.9676993
w0k1pp1v,161,vw72036y,7-bargaining_tdl_main-70_1_2,LeftPartner,I just need to know if you are willing to support me so that we can both get the bonus? I only want to do it if I can trust the other person.,1787583769.9288702
w0k1pp1v,204,yce95c1i,7-bargaining_tdl_main-70_1_2,RightPartner,"I will support you, yeah",1787583784.219841
w0k1pp1v,212,fdsvzw36,7-bargaining_tdl_main-76_1_2,RightPartner,"hey, will you support me?",1787583792.659241
w0k1pp1v,182,u35j08pr,7-bargaining_tdl_main-75_2_3,LeftPartner,thanku for your support,1787583793.3177996
w0k1pp1v,161,vw72036y,7-bargaining_tdl_main-70_1_2,LeftPartner,"okay same here, good luck",1787583793.962008
w0k1pp1v,193,qjddb7i0,7-bargaining_tdl_main-75_1_3,LeftPartner,hi,1787583796.0619664
w0k1pp1v,203,53fprk88,7-bargaining_tdl_main-76_1_3,RightPartner,hi,1787583800.0744863
w0k1pp1v,204,yce95c1i,7-bargaining_tdl_main-70_1_2,RightPartner,you too,1787583801.1109161
w0k1pp1v,169,p35dvdbn,7-bargaining_tdl_main-74_2_3,LeftPartner,yes we should,1787583801.9020069
w0k1pp1v,203,53fprk88,7-bargaining_tdl_main-76_1_2,LeftPartner,hi,1787583806.3206382
w0k1pp1v,192,yd3imsmi,7-bargaining_tdl_main-77_1_2,RightPartner,best way to win $3?,1787583807.6726005
w0k1pp1v,172,a99ipscd,7-bargaining_tdl_main-74_2_3,RightPartner,Great!,1787583810.540969
w0k1pp1v,220,3dw71nho,7-bargaining_tdl_main-76_1_3,LeftPartner,hello,1787583813.8122568
w0k1pp1v,158,w33rwycy,7-bargaining_tdl_main-69_1_3,RightPartner,well now that we support each other in this decision im going to click next and wait for you and the oether person to start the game..good luck to you ,1787583819.307054
w0k1pp1v,164,7dnht6zj,7-bargaining_tdl_main-75_1_3,RightPartner,hi,1787583820.5363681
w0k1pp1v,203,53fprk88,7-bargaining_tdl_main-76_1_2,LeftPartner,sure will you support me,1787583824.8327644
w0k1pp1v,192,yd3imsmi,7-bargaining_tdl_main-77_2_3,LeftPartner,best way to win $3,1787583825.2550066
w0k1pp1v,220,3dw71nho,7-bargaining_tdl_main-76_2_3,RightPartner,hi,1787583827.6772652
w0k1pp1v,212,fdsvzw36,7-bargaining_tdl_main-76_1_2,RightPartner,yes,1787583834.817626
w0k1pp1v,184,gha9bndr,7-bargaining_tdl_main-77_1_2,LeftPartner,I would like to support you ifthat is the best way to get three for both of us.,1787583835.116642
w0k1pp1v,191,yc7lcu8r,7-bargaining_tdl_main-69_1_3,LeftPartner,Thank you.,1787583835.870353
w0k1pp1v,216,szaywpw7,7-bargaining_tdl_main-77_2_3,RightPartner,let's support each other so we both earn $3,1787583837.935907
w0k1pp1v,202,b1h28wwh,7-bargaining_tdl_main-73_2_3,LeftPartner,"Hi, I am orange. Would you like to pair with me? We can each make $3 together. Yellow will get nothing, and it looks like they have already left this study anyways. please confirm.",1787583841.3848279
w0k1pp1v,164,7dnht6zj,7-bargaining_tdl_main-75_1_3,RightPartner,I suggest that we both support each other every time since Orange left the chat.,1787583841.994032
w0k1pp1v,203,53fprk88,7-bargaining_tdl_main-76_1_3,RightPartner,who are you goind to support,1787583844.068181
w0k1pp1v,200,aviebmxy,7-bargaining_tdl_main-79_1_3,LeftPartner,Hello,1787583847.413406
w0k1pp1v,200,aviebmxy,7-bargaining_tdl_main-79_2_3,RightPartner,Hello,1787583854.7412372
w0k1pp1v,218,wt0zwj0u,7-bargaining_tdl_main-78_2_3,RightPartner,I like this color more I will support you.,1787583855.5416596
w0k1pp1v,184,gha9bndr,7-bargaining_tdl_main-77_1_3,RightPartner,Would you like to do the best decision for us both to win $3?,1787583860.569901
w0k1pp1v,220,3dw71nho,7-bargaining_tdl_main-76_1_3,LeftPartner,The other participant left so I will support you if you support me ,1787583860.8466609
w0k1pp1v,176,yhpmoui1,7-bargaining_tdl_main-79_1_3,RightPartner,Hello,1787583864.417483
w0k1pp1v,216,szaywpw7,7-bargaining_tdl_main-77_1_3,LeftPartner,"i will support you if you support me, we both get $3 that way",1787583864.7494748
w0k1pp1v,197,g1klrpoi,7-bargaining_tdl_main-79_1_2,RightPartner,Hello,1787583865.2149677
w0k1pp1v,202,b1h28wwh,7-bargaining_tdl_main-73_2_3,LeftPartner,I intend to support you 100%.,1787583867.5355642
w0k1pp1v,208,d2sglg8r,7-bargaining_tdl_main-73_2_3,RightPartner,Yes. That's what I was thinking. It's a deal then. ,1787583868.747579
w0k1pp1v,193,qjddb7i0,7-bargaining_tdl_main-75_1_3,LeftPartner,I agree with that. It'll be a quick easy $9 for both of us hopefully :),1787583869.748966
w0k1pp1v,203,53fprk88,7-bargaining_tdl_main-76_1_3,RightPartner,sure,1787583871.3285978
w0k1pp1v,176,yhpmoui1,7-bargaining_tdl_main-79_1_2,LeftPartner,Hello,1787583872.5997798
w0k1pp1v,197,g1klrpoi,7-bargaining_tdl_main-79_2_3,LeftPartner,How are you,1787583874.2634778
w0k1pp1v,192,yd3imsmi,7-bargaining_tdl_main-77_1_2,RightPartner,ok support me I'll support purple and purple support you ,1787583874.8405242
w0k1pp1v,200,aviebmxy,7-bargaining_tdl_main-79_1_3,LeftPartner,What's your plan?,1787583878.1441183
w0k1pp1v,170,0o8p9t4a,7-bargaining_tdl_main-78_1_2,LeftPartner,In this round I will choose you to support.  Can I ask for you to support me in return?,1787583879.566398
w0k1pp1v,202,b1h28wwh,7-bargaining_tdl_main-73_2_3,LeftPartner,"sounds good, thanks Purple",1787583883.9947855
w0k1pp1v,200,aviebmxy,7-bargaining_tdl_main-79_2_3,RightPartner,What's your plan?,1787583885.6804104
w0k1pp1v,198,ubwyw2y0,7-bargaining_tdl_main-78_2_3,LeftPartner,Perfect. I will support you each time. ,1787583886.295535
w0k1pp1v,164,7dnht6zj,7-bargaining_tdl_main-75_1_3,RightPartner,Yes so time to move to next part.,1787583891.4422116
w0k1pp1v,184,gha9bndr,7-bargaining_tdl_main-77_1_2,LeftPartner,"Obviously, we have to agree to support each other. Otherwise both of us get nothing.",1787583899.3617532
w0k1pp1v,218,wt0zwj0u,7-bargaining_tdl_main-78_2_3,RightPartner,Sounds great!,1787583900.4567373
w0k1pp1v,193,qjddb7i0,7-bargaining_tdl_main-75_1_3,LeftPartner,ok lets do it,1787583902.3536701
w0k1pp1v,170,0o8p9t4a,7-bargaining_tdl_main-78_1_3,RightPartner,Did you make your decision on whom to support yet?,1787583910.47464
w0k1pp1v,198,ubwyw2y0,7-bargaining_tdl_main-78_1_2,RightPartner,Yes,1787583911.732053
w0k1pp1v,216,szaywpw7,7-bargaining_tdl_main-77_2_3,RightPartner,support me i support you mutual win,1787583918.3495324
w0k1pp1v,170,0o8p9t4a,7-bargaining_tdl_main-78_1_2,LeftPartner,Thank you.  ,1787583925.8294837
w0k1pp1v,184,gha9bndr,7-bargaining_tdl_main-77_1_2,LeftPartner,Two of us need to support each other though,1787583925.8805814
w0k1pp1v,197,g1klrpoi,7-bargaining_tdl_main-79_1_2,RightPartner,What is your plan,1787583931.1075325
w0k1pp1v,216,szaywpw7,7-bargaining_tdl_main-77_1_3,LeftPartner,"Yes, support each other and we both get $3",1787583938.0765457
w0k1pp1v,184,gha9bndr,7-bargaining_tdl_main-77_1_3,RightPartner,"That sounds like a good idea, since two of us have to support each other.",1787583941.3392427
w0k1pp1v,192,yd3imsmi,7-bargaining_tdl_main-77_2_3,LeftPartner,is there a way we can all win?,1787583946.5247893
w0k1pp1v,176,yhpmoui1,7-bargaining_tdl_main-79_1_3,RightPartner,"I'm uncertain.  It's not a great scenario.  Honestly, I was intending to support whomever said they'd support me first.",1787583948.3449795
w0k1pp1v,218,wt0zwj0u,7-bargaining_tdl_main-78_1_3,LeftPartner,Since you reached out I can support you. ,1787583950.0960858
w0k1pp1v,197,g1klrpoi,7-bargaining_tdl_main-79_2_3,LeftPartner,we should select something profitable for both of us,1787583954.7335832
w0k1pp1v,200,aviebmxy,7-bargaining_tdl_main-79_2_3,RightPartner,Orange is my favorite color so I will pick you to support,1787583956.56783
w0k1pp1v,196,bikzy16z,7-bargaining_tdl_main-80_1_2,LeftPartner,Support me (yellow) and I will support you?,1787583967.3023963
w0k1pp1v,200,aviebmxy,7-bargaining_tdl_main-79_2_3,RightPartner,I agree,1787583967.5402749
w0k1pp1v,221,4efhhhly,7-bargaining_tdl_main-80_1_2,RightPartner,I'm down with that,1787583978.8146498
w0k1pp1v,176,yhpmoui1,7-bargaining_tdl_main-79_1_2,LeftPartner,I don't know yet.  What is yours?,1787583979.6646626
w0k1pp1v,200,aviebmxy,7-bargaining_tdl_main-79_1_3,LeftPartner,I will support you,1787583983.5430055
w0k1pp1v,198,ubwyw2y0,7-bargaining_tdl_main-78_2_3,LeftPartner,"I told Yellow I'll support them, but I will be supporting you each time. This way, we can ensure we get the $3. It's unfortunate for Yellow, but someone had to suffer. I will support you every round, even if you decide to test the waters and not support me, I will still support you. Let's get our $3",1787583986.5961657
w0k1pp1v,221,4efhhhly,7-bargaining_tdl_main-80_1_2,RightPartner,Lets do it,1787583986.963924
w0k1pp1v,216,szaywpw7,7-bargaining_tdl_main-77_1_3,LeftPartner,"Great, it's a deal, i will support you",1787583987.8181148
w0k1pp1v,170,0o8p9t4a,7-bargaining_tdl_main-78_1_3,RightPartner,"I want to be honest, I did make a promise to the other participant to support him",1787583992.4406188
w0k1pp1v,198,ubwyw2y0,7-bargaining_tdl_main-78_1_2,RightPartner,Absolutely. Thank you,1787583993.5097885
w0k1pp1v,176,yhpmoui1,7-bargaining_tdl_main-79_1_3,RightPartner,Then I'll support you.,1787583997.421127
w0k1pp1v,217,fligqz8u,7-bargaining_tdl_main-81_1_2,RightPartner,"hello, How are you today",1787583999.6329904
w0k1pp1v,216,szaywpw7,7-bargaining_tdl_main-77_2_3,RightPartner,Hi are you there,1787584001.4452684
w0k1pp1v,184,gha9bndr,7-bargaining_tdl_main-77_1_3,RightPartner,"Sounds good, I'll do the same for you.",1787584003.200605
w0k1pp1v,192,yd3imsmi,7-bargaining_tdl_main-77_2_3,LeftPartner,ok I'll support you and you support me,1787584003.2046375
w0k1pp1v,223,dh0w32qc,7-bargaining_tdl_main-81_1_3,LeftPartner,HI- what are you thinking?,1787584009.3857572
w0k1pp1v,217,fligqz8u,7-bargaining_tdl_main-81_2_3,LeftPartner,"Hello, how are you today?",1787584012.09323
w0k1pp1v,200,aviebmxy,7-bargaining_tdl_main-79_1_3,LeftPartner,Sounds great thanks,1787584012.2013521
w0k1pp1v,218,wt0zwj0u,7-bargaining_tdl_main-78_2_3,RightPartner,"yes, I will support you.",1787584019.3744116
w0k1pp1v,223,dh0w32qc,7-bargaining_tdl_main-81_2_3,RightPartner,Great how're you?,1787584024.7247171
w0k1pp1v,211,vqeueodp,7-bargaining_tdl_main-81_1_2,LeftPartner,"Good, how are you? Do you want to set something as a guarantee?",1787584024.868531
w0k1pp1v,218,wt0zwj0u,7-bargaining_tdl_main-78_1_3,LeftPartner,okay no worries I understand,1787584039.4343028
w0k1pp1v,198,ubwyw2y0,7-bargaining_tdl_main-78_2_3,LeftPartner,Thank you,1787584040.3538299
w0k1pp1v,217,fligqz8u,7-bargaining_tdl_main-81_1_2,RightPartner,"good, yes we can set a guarantee",1787584045.51627
w0k1pp1v,211,vqeueodp,7-bargaining_tdl_main-81_1_3,RightPartner,I'm thinking it is easy to get paid if we just set it up as a guarantee to each other.,1787584049.6007807
w0k1pp1v,227,7vx38rik,7-bargaining_tdl_main-82_1_2,RightPartner,Hi!,1787584053.5073028
w0k1pp1v,227,7vx38rik,7-bargaining_tdl_main-82_2_3,LeftPartner,Hi!,1787584054.2683837
w0k1pp1v,211,vqeueodp,7-bargaining_tdl_main-81_1_2,LeftPartner,Done,1787584058.6492288
w0k1pp1v,229,xhy1cvx7,7-bargaining_tdl_main-82_2_3,RightPartner,hello Id like to support you!,1787584059.5367367
w0k1pp1v,219,8tx1pd1e,7-bargaining_tdl_main-82_1_3,RightPartner,Hello!,1787584063.063076
w0k1pp1v,217,fligqz8u,7-bargaining_tdl_main-81_2_3,LeftPartner,Good. will you like to set a guarantee,1787584066.0391092
w0k1pp1v,219,8tx1pd1e,7-bargaining_tdl_main-82_1_2,LeftPartner,Hello how are you,1787584069.2101796
w0k1pp1v,229,xhy1cvx7,7-bargaining_tdl_main-82_1_3,LeftPartner,Hi id like to support you! ,1787584071.9995382
w0k1pp1v,227,7vx38rik,7-bargaining_tdl_main-82_1_2,RightPartner,"I'm good, you?",1787584078.7823844
w0k1pp1v,219,8tx1pd1e,7-bargaining_tdl_main-82_1_3,RightPartner,Oh that's wonderful - I can support you as well,1787584084.7383487
w0k1pp1v,227,7vx38rik,7-bargaining_tdl_main-82_2_3,LeftPartner,I can support you as well. ,1787584085.5807774
w0k1pp1v,227,7vx38rik,7-bargaining_tdl_main-82_2_3,LeftPartner,:),1787584086.8324666
w0k1pp1v,229,xhy1cvx7,7-bargaining_tdl_main-82_1_3,LeftPartner,would yoou support me too?,1787584091.0042043
w0k1pp1v,219,8tx1pd1e,7-bargaining_tdl_main-82_1_2,LeftPartner,I'm good I can support you if that would work for you,1787584098.1643126
w0k1pp1v,229,xhy1cvx7,7-bargaining_tdl_main-82_2_3,RightPartner,Thats awesome so me and you then?,1787584108.2280483
w0k1pp1v,219,8tx1pd1e,7-bargaining_tdl_main-82_1_3,RightPartner,Absolutely - purple is my favorite color lol,1787584110.1945293
w0k1pp1v,229,xhy1cvx7,7-bargaining_tdl_main-82_1_3,LeftPartner,Sounds great! i do love yellow,1787584134.750056
w0k1pp1v,227,7vx38rik,7-bargaining_tdl_main-82_1_2,RightPartner,"Sure, if you support me I can support you. ",1787584144.0097084
w0k1pp1v,227,7vx38rik,7-bargaining_tdl_main-82_2_3,LeftPartner,If you are 100% positive that you will support me.,1787584145.8509061
w0k1pp1v,219,8tx1pd1e,7-bargaining_tdl_main-82_1_3,RightPartner,Lol this is a wild game - I'm not usually really good at this decision making things,1787584156.544904
w0k1pp1v,232,qmmyde5m,7-bargaining_tdl_main-84_1_2,RightPartner,hi there,1787584157.3915908
w0k1pp1v,163,glfybraz,7-bargaining_tdl_main-83_1_2,LeftPartner,I will support you,1787584157.9797087
w0k1pp1v,224,e32awfxl,7-bargaining_tdl_main-83_1_2,RightPartner,Hey want to support each other?,1787584160.525777
w0k1pp1v,224,e32awfxl,7-bargaining_tdl_main-83_1_2,RightPartner,we can both make the $3,1787584166.0860553
w0k1pp1v,236,pr5fflkj,7-bargaining_tdl_main-84_2_3,RightPartner,Hi! What do you think about supporting each other?,1787584168.6032875
w0k1pp1v,163,glfybraz,7-bargaining_tdl_main-83_1_2,LeftPartner,sure,1787584172.1327724
w0k1pp1v,219,8tx1pd1e,7-bargaining_tdl_main-82_1_2,LeftPartner,ok that would be good i'm not too good at these games but I try,1787584173.9806151
w0k1pp1v,232,qmmyde5m,7-bargaining_tdl_main-84_2_3,LeftPartner,yes i will do that,1787584175.7656193
w0k1pp1v,177,xrxlbl8f,7-bargaining_tdl_main-84_1_2,LeftPartner,hi,1787584179.31639
w0k1pp1v,227,7vx38rik,7-bargaining_tdl_main-82_1_2,RightPartner,Haha me either!,1787584182.3212357
w0k1pp1v,236,pr5fflkj,7-bargaining_tdl_main-84_2_3,RightPartner,Okay that sounds good. What do I say to the other participant?,1787584188.9238756
w0k1pp1v,227,7vx38rik,7-bargaining_tdl_main-82_1_2,RightPartner,I always feel like we are being tricked in the end,1787584192.4419646
w0k1pp1v,232,qmmyde5m,7-bargaining_tdl_main-84_1_2,RightPartner,im supporting purple since they asked first,1787584193.4066176
w0k1pp1v,224,e32awfxl,7-bargaining_tdl_main-83_1_2,RightPartner,Great!,1787584193.747285
w0k1pp1v,229,xhy1cvx7,7-bargaining_tdl_main-82_1_3,LeftPartner,"Yeah its kind of messed up but gotta do whatt we gotta do,wish everyonne could winn",1787584197.4485247
w0k1pp1v,232,qmmyde5m,7-bargaining_tdl_main-84_2_3,LeftPartner,i told them i supported you,1787584199.038743
w0k1pp1v,163,glfybraz,7-bargaining_tdl_main-83_1_2,LeftPartner,on my way,1787584199.9156115
w0k1pp1v,233,py5npa5e,7-bargaining_tdl_main-85_2_3,LeftPartner,hello,1787584208.4510837
w0k1pp1v,177,xrxlbl8f,7-bargaining_tdl_main-84_1_2,LeftPartner,Okay,1787584209.373409
w0k1pp1v,233,py5npa5e,7-bargaining_tdl_main-85_1_2,RightPartner,hi,1787584212.7100701
w0k1pp1v,239,kg2p94wn,7-bargaining_tdl_main-85_2_3,RightPartner,Hi,1787584215.4007964
w0k1pp1v,236,pr5fflkj,7-bargaining_tdl_main-84_1_3,LeftPartner,"Hi, so orange told me that they were going to support me and that they had told you that already. is this true?",1787584220.2545283
w0k1pp1v,231,bfyu6imz,7-bargaining_tdl_main-85_1_2,LeftPartner,first round support each other?,1787584223.387073
w0k1pp1v,232,qmmyde5m,7-bargaining_tdl_main-84_2_3,LeftPartner,how do we max money made again? ,1787584226.2770243
w0k1pp1v,239,kg2p94wn,7-bargaining_tdl_main-85_2_3,RightPartner,I say we support each other to get the bonus,1787584233.233724
w0k1pp1v,239,kg2p94wn,7-bargaining_tdl_main-85_1_3,LeftPartner,Hi,1787584234.852337
w0k1pp1v,231,bfyu6imz,7-bargaining_tdl_main-85_1_3,RightPartner,second round support each other?,1787584243.6438344
w0k1pp1v,239,kg2p94wn,7-bargaining_tdl_main-85_1_3,LeftPartner,Sounds good,1787584250.6548665
w0k1pp1v,177,xrxlbl8f,7-bargaining_tdl_main-84_1_3,RightPartner,We should support one another.,1787584253.0288904
w0k1pp1v,236,pr5fflkj,7-bargaining_tdl_main-84_2_3,RightPartner,if 2 ppl support each other they will make 3 dolla each. the thrid person makes nothing. ,1787584253.9514227
w0k1pp1v,236,pr5fflkj,7-bargaining_tdl_main-84_1_3,LeftPartner,Why do you think that?,1787584263.489161
w0k1pp1v,233,py5npa5e,7-bargaining_tdl_main-85_2_3,LeftPartner,okay I accept and promise to support if you too will promise,1787584269.8640208
w0k1pp1v,231,bfyu6imz,7-bargaining_tdl_main-85_1_3,RightPartner,you sure?,1787584275.5231316
w0k1pp1v,239,kg2p94wn,7-bargaining_tdl_main-85_2_3,RightPartner,Yes. i promise,1787584282.7363071
w0k1pp1v,239,kg2p94wn,7-bargaining_tdl_main-85_1_3,LeftPartner,very sure,1787584286.76318
w0k1pp1v,177,xrxlbl8f,7-bargaining_tdl_main-84_1_3,RightPartner,Skip orange. We should work together.,1787584293.017855
w0k1pp1v,236,pr5fflkj,7-bargaining_tdl_main-84_1_3,LeftPartner,"I'm not sure the other person is clear on the rules, they just asked me how we make max money and I had to explain it. ",1787584295.370565
w0k1pp1v,231,bfyu6imz,7-bargaining_tdl_main-85_1_3,RightPartner,ok thank you,1787584296.6459413
w0k1pp1v,233,py5npa5e,7-bargaining_tdl_main-85_1_2,RightPartner,okay i accept,1787584299.4890137
w0k1pp1v,232,qmmyde5m,7-bargaining_tdl_main-84_2_3,LeftPartner,ok,1787584301.844184
w0k1pp1v,231,bfyu6imz,7-bargaining_tdl_main-85_1_2,LeftPartner,ok thank you,1787584312.0478408
w0k1pp1v,236,pr5fflkj,7-bargaining_tdl_main-84_2_3,RightPartner,So is that a go or no? are we going to support each other?,1787584322.6447706
w0k1pp1v,177,xrxlbl8f,7-bargaining_tdl_main-84_1_3,RightPartner,They didn't read the instructions correctly. Just going with the flow.,1787584323.151266
w0k1pp1v,177,xrxlbl8f,7-bargaining_tdl_main-84_1_3,RightPartner,What do you say? we support one another?,1787584352.9363189
w0k1pp1v,236,pr5fflkj,7-bargaining_tdl_main-84_1_3,LeftPartner,I agreed to support orange. I feel like that is fair.,1787584381.5464003
w0k1pp1v,241,fqep5pju,7-bargaining_tdl_main-86_1_3,LeftPartner,hello,1787585204.6315157
w0k1pp1v,234,gsyjs6vz,7-bargaining_tdl_main-86_1_2,RightPartner,hello,1787585218.5762727
w0k1pp1v,234,gsyjs6vz,7-bargaining_tdl_main-86_2_3,LeftPartner,hello,1787585222.5156872
w0k1pp1v,241,fqep5pju,7-bargaining_tdl_main-86_2_3,RightPartner,hi,1787585229.4747314
w0k1pp1v,241,fqep5pju,7-bargaining_tdl_main-86_2_3,RightPartner,are you going to support me ?,1787585242.6684997
w0k1pp1v,241,fqep5pju,7-bargaining_tdl_main-86_2_3,RightPartner,so I support you back ?,1787585262.9087677
w0k1pp1v,234,gsyjs6vz,7-bargaining_tdl_main-86_2_3,LeftPartner,yes ,1787585269.1157653
w0k1pp1v,234,gsyjs6vz,7-bargaining_tdl_main-86_2_3,LeftPartner,thats the plan ,1787585275.195405
w0k1pp1v,234,gsyjs6vz,7-bargaining_tdl_main-86_2_3,LeftPartner,yellow left chat,1787585282.5156927
w0k1pp1v,241,fqep5pju,7-bargaining_tdl_main-86_2_3,RightPartner,"okay sure, all good man ",1787585284.8884473
w0k1pp1v,234,gsyjs6vz,7-bargaining_tdl_main-86_2_3,LeftPartner,im pressing next now,1787585306.876675
w0k1pp1v,241,fqep5pju,7-bargaining_tdl_main-86_2_3,RightPartner,"okay , i'll do so too",1787585324.9591868
w0k1pp1v,240,lliue6wi,7-bargaining_tdl_main-87_1_3,RightPartner,hi!,1787585539.039367
w0k1pp1v,240,lliue6wi,7-bargaining_tdl_main-87_1_2,LeftPartner,hi!,1787585539.8284466
w0k1pp1v,244,ssaan0b7,7-bargaining_tdl_main-87_2_3,RightPartner,"Hello, how are you",1787585541.8960388
w0k1pp1v,244,ssaan0b7,7-bargaining_tdl_main-87_1_3,LeftPartner,Hi there!,1787585546.2496138
w0k1pp1v,244,ssaan0b7,7-bargaining_tdl_main-87_1_3,LeftPartner,how are you ,1787585548.8256314
w0k1pp1v,243,w1i7v1kl,7-bargaining_tdl_main-87_1_2,RightPartner,would you want to pair up for the duration of the experiment? or try to find a way for all three of us to recieve equal amounts?,1787585554.1941807
w0k1pp1v,240,lliue6wi,7-bargaining_tdl_main-87_1_3,RightPartner,I'm good. How are you,1787585561.7845366
w0k1pp1v,243,w1i7v1kl,7-bargaining_tdl_main-87_2_3,LeftPartner,hello im doing well,1787585562.1773689
w0k1pp1v,244,ssaan0b7,7-bargaining_tdl_main-87_1_3,LeftPartner,"doing well, how is the weather where you are ",1787585574.6891215
w0k1pp1v,244,ssaan0b7,7-bargaining_tdl_main-87_2_3,RightPartner,how is the weather near you,1787585583.3544695
w0k1pp1v,243,w1i7v1kl,7-bargaining_tdl_main-87_2_3,LeftPartner,sunny ,1787585591.1981978
w0k1pp1v,240,lliue6wi,7-bargaining_tdl_main-87_1_2,LeftPartner,sure!,1787585614.6350527
w0k1pp1v,240,lliue6wi,7-bargaining_tdl_main-87_1_2,LeftPartner,i'd pair up if you are down,1787585629.4757795
w0k1pp1v,243,w1i7v1kl,7-bargaining_tdl_main-87_1_2,RightPartner,okay we can support each other. I havent gotten a response from the other participant so,1787585636.1209767
w0k1pp1v,240,lliue6wi,7-bargaining_tdl_main-87_1_2,LeftPartner,"yes, let's do it so we both get $3",1787585656.3097267
um435zd7,24,0oi23mx0,14-bargaining_tdl_main-90_2_3,RightPartner,Yo,1787588647.7148638
um435zd7,24,0oi23mx0,14-bargaining_tdl_main-90_1_3,LeftPartner,Yo,1787588649.487245
um435zd7,24,0oi23mx0,14-bargaining_tdl_main-90_2_3,RightPartner,Wanna make some $$ lets goooo,1787588671.9052713
um435zd7,8,22fwoiwm,14-bargaining_tdl_main-90_1_2,RightPartner,I like bright colors,1787588674.86121
um435zd7,8,22fwoiwm,14-bargaining_tdl_main-90_2_3,LeftPartner,i like bright colors,1787588676.7144794
um435zd7,24,0oi23mx0,14-bargaining_tdl_main-90_1_3,LeftPartner,Wanna make some $$ lets goooo,1787588680.1705077
um435zd7,3,qr6ywovq,14-bargaining_tdl_main-90_1_2,LeftPartner,Support Yellow! Bright colors unite!,1787588692.4949586
um435zd7,24,0oi23mx0,14-bargaining_tdl_main-90_2_3,RightPartner,"Same Orange, I like Orange. I would vote for Orange if Orange votes for me",1787588698.5082598
um435zd7,8,22fwoiwm,14-bargaining_tdl_main-90_2_3,LeftPartner,ok i will,1787588712.4837668
um435zd7,1,nxhaaywx,14-bargaining_tdl_main-91_1_3,RightPartner,"If you support me, I'll support you",1787588716.5287683
um435zd7,17,npdlqy2a,14-bargaining_tdl_main-91_1_3,LeftPartner,ok,1787588724.2011437
um435zd7,13,v1qkfty2,14-bargaining_tdl_main-92_1_2,LeftPartner,Let's support each other ,1787588754.476523
um435zd7,49,h989x1pw,14-bargaining_tdl_main-93_1_2,RightPartner,hello ,1787588755.20942
um435zd7,49,h989x1pw,14-bargaining_tdl_main-93_2_3,LeftPartner,hello,1787588756.3460867
um435zd7,28,ahey46vl,14-bargaining_tdl_main-92_1_2,RightPartner,Agreed,1787588759.7143202
um435zd7,28,ahey46vl,14-bargaining_tdl_main-92_1_2,RightPartner,Especially since Purple left.,1787588766.3323593
um435zd7,54,g340undb,14-bargaining_tdl_main-93_2_3,RightPartner,"W=Hello, hope you're doing well",1787588770.476753
um435zd7,47,cjt0afbn,14-bargaining_tdl_main-93_1_2,LeftPartner,"Hi, what do you think the fair choice is?",1787588770.602362
um435zd7,54,g340undb,14-bargaining_tdl_main-93_1_3,LeftPartner,Hello,1787588772.80266
um435zd7,54,g340undb,14-bargaining_tdl_main-93_1_3,LeftPartner,How are you,1787588775.8107765
um435zd7,21,h7b5ce7a,14-bargaining_tdl_main-94_1_2,RightPartner,lets support each other to maximize earnings,1787588780.2944212
um435zd7,21,h7b5ce7a,14-bargaining_tdl_main-94_2_3,LeftPartner,lets support each other to maximize earnings,1787588788.739258
um435zd7,47,cjt0afbn,14-bargaining_tdl_main-93_1_3,RightPartner,"Hello, what do you think the fair choice is? I'm well, thank you.",1787588789.2628646
um435zd7,49,h989x1pw,14-bargaining_tdl_main-93_1_2,RightPartner,i think it's fair for everyone to receive 0 unless there are people that think that certain individuals deserve it,1787588807.9397714
um435zd7,35,1dzf89rv,14-bargaining_tdl_main-96_1_2,LeftPartner,hello,1787588812.5657337
um435zd7,54,g340undb,14-bargaining_tdl_main-93_1_3,LeftPartner,"From my understanding, the only fair choice is to be completely random",1787588812.9022946
um435zd7,49,h989x1pw,14-bargaining_tdl_main-93_1_2,RightPartner,what do you think ,1787588813.0273504
um435zd7,12,sg9ogbah,14-bargaining_tdl_main-95_1_2,LeftPartner,hello,1787588814.9907475
um435zd7,12,sg9ogbah,14-bargaining_tdl_main-95_1_3,RightPartner,hello,1787588816.6591284
um435zd7,35,1dzf89rv,14-bargaining_tdl_main-96_1_3,RightPartner,hello,1787588816.9053195
um435zd7,39,71jele7w,14-bargaining_tdl_main-96_1_2,RightPartner,hi,1787588818.0439503
um435zd7,39,71jele7w,14-bargaining_tdl_main-96_2_3,LeftPartner,hello,1787588821.520353
um435zd7,49,h989x1pw,14-bargaining_tdl_main-93_2_3,LeftPartner,"i hope you're doing well as well, what do you think of the choices",1787588827.752783
um435zd7,18,gdqsf9no,14-bargaining_tdl_main-95_1_2,RightPartner,hi!,1787588828.7510428
um435zd7,18,gdqsf9no,14-bargaining_tdl_main-95_1_2,RightPartner,who are you planning to support?,1787588836.5886056
um435zd7,12,sg9ogbah,14-bargaining_tdl_main-95_1_2,LeftPartner,we can support each other if you want,1787588844.9908528
um435zd7,27,4pijht0p,14-bargaining_tdl_main-97_2_3,RightPartner,Hi Orange how are you?,1787588849.1238964
um435zd7,47,cjt0afbn,14-bargaining_tdl_main-93_1_2,LeftPartner,"I think at least two people should earn, just have to pick which 2.",1787588849.8198311
um435zd7,27,4pijht0p,14-bargaining_tdl_main-97_1_3,LeftPartner,Hi yellow hows it going?,1787588850.0782847
um435zd7,18,gdqsf9no,14-bargaining_tdl_main-95_1_2,RightPartner,sounds good to me.,1787588851.1538627
um435zd7,9,fxzgroh1,14-bargaining_tdl_main-97_2_3,LeftPartner,hello,1787588855.5573983
um435zd7,54,g340undb,14-bargaining_tdl_main-93_2_3,RightPartner,"I am open to listening to your input, I will choose to support who will choose to support me preferably",1787588865.665898
um435zd7,32,ck54w3ka,14-bargaining_tdl_main-98_1_2,LeftPartner,Hi there! Nice to meet you. What an interesting study! ,1787588866.076917
um435zd7,9,fxzgroh1,14-bargaining_tdl_main-97_2_3,LeftPartner,"im ok, yourself?",1787588871.4491808
um435zd7,6,0kcb7ms1,14-bargaining_tdl_main-97_1_3,RightPartner,Hi I'm fine. Go ahead and support orange.,1787588873.0614235
um435zd7,35,1dzf89rv,14-bargaining_tdl_main-96_1_2,LeftPartner,"purple just left, so it's you/me - seems like",1787588879.7731435
um435zd7,54,g340undb,14-bargaining_tdl_main-93_2_3,RightPartner,If you want to lock it in that we support eachother that would be great,1787588879.8785431
um435zd7,32,ck54w3ka,14-bargaining_tdl_main-98_1_3,RightPartner,Hey there! Nice to meet you. What an interesting study!,1787588880.4362245
um435zd7,27,4pijht0p,14-bargaining_tdl_main-97_1_3,LeftPartner,What is your favorite food of all time?,1787588881.833772
um435zd7,61,0pk7uwza,14-bargaining_tdl_main-99_1_3,LeftPartner,"Hi, do you want to support each other",1787588882.0850544
um435zd7,47,cjt0afbn,14-bargaining_tdl_main-93_1_3,RightPartner,"I want everyone that can earn money to earn it, just not sure what's a fair way to do so.",1787588883.1593993
um435zd7,39,71jele7w,14-bargaining_tdl_main-96_1_2,RightPartner,Let's support each other since the other person left?,1787588886.1138377
um435zd7,44,wlp3fzrx,14-bargaining_tdl_main-98_2_3,RightPartner,Hello! What are your plans for the study?,1787588888.628758
um435zd7,49,h989x1pw,14-bargaining_tdl_main-93_1_2,RightPartner,yes that's true i agree,1787588888.9463637
um435zd7,55,en4hpb81,14-bargaining_tdl_main-100_2_3,RightPartner,are you interested in partnering up?,1787588891.5971215
um435zd7,35,1dzf89rv,14-bargaining_tdl_main-96_1_2,LeftPartner,seems right,1787588894.9466474
um435zd7,6,0kcb7ms1,14-bargaining_tdl_main-97_1_2,LeftPartner,"Hello, I told Purple to support you so you should support Purple.",1787588895.2679667
um435zd7,32,ck54w3ka,14-bargaining_tdl_main-98_1_2,LeftPartner,"So, if you had to pick between Yellow and Purple, which color do you like better?",1787588897.9892058
um435zd7,44,wlp3fzrx,14-bargaining_tdl_main-98_1_3,LeftPartner,Hello! Right back at you. This is definitely a unique one!,1787588900.1861844
um435zd7,55,en4hpb81,14-bargaining_tdl_main-100_1_3,LeftPartner,are you interested in partnering up?,1787588903.3267984
um435zd7,6,0kcb7ms1,14-bargaining_tdl_main-97_1_3,RightPartner,eggs,1787588904.2282708
um435zd7,51,7iu3o5hx,14-bargaining_tdl_main-100_2_3,LeftPartner,Well you are my favorite color,1787588907.491197
um435zd7,49,h989x1pw,14-bargaining_tdl_main-93_2_3,LeftPartner,do you think the other participant deserves it as well?,1787588911.3301902
um435zd7,6,0kcb7ms1,14-bargaining_tdl_main-97_1_3,RightPartner,What's your favorite?,1787588913.0377061
um435zd7,27,4pijht0p,14-bargaining_tdl_main-97_2_3,RightPartner,I am doing good thank you.  Tell me who would you want to have lunch with if you could pick anyone in the world alive or dead who would it be?,1787588914.135753
um435zd7,32,ck54w3ka,14-bargaining_tdl_main-98_1_3,RightPartner,"So, if you had to pick between Yellow and Orange, which color do you like better?",1787588914.2566562
um435zd7,43,4wgaet7z,14-bargaining_tdl_main-99_1_3,RightPartner,"I would be fine with that, but am also OK if you and the other paryicipant want to support each other.",1787588918.7574213
um435zd7,51,7iu3o5hx,14-bargaining_tdl_main-100_1_2,RightPartner,Hey there,1787588919.1296127
um435zd7,39,71jele7w,14-bargaining_tdl_main-96_1_2,RightPartner,I agree ,1787588920.0628262
um435zd7,55,en4hpb81,14-bargaining_tdl_main-100_2_3,RightPartner,that works out well for me :),1787588923.2808368
um435zd7,9,fxzgroh1,14-bargaining_tdl_main-97_2_3,LeftPartner,"alive, definitely",1787588924.632675
um435zd7,27,4pijht0p,14-bargaining_tdl_main-97_1_3,LeftPartner,just had eggs and hashbrown this moring lol,1787588928.1471386
um435zd7,6,0kcb7ms1,14-bargaining_tdl_main-97_1_2,LeftPartner,Helloooo?,1787588929.1587467
um435zd7,44,wlp3fzrx,14-bargaining_tdl_main-98_1_3,LeftPartner,I think I like both colors equally. What are your thoughts?,1787588932.203579
um435zd7,47,cjt0afbn,14-bargaining_tdl_main-93_1_2,LeftPartner,I'll sacrifice for the team if you guys just want to vote for each other.,1787588933.0607617
um435zd7,54,g340undb,14-bargaining_tdl_main-93_2_3,RightPartner,Of course,1787588935.5197406
um435zd7,34,eg8pi86b,14-bargaining_tdl_main-100_1_3,RightPartner,i am! ,1787588935.8025522
um435zd7,34,eg8pi86b,14-bargaining_tdl_main-100_1_2,LeftPartner,hello,1787588939.771779
um435zd7,38,br5in4ko,14-bargaining_tdl_main-98_1_2,RightPartner,Lets figure out a pattern to use so that we all get paid evenly,1787588940.2072904
um435zd7,38,br5in4ko,14-bargaining_tdl_main-98_2_3,LeftPartner,Lets figure out a pattern to use so that we all get paid evenly,1787588941.2262971
um435zd7,43,4wgaet7z,14-bargaining_tdl_main-99_1_2,LeftPartner,Are you interested in offering support to either side?,1787588945.774748
um435zd7,27,4pijht0p,14-bargaining_tdl_main-97_1_3,LeftPartner,"I am a pizza person, hot or cold I love pizza",1787588946.7722437
um435zd7,54,g340undb,14-bargaining_tdl_main-93_2_3,RightPartner,I am slightly unsure exactly how to make it completely fair,1787588948.347378
um435zd7,47,cjt0afbn,14-bargaining_tdl_main-93_1_3,RightPartner,I'll take the zero bonus so that you two can earn the bonuses.,1787588948.8702364
um435zd7,61,0pk7uwza,14-bargaining_tdl_main-99_1_3,LeftPartner,they aren't messaging so lets just support each other,1787588949.250119
um435zd7,9,fxzgroh1,14-bargaining_tdl_main-97_2_3,LeftPartner,most places dont even let you in if everyone isn't alive in your group,1787588950.994864
um435zd7,55,en4hpb81,14-bargaining_tdl_main-100_2_3,RightPartner,"you responded first, lock it in?",1787588952.6949978
um435zd7,54,g340undb,14-bargaining_tdl_main-93_1_3,LeftPartner,Yes it is a bit confusing,1787588953.7603972
um435zd7,25,hmuu2q02,14-bargaining_tdl_main-101_1_3,RightPartner,"hello, hope you're having a good day",1787588954.1656249
um435zd7,51,7iu3o5hx,14-bargaining_tdl_main-100_2_3,LeftPartner,So what are your thoughts? I'm sure we are both managing both participants right now,1787588958.3802972
um435zd7,45,8s11lvf2,14-bargaining_tdl_main-101_2_3,LeftPartner,Hi,1787588963.0017915
um435zd7,27,4pijht0p,14-bargaining_tdl_main-97_2_3,RightPartner,Who is this person you would pick?,1787588967.0157914
um435zd7,45,8s11lvf2,14-bargaining_tdl_main-101_1_2,RightPartner,Hi,1787588967.712939
um435zd7,43,4wgaet7z,14-bargaining_tdl_main-99_1_3,RightPartner,"OK, I'll do that. They don't seem to be here.",1787588968.4210396
um435zd7,49,h989x1pw,14-bargaining_tdl_main-93_1_2,RightPartner,You don't think that you deserve it?,1787588969.6009245
um435zd7,25,hmuu2q02,14-bargaining_tdl_main-101_1_2,LeftPartner,"hello, how are you",1787588969.873855
um435zd7,54,g340undb,14-bargaining_tdl_main-93_1_3,LeftPartner,No I will take the zero bonus ,1787588971.7722151
um435zd7,34,eg8pi86b,14-bargaining_tdl_main-100_1_3,RightPartner,"I don't have any specific reason you should pick me though. I would be honored if you did but honestly, I'm okay if you pick the other person. ^-^",1787588975.8106766
um435zd7,51,7iu3o5hx,14-bargaining_tdl_main-100_1_2,RightPartner,So how should we play this game?,1787588976.9636478
um435zd7,9,fxzgroh1,14-bargaining_tdl_main-97_1_2,RightPartner,hello,1787588977.7240033
um435zd7,6,0kcb7ms1,14-bargaining_tdl_main-97_1_3,RightPartner,"I haven't heard from Orange, so I will support you (Purple). However, I told Orange to support you. I don't know what you should do.",1787588978.5679452
um435zd7,55,en4hpb81,14-bargaining_tdl_main-100_2_3,RightPartner,"i sent the same message to both, you responded first",1787588979.06131
um435zd7,45,8s11lvf2,14-bargaining_tdl_main-101_1_2,RightPartner,good and you?,1787588980.349529
um435zd7,27,4pijht0p,14-bargaining_tdl_main-97_1_3,LeftPartner,What is your favorite thing to do on the weekend?,1787588986.6147397
um435zd7,9,fxzgroh1,14-bargaining_tdl_main-97_1_2,RightPartner,can you send me the msg you sent purple? ,1787588993.2001014
um435zd7,47,cjt0afbn,14-bargaining_tdl_main-93_1_2,LeftPartner,We all deserve it but someone has to do it.,1787588997.774356
um435zd7,6,0kcb7ms1,14-bargaining_tdl_main-97_1_3,RightPartner,Orange replied so you should support Orange.,1787589001.0676289
um435zd7,25,hmuu2q02,14-bargaining_tdl_main-101_1_2,LeftPartner,I'm doing well.are you ready to play?,1787589002.129911
um435zd7,38,br5in4ko,14-bargaining_tdl_main-98_1_2,RightPartner,are we the only ones left?,1787589005.8172796
um435zd7,51,7iu3o5hx,14-bargaining_tdl_main-100_2_3,LeftPartner,Cool - so are we just choosing one another from here on once the game starts?,1787589007.529845
um435zd7,47,cjt0afbn,14-bargaining_tdl_main-93_1_3,RightPartner,I offered first!,1787589007.8830762
um435zd7,9,fxzgroh1,14-bargaining_tdl_main-97_2_3,LeftPartner,socrates,1787589012.0465524
um435zd7,34,eg8pi86b,14-bargaining_tdl_main-100_1_2,LeftPartner,"I don't have any specific reason you should pick me though. I would be honored if you did but honestly, I'm okay if you pick the other person. ^-^",1787589013.8449724
um435zd7,32,ck54w3ka,14-bargaining_tdl_main-98_1_2,LeftPartner,"Hmm, I would also like everyone to get paid evenly, but the rules of the study seem to indicate that not everyone can make money. Only the two that support each other. Looks like Purple just left the chat, so their choice will be random.",1787589014.8065155
um435zd7,6,0kcb7ms1,14-bargaining_tdl_main-97_1_2,LeftPartner,I think you will see that message.,1787589015.157554
um435zd7,25,hmuu2q02,14-bargaining_tdl_main-101_1_3,RightPartner,ready to play a game,1787589016.0866413
um435zd7,27,4pijht0p,14-bargaining_tdl_main-97_1_3,LeftPartner,"hmm, who do you think will orange support?",1787589017.5349653
um435zd7,49,h989x1pw,14-bargaining_tdl_main-93_1_2,RightPartner,how about me and you,1787589019.453749
um435zd7,55,en4hpb81,14-bargaining_tdl_main-100_2_3,RightPartner,yes,1787589021.146615
um435zd7,55,en4hpb81,14-bargaining_tdl_main-100_1_3,LeftPartner,"i appreciate that, full disclosure i sent the same message to both and they responded first.",1787589022.0645742
um435zd7,50,j77cb4co,14-bargaining_tdl_main-102_1_3,LeftPartner,I plan to support orange.,1787589022.7044492
um435zd7,27,4pijht0p,14-bargaining_tdl_main-97_2_3,RightPartner,cool,1787589024.4748354
um435zd7,40,d065xmza,14-bargaining_tdl_main-102_1_3,RightPartner,hello how are you ,1787589025.4887238
um435zd7,9,fxzgroh1,14-bargaining_tdl_main-97_2_3,LeftPartner,you?,1787589028.945672
um435zd7,49,h989x1pw,14-bargaining_tdl_main-93_2_3,LeftPartner,i understand,1787589030.2530527
um435zd7,27,4pijht0p,14-bargaining_tdl_main-97_2_3,RightPartner,Who are you supporting today,1787589031.4320343
um435zd7,55,en4hpb81,14-bargaining_tdl_main-100_2_3,RightPartner,works for me,1787589031.6180542
um435zd7,6,0kcb7ms1,14-bargaining_tdl_main-97_1_3,RightPartner,I hope they support Purple (you).,1787589033.1959395
um435zd7,51,7iu3o5hx,14-bargaining_tdl_main-100_1_2,RightPartner,Why is that?,1787589034.0595021
um435zd7,45,8s11lvf2,14-bargaining_tdl_main-101_1_2,RightPartner,"yes, and you?",1787589034.71829
um435zd7,47,cjt0afbn,14-bargaining_tdl_main-93_1_2,LeftPartner,That would be great but I want to be fair to purple.,1787589038.309433
um435zd7,25,hmuu2q02,14-bargaining_tdl_main-101_1_2,LeftPartner,purple isnt answering so I'll support you if you support me,1787589040.832766
um435zd7,51,7iu3o5hx,14-bargaining_tdl_main-100_2_3,LeftPartner,Cool,1787589041.1522226
um435zd7,9,fxzgroh1,14-bargaining_tdl_main-97_2_3,LeftPartner,ill support you ,1787589045.5210397
um435zd7,32,ck54w3ka,14-bargaining_tdl_main-98_1_2,LeftPartner,That means the only way you and I make extra money is if we support each other. Game Theory and randomness means we have no idea what Purple will be randomly assigned for their choice. ,1787589046.8829172
um435zd7,9,fxzgroh1,14-bargaining_tdl_main-97_2_3,LeftPartner,if you'll support me,1787589050.9406226
um435zd7,6,0kcb7ms1,14-bargaining_tdl_main-97_1_3,RightPartner,I LOVE pizza!,1787589052.6649745
um435zd7,27,4pijht0p,14-bargaining_tdl_main-97_2_3,RightPartner,"Jesus first choice,Tom cruise second",1787589052.8651688
um435zd7,38,br5in4ko,14-bargaining_tdl_main-98_1_2,RightPartner,So we just pick each other every time,1787589069.5120893
um435zd7,49,h989x1pw,14-bargaining_tdl_main-93_1_2,RightPartner,being fair to purple wont let you get any earnings,1787589070.7015824
um435zd7,54,g340undb,14-bargaining_tdl_main-93_1_3,LeftPartner,Lol,1787589076.2903473
um435zd7,4,y3oxr76g,14-bargaining_tdl_main-103_1_2,LeftPartner,I will support Orange,1787589076.5010664
um435zd7,50,j77cb4co,14-bargaining_tdl_main-102_2_3,RightPartner,"I plan to support you in the first choice and since we will both benifit by choosing each other, hope you will do the same.",1787589077.7416387
um435zd7,32,ck54w3ka,14-bargaining_tdl_main-98_1_2,LeftPartner,"I know this is all kind of anonymous, but I give you my word that I'll be supporting Orange (you) moving forward. :)",1787589078.407789
um435zd7,41,nig2yiju,14-bargaining_tdl_main-102_1_2,RightPartner,I think we should just randomly pick someone. I will message purple the same thing.,1787589079.5450783
um435zd7,59,xva9q6g0,14-bargaining_tdl_main-103_1_3,LeftPartner,Hi,1787589081.226567
um435zd7,32,ck54w3ka,14-bargaining_tdl_main-98_1_2,LeftPartner,"Yup, I think so!",1787589081.865091
um435zd7,27,4pijht0p,14-bargaining_tdl_main-97_1_3,LeftPartner,"I like your personality, I will support you Yellow",1787589085.5040493
um435zd7,45,8s11lvf2,14-bargaining_tdl_main-101_1_2,RightPartner,"we have 7 minute left, but that sounds like a solid plan.",1787589085.9909384
um435zd7,51,7iu3o5hx,14-bargaining_tdl_main-100_1_2,RightPartner,"Let's value your time, as well",1787589086.8691003
um435zd7,27,4pijht0p,14-bargaining_tdl_main-97_2_3,RightPartner,"I will support you, ",1787589087.4407706
um435zd7,34,eg8pi86b,14-bargaining_tdl_main-100_1_2,LeftPartner,I feel like its silly to negotiate to a degree. ,1787589089.5204191
um435zd7,47,cjt0afbn,14-bargaining_tdl_main-93_1_2,LeftPartner,right but you and purple will,1787589089.8239596
um435zd7,4,y3oxr76g,14-bargaining_tdl_main-103_1_3,RightPartner,I will support you.,1787589092.3494508
um435zd7,54,g340undb,14-bargaining_tdl_main-93_1_3,LeftPartner,I appreciate the kindness but I feel bad for taking it lol,1787589094.1672668
um435zd7,32,ck54w3ka,14-bargaining_tdl_main-98_1_2,LeftPartner,"You pick Yellow to support, I'll pick Orange. ",1787589094.4290247
um435zd7,40,d065xmza,14-bargaining_tdl_main-102_1_3,RightPartner,well purple is my fave color,1787589098.1348732
um435zd7,38,br5in4ko,14-bargaining_tdl_main-98_1_2,RightPartner,Let's go,1787589100.9761794
um435zd7,34,eg8pi86b,14-bargaining_tdl_main-100_1_2,LeftPartner,I would appreciate it but one of us has to lose anyway? ,1787589102.4665232
um435zd7,49,h989x1pw,14-bargaining_tdl_main-93_1_2,RightPartner,id rather side with you,1787589102.797465
um435zd7,59,xva9q6g0,14-bargaining_tdl_main-103_1_3,LeftPartner,Okay sounds good I will support you too,1787589104.4270582
um435zd7,47,cjt0afbn,14-bargaining_tdl_main-93_1_3,RightPartner,I would too!,1787589104.906164
um435zd7,48,1h27ag9z,14-bargaining_tdl_main-101_1_3,LeftPartner,these instructions are really strange.  it says if i support one who supports the 3nd person and the 3rd person supports me and it is a complete support chain in a loop we get 0?  ,1787589104.959561
um435zd7,34,eg8pi86b,14-bargaining_tdl_main-100_1_2,LeftPartner,I,1787589107.7181678
um435zd7,49,h989x1pw,14-bargaining_tdl_main-93_1_2,RightPartner,you seem to consider other people before yourself,1787589108.6387732
um435zd7,34,eg8pi86b,14-bargaining_tdl_main-100_1_2,LeftPartner,I,1787589108.819275
um435zd7,50,j77cb4co,14-bargaining_tdl_main-102_1_3,LeftPartner,I will choose you in the next round if you are willing to return the favor. Sorry.,1787589109.3332546
um435zd7,41,nig2yiju,14-bargaining_tdl_main-102_2_3,LeftPartner,I think we should just randomly pick someone. I will message yellow the same thing,1787589115.085646
um435zd7,6,0kcb7ms1,14-bargaining_tdl_main-97_1_2,LeftPartner,Make sure and read the messages when they become available. I told Purple to support you.,1787589115.5156152
um435zd7,25,hmuu2q02,14-bargaining_tdl_main-101_1_2,LeftPartner,Cool. is purple talking to you?,1787589116.1168282
um435zd7,59,xva9q6g0,14-bargaining_tdl_main-103_1_3,LeftPartner,Orange left so I am not sure what will happen next,1787589120.7485526
um435zd7,34,eg8pi86b,14-bargaining_tdl_main-100_1_2,LeftPartner,"I am typing too fast, my apologies.",1787589122.069895
um435zd7,54,g340undb,14-bargaining_tdl_main-93_2_3,RightPartner,"Yellow said they want to let us have the bonus, I feel bad but they are adamant ",1787589126.6634555
um435zd7,4,y3oxr76g,14-bargaining_tdl_main-103_1_3,RightPartner,"Thanks, that sounds like a plan.",1787589127.4997952
um435zd7,27,4pijht0p,14-bargaining_tdl_main-97_2_3,RightPartner,Do you have any questions you want to ask me?,1787589129.7732549
um435zd7,45,8s11lvf2,14-bargaining_tdl_main-101_1_2,RightPartner,no,1787589130.12558
um435zd7,27,4pijht0p,14-bargaining_tdl_main-97_1_3,LeftPartner,Do you have any questions you want to ask me?,1787589131.808649
um435zd7,9,fxzgroh1,14-bargaining_tdl_main-97_1_2,RightPartner,"i appreciate it, thank you",1787589133.5586855
um435zd7,40,d065xmza,14-bargaining_tdl_main-102_1_2,LeftPartner,sounds nice,1787589135.5863585
um435zd7,25,hmuu2q02,14-bargaining_tdl_main-101_1_3,RightPartner,"I think so , makes no sense really",1787589141.152106
um435zd7,47,cjt0afbn,14-bargaining_tdl_main-93_1_3,RightPartner,"ok, orange wants it to be me and them, i'm ok with either just let me know what you prefer and that's the choice I'll make.",1787589144.0684772
um435zd7,48,1h27ag9z,14-bargaining_tdl_main-101_1_3,LeftPartner,so the only way acording to the instructions is for two people to support eachother back and ignore the 3rd,1787589145.8490877
um435zd7,6,0kcb7ms1,14-bargaining_tdl_main-97_1_3,RightPartner,"I want somebody to win money, so I'm trying to leave myself out of it. If we screw up nobody will get anything.",1787589148.0589507
um435zd7,45,8s11lvf2,14-bargaining_tdl_main-101_2_3,LeftPartner,How are you?,1787589150.9092298
um435zd7,51,7iu3o5hx,14-bargaining_tdl_main-100_1_2,RightPartner,I'm with you - we look pretty rotten to the other person by not working with them. ,1787589158.1912582
um435zd7,47,cjt0afbn,14-bargaining_tdl_main-93_1_2,LeftPartner,"I do, purple is doing the same so I'm letting them make the final decision for us.",1787589165.4156554
um435zd7,25,hmuu2q02,14-bargaining_tdl_main-101_1_3,RightPartner,thats the way I see it,1787589167.193127
um435zd7,6,0kcb7ms1,14-bargaining_tdl_main-97_1_3,RightPartner,You should support Orange. ,1787589170.6435056
um435zd7,27,4pijht0p,14-bargaining_tdl_main-97_1_3,LeftPartner,"I agree, so let us support eachother",1787589172.196523
um435zd7,27,4pijht0p,14-bargaining_tdl_main-97_1_3,LeftPartner,why,1787589178.3887365
um435zd7,49,h989x1pw,14-bargaining_tdl_main-93_2_3,LeftPartner,I think Yellow should have the bonus; they are strict about serving others before themselves. They deserve it,1787589178.5360148
um435zd7,54,g340undb,14-bargaining_tdl_main-93_1_3,LeftPartner,I will support whatever you decide,1787589179.3379877
um435zd7,27,4pijht0p,14-bargaining_tdl_main-97_1_3,LeftPartner,not you,1787589181.2516596
um435zd7,25,hmuu2q02,14-bargaining_tdl_main-101_1_2,LeftPartner,lets do it then,1787589182.0544689
um435zd7,45,8s11lvf2,14-bargaining_tdl_main-101_1_2,RightPartner,ok,1787589194.4753013
um435zd7,27,4pijht0p,14-bargaining_tdl_main-97_2_3,RightPartner,yellow or purple?,1787589195.2868469
um435zd7,9,fxzgroh1,14-bargaining_tdl_main-97_2_3,LeftPartner,did you come to any agreements other than that? you and the other player?,1787589201.1011093
um435zd7,6,0kcb7ms1,14-bargaining_tdl_main-97_1_3,RightPartner,because I've already tol Orange to support you.,1787589204.0814497
um435zd7,25,hmuu2q02,14-bargaining_tdl_main-101_1_2,LeftPartner,not sure why we need 10 minutes,1787589205.9538798
um435zd7,64,ihyu8bl0,14-bargaining_tdl_main-104_1_3,LeftPartner,"hello there. this is a pretty nasty game, right?",1787589211.2652373
um435zd7,63,ya0ejywx,14-bargaining_tdl_main-104_1_2,RightPartner,hello,1787589212.9518504
um435zd7,34,eg8pi86b,14-bargaining_tdl_main-100_1_2,LeftPartner,"Yeah, so what do you think? I'm open to whatever. ",1787589213.815338
um435zd7,63,ya0ejywx,14-bargaining_tdl_main-104_2_3,LeftPartner,hello,1787589220.1812139
um435zd7,49,h989x1pw,14-bargaining_tdl_main-93_1_2,RightPartner,not sure about that,1787589220.829022
um435zd7,64,ihyu8bl0,14-bargaining_tdl_main-104_2_3,RightPartner,"hey there. this is a pretty nasty game, in my eyes.",1787589228.5219638
um435zd7,47,cjt0afbn,14-bargaining_tdl_main-93_1_3,RightPartner,this is tough. Will you flip a coin and make that the final choice?,1787589229.534931
um435zd7,9,fxzgroh1,14-bargaining_tdl_main-97_2_3,LeftPartner,i'm supporting purple,1787589230.6117525
um435zd7,48,1h27ag9z,14-bargaining_tdl_main-101_1_3,LeftPartner,i will pair with you then this should be a group chat but it looks like chats are separate.  i will support you and support me back and it imitates the we each get 3 scenario,1787589233.769049
um435zd7,27,4pijht0p,14-bargaining_tdl_main-97_2_3,RightPartner,"yellow told me that they told you to support me, is that true?",1787589235.7992268
um435zd7,45,8s11lvf2,14-bargaining_tdl_main-101_1_2,RightPartner,"I think we can leave, but I don't want it to exit me.",1787589238.4782572
um435zd7,57,q4m7u8wk,14-bargaining_tdl_main-104_1_3,RightPartner,hello its tricky,1787589238.5768435
um435zd7,54,g340undb,14-bargaining_tdl_main-93_1_3,LeftPartner,Sure,1787589239.3315156
um435zd7,25,hmuu2q02,14-bargaining_tdl_main-101_1_2,LeftPartner,maybe they want us to negotiate a lot,1787589241.6833599
um435zd7,9,fxzgroh1,14-bargaining_tdl_main-97_2_3,LeftPartner,they did indeed,1787589246.7429335
um435zd7,6,0kcb7ms1,14-bargaining_tdl_main-97_1_2,LeftPartner,I'm not sure what Purple will do. I asked them to support you.,1787589247.345038
um435zd7,57,q4m7u8wk,14-bargaining_tdl_main-104_1_2,LeftPartner,hello,1787589250.4394417
um435zd7,54,g340undb,14-bargaining_tdl_main-93_1_3,LeftPartner,"Heads are I support you, tails I support orange",1787589252.3949919
um435zd7,47,cjt0afbn,14-bargaining_tdl_main-93_1_3,RightPartner,works for me,1787589259.2070904
um435zd7,48,1h27ag9z,14-bargaining_tdl_main-101_1_3,LeftPartner,and we will just keep doing that eaach round,1787589259.7595778
um435zd7,62,gx7ozxwt,14-bargaining_tdl_main-105_1_2,LeftPartner,Hello.,1787589262.4483843
um435zd7,45,8s11lvf2,14-bargaining_tdl_main-101_1_2,RightPartner,yes probably,1787589262.9715042
um435zd7,65,62s30hfy,14-bargaining_tdl_main-105_2_3,LeftPartner,Hi Good Morning. How are you?,1787589263.1022625
um435zd7,54,g340undb,14-bargaining_tdl_main-93_1_3,LeftPartner,I got heads,1787589266.1768801
um435zd7,27,4pijht0p,14-bargaining_tdl_main-97_1_3,LeftPartner,I will be grateful if you support me but if not no worries,1787589270.266001
um435zd7,65,62s30hfy,14-bargaining_tdl_main-105_1_2,RightPartner,HI. How are you doing today?,1787589270.6587596
um435zd7,62,gx7ozxwt,14-bargaining_tdl_main-105_1_3,RightPartner,Hello,1787589270.9824462
um435zd7,66,90tp948x,14-bargaining_tdl_main-105_2_3,RightPartner,"I am great, how are you?",1787589279.702847
um435zd7,66,90tp948x,14-bargaining_tdl_main-105_1_3,LeftPartner,Hi!,1787589280.5637262
um435zd7,65,62s30hfy,14-bargaining_tdl_main-105_2_3,LeftPartner,Pretty good,1787589287.7230635
um435zd7,63,ya0ejywx,14-bargaining_tdl_main-104_2_3,LeftPartner,i agree,1787589288.6196961
um435zd7,27,4pijht0p,14-bargaining_tdl_main-97_2_3,RightPartner,"I would be grateful if you support me if not no worries, just be honest upfront",1787589290.3531446
um435zd7,6,0kcb7ms1,14-bargaining_tdl_main-97_1_3,RightPartner,I will support you because you asked me to.,1787589292.862145
um435zd7,65,62s30hfy,14-bargaining_tdl_main-105_2_3,LeftPartner,Who do you plan to support?,1787589297.06568
um435zd7,63,ya0ejywx,14-bargaining_tdl_main-104_1_2,RightPartner,how do you feel about this game,1787589299.027414
um435zd7,51,7iu3o5hx,14-bargaining_tdl_main-100_1_2,RightPartner,"i'm going to randomly pick with my eyes closed (purple is my favorite color, though). ",1787589299.458879
um435zd7,48,1h27ag9z,14-bargaining_tdl_main-101_1_3,LeftPartner,sound good/right?  am I wrong about this?  I copied and pasted the instructions in a text document,1787589301.4758909
um435zd7,62,gx7ozxwt,14-bargaining_tdl_main-105_1_2,LeftPartner,I am doing fine.  How are you doing today?,1787589306.8627627
um435zd7,62,gx7ozxwt,14-bargaining_tdl_main-105_1_3,RightPartner,How are you doing today?,1787589310.6046858
um435zd7,9,fxzgroh1,14-bargaining_tdl_main-97_2_3,LeftPartner,"i am, i'm supporting you",1787589315.4644637
um435zd7,64,ihyu8bl0,14-bargaining_tdl_main-104_1_3,LeftPartner,"quite. so, i'm thinking.. ..that, for the interest of time, i'll just go ahead and volunteer to bow out. if you and orange wish to support each other, that's fine. or if you wish to support me, that's cool too, and i'll return that. (whilst feeling very bad.)",1787589316.3426611
um435zd7,57,q4m7u8wk,14-bargaining_tdl_main-104_1_3,RightPartner,do we want to pick a color or skip the messaging part,1787589317.0802135
um435zd7,51,7iu3o5hx,14-bargaining_tdl_main-100_1_2,RightPartner,Best wishes and enjoy!!,1787589317.8151915
um435zd7,57,q4m7u8wk,14-bargaining_tdl_main-104_1_2,LeftPartner,its tricky,1787589318.6105742
um435zd7,34,eg8pi86b,14-bargaining_tdl_main-100_1_2,LeftPartner,Same to you! ,1787589322.6327748
um435zd7,66,90tp948x,14-bargaining_tdl_main-105_2_3,RightPartner,"That is great. I am not sure who I plan to support, it is a hard decision. What are you thinking?",1787589322.8814242
um435zd7,69,643lb26i,14-bargaining_tdl_main-106_1_2,RightPartner,Hello Yellow!  ,1787589324.9572408
um435zd7,27,4pijht0p,14-bargaining_tdl_main-97_2_3,RightPartner,I will support you Orange,1787589329.0171497
um435zd7,66,90tp948x,14-bargaining_tdl_main-105_1_3,LeftPartner,"I am doing well, and you?",1787589329.2356617
um435zd7,69,643lb26i,14-bargaining_tdl_main-106_2_3,LeftPartner,Hello Purple!,1787589335.6326208
um435zd7,48,1h27ag9z,14-bargaining_tdl_main-101_1_3,LeftPartner,it wont let me paste that line in the instructions here :(,1787589341.2498553
um435zd7,25,hmuu2q02,14-bargaining_tdl_main-101_1_3,RightPartner,The comments are public at the end I think. i'm committed to orange for this round,1787589341.6149826
um435zd7,65,62s30hfy,14-bargaining_tdl_main-105_2_3,LeftPartner,Im not sure,1787589342.0802672
um435zd7,64,ihyu8bl0,14-bargaining_tdl_main-104_2_3,RightPartner,"i hate this ""survivor island"" crap, honestly",1787589342.3367577
um435zd7,62,gx7ozxwt,14-bargaining_tdl_main-105_1_3,RightPartner,I'm fine.,1787589342.8182626
um435zd7,6,0kcb7ms1,14-bargaining_tdl_main-97_1_2,LeftPartner,"Purple asked me to support them. Since they asked, I will support Purple. I don't know what they will do. Purple might support either me or you. I don't know.",1787589349.5681407
um435zd7,65,62s30hfy,14-bargaining_tdl_main-105_2_3,LeftPartner,Can you tell me why I should support you?,1787589350.7733872
um435zd7,70,zni8fao8,14-bargaining_tdl_main-106_2_3,RightPartner,Hi. Would you like to partner up so we can both earn 3 dollars?,1787589352.614384
um435zd7,9,fxzgroh1,14-bargaining_tdl_main-97_2_3,LeftPartner,i appreciate it,1787589354.1273487
um435zd7,57,q4m7u8wk,14-bargaining_tdl_main-104_1_2,LeftPartner,do you want to pick a color or skip to next part,1787589354.5570874
um435zd7,66,90tp948x,14-bargaining_tdl_main-105_1_3,LeftPartner,Who are you planning to support?,1787589354.6876643
um435zd7,65,62s30hfy,14-bargaining_tdl_main-105_1_2,RightPartner,Pretty good,1787589357.4905403
um435zd7,57,q4m7u8wk,14-bargaining_tdl_main-104_1_3,RightPartner,I agree,1787589363.1641707
um435zd7,27,4pijht0p,14-bargaining_tdl_main-97_2_3,RightPartner,same here,1787589366.238297
um435zd7,65,62s30hfy,14-bargaining_tdl_main-105_1_2,RightPartner,Who do you support?,1787589366.4315097
um435zd7,9,fxzgroh1,14-bargaining_tdl_main-97_2_3,LeftPartner,the other player is telling me you're supporting them though,1787589366.583376
um435zd7,69,643lb26i,14-bargaining_tdl_main-106_2_3,LeftPartner,Sure!  Purple's my favorite color too,1787589368.4680455
um435zd7,25,hmuu2q02,14-bargaining_tdl_main-101_1_3,RightPartner,next time will be good,1787589368.8221512
um435zd7,15,t89ehcwp,14-bargaining_tdl_main-106_1_2,LeftPartner,hello orange. how about i support you since you were the first i heard from,1787589375.4185476
um435zd7,70,zni8fao8,14-bargaining_tdl_main-106_1_3,LeftPartner,you want to work together so we can both earn that 3 dollars,1787589378.0554147
um435zd7,63,ya0ejywx,14-bargaining_tdl_main-104_1_2,RightPartner,sure,1787589380.2617877
um435zd7,27,4pijht0p,14-bargaining_tdl_main-97_1_3,LeftPartner,"but you also said you would support  orange, I am confused",1787589380.8951988
um435zd7,45,8s11lvf2,14-bargaining_tdl_main-101_1_2,RightPartner,2 minutes left. Enjoy the rest of your day.,1787589384.2573793
um435zd7,63,ya0ejywx,14-bargaining_tdl_main-104_1_2,RightPartner,what color,1787589385.703701
um435zd7,9,fxzgroh1,14-bargaining_tdl_main-97_2_3,LeftPartner,"not sure if theyre being truthful, its tricky all aroun",1787589386.1319683
um435zd7,69,643lb26i,14-bargaining_tdl_main-106_1_2,RightPartner,That's up to you,1787589390.3918376
um435zd7,64,ihyu8bl0,14-bargaining_tdl_main-104_1_3,LeftPartner,"what does your heart tell you? in my eyes, at least, we all just support no one. but, i don't want to mess up someone else's money either",1787589392.1349332
um435zd7,27,4pijht0p,14-bargaining_tdl_main-97_2_3,RightPartner,they are saying this to me about you too,1787589394.296364
um435zd7,63,ya0ejywx,14-bargaining_tdl_main-104_2_3,LeftPartner,I mean it get it I think its hard to trust people,1787589397.1264553
um435zd7,25,hmuu2q02,14-bargaining_tdl_main-101_1_2,LeftPartner,"I know, I've had that happen in other surveys",1787589403.6345572
um435zd7,9,fxzgroh1,14-bargaining_tdl_main-97_2_3,LeftPartner,"so ill support you, lets ignore them",1787589406.2662456
um435zd7,70,zni8fao8,14-bargaining_tdl_main-106_2_3,RightPartner,awsome!! thanks,1787589410.6952229
um435zd7,27,4pijht0p,14-bargaining_tdl_main-97_2_3,RightPartner,100% Orange,1787589410.9418414
um435zd7,25,hmuu2q02,14-bargaining_tdl_main-101_1_2,LeftPartner,same to you,1787589412.6850615
um435zd7,57,q4m7u8wk,14-bargaining_tdl_main-104_1_3,RightPartner,this is a cruel game,1787589416.596729
um435zd7,69,643lb26i,14-bargaining_tdl_main-106_2_3,LeftPartner,No problem :-) ,1787589416.6765752
um435zd7,6,0kcb7ms1,14-bargaining_tdl_main-97_1_3,RightPartner,I never told Orange I would support them. I told Orange to support you.,1787589417.9004257
um435zd7,15,t89ehcwp,14-bargaining_tdl_main-106_1_3,RightPartner,i just asked orange and they said up to me. so ok....we can work together.,1787589422.4663112
um435zd7,48,1h27ag9z,14-bargaining_tdl_main-101_1_3,LeftPartner,ok then I will just support someone randomly if I get 0 any way this round,1787589422.8280354
um435zd7,66,90tp948x,14-bargaining_tdl_main-105_2_3,RightPartner,"Well, I don't know. I feel I am a nice enough person, and try to be fair, so I guess that is good. What about you? Could you tell me why I should support you?",1787589423.1849089
um435zd7,62,gx7ozxwt,14-bargaining_tdl_main-105_1_2,LeftPartner,I am still thinking about it.,1787589425.6169515
um435zd7,57,q4m7u8wk,14-bargaining_tdl_main-104_1_2,LeftPartner,not sure,1787589429.5802176
um435zd7,15,t89ehcwp,14-bargaining_tdl_main-106_1_2,LeftPartner,i'm supporting purple,1787589432.5914898
um435zd7,62,gx7ozxwt,14-bargaining_tdl_main-105_1_3,RightPartner,I am still thinking about it.,1787589435.3349566
um435zd7,65,62s30hfy,14-bargaining_tdl_main-105_1_2,RightPartner,Why should someone support you?,1787589437.825777
um435zd7,25,hmuu2q02,14-bargaining_tdl_main-101_1_3,RightPartner,only went with orange because they responded quickly,1787589442.5169942
um435zd7,69,643lb26i,14-bargaining_tdl_main-106_1_2,RightPartner,"Sounds like a plan, have a good one",1787589442.7217803
um435zd7,64,ihyu8bl0,14-bargaining_tdl_main-104_2_3,RightPartner,"what does your heart tell you to do? i already told yellow, i can either bow out now or i can agree to form an alliance with them. just to affirm it for you: no, i am not AI.",1787589450.0994651
um435zd7,63,ya0ejywx,14-bargaining_tdl_main-104_1_2,RightPartner,do you want to support each other ,1787589455.0254874
um435zd7,66,90tp948x,14-bargaining_tdl_main-105_1_3,LeftPartner,What considerations are you using to make your decision? It is definitely difficult.,1787589456.8177454
um435zd7,65,62s30hfy,14-bargaining_tdl_main-105_2_3,LeftPartner,I am hard working and a good person to have as an ally,1787589466.1867285
um435zd7,62,gx7ozxwt,14-bargaining_tdl_main-105_1_3,RightPartner,I agree it is difficult to decide.  Who are you supporting?,1787589480.9291048
um435zd7,63,ya0ejywx,14-bargaining_tdl_main-104_2_3,LeftPartner,no i am not a ai lol,1787589484.9692707
um435zd7,57,q4m7u8wk,14-bargaining_tdl_main-104_1_2,LeftPartner,this is a cruel game,1787589490.0149465
um435zd7,62,gx7ozxwt,14-bargaining_tdl_main-105_1_2,LeftPartner,I don't have answer for that question right now.  Who do you support?,1787589504.1231625
um435zd7,63,ya0ejywx,14-bargaining_tdl_main-104_1_2,RightPartner,i agree its hard to trust people,1787589505.9736898
um435zd7,63,ya0ejywx,14-bargaining_tdl_main-104_2_3,LeftPartner,who are you going to support,1787589519.763979
um435zd7,65,62s30hfy,14-bargaining_tdl_main-105_1_2,RightPartner, I support everyone,1787589530.5412953
um435zd7,66,90tp948x,14-bargaining_tdl_main-105_2_3,RightPartner,"Those are some good selling points, for sure. Are you making any progress on a decision?",1787589537.8443751
um435zd7,64,ihyu8bl0,14-bargaining_tdl_main-104_2_3,RightPartner,"i'm working on that. i have an idea.. ..considering, it seems, i'm ""taking charge."" give me a moment",1787589544.6422036
um435zd7,65,62s30hfy,14-bargaining_tdl_main-105_2_3,LeftPartner,How would you feel if we support each other?,1787589556.8627403
um435zd7,57,q4m7u8wk,14-bargaining_tdl_main-104_1_3,RightPartner,I don't like being pitted against each other,1787589562.861623
um435zd7,63,ya0ejywx,14-bargaining_tdl_main-104_2_3,LeftPartner,okay,1787589567.0488732
um435zd7,66,90tp948x,14-bargaining_tdl_main-105_1_3,LeftPartner,I am also not that sure. Are there any reasons you could give me as to why I should pick you?,1787589568.2294164
um435zd7,62,gx7ozxwt,14-bargaining_tdl_main-105_1_3,RightPartner,I don't have answer to that question right now.  I think I will support everyone.,1787589603.5439126
um435zd7,57,q4m7u8wk,14-bargaining_tdl_main-104_1_2,LeftPartner,I just dont like going against another team member,1787589610.4392118
um435zd7,66,90tp948x,14-bargaining_tdl_main-105_2_3,RightPartner,That sounds good to me. ,1787589623.7786458
um435zd7,62,gx7ozxwt,14-bargaining_tdl_main-105_1_2,LeftPartner,What happens if you can only select one for support?,1787589630.0006373
um435zd7,65,62s30hfy,14-bargaining_tdl_main-105_2_3,LeftPartner,Perfect so we are in agreement about the alliance,1787589639.6261847
um435zd7,65,62s30hfy,14-bargaining_tdl_main-105_1_2,RightPartner,I know. That is what makes it so difficult,1787589652.0372791
um435zd7,66,90tp948x,14-bargaining_tdl_main-105_2_3,RightPartner,"Yes, in agreement about the alliance! ",1787589654.1669164
um435zd7,63,ya0ejywx,14-bargaining_tdl_main-104_1_2,RightPartner,I agree plus i,1787589654.4064367
um435zd7,66,90tp948x,14-bargaining_tdl_main-105_1_3,LeftPartner,Understandable!,1787589663.7943335
um435zd7,65,62s30hfy,14-bargaining_tdl_main-105_1_2,RightPartner,Would you be in agreement to support me if I choose you?,1787589666.3784988
um435zd7,63,ya0ejywx,14-bargaining_tdl_main-104_1_2,RightPartner,+,1787589672.996311
um435zd7,62,gx7ozxwt,14-bargaining_tdl_main-105_1_2,LeftPartner,I agree it is a difficult decision.,1787589675.1632686
um435zd7,63,ya0ejywx,14-bargaining_tdl_main-104_1_2,RightPartner,f you do then it cou*9/,1787589695.0016303
um435zd7,57,q4m7u8wk,14-bargaining_tdl_main-104_1_2,LeftPartner,plus all messages will be made public for the others team members ,1787589705.007532
um435zd7,64,ihyu8bl0,14-bargaining_tdl_main-104_1_3,LeftPartner,"me neither. i'm telling orange to support you. you two, go off and be merry.",1787589731.9173725
um435zd7,64,ihyu8bl0,14-bargaining_tdl_main-104_2_3,RightPartner,can we support each other? yellow left the chat again,1787589751.6737459
um435zd7,63,ya0ejywx,14-bargaining_tdl_main-104_2_3,LeftPartner,yes,1787589756.5138474
um435zd7,64,ihyu8bl0,14-bargaining_tdl_main-104_2_3,RightPartner,i will support ye orange,1787589759.680182
um435zd7,71,77310wev,14-bargaining_tdl_main-107_1_2,RightPartner,Hellow Yellow.,1787589835.892776
um435zd7,68,e6sht1gh,14-bargaining_tdl_main-107_1_3,RightPartner,hi purple,1787589841.8117502
um435zd7,71,77310wev,14-bargaining_tdl_main-107_2_3,LeftPartner,Hellow Purple,1787589842.7031753
um435zd7,68,e6sht1gh,14-bargaining_tdl_main-107_1_2,LeftPartner,hi orange,1787589845.2287307
um435zd7,68,e6sht1gh,14-bargaining_tdl_main-107_1_2,LeftPartner,would you want to do certain rounds where we pick each other to help us both get some guarenteed wins?,1787589866.3297725
um435zd7,71,77310wev,14-bargaining_tdl_main-107_1_2,RightPartner,This is not a fair game as someone is always left out. That might work. Then you could pick purple in other games and we all would gain at times.,1787589904.5825472
um435zd7,68,e6sht1gh,14-bargaining_tdl_main-107_1_2,LeftPartner,"That is what I was thinking, if we pick each other half of the time and purple the other half it makes it the most likely for everyone to leave with a bonus",1787589931.0771997
um435zd7,71,77310wev,14-bargaining_tdl_main-107_2_3,LeftPartner,What do you think about supporting me half the time and supporting yellow half the time.,1787589938.9970713
um435zd7,71,77310wev,14-bargaining_tdl_main-107_1_2,RightPartner,Lets try. Do you want to start with me and pick me every other time? I don't know if it will work because I get no reply from purple,1787589986.7127776
um435zd7,99,1a30cxcy,14-bargaining_tdl_main-108_2_3,LeftPartner,hi! ,1787590016.5814092
um435zd7,99,1a30cxcy,14-bargaining_tdl_main-108_1_2,RightPartner,hi,1787590019.0174751
um435zd7,87,n6d1ol63,14-bargaining_tdl_main-109_2_3,LeftPartner,Hello!,1787590030.406756
um435zd7,88,slrf3x6b,14-bargaining_tdl_main-108_1_3,RightPartner,hi,1787590032.335587
um435zd7,96,o11vno1z,14-bargaining_tdl_main-109_2_3,RightPartner,Hi there!,1787590033.015068
um435zd7,68,e6sht1gh,14-bargaining_tdl_main-107_1_2,LeftPartner,That plan sounds good with me. I will start with you and try to alternate and hopefully purple will pick up on the pattern! ,1787590035.1441038
um435zd7,87,n6d1ol63,14-bargaining_tdl_main-109_2_3,LeftPartner,"Oh, I see yellow has left lol.",1787590040.250168
um435zd7,96,o11vno1z,14-bargaining_tdl_main-109_2_3,RightPartner,"Yellow left my chat, should we support each other?",1787590043.274916
um435zd7,71,77310wev,14-bargaining_tdl_main-107_1_2,RightPartner,I think purple has gone to the next page. Ok we will try.,1787590049.730747
um435zd7,87,n6d1ol63,14-bargaining_tdl_main-109_2_3,LeftPartner,Absolutely!,1787590051.5219066
um435zd7,96,o11vno1z,14-bargaining_tdl_main-109_2_3,RightPartner,"Sounds good, thank you!",1787590058.4934456
um435zd7,87,n6d1ol63,14-bargaining_tdl_main-109_2_3,LeftPartner,I gotchu purple lol.,1787590061.9222214
um435zd7,88,slrf3x6b,14-bargaining_tdl_main-108_1_3,RightPartner,lets do what we can to both get that bonus! ,1787590062.9796848
um435zd7,77,f4gep9nk,14-bargaining_tdl_main-110_1_2,RightPartner,yellow,1787590074.529662
um435zd7,90,z71sbfbc,14-bargaining_tdl_main-110_2_3,RightPartner,Hello,1787590086.429761
um435zd7,77,f4gep9nk,14-bargaining_tdl_main-110_1_2,RightPartner,the reason i think we should support each other is that yellow and orange are similar colors,1787590092.519014
um435zd7,77,f4gep9nk,14-bargaining_tdl_main-110_2_3,LeftPartner,hey purple,1787590095.5873067
um435zd7,77,f4gep9nk,14-bargaining_tdl_main-110_2_3,LeftPartner,you're one of my favorite colors,1787590104.39631
um435zd7,90,z71sbfbc,14-bargaining_tdl_main-110_2_3,RightPartner,I would say the same to you,1787590115.3366632
um435zd7,120,ihsafkna,14-bargaining_tdl_main-111_2_3,RightPartner,lets support each other,1787590116.601048
um435zd7,75,xda8r7p0,14-bargaining_tdl_main-110_1_2,LeftPartner,"Sounds good to me, and you wrote first ",1787590117.329494
um435zd7,120,ihsafkna,14-bargaining_tdl_main-111_2_3,RightPartner,yellow left,1787590136.5628855
um435zd7,97,n9why6fm,14-bargaining_tdl_main-113_1_2,LeftPartner,Hello. This game sounds very interesting,1787590138.0662663
um435zd7,77,f4gep9nk,14-bargaining_tdl_main-110_2_3,LeftPartner,purple and orange go well together in my opinion,1787590138.987654
um435zd7,90,z71sbfbc,14-bargaining_tdl_main-110_1_3,LeftPartner,Hi yellow,1787590141.4543087
um435zd7,83,kdgnp4n3,14-bargaining_tdl_main-112_1_2,RightPartner,"Purple hasn't chosen to send a message.  I will choose you, Yellow, if you support me, Orange",1787590141.7232058
um435zd7,77,f4gep9nk,14-bargaining_tdl_main-110_2_3,LeftPartner,reminds me of halloween a little,1787590144.908238
um435zd7,93,txwg05bc,14-bargaining_tdl_main-114_1_2,LeftPartner,who should we support?,1787590145.6568604
um435zd7,98,p8miy0yj,14-bargaining_tdl_main-113_1_2,RightPartner,hey,1787590150.6844132
um435zd7,75,xda8r7p0,14-bargaining_tdl_main-110_1_3,RightPartner,Hi how are you,1787590151.0250013
um435zd7,93,txwg05bc,14-bargaining_tdl_main-114_1_3,RightPartner,who should we support?,1787590152.9521074
um435zd7,81,83s2i1dc,14-bargaining_tdl_main-112_1_3,RightPartner,Hello.  This seems like a very unfair experiment as someone will end up with zero.,1787590156.511617
um435zd7,81,83s2i1dc,14-bargaining_tdl_main-112_1_2,LeftPartner,Hello.  This seems like a very unfair experiment as someone ends up with zero.,1787590159.613282
um435zd7,77,f4gep9nk,14-bargaining_tdl_main-110_1_2,RightPartner,youre the goat,1787590160.5851474
um435zd7,117,25vlwwlh,14-bargaining_tdl_main-114_2_3,RightPartner,Hello. Do you want to support each other?,1787590170.9937224
um435zd7,81,83s2i1dc,14-bargaining_tdl_main-112_1_3,RightPartner,Are you a bot?,1787590174.4411767
um435zd7,97,n9why6fm,14-bargaining_tdl_main-113_1_2,LeftPartner,It looks like the other participant has left the chat,1787590177.7492766
um435zd7,83,kdgnp4n3,14-bargaining_tdl_main-112_2_3,LeftPartner,"Yellow hasn't responded to me yet.  Will you choose me, if I choose you?",1787590178.9309778
um435zd7,94,qm0lssfb,14-bargaining_tdl_main-111_2_3,LeftPartner,"The yellow person has left, let's just support each other",1787590179.3664374
um435zd7,79,57htmt5u,14-bargaining_tdl_main-115_1_2,LeftPartner,"hi, who do we support?",1787590179.7270916
um435zd7,123,ow65bcde,14-bargaining_tdl_main-115_2_3,RightPartner,I'm going to ask you support yellow; I'm going to support no one; enjoy the $3!,1787590181.9759185
um435zd7,81,83s2i1dc,14-bargaining_tdl_main-112_1_2,LeftPartner,Are you a human?,1787590184.3610308
um435zd7,75,xda8r7p0,14-bargaining_tdl_main-110_1_2,LeftPartner,Just trying to make it easy here...early bird gets the worm as they say,1787590188.8108327
um435zd7,120,ihsafkna,14-bargaining_tdl_main-111_2_3,RightPartner,i agree,1787590190.39311
um435zd7,83,kdgnp4n3,14-bargaining_tdl_main-112_1_2,RightPartner,"I am a human, yes",1787590194.553542
um435zd7,131,bqmf2s9d,14-bargaining_tdl_main-116_2_3,RightPartner,I will just support you since I noticed this window first.,1787590197.1984816
um435zd7,79,57htmt5u,14-bargaining_tdl_main-115_1_3,RightPartner,"hi, who do we support?",1787590199.1080294
um435zd7,98,p8miy0yj,14-bargaining_tdl_main-113_1_2,RightPartner,I'm looking to form a mutual support pair so we can both earn $3.,1787590199.6047654
um435zd7,93,txwg05bc,14-bargaining_tdl_main-114_1_2,LeftPartner,i will support you if you support me,1787590205.6708853
um435zd7,117,25vlwwlh,14-bargaining_tdl_main-114_1_3,LeftPartner,Hello. Do you want to support each other?,1787590205.7311466
um435zd7,81,83s2i1dc,14-bargaining_tdl_main-112_1_2,LeftPartner,Purple hasn't responded to me either.  ,1787590205.9756665
um435zd7,77,f4gep9nk,14-bargaining_tdl_main-110_1_2,RightPartner,makes sense. ill support you as well then,1787590210.1351259
um435zd7,114,c5hrhhs6,14-bargaining_tdl_main-116_2_3,LeftPartner,Thanks! I will support you as well.,1787590213.1317234
um435zd7,98,p8miy0yj,14-bargaining_tdl_main-113_1_2,RightPartner,We should just support each other then ,1787590217.1104956
um435zd7,108,9gy1w3v5,14-bargaining_tdl_main-116_1_3,RightPartner,I'll support you every time if you support me so we both earn each round. Does that work for you?,1787590217.228443
um435zd7,75,xda8r7p0,14-bargaining_tdl_main-110_1_2,LeftPartner,deal,1787590217.4204502
um435zd7,123,ow65bcde,14-bargaining_tdl_main-115_1_3,LeftPartner,"I suggest you support Orange; I will support no one, so you and orange will each earn $3",1787590218.687015
um435zd7,97,n9why6fm,14-bargaining_tdl_main-113_1_2,LeftPartner,I can get behind that. ,1787590220.1841474
um435zd7,93,txwg05bc,14-bargaining_tdl_main-114_1_3,RightPartner,yes as long as you agree beore the other person does,1787590228.0865247
um435zd7,74,k7wccs8w,14-bargaining_tdl_main-117_1_2,LeftPartner,I guess I'll support Orange.,1787590230.825006
um435zd7,83,kdgnp4n3,14-bargaining_tdl_main-112_1_2,RightPartner,I think it's safe to choose each other in case Purple is no longer part of the experiment.  That way we both end up with 3 dollars each at least,1787590235.1267474
um435zd7,90,z71sbfbc,14-bargaining_tdl_main-110_2_3,RightPartner,"Yes i think so, Halloween is so close. I am excited for the it and cold weather. Purple and orange make a good team for it",1787590237.9453003
um435zd7,81,83s2i1dc,14-bargaining_tdl_main-112_1_2,LeftPartner,Ok.  I  will support you if you support me since purple isn't interacting.,1787590238.4713497
um435zd7,117,25vlwwlh,14-bargaining_tdl_main-114_1_3,LeftPartner,"Yes, I agree",1787590239.1770287
um435zd7,92,i0k9pclt,14-bargaining_tdl_main-112_1_3,LeftPartner,"Hey yellow,i am locking in my support for you right now. Please support me back so we both secure the 3 dollars",1787590241.4073358
um435zd7,93,txwg05bc,14-bargaining_tdl_main-114_1_3,RightPartner,"well they left, so lets support eachother",1787590245.7647054
um435zd7,131,bqmf2s9d,14-bargaining_tdl_main-116_1_3,LeftPartner,I am going to support orange. If there are multiple rounds I will support you and then switch back and forth.,1787590246.2217913
um435zd7,79,57htmt5u,14-bargaining_tdl_main-115_1_2,LeftPartner,purple says I support you,1787590246.3594217
um435zd7,74,k7wccs8w,14-bargaining_tdl_main-117_1_3,RightPartner,I guess I'll support Orange.,1787590250.2608747
um435zd7,117,25vlwwlh,14-bargaining_tdl_main-114_1_3,LeftPartner,Cool!,1787590253.7266593
um435zd7,111,lral28os,14-bargaining_tdl_main-118_1_3,RightPartner,Hi!,1787590254.2911296
um435zd7,123,ow65bcde,14-bargaining_tdl_main-115_1_3,LeftPartner,That's the best outcome according to the instructions for both you and orange; I'm willing to be the sacrifice.,1787590255.4118686
um435zd7,97,n9why6fm,14-bargaining_tdl_main-113_1_2,LeftPartner,So I will always support orange if you always support yellow.,1787590256.2593532
um435zd7,111,lral28os,14-bargaining_tdl_main-118_1_2,LeftPartner,Hi!,1787590256.4985602
um435zd7,90,z71sbfbc,14-bargaining_tdl_main-110_1_3,LeftPartner,"I am good, enjoying being purple. Whats it like to be yellow?",1787590258.9791803
um435zd7,75,xda8r7p0,14-bargaining_tdl_main-110_1_2,LeftPartner,I think purple checked out anyway,1787590259.039929
um435zd7,112,p6vw4mz7,14-bargaining_tdl_main-118_1_2,RightPartner,Hi! I guess I'm orange today. Any ideas on how you want to approach?,1787590259.1003397
um435zd7,79,57htmt5u,14-bargaining_tdl_main-115_1_3,RightPartner,if you support no one we all get 0,1787590262.5687795
um435zd7,112,p6vw4mz7,14-bargaining_tdl_main-118_2_3,LeftPartner,Hi there!,1787590268.1508718
um435zd7,77,f4gep9nk,14-bargaining_tdl_main-110_1_2,RightPartner,they messaged me,1787590275.1340792
um435zd7,98,p8miy0yj,14-bargaining_tdl_main-113_1_2,RightPartner,"Perfect, lt's do it. I'll support you and you support me",1787590280.765293
um435zd7,77,f4gep9nk,14-bargaining_tdl_main-110_2_3,LeftPartner,do you know what you're gonna be ,1787590283.9102817
um435zd7,103,mzt9cola,14-bargaining_tdl_main-117_1_2,RightPartner,So we support each other and then one of us supports purple?,1787590284.1410148
um435zd7,111,lral28os,14-bargaining_tdl_main-118_1_2,LeftPartner,I'm open to suggestions  ,1787590284.7897966
um435zd7,108,9gy1w3v5,14-bargaining_tdl_main-116_1_3,RightPartner,"Uh, yeah. Great strategy.",1787590287.501413
um435zd7,80,byt08p20,14-bargaining_tdl_main-115_1_2,RightPartner,let support each other so that we can both ger the $3,1787590288.9255967
um435zd7,128,x44nspdn,14-bargaining_tdl_main-118_1_3,LeftPartner,"Hello, I think we should coordinate so two of us can mutually support each other and earn $3 each. I’m happy to support you if you’re also willing to support me. What are you planning to choose?",1787590292.73897
um435zd7,79,57htmt5u,14-bargaining_tdl_main-115_1_3,RightPartner,"wow, that is the purity of being human",1787590294.1651385
um435zd7,97,n9why6fm,14-bargaining_tdl_main-113_1_2,LeftPartner,Deal. Are you ready to advance to the game?,1787590300.8618639
um435zd7,112,p6vw4mz7,14-bargaining_tdl_main-118_1_2,RightPartner,I legit have no idea. Especially difficult to strategize when we can all read the chat logs,1787590303.9253967
um435zd7,98,p8miy0yj,14-bargaining_tdl_main-113_1_2,RightPartner,DEAL!,1787590306.2237985
um435zd7,128,x44nspdn,14-bargaining_tdl_main-118_2_3,RightPartner,"Hi, I think we should coordinate so two participants can mutually support each other and earn $3 each. I’m happy to support you if you’re planning to support me. What are you thinking?",1787590312.4300716
um435zd7,102,osv383go,14-bargaining_tdl_main-119_1_2,LeftPartner,"It seems that no matter what we do, one player will be left out of receiving money. ",1787590314.8069017
um435zd7,123,ow65bcde,14-bargaining_tdl_main-115_1_3,LeftPartner,"The instructions I read indicated that if a pair supported each other, they would each earn $3; with all other scenarios, they earn 0",1787590316.8799398
um435zd7,75,xda8r7p0,14-bargaining_tdl_main-110_1_2,LeftPartner,maybe mine isn't working :/ Or they are anti-yellow,1787590327.7110105
um435zd7,123,ow65bcde,14-bargaining_tdl_main-115_1_3,LeftPartner,"Okay, Orange has left the chat. Let's support each other then!",1787590332.8149838
um435zd7,74,k7wccs8w,14-bargaining_tdl_main-117_1_2,LeftPartner,Sounds good.,1787590333.497358
um435zd7,122,to2o0srp,14-bargaining_tdl_main-119_1_2,RightPartner,I will send you if you send to me then we will both benefit,1787590333.969309
um435zd7,111,lral28os,14-bargaining_tdl_main-118_1_3,RightPartner,It seems unfair,1787590339.8897512
um435zd7,103,mzt9cola,14-bargaining_tdl_main-117_2_3,LeftPartner,Are you there,1787590340.947137
um435zd7,75,xda8r7p0,14-bargaining_tdl_main-110_1_2,LeftPartner,oh there they are nevermind,1787590345.4454052
um435zd7,111,lral28os,14-bargaining_tdl_main-118_1_2,LeftPartner,I agree,1787590345.8713117
um435zd7,90,z71sbfbc,14-bargaining_tdl_main-110_2_3,RightPartner,"Not yet, it is my first year dressing up my child so I have been focused on making her costume, its a bunny. How about you?",1787590355.7895901
um435zd7,112,p6vw4mz7,14-bargaining_tdl_main-118_2_3,LeftPartner,"I'm totally OK with that, but yellow will be able to read the chat logs and know that they're being pushed out of any bonuses. Might be best just to randomly select stuff and see what happens out of interest of fairness",1787590357.335958
um435zd7,84,ste8i4ab,14-bargaining_tdl_main-120_1_2,LeftPartner,Hi there ,1787590373.239512
um435zd7,79,57htmt5u,14-bargaining_tdl_main-115_1_3,RightPartner,can you support me instead i support you ,1787590378.9698794
um435zd7,89,z7xidmoz,14-bargaining_tdl_main-120_1_2,RightPartner,Want to support each other,1787590383.8555996
um435zd7,123,ow65bcde,14-bargaining_tdl_main-115_1_3,LeftPartner,"Yes, let's do it.",1787590389.848229
um435zd7,77,f4gep9nk,14-bargaining_tdl_main-110_1_2,RightPartner,i hope everyone gets paid,1787590391.9757607
um435zd7,84,ste8i4ab,14-bargaining_tdl_main-120_1_3,RightPartner,What's going on with you,1787590392.3365588
um435zd7,79,57htmt5u,14-bargaining_tdl_main-115_1_3,RightPartner,great,1787590395.0590386
um435zd7,112,p6vw4mz7,14-bargaining_tdl_main-118_2_3,LeftPartner,"Yellow just left the chat, not sure what that means?",1787590397.3013337
um435zd7,84,ste8i4ab,14-bargaining_tdl_main-120_1_2,LeftPartner,Yes I would love that ,1787590402.918515
um435zd7,128,x44nspdn,14-bargaining_tdl_main-118_2_3,RightPartner,I see where you’re coming from about fairness. I’d still prefer coordinating so two people can earn something instead of leaving it entirely to chance. Let’s hear Yellow’s thoughts.,1787590414.0941827
um435zd7,84,ste8i4ab,14-bargaining_tdl_main-120_1_2,LeftPartner,What about you ,1787590417.2244308
um435zd7,77,f4gep9nk,14-bargaining_tdl_main-110_2_3,LeftPartner,W parent. I hope u guys have a good time,1787590417.3539865
um435zd7,75,xda8r7p0,14-bargaining_tdl_main-110_1_2,LeftPartner,That'd be the preferred way haha. I feel bad picking sides,1787590418.9487772
um435zd7,91,4gajei7p,14-bargaining_tdl_main-121_1_3,RightPartner,Hi there,1787590422.3396633
um435zd7,89,z7xidmoz,14-bargaining_tdl_main-120_1_2,RightPartner,Sounds great,1787590424.5314338
um435zd7,112,p6vw4mz7,14-bargaining_tdl_main-118_2_3,LeftPartner,Yellow already left,1787590425.1041398
um435zd7,133,1a4ydoy8,14-bargaining_tdl_main-121_1_3,LeftPartner,Hello,1787590425.8709157
um435zd7,91,4gajei7p,14-bargaining_tdl_main-121_1_2,LeftPartner,Hello,1787590426.1321738
um435zd7,77,f4gep9nk,14-bargaining_tdl_main-110_1_2,RightPartner,me too lol ,1787590428.4645314
um435zd7,112,p6vw4mz7,14-bargaining_tdl_main-118_2_3,LeftPartner,Let's just support each other each round and see what happens?,1787590433.385762
um435zd7,91,4gajei7p,14-bargaining_tdl_main-121_1_3,RightPartner,How's it going,1787590434.7571464
um435zd7,77,f4gep9nk,14-bargaining_tdl_main-110_1_2,RightPartner,maybe theyre lying to us,1787590434.9922447
um435zd7,133,1a4ydoy8,14-bargaining_tdl_main-121_1_3,LeftPartner,What's the move,1787590436.587316
um435zd7,91,4gajei7p,14-bargaining_tdl_main-121_1_2,LeftPartner,Hows it going,1787590437.876307
um435zd7,133,1a4ydoy8,14-bargaining_tdl_main-121_2_3,RightPartner,Hello,1787590438.66651
um435zd7,91,4gajei7p,14-bargaining_tdl_main-121_1_3,RightPartner,i'm not really sure haha,1787590444.6836329
um435zd7,133,1a4ydoy8,14-bargaining_tdl_main-121_1_3,LeftPartner,decent,1787590445.7578475
um435zd7,141,gytr45jv,14-bargaining_tdl_main-122_1_3,LeftPartner,hello,1787590447.9800944
um435zd7,141,gytr45jv,14-bargaining_tdl_main-122_2_3,RightPartner,hello,1787590451.9587116
um435zd7,84,ste8i4ab,14-bargaining_tdl_main-120_1_2,LeftPartner,Ok let's do it ,1787590452.2001493
um435zd7,118,rnil1580,14-bargaining_tdl_main-122_1_3,RightPartner,hi ,1787590453.202521
um435zd7,133,1a4ydoy8,14-bargaining_tdl_main-121_1_3,LeftPartner,so...how are you feeling,1787590462.396164
um435zd7,128,x44nspdn,14-bargaining_tdl_main-118_2_3,RightPartner,"I’m unsure too. Since Yellow left, I think we should keep things simple and pick the option that gives us the best chance.",1787590463.5993435
um435zd7,118,rnil1580,14-bargaining_tdl_main-122_1_3,RightPartner,I will support you,1787590463.7658322
um435zd7,75,xda8r7p0,14-bargaining_tdl_main-110_1_2,LeftPartner,"I hate lies but in these studies, I usually prefer they lie because it works out for all of us haha",1787590465.37175
um435zd7,140,0m68u7u1,14-bargaining_tdl_main-122_2_3,LeftPartner,hello,1787590465.7765832
um435zd7,140,0m68u7u1,14-bargaining_tdl_main-122_1_2,RightPartner,hello,1787590470.521083
um435zd7,91,4gajei7p,14-bargaining_tdl_main-121_1_3,RightPartner,"Doing well, how about yourself",1787590472.5373201
um435zd7,112,p6vw4mz7,14-bargaining_tdl_main-118_2_3,LeftPartner,What option is that?,1787590473.0902672
um435zd7,126,h44ut2h2,14-bargaining_tdl_main-121_1_2,RightPartner,Hi. How's it going?,1787590473.602211
um435zd7,77,f4gep9nk,14-bargaining_tdl_main-110_1_2,RightPartner,same ,1787590474.1677372
um435zd7,126,h44ut2h2,14-bargaining_tdl_main-121_2_3,LeftPartner,H. How's it going?,1787590474.763797
um435zd7,89,z7xidmoz,14-bargaining_tdl_main-120_1_2,RightPartner,OK!,1787590476.2230725
um435zd7,141,gytr45jv,14-bargaining_tdl_main-122_1_3,LeftPartner,same!,1787590476.6009502
um435zd7,118,rnil1580,14-bargaining_tdl_main-122_1_2,LeftPartner,"hi there, how are you",1787590477.4209619
um435zd7,91,4gajei7p,14-bargaining_tdl_main-121_1_2,LeftPartner,"Going great, how's it going on your end?",1787590482.4143572
um435zd7,118,rnil1580,14-bargaining_tdl_main-122_1_3,RightPartner,"ok, done!",1787590483.095763
um435zd7,133,1a4ydoy8,14-bargaining_tdl_main-121_1_3,LeftPartner,nothing but struggle,1787590485.461971
um435zd7,141,gytr45jv,14-bargaining_tdl_main-122_2_3,RightPartner,what is your plan?,1787590487.4057717
um435zd7,133,1a4ydoy8,14-bargaining_tdl_main-121_2_3,RightPartner,"alright, and yourself?",1787590491.8687863
um435zd7,140,0m68u7u1,14-bargaining_tdl_main-122_2_3,LeftPartner,I don't have one,1787590493.3336291
um435zd7,128,x44nspdn,14-bargaining_tdl_main-118_2_3,RightPartner,"That works for me. I’ll support you, and we can see how everything turns out as we go through each round.",1787590499.077885
um435zd7,141,gytr45jv,14-bargaining_tdl_main-122_1_3,LeftPartner,perfect :),1787590501.5490406
um435zd7,140,0m68u7u1,14-bargaining_tdl_main-122_1_2,RightPartner,"good, do u have a plan?",1787590505.068288
um435zd7,126,h44ut2h2,14-bargaining_tdl_main-121_1_2,RightPartner,Cool. I'm just trying to decide who to pick.,1787590507.7226179
um435zd7,112,p6vw4mz7,14-bargaining_tdl_main-118_2_3,LeftPartner,Sounds good!,1787590508.5705492
um435zd7,118,rnil1580,14-bargaining_tdl_main-122_1_2,LeftPartner,"trying to figure it out, you?",1787590520.6947873
um435zd7,141,gytr45jv,14-bargaining_tdl_main-122_2_3,RightPartner,"ok, are you going to support someone?",1787590529.420671
um435zd7,126,h44ut2h2,14-bargaining_tdl_main-121_2_3,LeftPartner,Pretty cool. Just trying to decide who to pick.,1787590529.5847619
um435zd7,91,4gajei7p,14-bargaining_tdl_main-121_1_3,RightPartner,"shoot, why soo blue?",1787590529.891996
um435zd7,140,0m68u7u1,14-bargaining_tdl_main-122_2_3,LeftPartner,There isn't a way for all 3 to get the money so I don't know what to pick,1787590530.3744178
um435zd7,110,idqexti4,14-bargaining_tdl_main-123_1_3,RightPartner,Hi there how are you?,1787590535.0472507
um435zd7,110,idqexti4,14-bargaining_tdl_main-123_1_2,LeftPartner,"hi there, how are you?",1787590537.084195
um435zd7,133,1a4ydoy8,14-bargaining_tdl_main-121_2_3,RightPartner,me obviously (jk...unless),1787590545.7842708
um435zd7,140,0m68u7u1,14-bargaining_tdl_main-122_1_2,RightPartner,"Idk, there isn't a way for all 3 to get money so I don't know\",1787590550.710599
um435zd7,91,4gajei7p,14-bargaining_tdl_main-121_1_2,LeftPartner,"Obviously pick me, i'll pick you and we'll get some cool moola",1787590553.6248772
um435zd7,138,cstpq0pe,14-bargaining_tdl_main-123_1_3,LeftPartner,"I'm well, how are you?",1787590556.662299
um435zd7,90,z71sbfbc,14-bargaining_tdl_main-110_2_3,RightPartner,"Thanks orange , its been a pleasure",1787590557.0764437
um435zd7,133,1a4ydoy8,14-bargaining_tdl_main-121_1_3,LeftPartner,rough times,1787590557.91627
um435zd7,141,gytr45jv,14-bargaining_tdl_main-122_2_3,RightPartner,"that's fair, I feel the same way ",1787590561.5159435
um435zd7,118,rnil1580,14-bargaining_tdl_main-122_1_2,LeftPartner,"yea, this is tricky",1787590562.2444508
um435zd7,110,idqexti4,14-bargaining_tdl_main-123_1_3,RightPartner,I am good,1787590564.6487896
um435zd7,126,h44ut2h2,14-bargaining_tdl_main-121_2_3,LeftPartner,"Why should I pick you, if you don't mind me asking?",1787590567.0029106
um435zd7,133,1a4ydoy8,14-bargaining_tdl_main-121_1_3,LeftPartner,"no money, no motivation",1787590568.974517
um435zd7,118,rnil1580,14-bargaining_tdl_main-122_1_3,RightPartner,what are you talking to Orange about?,1787590578.729515
um435zd7,140,0m68u7u1,14-bargaining_tdl_main-122_2_3,LeftPartner,how many rounds are there,1787590583.2355018
um435zd7,126,h44ut2h2,14-bargaining_tdl_main-121_1_2,RightPartner,Cash is king!,1787590590.653433
um435zd7,140,0m68u7u1,14-bargaining_tdl_main-122_1_2,RightPartner,how many rounds are there,1787590591.0449624
um435zd7,138,cstpq0pe,14-bargaining_tdl_main-123_2_3,RightPartner,How's it going?,1787590596.895718
um435zd7,144,dtexgf7z,14-bargaining_tdl_main-124_1_3,LeftPartner,Hello,1787590600.5604508
um435zd7,118,rnil1580,14-bargaining_tdl_main-122_1_2,LeftPartner,i think just 1,1787590601.0472927
um435zd7,144,dtexgf7z,14-bargaining_tdl_main-124_2_3,RightPartner,Hello,1787590601.47074
um435zd7,91,4gajei7p,14-bargaining_tdl_main-121_1_2,LeftPartner,for sure!,1787590602.2895663
um435zd7,126,h44ut2h2,14-bargaining_tdl_main-121_2_3,LeftPartner,Why obviously?,1787590603.4037404
um435zd7,118,rnil1580,14-bargaining_tdl_main-122_1_2,LeftPartner,but not positive about that,1787590608.1407897
um435zd7,143,g6inwzpq,14-bargaining_tdl_main-124_2_3,LeftPartner,HI,1787590608.5855718
um435zd7,133,1a4ydoy8,14-bargaining_tdl_main-121_2_3,RightPartner,"I'll make this intriguing...if you pick me, i'll pick you",1787590610.5381825
um435zd7,129,3mtdtex0,14-bargaining_tdl_main-123_2_3,LeftPartner,"fine, how are you",1787590612.358057
um435zd7,133,1a4ydoy8,14-bargaining_tdl_main-121_2_3,RightPartner,"therefore, we all win",1787590614.3863664
um435zd7,143,g6inwzpq,14-bargaining_tdl_main-124_1_2,RightPartner,HI,1787590615.8783185
um435zd7,77,f4gep9nk,14-bargaining_tdl_main-110_2_3,LeftPartner,same. enjoy your day,1787590621.0713618
um435zd7,129,3mtdtex0,14-bargaining_tdl_main-123_1_2,RightPartner,"Hello, I am fine",1787590623.5184164
um435zd7,144,dtexgf7z,14-bargaining_tdl_main-124_2_3,RightPartner,I'm not getting anything back from the Yellow participant,1787590624.4833226
um435zd7,133,1a4ydoy8,14-bargaining_tdl_main-121_1_3,LeftPartner,Proposition for you...,1787590628.6860497
um435zd7,91,4gajei7p,14-bargaining_tdl_main-121_1_3,RightPartner,"ah noo! i've been there for sure, just got to start working out and then that'll turn your entire life around, trust me",1787590630.3127675
um435zd7,126,h44ut2h2,14-bargaining_tdl_main-121_2_3,LeftPartner,That sounds like the correct answer.,1787590631.6258895
um435zd7,91,4gajei7p,14-bargaining_tdl_main-121_1_3,RightPartner,ok give me proposition,1787590640.7626917
um435zd7,138,cstpq0pe,14-bargaining_tdl_main-123_2_3,RightPartner,Doing good,1787590642.3523684
um435zd7,110,idqexti4,14-bargaining_tdl_main-123_1_2,LeftPartner,can we go hit next whenever?,1787590642.418352
um435zd7,77,f4gep9nk,14-bargaining_tdl_main-110_1_2,RightPartner,Enjoy your day yellow,1787590642.998179
um435zd7,127,ybyteia8,14-bargaining_tdl_main-124_1_2,LeftPartner,hi,1787590647.8740466
um435zd7,110,idqexti4,14-bargaining_tdl_main-123_1_3,RightPartner,ready to play and hit next?,1787590648.7403052
um435zd7,133,1a4ydoy8,14-bargaining_tdl_main-121_1_3,LeftPartner,"I don't want to blindside you, so i'll be upfront...",1787590649.4906201
um435zd7,143,g6inwzpq,14-bargaining_tdl_main-124_2_3,LeftPartner,So if we support each other we each get $3?,1787590652.605982
um435zd7,126,h44ut2h2,14-bargaining_tdl_main-121_1_2,RightPartner,"If I pick you, are you going to pick me?",1787590652.835177
um435zd7,91,4gajei7p,14-bargaining_tdl_main-121_1_3,RightPartner,ok,1787590654.193539
um435zd7,129,3mtdtex0,14-bargaining_tdl_main-123_1_2,RightPartner,yes yes,1787590664.7590387
um435zd7,141,gytr45jv,14-bargaining_tdl_main-122_2_3,RightPartner,"well I think Yellow just left, so... support each other? ",1787590668.6943777
um435zd7,140,0m68u7u1,14-bargaining_tdl_main-122_2_3,LeftPartner,yellow left the chat so i still don't know,1787590669.2830787
um435zd7,143,g6inwzpq,14-bargaining_tdl_main-124_1_2,RightPartner,So if we support each other we each get $3?,1787590672.9003592
um435zd7,140,0m68u7u1,14-bargaining_tdl_main-122_2_3,LeftPartner,i guess,1787590680.132957
um435zd7,133,1a4ydoy8,14-bargaining_tdl_main-121_1_3,LeftPartner,"if you pick me, i'll pick you. Think of that sweet $3. Im currently chatting with orange about this",1787590684.7346542
um435zd7,133,1a4ydoy8,14-bargaining_tdl_main-121_1_3,LeftPartner,but he's unsure,1787590688.683725
um435zd7,140,0m68u7u1,14-bargaining_tdl_main-122_2_3,LeftPartner,sounds like a plan,1787590692.1087549
um435zd7,144,dtexgf7z,14-bargaining_tdl_main-124_2_3,RightPartner,"It sounds like it. I was going to suggest we switch off to be fair, but Yellow isn't responding. If they choose no one, then no one gets a bonus for choosing them",1787590699.6749334
um435zd7,133,1a4ydoy8,14-bargaining_tdl_main-121_2_3,RightPartner,"so, we have a deal...?",1787590702.9007359
um435zd7,91,4gajei7p,14-bargaining_tdl_main-121_1_3,RightPartner,yes for sure,1787590706.5761971
um435zd7,126,h44ut2h2,14-bargaining_tdl_main-121_1_2,RightPartner,Crickets..... Is there anybody there?,1787590708.1966815
um435zd7,91,4gajei7p,14-bargaining_tdl_main-121_1_3,RightPartner,good idea,1787590708.9074624
um435zd7,91,4gajei7p,14-bargaining_tdl_main-121_1_2,LeftPartner,hi i'm here,1787590719.3030105
um435zd7,145,gt7pvc94,14-bargaining_tdl_main-125_2_3,RightPartner,"What strategy, if any, are you planning to use?",1787590724.487158
um435zd7,143,g6inwzpq,14-bargaining_tdl_main-124_2_3,LeftPartner,Yellow seems to have left so no point in supporting yellow,1787590726.0819557
um435zd7,91,4gajei7p,14-bargaining_tdl_main-121_1_2,LeftPartner,i'm just pondering how this will work out,1787590726.4800954
um435zd7,133,1a4ydoy8,14-bargaining_tdl_main-121_1_3,LeftPartner,are you thinking of waiting out the 10 mins?,1787590727.6426122
um435zd7,145,gt7pvc94,14-bargaining_tdl_main-125_1_3,LeftPartner,"What strategy, if any, are you planning to use?",1787590731.1642416
um435zd7,91,4gajei7p,14-bargaining_tdl_main-121_1_3,RightPartner,yes,1787590737.548903
um435zd7,126,h44ut2h2,14-bargaining_tdl_main-121_2_3,LeftPartner,It looks like it. I'm getting crickets from yellow.,1787590739.8241143
um435zd7,91,4gajei7p,14-bargaining_tdl_main-121_1_3,RightPartner,this ended up being a hella long time,1787590745.57414
um435zd7,133,1a4ydoy8,14-bargaining_tdl_main-121_1_3,LeftPartner,"cool, cool",1787590745.751824
um435zd7,144,dtexgf7z,14-bargaining_tdl_main-124_2_3,RightPartner,"Ok, I will support you. Hopefully we can make the full bonus!",1787590752.5458484
um435zd7,91,4gajei7p,14-bargaining_tdl_main-121_1_2,LeftPartner,ok deal,1787590764.6835728
um435zd7,116,e5z6hitm,14-bargaining_tdl_main-125_1_3,RightPartner,"I dont really have one, do you know who you want to support?",1787590766.891576
um435zd7,126,h44ut2h2,14-bargaining_tdl_main-121_1_2,RightPartner,Don't ponder too long. Purple and I are cookin',1787590767.482546
um435zd7,133,1a4ydoy8,14-bargaining_tdl_main-121_1_3,LeftPartner,Are you mad at orange? He's talking smack about you,1787590768.966866
um435zd7,91,4gajei7p,14-bargaining_tdl_main-121_1_2,LeftPartner,so i just pick you at the end?,1787590772.408473
um435zd7,116,e5z6hitm,14-bargaining_tdl_main-125_1_3,RightPartner,Im willing to support who supports me haha ,1787590776.9350238
um435zd7,91,4gajei7p,14-bargaining_tdl_main-121_1_3,RightPartner,yeah i stopped responding to him or her or it,1787590784.0265634
um435zd7,133,1a4ydoy8,14-bargaining_tdl_main-121_2_3,RightPartner,"yeah, yellow is about slow to reply",1787590788.0725212
um435zd7,133,1a4ydoy8,14-bargaining_tdl_main-121_1_3,LeftPartner,is he a jerk?,1787590795.500302
um435zd7,126,h44ut2h2,14-bargaining_tdl_main-121_2_3,LeftPartner,Too much thinking!,1787590805.288873
um435zd7,133,1a4ydoy8,14-bargaining_tdl_main-121_2_3,RightPartner,indecision...,1787590815.970436
um435zd7,116,e5z6hitm,14-bargaining_tdl_main-125_1_2,LeftPartner,Hi! Do you know who you want to support? ,1787590818.19389
um435zd7,91,4gajei7p,14-bargaining_tdl_main-121_1_3,RightPartner,idk they weren't responding at the beginning,1787590823.706065
um435zd7,133,1a4ydoy8,14-bargaining_tdl_main-121_2_3,RightPartner,"i'm unsure who to pick, he sent me an interesting proposal just now",1787590835.1971433
um435zd7,126,h44ut2h2,14-bargaining_tdl_main-121_1_2,RightPartner,That's how it works. I think???,1787590836.983254
um435zd7,147,3886zgbh,14-bargaining_tdl_main-126_1_3,LeftPartner,Good morning,1787590840.189865
um435zd7,147,3886zgbh,14-bargaining_tdl_main-126_2_3,RightPartner,Good morning,1787590845.0788474
um435zd7,137,icg507i0,14-bargaining_tdl_main-125_2_3,LeftPartner,I I'll support you if I can trust you to do the same,1787590851.8210113
um435zd7,126,h44ut2h2,14-bargaining_tdl_main-121_2_3,LeftPartner,Who yellow???,1787590856.2450511
um435zd7,142,uk8tzla0,14-bargaining_tdl_main-126_1_3,RightPartner,Good morning,1787590856.7857153
um435zd7,146,nc81nly7,14-bargaining_tdl_main-126_1_2,RightPartner,I think that we need to trade off as being the one who doesn't pick anyone to be fair. ,1787590859.0789096
um435zd7,133,1a4ydoy8,14-bargaining_tdl_main-121_1_3,LeftPartner,he's saying some negative things about you,1787590859.4044654
um435zd7,91,4gajei7p,14-bargaining_tdl_main-121_1_2,LeftPartner,ok sounds good,1787590861.3757868
um435zd7,133,1a4ydoy8,14-bargaining_tdl_main-121_2_3,RightPartner,yeahhh,1787590864.238211
um435zd7,145,gt7pvc94,14-bargaining_tdl_main-125_2_3,RightPartner,"I was kind of thinking of not supporting anyone in particular, that way keeping the final outcome the same for all 3 of us. ",1787590868.0767267
um435zd7,147,3886zgbh,14-bargaining_tdl_main-126_1_3,LeftPartner,Do you want to support each other?,1787590870.6492193
um435zd7,142,uk8tzla0,14-bargaining_tdl_main-126_1_2,LeftPartner,How will that be fair,1787590876.114776
um435zd7,146,nc81nly7,14-bargaining_tdl_main-126_2_3,LeftPartner,"Good morning, I think we need to trade off as being the one who doesn't pick anyone to be fair. ",1787590876.832522
um435zd7,147,3886zgbh,14-bargaining_tdl_main-126_2_3,RightPartner,OK,1787590886.1815886
um435zd7,133,1a4ydoy8,14-bargaining_tdl_main-121_1_3,LeftPartner,"i wouldn't deal with him personally, i'd choose me 100%",1787590889.1135647
um435zd7,142,uk8tzla0,14-bargaining_tdl_main-126_1_3,RightPartner,"Yeah sure,if all of us benefit",1787590892.0782242
um435zd7,126,h44ut2h2,14-bargaining_tdl_main-121_2_3,LeftPartner,"Naw. Stick with me. In the end, we'll be getting some sweet cash!",1787590892.3584754
um435zd7,91,4gajei7p,14-bargaining_tdl_main-121_1_3,RightPartner,i don't even like the color orange or the fruit anyway,1787590895.5543003
um435zd7,147,3886zgbh,14-bargaining_tdl_main-126_1_3,LeftPartner,I think that is the best wayu,1787590900.0951605
um435zd7,133,1a4ydoy8,14-bargaining_tdl_main-121_2_3,RightPartner,"uhhhhh, this is too hard for me",1787590908.3943405
um435zd7,137,icg507i0,14-bargaining_tdl_main-125_2_3,LeftPartner,Then we all get $0?,1787590909.3104024
um435zd7,142,uk8tzla0,14-bargaining_tdl_main-126_1_3,RightPartner,How do we go about it,1787590921.1454608
um435zd7,146,nc81nly7,14-bargaining_tdl_main-126_1_2,RightPartner,"Let's say I don't pick anyone, and you two pick each other- you will get 3. Next round, it would be me and another picking each other while one of you doesn't pick. It's the only fair way. ",1787590923.3130026
um435zd7,126,h44ut2h2,14-bargaining_tdl_main-121_2_3,LeftPartner,Orange & Purple. All the way!!!,1787590926.2800274
um435zd7,133,1a4ydoy8,14-bargaining_tdl_main-121_1_3,LeftPartner,who should i pick then,1787590927.8089697
um435zd7,91,4gajei7p,14-bargaining_tdl_main-121_1_3,RightPartner,obviously me,1787590933.0406075
um435zd7,133,1a4ydoy8,14-bargaining_tdl_main-121_2_3,RightPartner,coin toss,1787590934.1111596
um435zd7,146,nc81nly7,14-bargaining_tdl_main-126_2_3,LeftPartner,"Great! I can go first, not picking anyone to be fair. ",1787590938.8003438
um435zd7,145,gt7pvc94,14-bargaining_tdl_main-125_2_3,RightPartner,It'd at least mean one person didn't get left out or betrayed. :),1787590942.9726062
um435zd7,147,3886zgbh,14-bargaining_tdl_main-126_2_3,RightPartner,I will go second.,1787590947.3912919
um435zd7,126,h44ut2h2,14-bargaining_tdl_main-121_2_3,LeftPartner,Coin toss????,1787590947.6293857
um435zd7,133,1a4ydoy8,14-bargaining_tdl_main-121_1_3,LeftPartner,he's kinda speaking facts about you rn,1787590950.9073398
um435zd7,133,1a4ydoy8,14-bargaining_tdl_main-121_2_3,RightPartner,50/50,1787590959.100645
um435zd7,147,3886zgbh,14-bargaining_tdl_main-126_1_3,LeftPartner,"OK, I will support you first",1787590960.015223
um435zd7,146,nc81nly7,14-bargaining_tdl_main-126_2_3,LeftPartner,Perfect! Trying to get yellow on board.,1787590961.18805
um435zd7,133,1a4ydoy8,14-bargaining_tdl_main-121_2_3,RightPartner,chance,1787590962.1611602
um435zd7,147,3886zgbh,14-bargaining_tdl_main-126_2_3,RightPartner,OK,1787590968.1107721
um435zd7,142,uk8tzla0,14-bargaining_tdl_main-126_1_2,LeftPartner,i understand your concerns but is there a way we can all benefit,1787590968.2098505
um435zd7,147,3886zgbh,14-bargaining_tdl_main-126_2_3,RightPartner,Yellow would need to go last,1787590975.7838387
um435zd7,126,h44ut2h2,14-bargaining_tdl_main-121_2_3,LeftPartner,40 seconds left. C'mon man!,1787590984.639029
um435zd7,133,1a4ydoy8,14-bargaining_tdl_main-121_2_3,RightPartner,"ok, i choose you",1787590995.848072
um435zd7,126,h44ut2h2,14-bargaining_tdl_main-121_2_3,LeftPartner,Sweet!!!,1787591003.6338892
um435zd7,147,3886zgbh,14-bargaining_tdl_main-126_1_3,LeftPartner,i think we have a plan,1787591012.405298
um435zd7,142,uk8tzla0,14-bargaining_tdl_main-126_1_3,RightPartner,What about the other participant,1787591013.0198493
um435zd7,146,nc81nly7,14-bargaining_tdl_main-126_1_2,RightPartner,"No, there isn't. Can you go last, as in the first round, I will not pick anyone but you will pick purple. The 2nd round, purple will not pick anyone, and you and I will pick each other. The 3rd round, you will not pick anyone and purple and I will pick each other. Purple is all in. Can you confirm this works? ",1787591042.067411
um435zd7,147,3886zgbh,14-bargaining_tdl_main-126_1_3,LeftPartner,"Orange will not choose first, I will not choose second, and you will not choose third. We all get something that way",1787591045.8365018
um435zd7,147,3886zgbh,14-bargaining_tdl_main-126_2_3,RightPartner,Talking to yellow right now,1787591074.4126065
um435zd7,146,nc81nly7,14-bargaining_tdl_main-126_2_3,LeftPartner,"I just gave the layout, waiting to hear back to confirm :) ",1787591080.7912123
um435zd7,147,3886zgbh,14-bargaining_tdl_main-126_2_3,RightPartner,same,1787591087.9792464
um435zd7,142,uk8tzla0,14-bargaining_tdl_main-126_1_2,LeftPartner,"Yeah sure,atleast all of us will benefit",1787591089.359178
um435zd7,146,nc81nly7,14-bargaining_tdl_main-126_1_2,RightPartner,Great!,1787591095.1645522
um435zd7,146,nc81nly7,14-bargaining_tdl_main-126_2_3,LeftPartner,all good!,1787591099.619314
um435zd7,151,eey9ixt8,14-bargaining_tdl_main-127_1_3,LeftPartner,hello,1787591271.7489784
um435zd7,151,eey9ixt8,14-bargaining_tdl_main-127_2_3,RightPartner,hello,1787591274.4107287
um435zd7,148,diltflrb,14-bargaining_tdl_main-127_2_3,LeftPartner,Hey there,1787591279.2201657
um435zd7,148,diltflrb,14-bargaining_tdl_main-127_1_2,RightPartner,Hello hello,1787591287.064325
um435zd7,151,eey9ixt8,14-bargaining_tdl_main-127_2_3,RightPartner,i have no idea what to talk about ,1787591298.230135
um435zd7,148,diltflrb,14-bargaining_tdl_main-127_2_3,LeftPartner,For 10 minutes! ,1787591310.1665094
um435zd7,151,eey9ixt8,14-bargaining_tdl_main-127_2_3,RightPartner,right like they just said talk then nothing else,1787591323.8178697
um435zd7,151,eey9ixt8,14-bargaining_tdl_main-127_2_3,RightPartner,oh looks like yellow left,1787591332.3584423
um435zd7,148,diltflrb,14-bargaining_tdl_main-127_2_3,LeftPartner,"Well, it looks like Yellow left the chat",1787591332.7242851
um435zd7,148,diltflrb,14-bargaining_tdl_main-127_2_3,LeftPartner,Soo....I guess I will support you then if it still lets us,1787591348.637128
um435zd7,151,eey9ixt8,14-bargaining_tdl_main-127_2_3,RightPartner,lol yea so idk what's going on with that,1787591354.4966128
um435zd7,148,diltflrb,14-bargaining_tdl_main-127_2_3,LeftPartner,Purple is cool and all anyways,1787591364.7764971
um435zd7,148,diltflrb,14-bargaining_tdl_main-127_2_3,LeftPartner,8 minutes remain,1787591384.5690382
um435zd7,151,eey9ixt8,14-bargaining_tdl_main-127_2_3,RightPartner,"likewise orange is a nice color,  reminds me of a Mai Tai ",1787591398.8691406
um435zd7,148,diltflrb,14-bargaining_tdl_main-127_2_3,LeftPartner,I'm sure they want us to talk about or talk between the two and decide how we want to lend our support.,1787591407.3293586
um435zd7,148,diltflrb,14-bargaining_tdl_main-127_2_3,LeftPartner,I'm glad you think so because I don't like orange much ha,1787591415.1801133
um435zd7,151,eey9ixt8,14-bargaining_tdl_main-127_2_3,RightPartner,that make sense but i don't know what we are supporting. i assume this is a test about being fair and favoring connections,1787591450.7904627
um435zd7,148,diltflrb,14-bargaining_tdl_main-127_2_3,LeftPartner,Yeah hopefully the researchers can still get something out of this. It makes the decision real easy when there are only two of us,1787591488.8090522
um435zd7,148,diltflrb,14-bargaining_tdl_main-127_2_3,LeftPartner,Probably testing trust since both conversations are public to everyone,1787591498.6537535
um435zd7,151,eey9ixt8,14-bargaining_tdl_main-127_2_3,RightPartner,"hmm true , a test of honesty not that its the chance since yellow never responsed",1787591523.180666
um435zd7,148,diltflrb,14-bargaining_tdl_main-127_2_3,LeftPartner,"Are we allowed to talk about the study as a whole? Curiously, the study description says we could earn up to $9, not sure how that'll happen",1787591578.1625533
um435zd7,163,55kj0soj,14-bargaining_tdl_main-128_1_3,LeftPartner,hi there,1787591586.5822942
um435zd7,163,55kj0soj,14-bargaining_tdl_main-128_2_3,RightPartner,hi there,1787591588.5157392
um435zd7,161,9tossymw,14-bargaining_tdl_main-128_2_3,LeftPartner,hi how are you,1787591593.267727
um435zd7,163,55kj0soj,14-bargaining_tdl_main-128_2_3,RightPartner,good! would you like to support each other,1787591607.8064342
um435zd7,161,9tossymw,14-bargaining_tdl_main-128_2_3,LeftPartner,sure,1787591613.9777734
um435zd7,151,eey9ixt8,14-bargaining_tdl_main-127_2_3,RightPartner,it s a bonus based on the attention check a page earlier. something about two people winning $3 and one gets 0 depending on the choices ,1787591619.5622027
um435zd7,163,55kj0soj,14-bargaining_tdl_main-128_2_3,RightPartner,ok sounds good,1787591619.7606645
um435zd7,148,diltflrb,14-bargaining_tdl_main-127_2_3,LeftPartner,"Whatever the case, I'll just do whatever is in the best interest of us. Make it as equitable as possible",1787591621.5597456
um435zd7,151,eey9ixt8,14-bargaining_tdl_main-127_2_3,RightPartner,agreed. ,1787591631.3340518
um435zd7,161,9tossymw,14-bargaining_tdl_main-128_1_2,RightPartner,hi,1787591632.135067
um435zd7,178,becuite9,14-bargaining_tdl_main-129_2_3,RightPartner,Hello! How are you doing today?,1787591632.4832418
um435zd7,150,3eu4o3bk,14-bargaining_tdl_main-128_1_2,LeftPartner,I am going to select orange.,1787591636.2823162
um435zd7,161,9tossymw,14-bargaining_tdl_main-128_1_2,RightPartner,ok,1787591641.1459095
um435zd7,178,becuite9,14-bargaining_tdl_main-129_1_3,LeftPartner,hello! how are you doing?,1787591643.053136
um435zd7,152,xqjbc668,14-bargaining_tdl_main-130_1_3,RightPartner,Hello?,1787591647.8174655
um435zd7,151,eey9ixt8,14-bargaining_tdl_main-127_2_3,RightPartner,not like it would make sense to support yellow whos not even here,1787591648.746639
um435zd7,152,xqjbc668,14-bargaining_tdl_main-130_1_2,LeftPartner,Hello?,1787591651.0444221
um435zd7,162,b15rd1da,14-bargaining_tdl_main-130_1_2,RightPartner,Hi,1787591654.8311627
um435zd7,162,b15rd1da,14-bargaining_tdl_main-130_2_3,LeftPartner,Hi,1787591656.6057997
um435zd7,190,jxj0j4oo,14-bargaining_tdl_main-130_2_3,RightPartner,hello,1787591662.3400545
um435zd7,190,jxj0j4oo,14-bargaining_tdl_main-130_1_3,LeftPartner,hello,1787591665.6316452
um435zd7,148,diltflrb,14-bargaining_tdl_main-127_2_3,LeftPartner,True true. ,1787591675.576822
um435zd7,152,xqjbc668,14-bargaining_tdl_main-130_1_2,LeftPartner,So are you also with Purple? I'm seeing how much I fully believe their experiment.,1787591683.9149868
um435zd7,190,jxj0j4oo,14-bargaining_tdl_main-130_1_3,LeftPartner,im happy to support you if your willing to support me too. we can both get 3 dolars,1787591694.989311
um435zd7,152,xqjbc668,14-bargaining_tdl_main-130_1_3,RightPartner,So are you also chatting with orange? I'm seeing if they described their experiment accurately.,1787591697.4426348
um435zd7,176,aa2u2o8g,14-bargaining_tdl_main-131_2_3,LeftPartner,Hello!,1787591700.6895103
um435zd7,182,tygkzh1p,14-bargaining_tdl_main-131_2_3,RightPartner,hey do you want to support each other,1787591701.2367845
um435zd7,152,xqjbc668,14-bargaining_tdl_main-130_1_3,RightPartner,"Sure, sounds good to me. ",1787591701.5758266
um435zd7,190,jxj0j4oo,14-bargaining_tdl_main-130_2_3,RightPartner,who are you thinking of supporting,1787591706.4919212
um435zd7,176,aa2u2o8g,14-bargaining_tdl_main-131_2_3,LeftPartner,"Yes, absolutely. Let's do that.",1787591710.3908467
um435zd7,178,becuite9,14-bargaining_tdl_main-129_1_3,LeftPartner,looks like orange is already gone,1787591711.9955797
um435zd7,153,y77a4hta,14-bargaining_tdl_main-129_1_3,RightPartner,hello! i'm great how are you,1787591712.809103
um435zd7,182,tygkzh1p,14-bargaining_tdl_main-131_2_3,RightPartner,ok!,1787591714.588569
um435zd7,152,xqjbc668,14-bargaining_tdl_main-130_1_3,RightPartner,"Seems like this is ""asshole's dilemma.""",1787591715.6141403
um435zd7,153,y77a4hta,14-bargaining_tdl_main-129_1_3,RightPartner,yes i see that,1787591720.177941
um435zd7,176,aa2u2o8g,14-bargaining_tdl_main-131_2_3,LeftPartner,Thank you very much!,1787591720.65593
um435zd7,178,becuite9,14-bargaining_tdl_main-129_1_3,LeftPartner,I'm doing great! Looks like this is an easy choice then by the end lol,1787591731.169637
um435zd7,162,b15rd1da,14-bargaining_tdl_main-130_2_3,LeftPartner,i don't know yet lol,1787591733.012004
um435zd7,152,xqjbc668,14-bargaining_tdl_main-130_1_3,RightPartner,"But yeah, we can make this pretty easy by just agreeing early that we'll go with each other.",1787591737.3729591
um435zd7,153,y77a4hta,14-bargaining_tdl_main-129_1_3,RightPartner,Right?!,1787591739.4006796
um435zd7,162,b15rd1da,14-bargaining_tdl_main-130_1_2,RightPartner,i don't know yet lol,1787591740.5793872
um435zd7,179,968mz4yw,14-bargaining_tdl_main-133_2_3,LeftPartner,"I would like to support you, if I have your vote to support me.",1787591746.2908998
um435zd7,152,xqjbc668,14-bargaining_tdl_main-130_1_2,LeftPartner,it doesn't show your other text in the same page?,1787591756.8852482
um435zd7,190,jxj0j4oo,14-bargaining_tdl_main-130_1_3,LeftPartner,Im chatting with both,1787591757.4306324
um435zd7,179,968mz4yw,14-bargaining_tdl_main-133_2_3,LeftPartner,I like purple better than yellow.... not sure what else I can say.,1787591760.753863
um435zd7,178,becuite9,14-bargaining_tdl_main-129_1_3,LeftPartner,"Since we have 8 minutes still, anything on your mind? Anything going on?",1787591763.9977875
um435zd7,151,eey9ixt8,14-bargaining_tdl_main-127_2_3,RightPartner,these studies are why i am so glad for youtube. at least i can listen to random facts while waiting for the clock,1787591767.3175848
um435zd7,162,b15rd1da,14-bargaining_tdl_main-130_1_2,RightPartner,"it does, i just dont know who to support yet",1787591774.7457464
um435zd7,153,y77a4hta,14-bargaining_tdl_main-129_1_3,RightPartner,"I'm watching the trial on TV, wby?",1787591776.111165
um435zd7,152,xqjbc668,14-bargaining_tdl_main-130_1_3,RightPartner,"The amount of studies where they go ""actually, you were doing x"" at the end is really high.",1787591781.3393545
um435zd7,180,vom6ojon,14-bargaining_tdl_main-132_1_2,RightPartner,To maximize earnings we should be on the same page on who we are siding with. ,1787591782.5851643
um435zd7,210,0fdyk30v,14-bargaining_tdl_main-135_2_3,RightPartner,"I got you, Orange",1787591791.3107862
um435zd7,200,vxyd48rl,14-bargaining_tdl_main-134_1_3,LeftPartner,How should westart?,1787591791.5626445
um435zd7,152,xqjbc668,14-bargaining_tdl_main-130_1_2,LeftPartner,"Aah, gotcha. What factor would determine it for you?",1787591791.864642
um435zd7,162,b15rd1da,14-bargaining_tdl_main-130_2_3,LeftPartner,what do you think,1787591793.071168
um435zd7,178,becuite9,14-bargaining_tdl_main-129_1_3,LeftPartner,"working remote from home, but work is so slow so I jumped on Prolific lol",1787591794.8811657
um435zd7,148,diltflrb,14-bargaining_tdl_main-127_2_3,LeftPartner,"Haha yeah, I don't know what else to go over. Seems like a straightforward decision. ",1787591806.0617452
um435zd7,179,968mz4yw,14-bargaining_tdl_main-133_1_2,RightPartner,I fully intend to support purple because I like that color better. Nothing personal.,1787591808.7250154
um435zd7,200,vxyd48rl,14-bargaining_tdl_main-134_1_3,LeftPartner,Do you have any suggestions for me?,1787591810.7506206
um435zd7,180,vom6ojon,14-bargaining_tdl_main-132_2_3,LeftPartner,To maximize earnings we should be on the same page on who we are siding with. ,1787591817.741597
um435zd7,201,194vm9nk,14-bargaining_tdl_main-137_1_3,LeftPartner,Hello!,1787591821.5462103
um435zd7,173,j3ogxj1e,14-bargaining_tdl_main-137_1_3,RightPartner,hi,1787591827.203892
um435zd7,201,194vm9nk,14-bargaining_tdl_main-137_2_3,RightPartner,Hello!,1787591827.33542
um435zd7,190,jxj0j4oo,14-bargaining_tdl_main-130_1_3,LeftPartner,yea I wondered about that too but based on the instructions im sticking with our agreement,1787591832.9308288
um435zd7,200,vxyd48rl,14-bargaining_tdl_main-134_1_3,LeftPartner,"Hey, is anyone there?",1787591835.1543033
um435zd7,151,eey9ixt8,14-bargaining_tdl_main-127_2_3,RightPartner,"not much to talk about , maybe yellow is part of the plan",1787591837.2064867
um435zd7,191,7g2cfmdw,14-bargaining_tdl_main-132_2_3,RightPartner,"Hello, I would like to form a partnership so we can have the 3 payout. If you agree, i will support you as well",1787591838.158147
um435zd7,174,5hp0g1va,14-bargaining_tdl_main-136_1_2,LeftPartner,I will support you if you support me,1787591840.147597
um435zd7,156,7d2fyyjq,14-bargaining_tdl_main-133_1_3,RightPartner,Who do you choose to support?,1787591841.7130303
um435zd7,153,y77a4hta,14-bargaining_tdl_main-129_1_3,RightPartner,Same same. I love prolific lol. I'm a stay at home mom right now but previously a medical speech pathologist that worked in a nursing home and did home health,1787591845.837266
um435zd7,162,b15rd1da,14-bargaining_tdl_main-130_1_2,RightPartner,i think orange and yellow are a good pair in terms of colors,1787591848.1513996
um435zd7,201,194vm9nk,14-bargaining_tdl_main-137_1_3,LeftPartner,How're you doing today?,1787591853.2085025
um435zd7,174,5hp0g1va,14-bargaining_tdl_main-136_1_2,LeftPartner,that way we can both earn 3  what you think,1787591854.0846672
um435zd7,186,3zmvxg22,14-bargaining_tdl_main-137_2_3,LeftPartner,"Hello, let's team up",1787591856.4767976
um435zd7,173,j3ogxj1e,14-bargaining_tdl_main-137_1_3,RightPartner,"how many rounds do we get, did it mention that?",1787591857.8757734
um435zd7,193,ufkybszm,14-bargaining_tdl_main-133_1_3,LeftPartner,i support you,1787591865.0973122
um435zd7,190,jxj0j4oo,14-bargaining_tdl_main-130_2_3,RightPartner,I think mutual support makes the most sense based on the instructions,1787591866.0047233
um435zd7,152,xqjbc668,14-bargaining_tdl_main-130_1_2,LeftPartner,"Haha, fair enough. ",1787591866.3237002
um435zd7,181,gr1mpoq5,14-bargaining_tdl_main-134_1_3,RightPartner,My other participant has left the chat. Are you communicating with two active participants?,1787591866.635861
um435zd7,162,b15rd1da,14-bargaining_tdl_main-130_1_2,RightPartner,i got nothing else to go off of,1787591867.2189379
um435zd7,202,ft9qw6c8,14-bargaining_tdl_main-136_1_2,RightPartner,okay we can do that,1787591868.153197
um435zd7,173,j3ogxj1e,14-bargaining_tdl_main-137_1_3,RightPartner,annoyed by the instructions :),1787591869.1779635
um435zd7,152,xqjbc668,14-bargaining_tdl_main-130_1_3,RightPartner,"Sounds good, same here. ",1787591871.5981066
um435zd7,173,j3ogxj1e,14-bargaining_tdl_main-137_1_2,LeftPartner,hi,1787591871.8175771
um435zd7,174,5hp0g1va,14-bargaining_tdl_main-136_1_3,RightPartner,I am deciding still who to support what you thinking ,1787591872.4268372
um435zd7,193,ufkybszm,14-bargaining_tdl_main-133_1_3,LeftPartner,orange left the chat,1787591875.3421283
um435zd7,174,5hp0g1va,14-bargaining_tdl_main-136_1_2,LeftPartner,ok ,1787591879.4352627
um435zd7,152,xqjbc668,14-bargaining_tdl_main-130_1_3,RightPartner,It's an easy guarantee of $3.,1787591884.1048446
um435zd7,201,194vm9nk,14-bargaining_tdl_main-137_1_3,LeftPartner,I don't think it did for some reason,1787591884.8132877
um435zd7,200,vxyd48rl,14-bargaining_tdl_main-134_1_3,LeftPartner,I am communicating with you alone,1787591885.235426
um435zd7,162,b15rd1da,14-bargaining_tdl_main-130_1_2,RightPartner,"so will you support me, i support you?",1787591891.502915
um435zd7,185,sflrl5uf,14-bargaining_tdl_main-138_1_2,LeftPartner,Hi Orange!,1787591893.0374527
um435zd7,214,d2obkeke,14-bargaining_tdl_main-138_1_3,LeftPartner,Hi!,1787591893.177314
um435zd7,193,ufkybszm,14-bargaining_tdl_main-133_1_3,LeftPartner,lets form a solid pair and support each other,1787591894.206982
um435zd7,214,d2obkeke,14-bargaining_tdl_main-138_2_3,RightPartner,Hi!,1787591895.9368463
um435zd7,156,7d2fyyjq,14-bargaining_tdl_main-133_1_3,RightPartner,"Okay, I'll support you also.",1787591898.2378998
um435zd7,185,sflrl5uf,14-bargaining_tdl_main-138_1_3,RightPartner,Hi Purple!,1787591899.5286934
um435zd7,189,1rzm6qz5,14-bargaining_tdl_main-138_1_2,RightPartner,hi!,1787591900.5578592
um435zd7,152,xqjbc668,14-bargaining_tdl_main-130_1_2,LeftPartner,Fair enough. Though we're not actually prohibited from talking about each other.,1787591901.2040339
um435zd7,173,j3ogxj1e,14-bargaining_tdl_main-137_1_3,RightPartner,"You are purple, what color am I?",1787591913.0062094
um435zd7,193,ufkybszm,14-bargaining_tdl_main-133_1_3,LeftPartner,thank you,1787591913.9324355
um435zd7,178,becuite9,14-bargaining_tdl_main-129_1_3,LeftPartner,"Oh okay, that's very nice. I'm assuming they paid you very well. Prolific has done wonders for me this year. I paid off almost $15,000 of debt so it was the best lifeline I could get",1787591915.5538726
um435zd7,185,sflrl5uf,14-bargaining_tdl_main-138_1_2,LeftPartner,how is it going today?,1787591916.470137
um435zd7,189,1rzm6qz5,14-bargaining_tdl_main-138_1_2,RightPartner,how;s it going? what do you think is a good strategy?,1787591917.5623133
um435zd7,186,3zmvxg22,14-bargaining_tdl_main-137_2_3,LeftPartner,I will support you and you support me. Then we both get $3 and Yellow gets $0. Are you in? I will keep my promise,1787591919.5506423
um435zd7,189,1rzm6qz5,14-bargaining_tdl_main-138_2_3,LeftPartner,Hi there!,1787591920.9363637
um435zd7,181,gr1mpoq5,14-bargaining_tdl_main-134_1_3,RightPartner,"Since I only have one participant to match with, I will support purple. If you support me as well (Yellow), it appears that we may both be able to earn a bonus. Do you agree?",1787591921.4906
um435zd7,185,sflrl5uf,14-bargaining_tdl_main-138_1_3,RightPartner,how are you today?,1787591923.9298375
um435zd7,214,d2obkeke,14-bargaining_tdl_main-138_1_3,LeftPartner,How are you? I hope you are having a great Monday so far!,1787591925.3786247
um435zd7,202,ft9qw6c8,14-bargaining_tdl_main-136_2_3,LeftPartner,if you support me i will support you,1787591926.8514388
um435zd7,214,d2obkeke,14-bargaining_tdl_main-138_1_3,LeftPartner,I am doing good so far :),1787591935.9867027
um435zd7,207,4citjrt8,14-bargaining_tdl_main-136_2_3,RightPartner,"Hi Orange, I am proposing  a mutual support pair with yellow so we can both secure $3.Thanks!",1787591937.688273
um435zd7,153,y77a4hta,14-bargaining_tdl_main-129_1_3,RightPartner,Geez! I just started in June. I would love to make that kind of money,1787591943.6899447
um435zd7,214,d2obkeke,14-bargaining_tdl_main-138_2_3,RightPartner,How are you!,1787591944.8031852
um435zd7,201,194vm9nk,14-bargaining_tdl_main-137_1_3,LeftPartner,Yellow,1787591949.277722
um435zd7,200,vxyd48rl,14-bargaining_tdl_main-134_1_3,LeftPartner,I will support you as well since Orange left the chat really early.,1787591949.3408327
um435zd7,185,sflrl5uf,14-bargaining_tdl_main-138_1_2,LeftPartner,"I am not sure, I wish there was a way for everyone to get something, but i don't think there is",1787591950.24814
um435zd7,173,j3ogxj1e,14-bargaining_tdl_main-137_1_2,LeftPartner,anyone there?,1787591950.6728938
um435zd7,170,ah8tqquz,14-bargaining_tdl_main-139_1_3,RightPartner,Hello! Good afternoon,1787591953.8827846
um435zd7,189,1rzm6qz5,14-bargaining_tdl_main-138_2_3,LeftPartner,Do you have any plan for a strategy? or I'm not sure what else we are supposed to talk about ?,1787591963.0391166
um435zd7,185,sflrl5uf,14-bargaining_tdl_main-138_1_3,RightPartner,me too! any strategies for this survey?,1787591963.3788304
um435zd7,202,ft9qw6c8,14-bargaining_tdl_main-136_2_3,LeftPartner,okay because we have also discussed the same with yellow,1787591966.2989185
um435zd7,173,j3ogxj1e,14-bargaining_tdl_main-137_1_3,RightPartner,ok.  orange isn't responding to me.  want to partner up?,1787591969.947094
um435zd7,189,1rzm6qz5,14-bargaining_tdl_main-138_1_2,RightPartner,It seems like best case 2 people do,1787591975.830477
um435zd7,201,194vm9nk,14-bargaining_tdl_main-137_2_3,RightPartner,I was thinking of supporting yellow tbh,1787591977.791157
um435zd7,215,69ymz5m9,14-bargaining_tdl_main-139_1_3,LeftPartner,"Good afternoon, how are you?",1787591979.4513195
um435zd7,178,becuite9,14-bargaining_tdl_main-129_1_3,LeftPartner,Oh you just started? Thats awesome! Always be on the lookout for AI studies. They pay really good and they're consistent,1787591983.9159257
um435zd7,201,194vm9nk,14-bargaining_tdl_main-137_1_3,LeftPartner,Sure!,1787591988.1622682
um435zd7,170,ah8tqquz,14-bargaining_tdl_main-139_1_3,RightPartner,"Pretty good, and you? ",1787591991.540507
um435zd7,200,vxyd48rl,14-bargaining_tdl_main-134_1_3,LeftPartner,I am excited on the bonus we are going to get,1787591992.857718
um435zd7,185,sflrl5uf,14-bargaining_tdl_main-138_1_2,LeftPartner,"yeah, best case is for two people to get $3",1787591994.3259451
um435zd7,214,d2obkeke,14-bargaining_tdl_main-138_1_3,LeftPartner,I am honestly not sure how to go about this. Do you have any ideas,1787591995.3910449
um435zd7,181,gr1mpoq5,14-bargaining_tdl_main-134_1_3,RightPartner,"Yes, it appears our only option for proceeding was made for us, and Yellow supporting Purple and Purple supporting Yellow is the only way forward. I hope you're having a nice day!",1787592004.0690591
um435zd7,173,j3ogxj1e,14-bargaining_tdl_main-137_1_3,RightPartner,"ok, I'm hitting next",1787592008.0087864
um435zd7,178,becuite9,14-bargaining_tdl_main-129_1_3,LeftPartner,I try to average around $1250-1500 per month so I can take chunks of debt away ,1787592011.83317
um435zd7,197,llff4hvb,14-bargaining_tdl_main-140_1_3,RightPartner,HI,1787592013.0181212
um435zd7,199,zpqtntya,14-bargaining_tdl_main-140_1_2,RightPartner,are you commited to anyone yet,1787592017.5598257
um435zd7,211,vaon2s6n,14-bargaining_tdl_main-140_1_3,LeftPartner,who are you supporting,1787592023.4256566
um435zd7,215,69ymz5m9,14-bargaining_tdl_main-139_1_3,LeftPartner,"I'm great. What do you think, let's support each other and get the bonus each",1787592028.2600806
um435zd7,214,d2obkeke,14-bargaining_tdl_main-138_2_3,RightPartner,I am not sure how to go about this. Do you have any ideas,1787592028.5707543
um435zd7,197,llff4hvb,14-bargaining_tdl_main-140_1_2,LeftPartner,"HI , Not yet",1787592031.99316
um435zd7,170,ah8tqquz,14-bargaining_tdl_main-139_1_3,RightPartner,"Also I believe this should be easier since, orange dropped out.",1787592032.6527643
um435zd7,185,sflrl5uf,14-bargaining_tdl_main-138_1_3,RightPartner,"i know, there is no way for everyone to get the $3, so someone is going to miss out. but i think its bettr for two people to get $3 instead of no one getting anything",1787592034.006086
um435zd7,199,zpqtntya,14-bargaining_tdl_main-140_2_3,LeftPartner,should we trust them,1787592034.2544205
um435zd7,209,rjt8ef2l,14-bargaining_tdl_main-141_1_2,RightPartner,Who will you support?,1787592034.3014657
um435zd7,170,ah8tqquz,14-bargaining_tdl_main-139_1_3,RightPartner,"Yeah, likewise",1787592036.2783208
um435zd7,189,1rzm6qz5,14-bargaining_tdl_main-138_1_2,RightPartner,"Who would you like to support? I'd rather have 2 people get in than nobody , even if it's not me",1787592036.8171434
um435zd7,220,m1ovpjpb,14-bargaining_tdl_main-141_1_3,LeftPartner,who will you support?,1787592037.8578284
um435zd7,220,m1ovpjpb,14-bargaining_tdl_main-141_2_3,RightPartner,who will you support?,1787592043.01018
um435zd7,164,phsqb4rt,14-bargaining_tdl_main-141_1_2,LeftPartner,HI orange ,1787592043.2468762
um435zd7,209,rjt8ef2l,14-bargaining_tdl_main-141_2_3,LeftPartner,Who will you support?,1787592047.6540754
um435zd7,200,vxyd48rl,14-bargaining_tdl_main-134_1_3,LeftPartner,I am having a nice day. Have a great day too.,1787592049.3881705
um435zd7,164,phsqb4rt,14-bargaining_tdl_main-141_1_3,RightPartner,Hi purple,1787592053.0382419
um435zd7,197,llff4hvb,14-bargaining_tdl_main-140_1_2,LeftPartner,what about you ,1787592053.5694563
um435zd7,199,zpqtntya,14-bargaining_tdl_main-140_1_2,RightPartner,can we not switch at the end,1787592055.518916
um435zd7,185,sflrl5uf,14-bargaining_tdl_main-138_1_2,LeftPartner,"same, i am willing to sit it out if two others can get the $3",1787592055.6150012
um435zd7,209,rjt8ef2l,14-bargaining_tdl_main-141_1_2,RightPartner,Hi Yellow?,1787592057.2782226
um435zd7,199,zpqtntya,14-bargaining_tdl_main-140_1_2,RightPartner,no,1787592060.0030298
um435zd7,211,vaon2s6n,14-bargaining_tdl_main-140_1_3,LeftPartner,let's support each other,1787592062.4357426
um435zd7,153,y77a4hta,14-bargaining_tdl_main-129_1_3,RightPartner,Yes I love those - I get screened out a lot though. I've been making about $400-$600 a month because I have a little one that takes a lot of my time now... but I could definitely try harder and be more proactive. You're inspiring me for sure,1787592064.9260497
um435zd7,214,d2obkeke,14-bargaining_tdl_main-138_1_3,LeftPartner,I agree. There is no reason for everyone to get zero,1787592066.5587971
um435zd7,220,m1ovpjpb,14-bargaining_tdl_main-141_2_3,RightPartner,yellow,1787592076.4594886
um435zd7,189,1rzm6qz5,14-bargaining_tdl_main-138_2_3,LeftPartner,it seems like 2 people max can get it,1787592077.0607934
um435zd7,211,vaon2s6n,14-bargaining_tdl_main-140_2_3,RightPartner,let's give it a try,1787592077.8903277
um435zd7,197,llff4hvb,14-bargaining_tdl_main-140_1_3,RightPartner,sure,1787592082.2574449
um435zd7,194,xkut2f91,14-bargaining_tdl_main-142_1_3,RightPartner,I'm not sure what strategy to take.,1787592082.5963056
um435zd7,209,rjt8ef2l,14-bargaining_tdl_main-141_2_3,LeftPartner,I will support Yellow too,1787592085.2079973
um435zd7,220,m1ovpjpb,14-bargaining_tdl_main-141_1_3,LeftPartner,ok I will support yellow,1787592090.3877928
um435zd7,199,zpqtntya,14-bargaining_tdl_main-140_2_3,LeftPartner,lets team up til the end,1787592091.4976485
um435zd7,185,sflrl5uf,14-bargaining_tdl_main-138_1_3,RightPartner,if we were in person i would do rock paper scissors lol,1787592093.3294578
um435zd7,218,wzvvr8y8,14-bargaining_tdl_main-142_2_3,LeftPartner,so what we doin,1787592095.090853
um435zd7,221,xg1hwrqk,14-bargaining_tdl_main-142_1_3,LeftPartner,Neither do I. What are you thinking of doing?,1787592096.6330152
um435zd7,194,xkut2f91,14-bargaining_tdl_main-142_1_2,LeftPartner,I'm not sure what strategy to take,1787592099.10096
um435zd7,197,llff4hvb,14-bargaining_tdl_main-140_1_2,LeftPartner,"sorry, purple reached out ",1787592102.5594175
um435zd7,164,phsqb4rt,14-bargaining_tdl_main-141_1_2,LeftPartner,So I was thinking about us both supporting each other first with the first pick.,1787592102.9875655
um435zd7,221,xg1hwrqk,14-bargaining_tdl_main-142_2_3,RightPartner,Who are you planning to support?,1787592104.5902538
um435zd7,178,becuite9,14-bargaining_tdl_main-129_1_3,LeftPartner,$600 is still awesome. That's a little over $7000 of extra income that didnt exist per year. You'll get there for sure! :),1787592105.2659245
um435zd7,211,vaon2s6n,14-bargaining_tdl_main-140_2_3,RightPartner,I totally agree,1787592105.755942
um435zd7,199,zpqtntya,14-bargaining_tdl_main-140_1_2,RightPartner,lees agree to stay together til the end,1787592110.1779332
um435zd7,218,wzvvr8y8,14-bargaining_tdl_main-142_1_2,RightPartner,"Me either, it's leaving someone out..",1787592114.2890818
um435zd7,199,zpqtntya,14-bargaining_tdl_main-140_1_2,RightPartner,all good!!,1787592116.0673487
um435zd7,214,d2obkeke,14-bargaining_tdl_main-138_2_3,RightPartner,Right for real. It seems like someone is sadly going to miss out,1787592118.1263657
um435zd7,189,1rzm6qz5,14-bargaining_tdl_main-138_1_2,RightPartner,"I will either support you, or sit it out.  just because you've been more responsive.  ",1787592119.412352
um435zd7,218,wzvvr8y8,14-bargaining_tdl_main-142_2_3,LeftPartner,I'm not sure.. ,1787592121.0322573
um435zd7,153,y77a4hta,14-bargaining_tdl_main-129_1_3,RightPartner,:) trying to!,1787592124.4778678
um435zd7,218,wzvvr8y8,14-bargaining_tdl_main-142_2_3,LeftPartner,Feels bad supporting just one person,1787592127.6127088
um435zd7,209,rjt8ef2l,14-bargaining_tdl_main-141_1_2,RightPartner,Okay I will support you first,1787592130.3886218
um435zd7,199,zpqtntya,14-bargaining_tdl_main-140_2_3,LeftPartner,great,1787592131.9000866
um435zd7,194,xkut2f91,14-bargaining_tdl_main-142_1_3,RightPartner,I feel like the only fair decision would be if I supported no one,1787592132.5893972
um435zd7,221,xg1hwrqk,14-bargaining_tdl_main-142_2_3,RightPartner,I know. ,1787592135.403793
um435zd7,214,d2obkeke,14-bargaining_tdl_main-138_1_3,LeftPartner,Right lol it would be nice if would could do it like that ,1787592144.582565
um435zd7,211,vaon2s6n,14-bargaining_tdl_main-140_1_3,LeftPartner,great,1787592148.010578
um435zd7,178,becuite9,14-bargaining_tdl_main-129_1_3,LeftPartner,I think we can click next even before the timer. I'll make sure to vote for you of course. Good luck with prolific :),1787592149.3228462
um435zd7,199,zpqtntya,14-bargaining_tdl_main-140_2_3,LeftPartner,itll guarantee us money,1787592153.075051
um435zd7,197,llff4hvb,14-bargaining_tdl_main-140_1_3,RightPartner,"I am locking in , lets team up",1787592154.2962573
um435zd7,221,xg1hwrqk,14-bargaining_tdl_main-142_1_3,LeftPartner,"If you feel that way, okay.",1787592155.371127
um435zd7,194,xkut2f91,14-bargaining_tdl_main-142_1_2,LeftPartner,Yes exactly. I'm probably going to support no one to be fair to everyone,1787592161.5150113
um435zd7,153,y77a4hta,14-bargaining_tdl_main-129_1_3,RightPartner,Thank you! voting for you as well,1787592167.045606
um435zd7,164,phsqb4rt,14-bargaining_tdl_main-141_1_2,LeftPartner,Would you like to second also,1787592168.4173896
um435zd7,221,xg1hwrqk,14-bargaining_tdl_main-142_2_3,RightPartner,"If I support you, will you support me?",1787592170.5741906
um435zd7,218,wzvvr8y8,14-bargaining_tdl_main-142_1_2,RightPartner,"It makes sense, but if we alternated maybe then people would get money?",1787592181.5508254
um435zd7,214,d2obkeke,14-bargaining_tdl_main-138_1_3,LeftPartner,I am willing to support you if you do the same,1787592184.2809157
um435zd7,209,rjt8ef2l,14-bargaining_tdl_main-141_1_2,RightPartner,Yes I would like that,1787592189.3069942
um435zd7,189,1rzm6qz5,14-bargaining_tdl_main-138_2_3,LeftPartner,but it's better for 2 people to get it,1787592193.2934864
um435zd7,218,wzvvr8y8,14-bargaining_tdl_main-142_2_3,LeftPartner,Sure,1787592195.516388
um435zd7,211,vaon2s6n,14-bargaining_tdl_main-140_1_3,LeftPartner,I totally agree,1787592205.857548
um435zd7,221,xg1hwrqk,14-bargaining_tdl_main-142_1_3,LeftPartner,I intend to support orange. I hope that's okay.,1787592211.0592744
um435zd7,164,phsqb4rt,14-bargaining_tdl_main-141_1_2,LeftPartner,awesome nice chatting.,1787592211.2697802
um435zd7,218,wzvvr8y8,14-bargaining_tdl_main-142_2_3,LeftPartner,I was thinking we could all alternate or something so we'd all get money. are there several rounds? ,1787592211.4772809
um435zd7,185,sflrl5uf,14-bargaining_tdl_main-138_1_2,LeftPartner,"i wish we could do rock paper scissors or something, but if you want to join forces, im down",1787592212.33177
um435zd7,194,xkut2f91,14-bargaining_tdl_main-142_1_3,RightPartner,That's ok,1787592221.6258326
um435zd7,221,xg1hwrqk,14-bargaining_tdl_main-142_2_3,RightPartner,"I'm not sure, but I like that idea in order to keep it fair.",1787592224.7798448
um435zd7,214,d2obkeke,14-bargaining_tdl_main-138_2_3,RightPartner,I agree because there is no point in us all getting nothing,1787592225.5558536
um435zd7,221,xg1hwrqk,14-bargaining_tdl_main-142_1_3,LeftPartner,"If there is additional rounds, maybe we can alternate?",1787592235.6562667
um435zd7,194,xkut2f91,14-bargaining_tdl_main-142_1_2,LeftPartner,"hmm, i guess that could work, but we'd have to all agree and coordinate",1787592242.5546842
um435zd7,189,1rzm6qz5,14-bargaining_tdl_main-138_1_2,RightPartner,"haha, okay I'm going to put you.  but I feel bad !",1787592250.4019384
um435zd7,216,qc5e5zy9,14-bargaining_tdl_main-143_1_2,RightPartner,"I plan on supporting at least one color, since supporting no one means I won't get any bonus",1787592256.2018454
um435zd7,217,wyrhjdvd,14-bargaining_tdl_main-143_2_3,RightPartner,Hi Orange. I would like to support you as you support me,1787592262.7689521
um435zd7,185,sflrl5uf,14-bargaining_tdl_main-138_1_2,LeftPartner,"i know, its kinda sad",1787592264.073968
um435zd7,194,xkut2f91,14-bargaining_tdl_main-142_1_3,RightPartner,"Yes, someone mentioned that",1787592267.3069277
um435zd7,224,w1rs6ub3,14-bargaining_tdl_main-144_2_3,RightPartner,Hello!,1787592274.2807493
um435zd7,224,w1rs6ub3,14-bargaining_tdl_main-144_1_3,LeftPartner,Hello!,1787592275.6263864
um435zd7,185,sflrl5uf,14-bargaining_tdl_main-138_1_3,RightPartner,"sorry, orange asked me first!",1787592280.1025445
um435zd7,216,qc5e5zy9,14-bargaining_tdl_main-143_2_3,LeftPartner,I plan on supporting at least one color since supporting no one means I won't get any bonus,1787592286.5516317
um435zd7,205,smk2kp1i,14-bargaining_tdl_main-144_1_3,RightPartner,Hello,1787592286.660519
um435zd7,221,xg1hwrqk,14-bargaining_tdl_main-142_1_3,LeftPartner,Okay. I'll support orange on the first one. I'll sit out the next one.,1787592289.6792593
um435zd7,218,wzvvr8y8,14-bargaining_tdl_main-142_1_2,RightPartner,"Purple asked already if I'd support them this round, maybe we could all swap next round so you would get support?",1787592292.3079169
um435zd7,224,w1rs6ub3,14-bargaining_tdl_main-144_2_3,RightPartner,Who are you thinking of supporting?,1787592292.9062004
um435zd7,223,zkrcjw80,14-bargaining_tdl_main-144_1_2,RightPartner,"Hi, have you made a decision who you will support?",1787592295.081543
um435zd7,224,w1rs6ub3,14-bargaining_tdl_main-144_1_3,LeftPartner,Who are you thinking of supporting?,1787592300.3949594
um435zd7,223,zkrcjw80,14-bargaining_tdl_main-144_2_3,LeftPartner,I'm not sure yet!,1787592301.0949569
um435zd7,223,zkrcjw80,14-bargaining_tdl_main-144_2_3,LeftPartner,You?,1787592303.9988277
um435zd7,208,p9694mqp,14-bargaining_tdl_main-143_1_2,LeftPartner,"same, it's a win win",1787592307.2920334
um435zd7,221,xg1hwrqk,14-bargaining_tdl_main-142_2_3,RightPartner,I'll support you the first round and support no one on the next.. if there is a next.,1787592307.9964182
um435zd7,216,qc5e5zy9,14-bargaining_tdl_main-143_2_3,LeftPartner,I can support purple if you support orange :),1787592308.1879404
um435zd7,218,wzvvr8y8,14-bargaining_tdl_main-142_2_3,LeftPartner,Im trying to be transparent with everyone ! ,1787592308.9919891
um435zd7,194,xkut2f91,14-bargaining_tdl_main-142_1_3,RightPartner,Ok that works,1787592309.5005643
um435zd7,205,smk2kp1i,14-bargaining_tdl_main-144_1_2,LeftPartner,"Not, yet. How about you?",1787592310.3802402
um435zd7,218,wzvvr8y8,14-bargaining_tdl_main-142_2_3,LeftPartner,Okay!,1787592316.0833771
um435zd7,205,smk2kp1i,14-bargaining_tdl_main-144_1_3,RightPartner,I am still not sure. How about you?,1787592320.3609395
um435zd7,194,xkut2f91,14-bargaining_tdl_main-142_1_2,LeftPartner,"Yes, that makes sense",1787592321.2929597
um435zd7,216,qc5e5zy9,14-bargaining_tdl_main-143_1_2,RightPartner,but someone has to be the odd one out still,1787592328.67782
um435zd7,218,wzvvr8y8,14-bargaining_tdl_main-142_1_2,RightPartner,trying to be transparent :) not sure how the game will play out haha.,1787592343.2710333
um435zd7,224,w1rs6ub3,14-bargaining_tdl_main-144_2_3,RightPartner,I am thinking of taking one for the team myself and letting you and yellow support each other.,1787592349.3165572
um435zd7,205,smk2kp1i,14-bargaining_tdl_main-144_1_3,RightPartner,Who will you support?,1787592354.9111755
um435zd7,216,qc5e5zy9,14-bargaining_tdl_main-143_1_2,RightPartner,do you think one of the colors is an AI?,1787592357.398615
um435zd7,218,wzvvr8y8,14-bargaining_tdl_main-142_1_2,RightPartner,gonna move on if this works!,1787592359.0867605
um435zd7,223,zkrcjw80,14-bargaining_tdl_main-144_1_2,RightPartner,If you aren't already supporting purple we could support each other,1787592359.4261105
um435zd7,208,p9694mqp,14-bargaining_tdl_main-143_1_2,LeftPartner,"I know, it's a hard choice to make. ",1787592374.4855452
um435zd7,205,smk2kp1i,14-bargaining_tdl_main-144_1_2,LeftPartner,I am open to supporting anyone who supports me.,1787592382.09401
um435zd7,223,zkrcjw80,14-bargaining_tdl_main-144_2_3,LeftPartner,"That's very nice of you, I will see if Yellow is down for that",1787592382.12209
um435zd7,223,zkrcjw80,14-bargaining_tdl_main-144_1_2,RightPartner,"Ok, I will support you",1787592390.9644024
um435zd7,224,w1rs6ub3,14-bargaining_tdl_main-144_1_3,LeftPartner,I a thinking of taking one for the team and letting you support orange.,1787592401.3764305
um435zd7,223,zkrcjw80,14-bargaining_tdl_main-144_1_2,RightPartner,Purple said they would take one for the team and let us support each other,1787592407.3434153
um435zd7,208,p9694mqp,14-bargaining_tdl_main-143_1_2,LeftPartner,"The instructions said it's not AI, I don't think so",1787592419.2187517
um435zd7,205,smk2kp1i,14-bargaining_tdl_main-144_1_2,LeftPartner,Okay,1787592423.675235
um435zd7,224,w1rs6ub3,14-bargaining_tdl_main-144_1_3,LeftPartner,I sent that message to orange first they likely will message you about it,1787592426.270352
um435zd7,208,p9694mqp,14-bargaining_tdl_main-143_1_2,LeftPartner,what do you think?,1787592427.7594042
um435zd7,223,zkrcjw80,14-bargaining_tdl_main-144_2_3,LeftPartner,Yellow says yes,1787592434.414091
um435zd7,216,qc5e5zy9,14-bargaining_tdl_main-143_2_3,LeftPartner,ok so Purple are you going to support Orange then?,1787592443.6575081
um435zd7,217,wyrhjdvd,14-bargaining_tdl_main-143_1_3,LeftPartner,Hi Yellow I would like to support one color ,1787592444.5673232
um435zd7,205,smk2kp1i,14-bargaining_tdl_main-144_1_3,RightPartner,"Okay, I will support orange",1787592447.2421474
um435zd7,223,zkrcjw80,14-bargaining_tdl_main-144_1_2,RightPartner,Sounds great then,1787592449.0054376
um435zd7,228,v8f8mq9x,14-bargaining_tdl_main-145_2_3,LeftPartner,hello!,1787592454.97992
um435zd7,230,14q1rjp7,14-bargaining_tdl_main-145_2_3,RightPartner,Hey do you want to support each other,1787592455.1887133
um435zd7,205,smk2kp1i,14-bargaining_tdl_main-144_1_2,LeftPartner,I will support you,1787592456.2013993
um435zd7,217,wyrhjdvd,14-bargaining_tdl_main-143_2_3,RightPartner,I would do that,1787592459.0982075
um435zd7,205,smk2kp1i,14-bargaining_tdl_main-144_1_2,LeftPartner,Purple knows that I will support you,1787592464.4023864
um435zd7,230,14q1rjp7,14-bargaining_tdl_main-145_2_3,RightPartner,Seems we need to to get a bonus so should be a good move haha,1787592469.456469
um435zd7,228,v8f8mq9x,14-bargaining_tdl_main-145_2_3,LeftPartner,well the other person left the chat already (yellow) so i think we should stick together and support each other hte whole way,1787592470.782044
um435zd7,224,w1rs6ub3,14-bargaining_tdl_main-144_2_3,RightPartner,perfect so to be clear you will support yellow and yellow will support orange,1787592471.8075104
um435zd7,216,qc5e5zy9,14-bargaining_tdl_main-143_1_2,RightPartner,"that's what I read also, but looking at the message from purple it looks a little like something a bot might say",1787592473.3408904
um435zd7,223,zkrcjw80,14-bargaining_tdl_main-144_1_2,RightPartner,"OK, I will support you",1787592473.6806455
um435zd7,230,14q1rjp7,14-bargaining_tdl_main-145_2_3,RightPartner,I think so too,1787592476.9203436
um435zd7,205,smk2kp1i,14-bargaining_tdl_main-144_1_3,RightPartner,Orange is aware that I will support him,1787592480.5713696
um435zd7,228,v8f8mq9x,14-bargaining_tdl_main-145_2_3,LeftPartner,i'm 100% in!,1787592486.80949
um435zd7,217,wyrhjdvd,14-bargaining_tdl_main-143_1_3,LeftPartner,I do not want to miss out on a payment,1787592490.9136841
um435zd7,205,smk2kp1i,14-bargaining_tdl_main-144_1_2,LeftPartner,Thank you,1787592491.0036175
um435zd7,230,14q1rjp7,14-bargaining_tdl_main-145_2_3,RightPartner,Yeah I don't know if they quit the study or what but Im good supporting each other!,1787592491.8677335
um435zd7,208,p9694mqp,14-bargaining_tdl_main-143_1_3,RightPartner,"Hi, same. though am confused. ",1787592492.9557343
um435zd7,216,qc5e5zy9,14-bargaining_tdl_main-143_2_3,LeftPartner,do you think yellow is an AI?,1787592493.2010725
um435zd7,223,zkrcjw80,14-bargaining_tdl_main-144_2_3,LeftPartner,"Yes, sounds good",1787592496.047134
um435zd7,223,zkrcjw80,14-bargaining_tdl_main-144_2_3,LeftPartner,Thank you,1787592499.0666938
um435zd7,205,smk2kp1i,14-bargaining_tdl_main-144_1_3,RightPartner,How about you?,1787592504.0541441
um435zd7,216,qc5e5zy9,14-bargaining_tdl_main-143_1_2,RightPartner,i'm not an AI :P,1787592522.8263278
um435zd7,222,01x46v6d,14-bargaining_tdl_main-146_1_3,RightPartner,hello,1787592526.7846217
um435zd7,222,01x46v6d,14-bargaining_tdl_main-146_1_2,LeftPartner,hello,1787592531.024555
um435zd7,217,wyrhjdvd,14-bargaining_tdl_main-143_1_3,LeftPartner,What did you have in mind,1787592538.1114984
um435zd7,227,cvag0oir,14-bargaining_tdl_main-146_1_2,RightPartner,Hello,1787592543.2904756
um435zd7,229,pwmi474z,14-bargaining_tdl_main-146_1_3,LeftPartner, hello how are you going to handle this are we looking to help each other,1787592547.797822
um435zd7,229,pwmi474z,14-bargaining_tdl_main-146_2_3,RightPartner,hello,1787592550.2905552
um435zd7,227,cvag0oir,14-bargaining_tdl_main-146_2_3,LeftPartner,Hello,1787592554.208717
um435zd7,222,01x46v6d,14-bargaining_tdl_main-146_1_3,RightPartner,what color do we choose,1787592559.397657
um435zd7,217,wyrhjdvd,14-bargaining_tdl_main-143_2_3,RightPartner,"I am not sure, how did you get that thought?",1787592568.5623436
um435zd7,216,qc5e5zy9,14-bargaining_tdl_main-143_1_2,RightPartner,if you support me (Orange) I will support you (Yellow),1787592572.084372
um435zd7,222,01x46v6d,14-bargaining_tdl_main-146_1_2,LeftPartner,what color should we go for,1787592584.2646792
um435zd7,229,pwmi474z,14-bargaining_tdl_main-146_2_3,RightPartner,are you looking to help each other achieve this goal,1787592587.1369393
um435zd7,222,01x46v6d,14-bargaining_tdl_main-146_1_2,LeftPartner,what color should we agree on,1787592606.2259567
um435zd7,229,pwmi474z,14-bargaining_tdl_main-146_1_3,LeftPartner,well each should pick who you want to support we all need to support each other what color you thinking,1787592617.7194207
um435zd7,208,p9694mqp,14-bargaining_tdl_main-143_1_3,RightPartner,I don't want to look mean.. not sure who to choose,1787592619.3805964
um435zd7,216,qc5e5zy9,14-bargaining_tdl_main-143_2_3,LeftPartner,just wondering whether we are actually dealing with other people or if one of them is a bot?,1787592622.1166513
um435zd7,229,pwmi474z,14-bargaining_tdl_main-146_2_3,RightPartner,what color are you going to support,1787592629.704988
um435zd7,217,wyrhjdvd,14-bargaining_tdl_main-143_1_3,LeftPartner,I will pick you if you pick me,1787592644.5950096
um435zd7,208,p9694mqp,14-bargaining_tdl_main-143_1_2,LeftPartner,"am not AI, lol.",1787592649.305476
um435zd7,227,cvag0oir,14-bargaining_tdl_main-146_1_2,RightPartner,I think we should choose each other. The other player has indicated they will just choose a color at random. Which creates a 50/50 situation where we all get $0,1787592652.4669056
um435zd7,217,wyrhjdvd,14-bargaining_tdl_main-143_2_3,RightPartner,I guess we should hope he is not a bot for our own payment sake,1787592664.7734828
um435zd7,222,01x46v6d,14-bargaining_tdl_main-146_1_2,LeftPartner,okay,1787592667.5646741
um435zd7,216,qc5e5zy9,14-bargaining_tdl_main-143_1_2,RightPartner,alright so do you have a plan?,1787592672.1297824
um435zd7,227,cvag0oir,14-bargaining_tdl_main-146_1_2,RightPartner,"ok, sounds good",1787592691.733495
um435zd7,216,qc5e5zy9,14-bargaining_tdl_main-143_2_3,LeftPartner,"right, they will be able to read our messages so are you still supporting Orange and I support purple?",1787592716.5759401
um435zd7,229,pwmi474z,14-bargaining_tdl_main-146_2_3,RightPartner,I am moving on then so we are not going to get this,1787592729.823646
um435zd7,208,p9694mqp,14-bargaining_tdl_main-143_1_2,LeftPartner,then will choose you. Choose yellow.,1787592733.6594183
um435zd7,217,wyrhjdvd,14-bargaining_tdl_main-143_2_3,RightPartner,yes I will stick to our plan,1787592740.3983989
um435zd7,232,0a3efed2,14-bargaining_tdl_main-147_2_3,RightPartner,do you want to support each other?,1787592749.7118673
um435zd7,231,5euv6mf8,14-bargaining_tdl_main-147_2_3,LeftPartner,Okay,1787592756.770539
um435zd7,232,0a3efed2,14-bargaining_tdl_main-147_1_3,LeftPartner,who do you want to support? ,1787592768.4055963
um435zd7,208,p9694mqp,14-bargaining_tdl_main-143_1_3,RightPartner,"Am sorry, the other participant requested earlier",1787592784.1422513
z7x47k43,14,hiyt5jp8,15-bargaining_tdl_main-148_2_3,LeftPartner,"Hello, let's support each other",1787595486.922365
z7x47k43,14,hiyt5jp8,15-bargaining_tdl_main-148_1_2,RightPartner,"Hello, what is a good plan",1787595506.3798795
z7x47k43,19,g14m7g1o,15-bargaining_tdl_main-148_2_3,RightPartner,I'm planning to support you if you support me.,1787595507.5064452
z7x47k43,14,hiyt5jp8,15-bargaining_tdl_main-148_2_3,LeftPartner,Sounds good,1787595513.698386
z7x47k43,7,7bqmxl5x,15-bargaining_tdl_main-148_1_2,LeftPartner,Hi. I’m interested in coordinating so that we can both earn $3. Would you be willing to support me if I support you?,1787595535.8635392
z7x47k43,19,g14m7g1o,15-bargaining_tdl_main-148_1_3,LeftPartner,"I'm open to mutually supporting each other. If you support me and I support you, we both earn $3. Let me know if you want to coordinate.",1787595536.7815642
z7x47k43,7,7bqmxl5x,15-bargaining_tdl_main-148_1_3,RightPartner,Hi. I’d like us to coordinate so that we can both earn $3. Would you be willing to support me if I support you?,1787595566.0573251
z7x47k43,22,5ce8zwiu,15-bargaining_tdl_main-149_2_3,LeftPartner,Hello,1787595572.256483
z7x47k43,19,g14m7g1o,15-bargaining_tdl_main-148_1_3,LeftPartner,Sure.,1787595572.3889031
z7x47k43,25,dpz65o69,15-bargaining_tdl_main-150_2_3,RightPartner,Hi!,1787595623.1840467
z7x47k43,40,bwbf0ts0,15-bargaining_tdl_main-149_2_3,RightPartner,hi,1787595624.7103145
z7x47k43,25,dpz65o69,15-bargaining_tdl_main-150_1_3,LeftPartner,Hello!,1787595625.6905394
z7x47k43,17,tdz9vkq9,15-bargaining_tdl_main-150_2_3,LeftPartner,yo,1787595626.822791
z7x47k43,5,u81hvtot,15-bargaining_tdl_main-150_1_3,RightPartner,hello,1787595629.537174
z7x47k43,40,bwbf0ts0,15-bargaining_tdl_main-149_2_3,RightPartner,did the yellow participant leave for you as well?,1787595645.440321
z7x47k43,33,1s7uhihu,15-bargaining_tdl_main-151_2_3,RightPartner,"Hello, how can we make this work?",1787595667.2469308
z7x47k43,22,5ce8zwiu,15-bargaining_tdl_main-149_2_3,LeftPartner,yup,1787595667.7679887
z7x47k43,20,hrtdhj4t,15-bargaining_tdl_main-151_1_2,RightPartner,hi,1787595671.245068
z7x47k43,25,dpz65o69,15-bargaining_tdl_main-150_2_3,RightPartner,Who are you thinking about supporting?,1787595673.0816352
z7x47k43,22,5ce8zwiu,15-bargaining_tdl_main-149_2_3,LeftPartner,before I could even say hi,1787595673.1986437
z7x47k43,33,1s7uhihu,15-bargaining_tdl_main-151_1_3,LeftPartner,"hello, how can we make this work?",1787595677.4579906
z7x47k43,23,nost7uvv,15-bargaining_tdl_main-152_1_2,LeftPartner,"Hi, this study construction seems diabolical. ",1787595681.86006
z7x47k43,20,hrtdhj4t,15-bargaining_tdl_main-151_2_3,LeftPartner,we can do this.,1787595687.0579727
z7x47k43,25,dpz65o69,15-bargaining_tdl_main-150_1_3,LeftPartner,Who are you thinking about supporting?,1787595690.3839839
z7x47k43,23,nost7uvv,15-bargaining_tdl_main-152_1_3,RightPartner,"Hi, this study construction seems diabolical. ",1787595691.582308
z7x47k43,9,yt4isgab,15-bargaining_tdl_main-151_1_2,LeftPartner,hi,1787595692.9622037
z7x47k43,45,dqujczqy,15-bargaining_tdl_main-152_2_3,RightPartner,"Hi orange, if you support me (purple) I'll support you and that way we can both get some incentive",1787595693.2125394
z7x47k43,33,1s7uhihu,15-bargaining_tdl_main-151_2_3,RightPartner,yes we can,1787595698.380562
z7x47k43,9,yt4isgab,15-bargaining_tdl_main-151_1_3,RightPartner,not sure ,1787595698.9806678
z7x47k43,17,tdz9vkq9,15-bargaining_tdl_main-150_2_3,LeftPartner,"You support me, ill support you?",1787595699.113459
z7x47k43,40,bwbf0ts0,15-bargaining_tdl_main-149_2_3,RightPartner,I guess that is all we needed to know. I am pressing next ,1787595699.7500315
z7x47k43,5,u81hvtot,15-bargaining_tdl_main-150_1_3,RightPartner,we can support each other,1787595702.4964914
z7x47k43,45,dqujczqy,15-bargaining_tdl_main-152_1_3,LeftPartner,"lol yeah it really does, no way for everyone to win",1787595706.0689294
z7x47k43,9,yt4isgab,15-bargaining_tdl_main-151_1_3,RightPartner,someone is going to get no money,1787595706.3022285
z7x47k43,33,1s7uhihu,15-bargaining_tdl_main-151_2_3,RightPartner,So should we support each other?,1787595707.700607
z7x47k43,22,5ce8zwiu,15-bargaining_tdl_main-149_2_3,LeftPartner,okay same,1787595709.2248955
z7x47k43,25,dpz65o69,15-bargaining_tdl_main-150_2_3,RightPartner,"Okay, that sounds good to me",1787595709.4369318
z7x47k43,20,hrtdhj4t,15-bargaining_tdl_main-151_1_2,RightPartner,let's do this.,1787595713.9685032
z7x47k43,32,y2xw4l2p,15-bargaining_tdl_main-152_1_2,RightPartner,I agree,1787595714.7113376
z7x47k43,25,dpz65o69,15-bargaining_tdl_main-150_1_3,LeftPartner,"Okay, that sounds good to me",1787595717.983106
z7x47k43,5,u81hvtot,15-bargaining_tdl_main-150_1_3,RightPartner,okay sounds good,1787595725.4751785
z7x47k43,20,hrtdhj4t,15-bargaining_tdl_main-151_2_3,LeftPartner,"yes, please.",1787595728.058926
z7x47k43,46,wagq9190,15-bargaining_tdl_main-153_2_3,RightPartner,I will support you if you support me,1787595728.2884433
z7x47k43,33,1s7uhihu,15-bargaining_tdl_main-151_1_3,LeftPartner,"Yea, and theres no way it would wor for all of us",1787595732.1064808
z7x47k43,9,yt4isgab,15-bargaining_tdl_main-151_1_2,LeftPartner,how should we do this,1787595734.0312524
z7x47k43,18,h1l7wppb,15-bargaining_tdl_main-154_2_3,LeftPartner,Let's support each other.,1787595738.3720443
z7x47k43,37,jhrt14vo,15-bargaining_tdl_main-154_1_3,LeftPartner,Hello everyone.,1787595738.9532099
z7x47k43,26,9wfi6uun,15-bargaining_tdl_main-153_1_3,RightPartner,Hello,1787595740.852937
z7x47k43,35,omrquxm9,15-bargaining_tdl_main-153_2_3,LeftPartner,Hey! Down to support to each other,1787595741.3820622
z7x47k43,45,dqujczqy,15-bargaining_tdl_main-152_1_3,LeftPartner,Have any idea who you're going to support if anyone?,1787595741.545523
z7x47k43,26,9wfi6uun,15-bargaining_tdl_main-153_1_2,LeftPartner,Hi,1787595744.0300562
z7x47k43,33,1s7uhihu,15-bargaining_tdl_main-151_1_3,LeftPartner,Want us to support each other?,1787595746.1812618
z7x47k43,35,omrquxm9,15-bargaining_tdl_main-153_1_2,RightPartner,Hey,1787595750.0776584
z7x47k43,9,yt4isgab,15-bargaining_tdl_main-151_1_3,RightPartner,we can,1787595751.5333917
z7x47k43,23,nost7uvv,15-bargaining_tdl_main-152_1_3,RightPartner,"Seems mean, and no way to game 'it', just try to game each other, which doesn't really appeal to me. ",1787595753.2749906
z7x47k43,23,nost7uvv,15-bargaining_tdl_main-152_1_3,RightPartner,"And no, you?",1787595756.739049
z7x47k43,15,5xmzu3pt,15-bargaining_tdl_main-154_1_3,RightPartner,howdy,1787595758.1988876
z7x47k43,26,9wfi6uun,15-bargaining_tdl_main-153_1_2,LeftPartner,How are you today?,1787595760.3869739
z7x47k43,15,5xmzu3pt,15-bargaining_tdl_main-154_1_2,LeftPartner,well met,1787595763.2691848
z7x47k43,18,h1l7wppb,15-bargaining_tdl_main-154_2_3,LeftPartner,?,1787595763.3208232
z7x47k43,37,jhrt14vo,15-bargaining_tdl_main-154_2_3,RightPartner,"Yes, I agree.",1787595764.331271
z7x47k43,33,1s7uhihu,15-bargaining_tdl_main-151_2_3,RightPartner,"Alright then, i can support you whule you support me as well",1787595765.6937735
z7x47k43,35,omrquxm9,15-bargaining_tdl_main-153_1_2,RightPartner,good hbu,1787595766.4699008
z7x47k43,32,y2xw4l2p,15-bargaining_tdl_main-152_2_3,LeftPartner,"Sure, that's fine with me. There's no way to make this fair.",1787595766.9893277
z7x47k43,46,wagq9190,15-bargaining_tdl_main-153_1_3,LeftPartner,Will you support me?,1787595769.1968958
z7x47k43,26,9wfi6uun,15-bargaining_tdl_main-153_1_2,LeftPartner,Not too bad,1787595775.2550738
z7x47k43,46,wagq9190,15-bargaining_tdl_main-153_2_3,RightPartner,Ok,1787595778.594788
z7x47k43,45,dqujczqy,15-bargaining_tdl_main-152_1_3,LeftPartner,"Not sure, think the best way is to support someone and see how it works out",1787595781.1667528
z7x47k43,23,nost7uvv,15-bargaining_tdl_main-152_1_2,LeftPartner,"Seems mean, and no way to game 'it,' just meant to game each other in chats. Which certainly doesn't appeal for the amount of money they're paying...",1787595781.46264
z7x47k43,37,jhrt14vo,15-bargaining_tdl_main-154_1_3,LeftPartner,Let's support each other.,1787595782.6091387
z7x47k43,15,5xmzu3pt,15-bargaining_tdl_main-154_1_3,RightPartner,opinions on kanye?,1787595783.7782922
z7x47k43,33,1s7uhihu,15-bargaining_tdl_main-151_2_3,RightPartner,that way we both can get something,1787595786.0542169
z7x47k43,20,hrtdhj4t,15-bargaining_tdl_main-151_1_2,RightPartner,we can support each other.,1787595787.79172
z7x47k43,11,44mwnm0n,15-bargaining_tdl_main-155_1_2,RightPartner,"i pick you and you do the same, deal?",1787595792.8528783
z7x47k43,45,dqujczqy,15-bargaining_tdl_main-152_2_3,RightPartner,Yeah the study is fubar in how its set up,1787595796.0533905
z7x47k43,6,pquv3bdn,15-bargaining_tdl_main-155_1_2,LeftPartner,Purple left the chat. Would you like to support each other?,1787595796.2997973
z7x47k43,46,wagq9190,15-bargaining_tdl_main-153_1_3,LeftPartner,If I support you?,1787595799.2916281
z7x47k43,26,9wfi6uun,15-bargaining_tdl_main-153_1_3,RightPartner,I'm not sure yet,1787595800.064516
z7x47k43,23,nost7uvv,15-bargaining_tdl_main-152_1_3,RightPartner,"Yeah. Purple's my favorite color so probably going based on that, randomly, lol. ",1787595800.3242993
z7x47k43,6,pquv3bdn,15-bargaining_tdl_main-155_1_2,LeftPartner,"Yes, sure.",1787595803.0937753
z7x47k43,33,1s7uhihu,15-bargaining_tdl_main-151_1_3,LeftPartner,"So If i go ahead and support you, you will retun the favour?",1787595804.2963736
z7x47k43,35,omrquxm9,15-bargaining_tdl_main-153_1_2,RightPartner,"that's good, down to support each other",1787595807.5421903
z7x47k43,20,hrtdhj4t,15-bargaining_tdl_main-151_2_3,LeftPartner,i agree with you,1787595808.7801564
z7x47k43,9,yt4isgab,15-bargaining_tdl_main-151_1_3,RightPartner,yes,1787595808.9466631
z7x47k43,11,44mwnm0n,15-bargaining_tdl_main-155_1_2,RightPartner,"cool,proceed",1787595813.2335227
z7x47k43,37,jhrt14vo,15-bargaining_tdl_main-154_1_3,LeftPartner,Supporting one another is important.,1787595815.3936353
z7x47k43,26,9wfi6uun,15-bargaining_tdl_main-153_1_2,LeftPartner,Same,1787595815.989084
z7x47k43,33,1s7uhihu,15-bargaining_tdl_main-151_1_3,LeftPartner,Alright,1787595817.54367
z7x47k43,21,movo486z,15-bargaining_tdl_main-156_2_3,LeftPartner,so support each other each time?,1787595819.994859
z7x47k43,33,1s7uhihu,15-bargaining_tdl_main-151_2_3,RightPartner,Okay then,1787595824.2543387
z7x47k43,35,omrquxm9,15-bargaining_tdl_main-153_2_3,LeftPartner,ok perfect,1787595828.1813352
z7x47k43,15,5xmzu3pt,15-bargaining_tdl_main-154_1_3,RightPartner,yes but kanye specifically,1787595829.6405985
z7x47k43,45,dqujczqy,15-bargaining_tdl_main-152_1_3,LeftPartner,"lol, yeah",1787595831.6344955
z7x47k43,46,wagq9190,15-bargaining_tdl_main-153_1_3,LeftPartner,Ok,1787595833.880186
z7x47k43,44,zxuhsj24,15-bargaining_tdl_main-156_2_3,RightPartner,"Sure, sounds good",1787595833.8832746
z7x47k43,23,nost7uvv,15-bargaining_tdl_main-152_1_3,RightPartner,"I don't think I've come across another study on Prolific where there's no way to 'all work together' in some way, vs. having to play someone or at least try to be sneaky. Don't like it!",1787595837.3690236
z7x47k43,35,omrquxm9,15-bargaining_tdl_main-153_1_2,RightPartner,ok nice,1787595837.9036167
z7x47k43,21,movo486z,15-bargaining_tdl_main-156_1_2,RightPartner,so we just support each other each time?,1787595838.3977478
z7x47k43,15,5xmzu3pt,15-bargaining_tdl_main-154_1_3,RightPartner,do we support him,1787595838.4942946
z7x47k43,26,9wfi6uun,15-bargaining_tdl_main-153_1_3,RightPartner,How are you today>,1787595839.6488469
z7x47k43,37,jhrt14vo,15-bargaining_tdl_main-154_1_3,LeftPartner,Orange left the group.,1787595846.5324757
z7x47k43,4,qnsnq0g0,15-bargaining_tdl_main-156_1_3,RightPartner,since one can only get credit if someone support them. I suggest you pick on of the other to support.,1787595853.5910423
z7x47k43,15,5xmzu3pt,15-bargaining_tdl_main-154_1_3,RightPartner,okay but you are purple,1787595858.7213345
z7x47k43,23,nost7uvv,15-bargaining_tdl_main-152_1_3,RightPartner,"I think I'm gonna click out of the chat now, since apparently we can. Hope you have a good day, and good luck with all your studies/surveys!",1787595866.9492598
z7x47k43,45,dqujczqy,15-bargaining_tdl_main-152_1_3,LeftPartner,"Yeah, I think they want us all to get 0 bonus, too many ways to have that happen",1787595867.3557284
z7x47k43,37,jhrt14vo,15-bargaining_tdl_main-154_1_3,LeftPartner,Let us support each other.,1787595867.4946873
z7x47k43,4,qnsnq0g0,15-bargaining_tdl_main-156_1_2,LeftPartner,"pick on of the other color to support since that is only way to get credit. if no support, no one get credit.",1787595867.497954
z7x47k43,15,5xmzu3pt,15-bargaining_tdl_main-154_1_3,RightPartner,:(,1787595871.8508377
z7x47k43,45,dqujczqy,15-bargaining_tdl_main-152_1_3,LeftPartner,"you too, take care",1787595874.1559374
z7x47k43,4,qnsnq0g0,15-bargaining_tdl_main-156_1_2,LeftPartner,pick one of the other color,1787595882.7378466
z7x47k43,32,y2xw4l2p,15-bargaining_tdl_main-152_1_2,RightPartner,I guess we should just skip the rest of the chat time and try to make it as worth our while as possible.,1787595885.4129794
z7x47k43,21,movo486z,15-bargaining_tdl_main-156_1_2,RightPartner,k,1787595888.3909137
z7x47k43,28,j5lmblqz,15-bargaining_tdl_main-157_2_3,LeftPartner,I will support you if you support me,1787595918.4634871
z7x47k43,28,j5lmblqz,15-bargaining_tdl_main-157_1_2,RightPartner,I will support you if you support me,1787595919.788859
z7x47k43,52,37gtfo6b,15-bargaining_tdl_main-157_2_3,RightPartner,Good LUCK!,1787595919.8489199
z7x47k43,52,37gtfo6b,15-bargaining_tdl_main-157_1_3,LeftPartner,Good LUCK!,1787595921.0045998
z7x47k43,8,rc0zhnlb,15-bargaining_tdl_main-157_1_3,RightPartner,I’m Yellow. I’d like to support you if you’re willing to support me. That would give us $3 each. Let me know if you agree.,1787595926.0882785
z7x47k43,59,vtm8lc2n,15-bargaining_tdl_main-158_2_3,LeftPartner,Hello.,1787595937.3246408
z7x47k43,59,vtm8lc2n,15-bargaining_tdl_main-158_1_2,RightPartner,Hello.,1787595941.9052024
z7x47k43,8,rc0zhnlb,15-bargaining_tdl_main-157_1_2,LeftPartner,"I’m Yellow. I’m looking to coordinate a mutual-support pair. I can support you if you’re willing to support me, which would give us $3 each. Let me know what you prefer.",1787595949.4230974
z7x47k43,34,ihlrnwin,15-bargaining_tdl_main-158_1_2,LeftPartner,Hi,1787595959.081671
z7x47k43,34,ihlrnwin,15-bargaining_tdl_main-158_1_3,RightPartner,Hello,1787595962.7695138
z7x47k43,63,u9b9hyx8,15-bargaining_tdl_main-158_2_3,RightPartner,hi,1787595966.6860356
z7x47k43,59,vtm8lc2n,15-bargaining_tdl_main-158_1_2,RightPartner,What do you think we should do?,1787595967.4760697
z7x47k43,63,u9b9hyx8,15-bargaining_tdl_main-158_1_3,LeftPartner,hi,1787595971.1686835
z7x47k43,59,vtm8lc2n,15-bargaining_tdl_main-158_2_3,LeftPartner,What do you think we should do?,1787595973.268623
z7x47k43,34,ihlrnwin,15-bargaining_tdl_main-158_1_2,LeftPartner,Round Robin approach?,1787595978.2050722
z7x47k43,28,j5lmblqz,15-bargaining_tdl_main-157_1_2,RightPartner,That sounds fair yes,1787595980.5710242
z7x47k43,8,rc0zhnlb,15-bargaining_tdl_main-157_1_2,LeftPartner,Okay,1787595994.5243108
z7x47k43,28,j5lmblqz,15-bargaining_tdl_main-157_1_2,RightPartner,clicking next now,1787595997.2952235
z7x47k43,59,vtm8lc2n,15-bargaining_tdl_main-158_2_3,LeftPartner,I can support you if you want to support me.  Or do you have other thoughts?,1787595998.339742
z7x47k43,34,ihlrnwin,15-bargaining_tdl_main-158_1_2,LeftPartner,then we earn $0,1787596005.8918247
z7x47k43,8,rc0zhnlb,15-bargaining_tdl_main-157_1_2,LeftPartner,Me too,1787596007.4189937
z7x47k43,42,j688e6mz,15-bargaining_tdl_main-159_1_2,RightPartner,"Hi, I have no idea what to do",1787596008.3242567
z7x47k43,57,c7d116bd,15-bargaining_tdl_main-159_2_3,RightPartner,Helloo,1787596009.9220316
z7x47k43,57,c7d116bd,15-bargaining_tdl_main-159_1_3,LeftPartner,Helloo,1787596013.2959418
z7x47k43,42,j688e6mz,15-bargaining_tdl_main-159_2_3,LeftPartner,hi! i have no clue what to do,1787596016.1219556
z7x47k43,59,vtm8lc2n,15-bargaining_tdl_main-158_1_2,RightPartner,Ok. Hmm interesting.,1787596016.4992535
z7x47k43,57,c7d116bd,15-bargaining_tdl_main-159_2_3,RightPartner,LOL me neither ,1787596022.6529741
z7x47k43,59,vtm8lc2n,15-bargaining_tdl_main-158_2_3,LeftPartner,I'm open to ideas.,1787596028.629007
z7x47k43,42,j688e6mz,15-bargaining_tdl_main-159_2_3,LeftPartner,do you want to support me and Ill support you? ,1787596039.827129
z7x47k43,34,ihlrnwin,15-bargaining_tdl_main-158_1_2,LeftPartner,"we support each other and purple does no one, then we switch in the next round",1787596047.300999
z7x47k43,57,c7d116bd,15-bargaining_tdl_main-159_2_3,RightPartner,You got a deal ,1787596052.5221071
z7x47k43,34,ihlrnwin,15-bargaining_tdl_main-158_1_2,LeftPartner,"then we can do 3, 3, 0",1787596058.1833086
z7x47k43,34,ihlrnwin,15-bargaining_tdl_main-158_1_2,LeftPartner,and rotate?,1787596062.0056586
z7x47k43,42,j688e6mz,15-bargaining_tdl_main-159_2_3,LeftPartner,great! thanks,1787596065.5431404
z7x47k43,34,ihlrnwin,15-bargaining_tdl_main-158_1_3,RightPartner,strategy?,1787596067.213698
z7x47k43,59,vtm8lc2n,15-bargaining_tdl_main-158_1_2,RightPartner,Ok makes sense.,1787596086.291797
z7x47k43,63,u9b9hyx8,15-bargaining_tdl_main-158_2_3,RightPartner,I am ok with that,1787596106.5445895
z7x47k43,63,u9b9hyx8,15-bargaining_tdl_main-158_1_3,LeftPartner,what is yours ?,1787596118.013147
z7x47k43,59,vtm8lc2n,15-bargaining_tdl_main-158_1_2,RightPartner,"However, how will that exactly work in the right order.",1787596133.7940958
z7x47k43,34,ihlrnwin,15-bargaining_tdl_main-158_1_3,RightPartner,"orange and yellow will support each other, purple does no one. then next round purple and yellow support each other, and orange does none",1787596139.6494057
z7x47k43,63,u9b9hyx8,15-bargaining_tdl_main-158_2_3,RightPartner,both of them support each other ,1787596145.2991066
z7x47k43,34,ihlrnwin,15-bargaining_tdl_main-158_1_3,RightPartner,and then keep the rotation,1787596148.222745
z7x47k43,59,vtm8lc2n,15-bargaining_tdl_main-158_2_3,LeftPartner,Yes.  That's what I think too.,1787596156.213293
z7x47k43,62,3lpryohs,15-bargaining_tdl_main-160_1_3,RightPartner,hello,1787596166.9464192
z7x47k43,63,u9b9hyx8,15-bargaining_tdl_main-158_1_3,LeftPartner,I am ok with that,1787596168.2979178
z7x47k43,62,3lpryohs,15-bargaining_tdl_main-160_1_2,LeftPartner,hello,1787596169.3928492
z7x47k43,34,ihlrnwin,15-bargaining_tdl_main-158_1_2,LeftPartner,"purple none, then orange none, then yellow none....",1787596177.820911
z7x47k43,59,vtm8lc2n,15-bargaining_tdl_main-158_2_3,LeftPartner,Or we take turns.,1787596188.4812863
z7x47k43,71,byzlo71b,15-bargaining_tdl_main-160_2_3,RightPartner,Hello. How are you today?,1787596189.7969413
z7x47k43,34,ihlrnwin,15-bargaining_tdl_main-158_1_2,LeftPartner,how many rounds are there?,1787596190.7338715
z7x47k43,71,byzlo71b,15-bargaining_tdl_main-160_1_3,LeftPartner,Hey. How are you today,1787596194.7918506
z7x47k43,59,vtm8lc2n,15-bargaining_tdl_main-158_1_2,RightPartner,Im not sure.,1787596196.6237533
z7x47k43,34,ihlrnwin,15-bargaining_tdl_main-158_1_3,RightPartner,how many rounds are there?,1787596199.5334408
z7x47k43,62,3lpryohs,15-bargaining_tdl_main-160_1_3,RightPartner,"fine, you?",1787596199.7793634
z7x47k43,59,vtm8lc2n,15-bargaining_tdl_main-158_2_3,LeftPartner,Or just stick to the same each round?,1787596221.4617279
z7x47k43,71,byzlo71b,15-bargaining_tdl_main-160_1_3,LeftPartner,Doing well.  ,1787596223.7530956
z7x47k43,59,vtm8lc2n,15-bargaining_tdl_main-158_1_2,RightPartner,Was it 10?  I cant remember.,1787596228.4655685
z7x47k43,71,byzlo71b,15-bargaining_tdl_main-160_1_3,LeftPartner,Who are you thinking of supporting? ,1787596239.7141583
z7x47k43,60,g83ojb42,15-bargaining_tdl_main-161_1_3,RightPartner,"Hi, how's your day going?",1787596242.7467375
z7x47k43,60,g83ojb42,15-bargaining_tdl_main-161_1_2,LeftPartner,"Hi, how's your day going?",1787596253.2024589
z7x47k43,63,u9b9hyx8,15-bargaining_tdl_main-158_1_3,LeftPartner,I think one round,1787596255.2846863
z7x47k43,62,3lpryohs,15-bargaining_tdl_main-160_1_3,RightPartner,I tried talking with the other participant but they left the chat,1787596257.4369502
z7x47k43,62,3lpryohs,15-bargaining_tdl_main-160_1_3,RightPartner,Let's support each other,1787596263.4598508
z7x47k43,64,ney2scmk,15-bargaining_tdl_main-161_1_2,RightPartner,"Hi, good! How's yours going? ",1787596270.3217564
z7x47k43,71,byzlo71b,15-bargaining_tdl_main-160_1_3,LeftPartner,They left for me also. ,1787596272.2695625
z7x47k43,64,ney2scmk,15-bargaining_tdl_main-161_2_3,LeftPartner,Hey! How's it going? ,1787596276.2610652
z7x47k43,71,byzlo71b,15-bargaining_tdl_main-160_1_3,LeftPartner,Sounds good!  We support each other. ,1787596283.2028356
z7x47k43,34,ihlrnwin,15-bargaining_tdl_main-158_1_2,LeftPartner,i don't know..... ready?,1787596285.837313
z7x47k43,34,ihlrnwin,15-bargaining_tdl_main-158_1_3,RightPartner,i don't know.... ready?,1787596286.818621
z7x47k43,59,vtm8lc2n,15-bargaining_tdl_main-158_1_2,RightPartner,yep!,1787596290.2057354
z7x47k43,62,3lpryohs,15-bargaining_tdl_main-160_1_3,RightPartner,"Awesome, let's agree on it",1787596294.300652
z7x47k43,59,vtm8lc2n,15-bargaining_tdl_main-158_1_2,RightPartner,We will see how this goes.  ,1787596295.1250763
z7x47k43,63,u9b9hyx8,15-bargaining_tdl_main-158_2_3,RightPartner,we can take turns what about you,1787596299.8216305
z7x47k43,60,g83ojb42,15-bargaining_tdl_main-161_1_2,LeftPartner,It's going well.  ,1787596306.7777312
z7x47k43,59,vtm8lc2n,15-bargaining_tdl_main-158_2_3,LeftPartner,That's fine.,1787596309.528755
z7x47k43,62,3lpryohs,15-bargaining_tdl_main-160_1_3,RightPartner,I'm gonna leave the chat since we're done. Have a good day.,1787596315.8399417
z7x47k43,59,vtm8lc2n,15-bargaining_tdl_main-158_2_3,LeftPartner,How do you want to take turns?\,1787596316.1687016
z7x47k43,71,byzlo71b,15-bargaining_tdl_main-160_1_3,LeftPartner,Agreed. ,1787596320.6452153
z7x47k43,71,byzlo71b,15-bargaining_tdl_main-160_1_3,LeftPartner,Have a good day! ,1787596326.1858344
z7x47k43,65,noezx3az,15-bargaining_tdl_main-161_1_3,LeftPartner,Its going well. ,1787596326.725164
z7x47k43,60,g83ojb42,15-bargaining_tdl_main-161_1_2,LeftPartner,How's the weather where you are at?,1787596335.387655
z7x47k43,60,g83ojb42,15-bargaining_tdl_main-161_1_3,RightPartner,That's good. ,1787596343.0660224
z7x47k43,53,tiv6rv8w,15-bargaining_tdl_main-162_1_2,LeftPartner,HI I like the color purple so I am voting for purple,1787596352.6910024
z7x47k43,65,noezx3az,15-bargaining_tdl_main-161_2_3,RightPartner,It is going well. ,1787596366.9452257
z7x47k43,60,g83ojb42,15-bargaining_tdl_main-161_1_2,LeftPartner,It's 85 here for me.,1787596369.0381434
z7x47k43,59,vtm8lc2n,15-bargaining_tdl_main-158_2_3,LeftPartner,??,1787596379.1375823
z7x47k43,72,edd57p4i,15-bargaining_tdl_main-162_1_2,RightPartner,I like purple too.,1787596380.2104821
z7x47k43,63,u9b9hyx8,15-bargaining_tdl_main-158_2_3,RightPartner,we could rotate so everyone gets a chance,1787596383.879383
z7x47k43,60,g83ojb42,15-bargaining_tdl_main-161_1_3,RightPartner,How's the weather where you are at?,1787596385.729241
z7x47k43,59,vtm8lc2n,15-bargaining_tdl_main-158_2_3,LeftPartner,ok.,1787596388.376315
z7x47k43,65,noezx3az,15-bargaining_tdl_main-161_1_3,LeftPartner,I will support you during this if you do the same for me,1787596389.3944802
z7x47k43,60,g83ojb42,15-bargaining_tdl_main-161_1_3,RightPartner,Okay.,1787596411.512546
z7x47k43,64,ney2scmk,15-bargaining_tdl_main-161_1_2,RightPartner,It's 81 for me here! ,1787596416.4455137
z7x47k43,87,lsgi0t8m,15-bargaining_tdl_main-163_2_3,LeftPartner,hello?,1787596422.5434203
z7x47k43,60,g83ojb42,15-bargaining_tdl_main-161_1_2,LeftPartner,Okay.,1787596427.1824083
z7x47k43,96,z1nz4ed3,15-bargaining_tdl_main-163_2_3,RightPartner,"Hello orange, it looks like yellow already left",1787596429.5107486
z7x47k43,87,lsgi0t8m,15-bargaining_tdl_main-163_2_3,LeftPartner,"yeah, you want to suport each other?",1787596437.2744856
z7x47k43,96,z1nz4ed3,15-bargaining_tdl_main-163_2_3,RightPartner,I say we support each other so we each get $3!,1787596439.9415283
z7x47k43,64,ney2scmk,15-bargaining_tdl_main-161_1_2,RightPartner,Looks like the other participant left the chat,1787596440.8033123
z7x47k43,96,z1nz4ed3,15-bargaining_tdl_main-163_2_3,RightPartner,Yup!,1787596441.3519263
z7x47k43,87,lsgi0t8m,15-bargaining_tdl_main-163_2_3,LeftPartner,ok,1787596442.388858
z7x47k43,102,sue3wnt8,15-bargaining_tdl_main-164_1_2,LeftPartner,Hi there,1787596455.6323085
z7x47k43,104,awnos88v,15-bargaining_tdl_main-164_2_3,LeftPartner,I plan on supporting you because I like the color purple :),1787596455.8456862
z7x47k43,87,lsgi0t8m,15-bargaining_tdl_main-163_2_3,LeftPartner,I'm moving forward now,1787596456.2027733
z7x47k43,60,g83ojb42,15-bargaining_tdl_main-161_1_2,LeftPartner,I see that.,1787596458.2315962
z7x47k43,102,sue3wnt8,15-bargaining_tdl_main-164_1_3,RightPartner,Hi there!,1787596459.5585735
z7x47k43,104,awnos88v,15-bargaining_tdl_main-164_1_2,RightPartner,hello there :),1787596464.488636
z7x47k43,108,y6q3chv5,15-bargaining_tdl_main-164_1_3,LeftPartner,hello! Would you like to just both support each other?,1787596475.7398431
z7x47k43,102,sue3wnt8,15-bargaining_tdl_main-164_1_2,LeftPartner,How would you feel  about supporting each other?,1787596479.5107965
z7x47k43,104,awnos88v,15-bargaining_tdl_main-164_1_2,RightPartner,can we agree on supporting each other?,1787596480.6105025
z7x47k43,104,awnos88v,15-bargaining_tdl_main-164_1_2,RightPartner,sounds like a plan!,1787596486.5223954
z7x47k43,113,xx7kphnw,15-bargaining_tdl_main-165_1_3,LeftPartner,Do you want to each support one another?,1787596492.382333
z7x47k43,102,sue3wnt8,15-bargaining_tdl_main-164_1_2,LeftPartner,Great!,1787596495.9173996
z7x47k43,85,h3lvl8dq,15-bargaining_tdl_main-165_1_3,RightPartner,hey support me and I will support you back,1787596497.0548885
z7x47k43,108,y6q3chv5,15-bargaining_tdl_main-164_2_3,RightPartner,"oh how nice! sounds good, happy to support you back",1787596498.1548388
z7x47k43,113,xx7kphnw,15-bargaining_tdl_main-165_1_3,LeftPartner,I'll commit to that,1787596507.50864
z7x47k43,85,h3lvl8dq,15-bargaining_tdl_main-165_1_3,RightPartner,ok good deal,1787596513.7849176
z7x47k43,91,6lxzcjn4,15-bargaining_tdl_main-166_2_3,LeftPartner,Hello,1787596514.278681
z7x47k43,102,sue3wnt8,15-bargaining_tdl_main-164_1_3,RightPartner,"I have to be honest with  you, I just agreed to support the other participant. Don't want to  mislead you.",1787596515.5104852
z7x47k43,91,6lxzcjn4,15-bargaining_tdl_main-166_1_2,RightPartner,Hello,1787596518.6870034
z7x47k43,110,ekvt2kzw,15-bargaining_tdl_main-165_2_3,LeftPartner,I'm supporting Yellow,1787596522.8844023
z7x47k43,104,awnos88v,15-bargaining_tdl_main-164_1_2,RightPartner,do you want to do that for all rounds or were you planning on alternating with the other color?,1787596525.3704581
z7x47k43,131,gwnowf8s,15-bargaining_tdl_main-166_2_3,RightPartner,Hi there,1787596528.7996423
z7x47k43,83,aw2mp62c,15-bargaining_tdl_main-166_1_2,LeftPartner,Hey,1787596529.6976178
z7x47k43,110,ekvt2kzw,15-bargaining_tdl_main-165_1_2,RightPartner,I'm supporting you,1787596531.5351186
z7x47k43,85,h3lvl8dq,15-bargaining_tdl_main-165_1_2,LeftPartner,hello? do you want to support me? I will support you,1787596532.544337
z7x47k43,83,aw2mp62c,15-bargaining_tdl_main-166_1_3,RightPartner,Hey there,1787596534.8220475
z7x47k43,108,y6q3chv5,15-bargaining_tdl_main-164_1_3,LeftPartner,"oh ok, thanks for being honest!",1787596536.611309
z7x47k43,131,gwnowf8s,15-bargaining_tdl_main-166_1_3,LeftPartner,So what do you think is the best course of action here?,1787596537.3056157
z7x47k43,131,gwnowf8s,15-bargaining_tdl_main-166_2_3,RightPartner,I'm not sure our best bet here.,1787596543.433777
z7x47k43,85,h3lvl8dq,15-bargaining_tdl_main-165_1_2,LeftPartner,ok sounds good,1787596548.9739304
z7x47k43,91,6lxzcjn4,15-bargaining_tdl_main-166_2_3,LeftPartner,Same lol,1787596551.5243144
z7x47k43,82,bw9his50,15-bargaining_tdl_main-167_1_3,RightPartner,we can support eachother  orange left the chat,1787596552.1976762
z7x47k43,121,tsinilvy,15-bargaining_tdl_main-167_1_3,LeftPartner,agreed,1787596564.2509875
z7x47k43,91,6lxzcjn4,15-bargaining_tdl_main-166_1_2,RightPartner,What are you thinking about choosing?,1787596566.993445
z7x47k43,83,aw2mp62c,15-bargaining_tdl_main-166_1_3,RightPartner,Try to get someone to support you and support them back.,1787596575.621845
z7x47k43,75,hk7klyvu,15-bargaining_tdl_main-169_1_2,RightPartner,Hi! Who do you plan to support?,1787596580.3130975
z7x47k43,131,gwnowf8s,15-bargaining_tdl_main-166_2_3,RightPartner,"If we both support yellow and yellow supports you, I guess you can both earn $3. I'm ok losing out.",1787596590.2069414
z7x47k43,107,rhp1x3kb,15-bargaining_tdl_main-168_2_3,LeftPartner,What is your plan? I can support you if you support in return.,1787596592.6773398
z7x47k43,75,hk7klyvu,15-bargaining_tdl_main-169_2_3,LeftPartner,Hi! Who do you plan to support?,1787596596.2293131
z7x47k43,91,6lxzcjn4,15-bargaining_tdl_main-166_2_3,LeftPartner,Are you sure?,1787596608.468226
z7x47k43,83,aw2mp62c,15-bargaining_tdl_main-166_1_2,LeftPartner,"Not sure, it doesn't seem like there is any really solid choice.",1787596612.7841587
z7x47k43,131,gwnowf8s,15-bargaining_tdl_main-166_1_3,LeftPartner,"If orange and I support you, and you support orange, you'll both get the payout. I'm ok missing out. As long as I get the participant fee, I'm accepting.",1787596616.929842
z7x47k43,79,gr0xobay,15-bargaining_tdl_main-171_1_3,RightPartner,I'll support you,1787596617.574262
z7x47k43,101,684ezvnh,15-bargaining_tdl_main-170_1_2,RightPartner,"Hi, who are you planning on supporting?",1787596621.4167597
z7x47k43,79,gr0xobay,15-bargaining_tdl_main-171_1_2,LeftPartner,"I""ll support you",1787596622.2872999
z7x47k43,133,699sic5p,15-bargaining_tdl_main-169_1_3,LeftPartner,Hi. want to support each other so we can both get $3,1787596623.9805665
z7x47k43,88,twee52p4,15-bargaining_tdl_main-170_1_2,LeftPartner,I am not sure,1787596630.7665763
z7x47k43,122,uhfowsab,15-bargaining_tdl_main-168_2_3,RightPartner,I am purple I would like us to cordinate so that we increase the chances of winning.,1787596634.2472196
z7x47k43,124,mcd0kc4c,15-bargaining_tdl_main-171_1_3,LeftPartner,I'll  support you if you support me.,1787596634.7816665
z7x47k43,91,6lxzcjn4,15-bargaining_tdl_main-166_1_2,RightPartner,Do you want to support each other? Purple said they are okay with losing out but who knows if it's true,1787596636.9959362
z7x47k43,88,twee52p4,15-bargaining_tdl_main-170_1_2,LeftPartner,Who are you planning on supporting?,1787596643.1123385
z7x47k43,131,gwnowf8s,15-bargaining_tdl_main-166_2_3,RightPartner,Yes. As long as I get the participant fee. Makes me feel like I'm doing some bit of good in a mad mad world.,1787596643.2364554
z7x47k43,79,gr0xobay,15-bargaining_tdl_main-171_1_3,RightPartner,Yes! Let's do that! Thank you!,1787596645.0306284
z7x47k43,91,6lxzcjn4,15-bargaining_tdl_main-166_1_2,RightPartner,I guess only one way to find out lol,1787596653.7690392
z7x47k43,74,jclu1jjk,15-bargaining_tdl_main-169_1_3,RightPartner,"I would like to support you also, if you agree I will stick to the agreement.",1787596654.3342812
z7x47k43,124,mcd0kc4c,15-bargaining_tdl_main-171_1_3,LeftPartner,Got it,1787596655.8619995
z7x47k43,107,rhp1x3kb,15-bargaining_tdl_main-168_2_3,LeftPartner,Sounds good to me. ,1787596661.5987322
z7x47k43,83,aw2mp62c,15-bargaining_tdl_main-166_1_3,RightPartner,I see,1787596666.8344002
z7x47k43,101,684ezvnh,15-bargaining_tdl_main-170_1_2,RightPartner,"Purple left the chat before I could talk to them, so I'll support you.",1787596669.8590055
z7x47k43,122,uhfowsab,15-bargaining_tdl_main-168_2_3,RightPartner,yes i will support you,1787596671.1837587
z7x47k43,88,twee52p4,15-bargaining_tdl_main-170_1_2,LeftPartner,Okay sounds like a plan.,1787596680.4677384
z7x47k43,133,699sic5p,15-bargaining_tdl_main-169_1_3,LeftPartner,yes I agree. I'll support you too,1787596680.8293834
z7x47k43,74,jclu1jjk,15-bargaining_tdl_main-169_1_3,RightPartner,The other participant didn't leave any message so I would assume he will not support me so I will support you,1787596686.894019
z7x47k43,91,6lxzcjn4,15-bargaining_tdl_main-166_2_3,LeftPartner,Okay now I just have to see if Yellow follows through lol,1787596688.4775455
z7x47k43,101,684ezvnh,15-bargaining_tdl_main-170_1_2,RightPartner,Alright,1787596688.4897983
z7x47k43,83,aw2mp62c,15-bargaining_tdl_main-166_1_2,LeftPartner,"Yeah, i just got that same message from purple.",1787596690.6661553
z7x47k43,131,gwnowf8s,15-bargaining_tdl_main-166_1_3,LeftPartner,"You might think I'm being deceitful, but I assure you that's my plan.",1787596694.4519815
z7x47k43,122,uhfowsab,15-bargaining_tdl_main-168_2_3,RightPartner,Can we go on?,1787596694.702893
z7x47k43,107,rhp1x3kb,15-bargaining_tdl_main-168_2_3,LeftPartner,And I (Orange) will support you! Thank you!,1787596697.8795786
z7x47k43,88,twee52p4,15-bargaining_tdl_main-170_1_2,LeftPartner,If we leave chat can we start the experiment?,1787596700.4016943
z7x47k43,137,9jkffmo5,15-bargaining_tdl_main-172_1_3,LeftPartner,"Hi Yellow, I suggest we support each other so we can both earn $3. Are you willing to agree to that?",1787596714.9247062
z7x47k43,94,hnuqs1h7,15-bargaining_tdl_main-172_1_2,LeftPartner,How are you? I think I would like to make sure in the end everyone has a chance to make a bonus.,1787596715.6082456
z7x47k43,126,axy9o5ws,15-bargaining_tdl_main-172_1_2,RightPartner,"Hi, am orange and i plan to cordinate with yellow for mutual support. I just wanna be transparent",1787596719.7867217
z7x47k43,91,6lxzcjn4,15-bargaining_tdl_main-166_1_2,RightPartner,okay well hopefully Purple doesn't double cross us ,1787596720.3621545
z7x47k43,133,699sic5p,15-bargaining_tdl_main-169_1_3,LeftPartner,Sounds good I'll still with our agreement,1787596720.8039792
z7x47k43,137,9jkffmo5,15-bargaining_tdl_main-172_2_3,RightPartner,"Hi Orange, I’m looking to make a clear mutual-support agreement with one participant. Would you be willing to support me if I support you?",1787596722.858071
z7x47k43,74,jclu1jjk,15-bargaining_tdl_main-169_1_3,RightPartner,"I will go click ""Next"" now to proceed. Thanks",1787596724.397723
z7x47k43,76,9h6n9vpt,15-bargaining_tdl_main-173_1_3,RightPartner,Hello,1787596727.1471868
z7x47k43,76,9h6n9vpt,15-bargaining_tdl_main-173_1_2,LeftPartner,Hello,1787596727.8613882
z7x47k43,98,sh6f90l5,15-bargaining_tdl_main-173_1_2,RightPartner,Hey,1787596730.8577423
z7x47k43,98,sh6f90l5,15-bargaining_tdl_main-173_1_2,RightPartner,We should back eachother and just guarantee at least $3,1787596741.6339307
z7x47k43,131,gwnowf8s,15-bargaining_tdl_main-166_1_3,LeftPartner,"Just know this if you listen to me, and you bank the $3 that some complete random person from the internet selflessly helped 2 strangers. I'd rather do good than bad in this world.",1787596741.9815233
z7x47k43,98,sh6f90l5,15-bargaining_tdl_main-173_2_3,LeftPartner,Hey,1787596746.2332067
z7x47k43,131,gwnowf8s,15-bargaining_tdl_main-166_2_3,RightPartner,Seems a little skeptical.,1787596748.9278498
z7x47k43,76,9h6n9vpt,15-bargaining_tdl_main-173_1_2,LeftPartner,You think so?,1787596750.025825
z7x47k43,76,9h6n9vpt,15-bargaining_tdl_main-173_1_3,RightPartner,Hi!,1787596753.5828729
z7x47k43,94,hnuqs1h7,15-bargaining_tdl_main-172_1_2,LeftPartner,Yes that is good,1787596758.74198
z7x47k43,98,sh6f90l5,15-bargaining_tdl_main-173_1_2,RightPartner,Forget purple,1787596760.3633652
z7x47k43,98,sh6f90l5,15-bargaining_tdl_main-173_1_2,RightPartner,I am yellow til I die,1787596764.6347036
z7x47k43,83,aw2mp62c,15-bargaining_tdl_main-166_1_2,LeftPartner,Not really sure how they could if we chose each other.,1787596775.212244
z7x47k43,98,sh6f90l5,15-bargaining_tdl_main-173_2_3,LeftPartner,We should just back each other and just guarantee at least $3,1787596780.381213
z7x47k43,98,sh6f90l5,15-bargaining_tdl_main-173_2_3,LeftPartner,What do you say?,1787596784.6700065
z7x47k43,91,6lxzcjn4,15-bargaining_tdl_main-166_2_3,LeftPartner,yeah it's only a couple dollars so I'm not stressing either way lol,1787596785.2760277
z7x47k43,131,gwnowf8s,15-bargaining_tdl_main-166_2_3,RightPartner,"I mean at the end of the day I'd like to make more money than less, but to make $3 (or $6), I'd rather be honest, even to strangers.",1787596796.2608964
z7x47k43,139,xg9936ml,15-bargaining_tdl_main-173_2_3,RightPartner,Hey! Good to hear from you. How are you thinking about the support decision?,1787596799.5262272
z7x47k43,91,6lxzcjn4,15-bargaining_tdl_main-166_1_2,RightPartner,okay I'm going to click on next and choose you,1787596806.9583778
z7x47k43,91,6lxzcjn4,15-bargaining_tdl_main-166_1_2,RightPartner,bye,1787596813.3808346
z7x47k43,83,aw2mp62c,15-bargaining_tdl_main-166_1_2,LeftPartner,Okay.,1787596814.9046795
z7x47k43,127,tlmevfsi,15-bargaining_tdl_main-174_1_2,LeftPartner,Hey how are you today? What is the plan here to maximize both of out earnings?,1787596819.2834232
z7x47k43,83,aw2mp62c,15-bargaining_tdl_main-166_1_2,LeftPartner,bye,1787596819.5647776
z7x47k43,98,sh6f90l5,15-bargaining_tdl_main-173_2_3,LeftPartner,I will backyou if you back me and we are guaranteed at least $3,1787596820.1427488
z7x47k43,94,hnuqs1h7,15-bargaining_tdl_main-172_1_2,LeftPartner,"I tried to talk to purple, but they have already left the chat",1787596821.8051815
z7x47k43,131,gwnowf8s,15-bargaining_tdl_main-166_1_3,LeftPartner,But it is your call. I'm ready to move onward when you folks are.,1787596824.0084822
z7x47k43,98,sh6f90l5,15-bargaining_tdl_main-173_2_3,LeftPartner,What do you say?,1787596824.586189
z7x47k43,91,6lxzcjn4,15-bargaining_tdl_main-166_2_3,LeftPartner,yeah I'm going to click on next. bye!,1787596830.1131845
z7x47k43,131,gwnowf8s,15-bargaining_tdl_main-166_2_3,RightPartner,I'm ready to move on whenver you are.,1787596832.8737757
z7x47k43,126,axy9o5ws,15-bargaining_tdl_main-172_1_2,RightPartner,"Great, thank you I ll support please support me as well. so we both earn $3",1787596836.6020274
z7x47k43,149,zhy79bol,15-bargaining_tdl_main-175_1_3,LeftPartner,hi! :),1787596840.474058
z7x47k43,139,xg9936ml,15-bargaining_tdl_main-173_2_3,RightPartner,I’m willing to support you if you support me. That guarantees $3 for both of us.,1787596843.6058414
z7x47k43,149,zhy79bol,15-bargaining_tdl_main-175_2_3,RightPartner,hi! :),1787596844.4081423
z7x47k43,94,hnuqs1h7,15-bargaining_tdl_main-172_1_2,LeftPartner,Gotchat,1787596844.7585986
z7x47k43,94,hnuqs1h7,15-bargaining_tdl_main-172_1_2,LeftPartner,Gotcha,1787596848.6052885
z7x47k43,98,sh6f90l5,15-bargaining_tdl_main-173_2_3,LeftPartner,Let's do it!#,1787596849.9207475
z7x47k43,128,0c01ndgv,15-bargaining_tdl_main-175_1_3,RightPartner,hello! :),1787596851.105363
z7x47k43,127,tlmevfsi,15-bargaining_tdl_main-174_1_3,RightPartner,"Hi, how do we go about things to maximize our earnings? I will vote for you. You vote for me?",1787596853.5919192
z7x47k43,128,0c01ndgv,15-bargaining_tdl_main-175_1_2,LeftPartner,Hello,1787596855.5566697
z7x47k43,147,aotcrhbc,15-bargaining_tdl_main-175_2_3,LeftPartner,hi purple!,1787596856.6326635
z7x47k43,147,aotcrhbc,15-bargaining_tdl_main-175_1_2,RightPartner,hi yellow!,1787596863.62603
z7x47k43,127,tlmevfsi,15-bargaining_tdl_main-174_1_2,LeftPartner,Our*,1787596871.1121347
z7x47k43,144,y6s0d6gd,15-bargaining_tdl_main-174_1_3,LeftPartner,That works for me!,1787596871.2771757
z7x47k43,149,zhy79bol,15-bargaining_tdl_main-175_1_3,LeftPartner,"this is an interesting experiment, ive never done one like this",1787596874.205851
z7x47k43,128,0c01ndgv,15-bargaining_tdl_main-175_1_2,LeftPartner,How are you?,1787596874.9287596
z7x47k43,149,zhy79bol,15-bargaining_tdl_main-175_2_3,RightPartner,"this is an interesting experiment, ive never done one like this",1787596881.9251785
z7x47k43,147,aotcrhbc,15-bargaining_tdl_main-175_1_2,RightPartner,good thanks! and you?,1787596886.118309
z7x47k43,128,0c01ndgv,15-bargaining_tdl_main-175_1_3,RightPartner,Same! I have never done this before either. Very interesting!,1787596893.6649806
z7x47k43,136,6vfque6o,15-bargaining_tdl_main-174_1_2,RightPartner,"if 2 people agree to support each other, then those 2 receive  $3, correct?",1787596897.873588
z7x47k43,143,p81trk5b,15-bargaining_tdl_main-176_1_2,RightPartner,hi,1787596898.234164
z7x47k43,78,qp9o7pci,15-bargaining_tdl_main-176_1_2,LeftPartner,Hello,1787596902.5874019
z7x47k43,148,a3ojiz1j,15-bargaining_tdl_main-176_1_3,LeftPartner,hello,1787596906.0744658
z7x47k43,147,aotcrhbc,15-bargaining_tdl_main-175_2_3,LeftPartner,me too... how's it going?,1787596907.0233536
z7x47k43,78,qp9o7pci,15-bargaining_tdl_main-176_1_3,RightPartner,Hello,1787596907.9242501
z7x47k43,148,a3ojiz1j,15-bargaining_tdl_main-176_2_3,RightPartner,hello,1787596910.5746953
z7x47k43,128,0c01ndgv,15-bargaining_tdl_main-175_1_2,LeftPartner,I'm doing well thanks! Interesting study!,1787596912.5315356
z7x47k43,143,p81trk5b,15-bargaining_tdl_main-176_1_2,RightPartner,Would you like to support me? I will support you.,1787596914.6190946
z7x47k43,149,zhy79bol,15-bargaining_tdl_main-175_1_3,LeftPartner,id love to hear your thoughts on how we should approach this!,1787596917.5187745
z7x47k43,78,qp9o7pci,15-bargaining_tdl_main-176_1_3,RightPartner,What are your thoughts?,1787596918.56319
z7x47k43,147,aotcrhbc,15-bargaining_tdl_main-175_1_2,RightPartner,this is a first for me!,1787596920.7892685
z7x47k43,143,p81trk5b,15-bargaining_tdl_main-176_2_3,LeftPartner,hi there. Would you like to support each other?,1787596926.947579
z7x47k43,149,zhy79bol,15-bargaining_tdl_main-175_2_3,RightPartner,"not too bad, slow day for studies today. how about you?",1787596933.5722003
z7x47k43,148,a3ojiz1j,15-bargaining_tdl_main-176_1_3,LeftPartner,did you understand the instructions? I think i got it,1787596935.5504022
z7x47k43,127,tlmevfsi,15-bargaining_tdl_main-174_1_2,LeftPartner,Yes so it would be $3 each time we vote for each other ,1787596942.967913
z7x47k43,148,a3ojiz1j,15-bargaining_tdl_main-176_2_3,RightPartner,Sure!,1787596944.0361345
z7x47k43,78,qp9o7pci,15-bargaining_tdl_main-176_1_2,LeftPartner,Sure. What are your thoughts?,1787596946.4952307
z7x47k43,128,0c01ndgv,15-bargaining_tdl_main-175_1_3,RightPartner,"Well! It's interesting, I think we should all earn something. What do you think?",1787596962.6160939
z7x47k43,143,p81trk5b,15-bargaining_tdl_main-176_1_2,RightPartner,I think we should support each other and collect a bonus,1787596968.2762654
z7x47k43,149,zhy79bol,15-bargaining_tdl_main-175_1_3,LeftPartner,for sure!,1787596969.6305099
z7x47k43,149,zhy79bol,15-bargaining_tdl_main-175_1_3,LeftPartner,idk about you but orange left the chat for me,1787596973.6698577
z7x47k43,143,p81trk5b,15-bargaining_tdl_main-176_2_3,LeftPartner,That way we could get the bonus,1787596978.86503
z7x47k43,154,9kpottoj,15-bargaining_tdl_main-177_2_3,RightPartner,Hello,1787596981.059967
z7x47k43,148,a3ojiz1j,15-bargaining_tdl_main-176_1_3,LeftPartner,should we support each other?,1787596981.159441
z7x47k43,154,9kpottoj,15-bargaining_tdl_main-177_1_3,LeftPartner,Hi,1787596984.040865
z7x47k43,128,0c01ndgv,15-bargaining_tdl_main-175_1_3,RightPartner,Same here also,1787596984.4620347
z7x47k43,127,tlmevfsi,15-bargaining_tdl_main-174_1_2,LeftPartner,If not there are many ways the purple participate plus our decisions can cause us to earn $0.,1787596987.7088788
z7x47k43,153,jgrxkj80,15-bargaining_tdl_main-177_1_2,RightPartner,You support me I'll support you,1787596989.2605095
z7x47k43,153,jgrxkj80,15-bargaining_tdl_main-177_2_3,LeftPartner,You support me I'll support you,1787596990.0240183
z7x47k43,78,qp9o7pci,15-bargaining_tdl_main-176_1_3,RightPartner,We could. ,1787596992.572826
z7x47k43,149,zhy79bol,15-bargaining_tdl_main-175_1_3,LeftPartner,how about we both support each other then since we cant rely on orange?,1787596994.9299328
z7x47k43,154,9kpottoj,15-bargaining_tdl_main-177_2_3,RightPartner,Ok,1787596997.7715921
z7x47k43,148,a3ojiz1j,15-bargaining_tdl_main-176_2_3,RightPartner,"sounds good, the other guy doesn't sound convinced",1787597003.7114985
z7x47k43,136,6vfque6o,15-bargaining_tdl_main-174_1_2,RightPartner, I'll vote for you if you vote for me?,1787597004.078396
z7x47k43,128,0c01ndgv,15-bargaining_tdl_main-175_1_3,RightPartner,That sounds good to me!,1787597007.3410993
z7x47k43,78,qp9o7pci,15-bargaining_tdl_main-176_1_2,LeftPartner,I am good with that but how do I know if you are just saying this to the other color?,1787597019.0668964
z7x47k43,149,zhy79bol,15-bargaining_tdl_main-175_1_3,LeftPartner,we both get nothing if we dont cooperate so this is our best bet,1787597021.0994282
z7x47k43,148,a3ojiz1j,15-bargaining_tdl_main-176_1_3,LeftPartner,sounds like you are not in.,1787597021.9033654
z7x47k43,149,zhy79bol,15-bargaining_tdl_main-175_1_3,LeftPartner,alright cheers :),1787597023.5434425
z7x47k43,143,p81trk5b,15-bargaining_tdl_main-176_2_3,LeftPartner,convinced? of what?,1787597026.9372082
z7x47k43,127,tlmevfsi,15-bargaining_tdl_main-174_1_2,LeftPartner,it's a deal!,1787597034.9671233
z7x47k43,78,qp9o7pci,15-bargaining_tdl_main-176_1_3,RightPartner,How will I know you are not just saying the same thing to the other participant?,1787597040.27016
z7x47k43,143,p81trk5b,15-bargaining_tdl_main-176_1_2,RightPartner,I guess you don't,1787597041.6437554
z7x47k43,128,0c01ndgv,15-bargaining_tdl_main-175_1_3,RightPartner,Yes! Definitely! Bye now.. see you in there,1787597042.0174606
z7x47k43,149,zhy79bol,15-bargaining_tdl_main-175_1_3,LeftPartner,alright see you!,1787597047.4369724
z7x47k43,148,a3ojiz1j,15-bargaining_tdl_main-176_2_3,RightPartner,"his reply was not as solid as yours, which makes me think he is already thinking of betrayal",1787597049.1460469
z7x47k43,127,tlmevfsi,15-bargaining_tdl_main-174_1_2,LeftPartner,Let's go ,1787597058.3220763
z7x47k43,136,6vfque6o,15-bargaining_tdl_main-174_1_2,RightPartner,Perfect! :) lets go,1787597065.6047065
z7x47k43,143,p81trk5b,15-bargaining_tdl_main-176_1_2,RightPartner,I'm only interested if you agree to do it,1787597069.618705
z7x47k43,148,a3ojiz1j,15-bargaining_tdl_main-176_1_3,LeftPartner,"we don't, thats why its all about trust i think.",1787597077.085571
z7x47k43,78,qp9o7pci,15-bargaining_tdl_main-176_1_3,RightPartner,"I intend to support you, if you support me.",1787597098.5085552
z7x47k43,78,qp9o7pci,15-bargaining_tdl_main-176_1_3,RightPartner,We both get $3,1787597107.5203216
z7x47k43,148,a3ojiz1j,15-bargaining_tdl_main-176_1_3,LeftPartner,"ok, done. I could use $3",1787597116.0480132
z7x47k43,141,81vx3ufs,15-bargaining_tdl_main-178_1_3,RightPartner,hi,1787597122.2569864
z7x47k43,141,81vx3ufs,15-bargaining_tdl_main-178_1_2,LeftPartner,hi,1787597124.5816813
z7x47k43,155,qd3leywr,15-bargaining_tdl_main-178_1_2,RightPartner,"idk how many rounds of this we are able to do chat wise, but do you want to support purple first, then no one then me?",1787597143.9692342
z7x47k43,163,xt0zkz7r,15-bargaining_tdl_main-178_1_3,LeftPartner,Hey! let be fair with each other! $3 each,1787597144.0497403
z7x47k43,163,xt0zkz7r,15-bargaining_tdl_main-178_2_3,RightPartner,Hey! Lets me be fair.. $3 each,1787597164.4436615
z7x47k43,141,81vx3ufs,15-bargaining_tdl_main-178_1_3,RightPartner,"Sure, do would I support you and then you support me?",1787597175.464937
z7x47k43,163,xt0zkz7r,15-bargaining_tdl_main-178_1_3,LeftPartner,yes! ,1787597188.0728843
z7x47k43,155,qd3leywr,15-bargaining_tdl_main-178_2_3,LeftPartner,"idk how many rounds of chat we have but do you want to support no one first, then purple, then me? wed get 6$",1787597191.1520185
z7x47k43,141,81vx3ufs,15-bargaining_tdl_main-178_1_2,LeftPartner,That is fine,1787597191.9975073
z7x47k43,163,xt0zkz7r,15-bargaining_tdl_main-178_2_3,RightPartner,I say we all win and get the even amount,1787597212.5742493
z7x47k43,155,qd3leywr,15-bargaining_tdl_main-178_1_2,RightPartner,okay,1787597216.1673312
z7x47k43,155,qd3leywr,15-bargaining_tdl_main-178_2_3,LeftPartner,okay so who do you want to support first? walk me through your plan so i can relay and we can all be on the same page,1787597240.695761
z7x47k43,162,gnfnewf0,15-bargaining_tdl_main-179_2_3,RightPartner,hello,1787597244.394724
z7x47k43,141,81vx3ufs,15-bargaining_tdl_main-178_1_2,LeftPartner,"So I support purple and you? Or do I support purple, purple supports me?",1787597246.7176607
z7x47k43,162,gnfnewf0,15-bargaining_tdl_main-179_1_3,LeftPartner,hey,1787597251.0692046
z7x47k43,158,01zmfbgd,15-bargaining_tdl_main-179_1_3,RightPartner,Hello,1787597261.6121066
z7x47k43,155,qd3leywr,15-bargaining_tdl_main-178_1_2,RightPartner,purple wants us to get 3 each time so waiting on them to relay to me how they want to do it ,1787597271.0623748
z7x47k43,160,uug76d9n,15-bargaining_tdl_main-179_2_3,LeftPartner,I’m good with mutual support if you want to pair up. If we support each other we both get 3.,1787597276.3438718
z7x47k43,160,uug76d9n,15-bargaining_tdl_main-179_1_2,RightPartner,I’m good with mutual support if you want to pair up. If we support each other we both get 3.,1787597277.551563
z7x47k43,163,xt0zkz7r,15-bargaining_tdl_main-178_2_3,RightPartner,we suposrt each other then rotate?,1787597293.8189483
z7x47k43,162,gnfnewf0,15-bargaining_tdl_main-179_2_3,RightPartner,yeah let's do that. thank you for cooperating,1787597301.3901138
z7x47k43,155,qd3leywr,15-bargaining_tdl_main-178_2_3,LeftPartner,starting with who and going to who next?,1787597323.3815045
z7x47k43,185,dhll40pr,15-bargaining_tdl_main-181_1_3,LeftPartner,hi,1787597323.8196104
z7x47k43,185,dhll40pr,15-bargaining_tdl_main-181_2_3,RightPartner,hi,1787597330.8537126
z7x47k43,158,01zmfbgd,15-bargaining_tdl_main-179_1_2,LeftPartner,"That sounds simple enough to me, I will support you. the other person isn't saying anything so far so not sure what they will do. ",1787597336.1327107
z7x47k43,212,yhi5p7hg,15-bargaining_tdl_main-180_2_3,RightPartner,Hi,1787597337.6290207
z7x47k43,212,yhi5p7hg,15-bargaining_tdl_main-180_1_3,LeftPartner,Hi,1787597340.6535323
z7x47k43,172,utnm8bch,15-bargaining_tdl_main-180_1_3,RightPartner,Hello,1787597346.4621162
z7x47k43,167,uatvopfw,15-bargaining_tdl_main-182_1_2,LeftPartner,Hi,1787597352.546396
z7x47k43,155,qd3leywr,15-bargaining_tdl_main-178_1_2,RightPartner,"i was thinking wed both pick purple first round then, second round youd pick no one - we would support you, and then 3rd round you and purple would support me",1787597356.2661922
z7x47k43,167,uatvopfw,15-bargaining_tdl_main-182_1_3,RightPartner,Hi,1787597356.7951827
z7x47k43,163,xt0zkz7r,15-bargaining_tdl_main-178_2_3,RightPartner,3 way split and see how it plays out,1787597358.2132347
z7x47k43,180,rzy9by77,15-bargaining_tdl_main-182_1_2,RightPartner,Hi,1787597359.061561
z7x47k43,180,rzy9by77,15-bargaining_tdl_main-182_2_3,LeftPartner,Hi,1787597362.3738494
z7x47k43,196,5inbfbe5,15-bargaining_tdl_main-182_2_3,RightPartner,Hi Orange! Would you like to support each other so we can get $3 out of this?,1787597366.219842
z7x47k43,212,yhi5p7hg,15-bargaining_tdl_main-180_1_3,LeftPartner,Not sure how I can convince you but it would be great if we can support each other,1787597366.9829419
z7x47k43,141,81vx3ufs,15-bargaining_tdl_main-178_1_2,LeftPartner,ok,1787597372.4051425
z7x47k43,196,5inbfbe5,15-bargaining_tdl_main-182_1_3,LeftPartner,"Hi, how are you?",1787597373.593136
z7x47k43,163,xt0zkz7r,15-bargaining_tdl_main-178_1_3,LeftPartner,$3 each so lets lock in,1787597381.5935442
z7x47k43,160,uug76d9n,15-bargaining_tdl_main-179_1_2,RightPartner,they said the same thing :),1787597383.56871
z7x47k43,167,uatvopfw,15-bargaining_tdl_main-182_1_3,RightPartner,"Good, how about you?",1787597384.820521
z7x47k43,180,rzy9by77,15-bargaining_tdl_main-182_2_3,LeftPartner,Sounds good to me!,1787597384.9261932
z7x47k43,141,81vx3ufs,15-bargaining_tdl_main-178_1_3,RightPartner,ok,1787597391.1139662
z7x47k43,196,5inbfbe5,15-bargaining_tdl_main-182_2_3,RightPartner,"Great, good working with you.",1787597395.5174932
z7x47k43,167,uatvopfw,15-bargaining_tdl_main-182_1_2,LeftPartner,What do you think of this game?,1787597396.440091
z7x47k43,176,syxi80l6,15-bargaining_tdl_main-180_1_2,RightPartner,"Hi, I suggest we keep it simple: I support nobody, and you support me. If Purple does the same, I get $6. Hopefully this works for everyone.",1787597400.3390296
z7x47k43,187,a88zz1lk,15-bargaining_tdl_main-183_2_3,LeftPartner,hello,1787597401.3526442
z7x47k43,196,5inbfbe5,15-bargaining_tdl_main-182_1_3,LeftPartner,Good.,1787597401.772942
z7x47k43,172,utnm8bch,15-bargaining_tdl_main-180_1_3,RightPartner,"Okay sure.  Purple is my favorite color anyway, so why not haha",1787597402.4791398
z7x47k43,187,a88zz1lk,15-bargaining_tdl_main-183_1_2,RightPartner,hello,1787597407.1030288
z7x47k43,204,jl1reon8,15-bargaining_tdl_main-183_2_3,RightPartner,hello!,1787597407.1155734
z7x47k43,160,uug76d9n,15-bargaining_tdl_main-179_1_2,RightPartner,"they are OK with mutual support. So, we are good to go",1787597410.7819893
z7x47k43,180,rzy9by77,15-bargaining_tdl_main-182_1_2,RightPartner,Wanna support each other and get an easy $3 from it?,1787597412.118944
z7x47k43,204,jl1reon8,15-bargaining_tdl_main-183_1_3,LeftPartner,hello!,1787597412.4103422
z7x47k43,212,yhi5p7hg,15-bargaining_tdl_main-180_1_3,LeftPartner,"that's great, thank you!",1787597414.270308
z7x47k43,158,01zmfbgd,15-bargaining_tdl_main-179_1_2,LeftPartner,"They left chat for me, do you trust them?",1787597420.7858584
z7x47k43,187,a88zz1lk,15-bargaining_tdl_main-183_2_3,LeftPartner,what are you up to today?,1787597423.0433233
z7x47k43,167,uatvopfw,15-bargaining_tdl_main-182_1_2,LeftPartner,Sure sounds good,1787597428.9163442
z7x47k43,155,qd3leywr,15-bargaining_tdl_main-178_2_3,LeftPartner,"yellow is on board with supporting you first, you'd pick no one, then second round we would support yellow, 3rd round you two would support me ",1787597432.1882105
z7x47k43,211,zah9beg7,15-bargaining_tdl_main-184_1_3,LeftPartner,hello,1787597436.3360512
z7x47k43,172,utnm8bch,15-bargaining_tdl_main-180_1_2,LeftPartner,oh sorry I already agreed to support purple,1787597437.9196632
z7x47k43,211,zah9beg7,15-bargaining_tdl_main-184_2_3,RightPartner,hello,1787597440.3792446
z7x47k43,180,rzy9by77,15-bargaining_tdl_main-182_1_2,RightPartner,Awesome!,1787597444.6965415
z7x47k43,208,be0ami68,15-bargaining_tdl_main-184_2_3,LeftPartner,Hi,1787597445.885099
z7x47k43,204,jl1reon8,15-bargaining_tdl_main-183_2_3,RightPartner,"i have the day off from work, so i only need to run a few errands",1787597448.447579
z7x47k43,204,jl1reon8,15-bargaining_tdl_main-183_2_3,RightPartner,you?,1787597449.9334962
z7x47k43,208,be0ami68,15-bargaining_tdl_main-184_1_2,RightPartner,Hi,1787597468.556363
z7x47k43,208,be0ami68,15-bargaining_tdl_main-184_1_2,RightPartner,Want to coordinate?,1787597479.8917923
z7x47k43,187,a88zz1lk,15-bargaining_tdl_main-183_2_3,LeftPartner,nice.  I'm working from home part time. what area are you in?,1787597481.2434707
z7x47k43,184,uypy14rz,15-bargaining_tdl_main-184_1_2,LeftPartner,yes,1787597487.094289
z7x47k43,220,jl4cg28o,15-bargaining_tdl_main-185_2_3,RightPartner,Hi! Do you want to support each other?,1787597502.8389878
z7x47k43,160,uug76d9n,15-bargaining_tdl_main-179_1_2,RightPartner,This is what they said:yeah let's do that. thank you for cooperating,1787597504.597325
z7x47k43,208,be0ami68,15-bargaining_tdl_main-184_1_2,RightPartner,"I am planning to support purple, soyou could support no one",1787597510.586677
z7x47k43,159,ktyrnmqq,15-bargaining_tdl_main-185_1_2,LeftPartner,i want us to benefit from these ,1787597516.9793704
z7x47k43,160,uug76d9n,15-bargaining_tdl_main-179_1_2,RightPartner,"So, let's go to the next step. ",1787597521.3420076
z7x47k43,158,01zmfbgd,15-bargaining_tdl_main-179_1_2,LeftPartner,okay deal,1787597521.346198
z7x47k43,160,uug76d9n,15-bargaining_tdl_main-179_1_2,RightPartner,"Perfect, thank you",1787597530.6703706
z7x47k43,205,i25d9l2i,15-bargaining_tdl_main-186_2_3,LeftPartner,do you have any plan on how to pick who to support?,1787597535.9223247
z7x47k43,217,6sflpkrl,15-bargaining_tdl_main-186_2_3,RightPartner,i do not ,1787597543.5159452
z7x47k43,184,uypy14rz,15-bargaining_tdl_main-184_1_2,LeftPartner,purple left the chat,1787597544.8957684
z7x47k43,204,jl1reon8,15-bargaining_tdl_main-183_2_3,RightPartner,"ah working from home seems nice but i think id be too comfortable and wouldnt be productive enough lol. im in Texas, what about you?",1787597547.535365
z7x47k43,205,i25d9l2i,15-bargaining_tdl_main-186_1_2,RightPartner,do you have a plan on how to pick who to support?,1787597547.644064
z7x47k43,159,ktyrnmqq,15-bargaining_tdl_main-185_1_3,RightPartner,i want us both to benefit from these so you support me and i will support you too,1787597549.4545753
z7x47k43,220,jl4cg28o,15-bargaining_tdl_main-185_1_3,LeftPartner,Ok sounds good! I will,1787597559.4502325
z7x47k43,205,i25d9l2i,15-bargaining_tdl_main-186_2_3,LeftPartner,"same. in that case, i'd love to have your support.",1787597561.5162551
z7x47k43,217,6sflpkrl,15-bargaining_tdl_main-186_1_3,LeftPartner,who do you plan on supporting,1787597563.5169835
z7x47k43,187,a88zz1lk,15-bargaining_tdl_main-183_2_3,LeftPartner,"haha.. i have those days! I'm in Houston, actually",1787597564.4179518
z7x47k43,188,63flmjqm,15-bargaining_tdl_main-186_1_2,LeftPartner,not really can you give an idea,1787597577.6760128
z7x47k43,217,6sflpkrl,15-bargaining_tdl_main-186_2_3,RightPartner,if you support me i will support you,1787597577.9914382
z7x47k43,208,be0ami68,15-bargaining_tdl_main-184_1_2,RightPartner,Let's suport each other,1787597579.6346111
z7x47k43,187,a88zz1lk,15-bargaining_tdl_main-183_2_3,LeftPartner,It looks like our other participant left,1787597588.6375196
z7x47k43,204,jl1reon8,15-bargaining_tdl_main-183_2_3,RightPartner,no way! im in Pasadena,1787597595.3381753
z7x47k43,234,re2pclr5,15-bargaining_tdl_main-188_2_3,RightPartner,Hi!,1787597600.3569736
z7x47k43,204,jl1reon8,15-bargaining_tdl_main-183_2_3,RightPartner,"yeah, i saw that too",1787597600.814421
z7x47k43,234,re2pclr5,15-bargaining_tdl_main-188_1_3,LeftPartner,Hi!,1787597603.0968778
z7x47k43,205,i25d9l2i,15-bargaining_tdl_main-186_2_3,LeftPartner,deal,1787597603.2694354
z7x47k43,228,366sq004,15-bargaining_tdl_main-188_2_3,LeftPartner,Hello! ,1787597604.078216
z7x47k43,193,n88ov6cf,15-bargaining_tdl_main-187_1_3,RightPartner,Hi,1787597607.3926117
z7x47k43,222,s0ivmn75,15-bargaining_tdl_main-187_1_3,LeftPartner,Hiii,1787597612.2178326
z7x47k43,221,g1qhu882,15-bargaining_tdl_main-187_2_3,LeftPartner,HI there - what are you thinking?,1787597612.6976495
z7x47k43,228,366sq004,15-bargaining_tdl_main-188_1_2,RightPartner,Hello!,1787597612.9390824
z7x47k43,186,hx8v6vei,15-bargaining_tdl_main-188_1_3,RightPartner,Hi. How do you feel about Orange?,1787597618.8403058
z7x47k43,187,a88zz1lk,15-bargaining_tdl_main-183_2_3,LeftPartner,"what? lol i'm in Galena Park, lol",1787597620.980786
z7x47k43,228,366sq004,15-bargaining_tdl_main-188_2_3,LeftPartner,"I'm waiting for a response from yellow, have you gotten one yet?",1787597621.1860578
z7x47k43,222,s0ivmn75,15-bargaining_tdl_main-187_2_3,RightPartner,Hello I'm not sure,1787597622.5924106
z7x47k43,221,g1qhu882,15-bargaining_tdl_main-187_1_2,RightPartner,HI there what are you thinking?,1787597627.4567735
z7x47k43,204,jl1reon8,15-bargaining_tdl_main-183_2_3,RightPartner,no way lol,1787597627.711941
z7x47k43,234,re2pclr5,15-bargaining_tdl_main-188_1_3,LeftPartner,Indifferent?,1787597628.6495132
z7x47k43,188,63flmjqm,15-bargaining_tdl_main-186_1_3,RightPartner,i have no idea whoever comes first i am good with it,1787597630.2329004
z7x47k43,186,hx8v6vei,15-bargaining_tdl_main-188_1_2,LeftPartner,Hi! How do you feel about Purple?,1787597631.0404985
z7x47k43,222,s0ivmn75,15-bargaining_tdl_main-187_2_3,RightPartner,Wanna support eachother?,1787597631.711059
z7x47k43,187,a88zz1lk,15-bargaining_tdl_main-183_2_3,LeftPartner,hi neighbor! lol,1787597632.7268345
z7x47k43,234,re2pclr5,15-bargaining_tdl_main-188_2_3,RightPartner,"Yes, just got a hi",1787597635.7924907
z7x47k43,228,366sq004,15-bargaining_tdl_main-188_2_3,LeftPartner,Just got one from Yellow ,1787597637.4496126
z7x47k43,204,jl1reon8,15-bargaining_tdl_main-183_2_3,RightPartner,i didnt realize these were region matched ,1787597639.0978563
z7x47k43,204,jl1reon8,15-bargaining_tdl_main-183_2_3,RightPartner,hi!! ,1787597640.9509816
z7x47k43,221,g1qhu882,15-bargaining_tdl_main-187_2_3,LeftPartner,decide to support each other?,1787597644.1531677
z7x47k43,228,366sq004,15-bargaining_tdl_main-188_1_2,RightPartner,I'm waiting for a response from them but they greeted me ,1787597644.3657088
z7x47k43,221,g1qhu882,15-bargaining_tdl_main-187_2_3,LeftPartner,yes!,1787597648.5346596
z7x47k43,222,s0ivmn75,15-bargaining_tdl_main-187_2_3,RightPartner,Okay!,1787597655.915286
z7x47k43,187,a88zz1lk,15-bargaining_tdl_main-183_2_3,LeftPartner,idk if they actually are or not,1787597657.0700521
z7x47k43,186,hx8v6vei,15-bargaining_tdl_main-188_1_3,RightPartner,Do you intend to support Orange?,1787597657.3349266
z7x47k43,209,b9mwpkjs,15-bargaining_tdl_main-189_2_3,LeftPartner,do you have any ideas?,1787597661.3663154
z7x47k43,187,a88zz1lk,15-bargaining_tdl_main-183_2_3,LeftPartner,it's wild if it isn't and we still matched up,1787597666.4667943
z7x47k43,204,jl1reon8,15-bargaining_tdl_main-183_2_3,RightPartner,i used to live in Massachusetts so Texas is very different than what I'm used to,1787597670.864631
z7x47k43,228,366sq004,15-bargaining_tdl_main-188_1_2,RightPartner,Is Purple wanting to split with you? ,1787597671.1055412
z7x47k43,209,b9mwpkjs,15-bargaining_tdl_main-189_1_2,RightPartner,Do you know who you want to support?,1787597674.1744947
z7x47k43,192,8pc6og9s,15-bargaining_tdl_main-189_1_2,LeftPartner,I think I want to support purple how about you?,1787597675.5565841
z7x47k43,187,a88zz1lk,15-bargaining_tdl_main-183_2_3,LeftPartner,do you do other side hustles?,1787597676.2532341
z7x47k43,234,re2pclr5,15-bargaining_tdl_main-188_1_3,LeftPartner,"I don't have any plans yet, what were you thinking?",1787597678.3942313
z7x47k43,204,jl1reon8,15-bargaining_tdl_main-183_2_3,RightPartner,crazy coincidence either wau,1787597679.0177758
z7x47k43,216,fyl2w9wu,15-bargaining_tdl_main-189_2_3,RightPartner,I'm willing to take the hit if you want to support Yellow.,1787597679.3457983
z7x47k43,216,fyl2w9wu,15-bargaining_tdl_main-189_1_3,LeftPartner,"hello, I'm willing to take the hit and earn $0 if you want to support Orange.",1787597681.6970475
z7x47k43,204,jl1reon8,15-bargaining_tdl_main-183_2_3,RightPartner,way*,1787597683.4850583
z7x47k43,187,a88zz1lk,15-bargaining_tdl_main-183_2_3,LeftPartner,ohh. i want to live somewhere cooler than here one day,1787597686.9088943
z7x47k43,186,hx8v6vei,15-bargaining_tdl_main-188_1_2,LeftPartner,We have 10 minutes. They are talking with me.,1787597690.064433
z7x47k43,228,366sq004,15-bargaining_tdl_main-188_1_2,RightPartner,Alright ,1787597696.3763013
z7x47k43,204,jl1reon8,15-bargaining_tdl_main-183_2_3,RightPartner,i try to find other ones but sometimes its hard if the money doesn't match the work,1787597707.0920894
z7x47k43,209,b9mwpkjs,15-bargaining_tdl_main-189_1_2,RightPartner,Why purple?,1787597707.2526596
z7x47k43,192,8pc6og9s,15-bargaining_tdl_main-189_1_3,RightPartner,what happens if I support you?,1787597710.2369258
z7x47k43,228,366sq004,15-bargaining_tdl_main-188_2_3,LeftPartner,"Talking with yellow now, are you planning to support them or do you want to go in together ",1787597712.427217
z7x47k43,192,8pc6og9s,15-bargaining_tdl_main-189_1_2,LeftPartner,orange?,1787597716.7747564
z7x47k43,187,a88zz1lk,15-bargaining_tdl_main-183_2_3,LeftPartner,"yeah, most online ones seem to pay lower, the gig ones, i mean",1787597724.604631
z7x47k43,234,re2pclr5,15-bargaining_tdl_main-188_2_3,RightPartner,Happy to go in together!,1787597725.1574936
z7x47k43,228,366sq004,15-bargaining_tdl_main-188_2_3,LeftPartner,Sounds good with me! ,1787597729.4880235
z7x47k43,226,bp9ac4cl,15-bargaining_tdl_main-190_1_3,LeftPartner,"Hello yellow, I'm not fully sure of the instructions but I think we all should support each other.",1787597736.401853
z7x47k43,186,hx8v6vei,15-bargaining_tdl_main-188_1_3,RightPartner,Also kind of indifferent. Not sure what direction they will lean really.,1787597736.9874957
z7x47k43,186,hx8v6vei,15-bargaining_tdl_main-188_1_3,RightPartner,Orange just bailed.,1787597743.509089
z7x47k43,209,b9mwpkjs,15-bargaining_tdl_main-189_2_3,LeftPartner,I think we should support each other.  You and me support each other.,1787597743.6456814
z7x47k43,234,re2pclr5,15-bargaining_tdl_main-188_1_3,LeftPartner,"Damn, yep",1787597750.5742533
z7x47k43,204,jl1reon8,15-bargaining_tdl_main-183_2_3,RightPartner,"Massachusetts has COLD and snowy winters so if youre not looking for that, try virginia or north carolina",1787597750.8499956
z7x47k43,192,8pc6og9s,15-bargaining_tdl_main-189_1_2,LeftPartner,I wish I still had the instructions',1787597751.2020996
z7x47k43,216,fyl2w9wu,15-bargaining_tdl_main-189_1_3,LeftPartner,"I'll probably choose support no one regardless, so that's up to you",1787597764.5216281
z7x47k43,226,bp9ac4cl,15-bargaining_tdl_main-190_2_3,RightPartner,"Hello orange, I'm not fully sure of the instructions but I think we all should support each other",1787597771.3975065
z7x47k43,186,hx8v6vei,15-bargaining_tdl_main-188_1_3,RightPartner,So we should just form an alliance and get the $3 each by voting for each other?,1787597773.4541383
z7x47k43,204,jl1reon8,15-bargaining_tdl_main-183_2_3,RightPartner,yeah the online ones tend to be more convenient but they pay less,1787597773.5159612
z7x47k43,187,a88zz1lk,15-bargaining_tdl_main-183_2_3,LeftPartner,I guess Vermont would be the same. I've never stayed anywhere in the deep winter for long,1787597779.6920514
z7x47k43,125,eit11zro,15-bargaining_tdl_main-190_1_3,RightPartner,"Yeah, we just need to make sure each person is supported by one other person and we should all get the $3",1787597792.0719078
z7x47k43,216,fyl2w9wu,15-bargaining_tdl_main-189_2_3,RightPartner,No thanks,1787597794.2139232
z7x47k43,192,8pc6og9s,15-bargaining_tdl_main-189_1_3,RightPartner,If we support no one then no one gets anything,1787597794.6070209
z7x47k43,234,re2pclr5,15-bargaining_tdl_main-188_1_3,LeftPartner,"Yes, assuming we still get that chance",1787597795.0275664
z7x47k43,204,jl1reon8,15-bargaining_tdl_main-183_2_3,RightPartner,Vermont has a lot of mountains so their winters are awful,1787597796.3797386
z7x47k43,233,sujxzqff,15-bargaining_tdl_main-191_2_3,RightPartner,who you gonna support?,1787597801.052628
z7x47k43,187,a88zz1lk,15-bargaining_tdl_main-183_2_3,LeftPartner,lol,1787597801.8716598
z7x47k43,186,hx8v6vei,15-bargaining_tdl_main-188_1_3,RightPartner,"Ok, will try...",1787597807.0400834
z7x47k43,192,8pc6og9s,15-bargaining_tdl_main-189_1_2,LeftPartner,are you still there?,1787597808.8560472
z7x47k43,216,fyl2w9wu,15-bargaining_tdl_main-189_1_3,LeftPartner,Which is why you should choose to support orange,1787597810.5807424
z7x47k43,187,a88zz1lk,15-bargaining_tdl_main-183_2_3,LeftPartner,"i visited to ride bikes there and yeah, it was hard!",1787597811.912599
z7x47k43,233,sujxzqff,15-bargaining_tdl_main-191_1_3,LeftPartner,who you gonna support?,1787597814.0954692
z7x47k43,198,caadyf2h,15-bargaining_tdl_main-191_1_3,RightPartner,hi! should we support each other and get $3?,1787597814.578307
z7x47k43,125,eit11zro,15-bargaining_tdl_main-190_1_3,RightPartner,I'll support you I guess if that's okay,1787597815.5428982
z7x47k43,234,re2pclr5,15-bargaining_tdl_main-188_1_3,LeftPartner,Same! ,1787597815.9227276
z7x47k43,187,a88zz1lk,15-bargaining_tdl_main-183_2_3,LeftPartner,i can't imagine with snow,1787597818.32048
z7x47k43,192,8pc6og9s,15-bargaining_tdl_main-189_1_3,RightPartner,I see,1787597820.2626467
z7x47k43,204,jl1reon8,15-bargaining_tdl_main-183_2_3,RightPartner,"Vermont, New Hampshire, and Maine are also not very developed so a lot of it is little towns",1787597822.0121264
z7x47k43,209,b9mwpkjs,15-bargaining_tdl_main-189_1_2,RightPartner,"Yes, we should support each other, you and me.",1787597822.9258258
z7x47k43,187,a88zz1lk,15-bargaining_tdl_main-183_2_3,LeftPartner,charming tbh,1787597829.9121265
z7x47k43,233,sujxzqff,15-bargaining_tdl_main-191_1_3,LeftPartner,ok sounds good,1787597831.0596707
z7x47k43,198,caadyf2h,15-bargaining_tdl_main-191_1_3,RightPartner,orange left the chat,1787597833.0818455
z7x47k43,204,jl1reon8,15-bargaining_tdl_main-183_2_3,RightPartner,oh yeah!! Texas is super flat,1787597836.3699703
z7x47k43,181,knjkw9mf,15-bargaining_tdl_main-192_1_2,LeftPartner,hey Orange can we work a deal here,1787597839.6834364
z7x47k43,198,caadyf2h,15-bargaining_tdl_main-191_1_3,RightPartner,ok,1787597840.9690394
z7x47k43,233,sujxzqff,15-bargaining_tdl_main-191_1_3,LeftPartner,twice now ,1787597841.3481758
z7x47k43,192,8pc6og9s,15-bargaining_tdl_main-189_1_2,LeftPartner,I will support you if you support me,1787597842.582573
z7x47k43,226,bp9ac4cl,15-bargaining_tdl_main-190_1_3,LeftPartner,Okay. I'll do the same. I'm not sure about orange,1787597850.5555258
z7x47k43,204,jl1reon8,15-bargaining_tdl_main-183_2_3,RightPartner,i knew it was but it shocked me the first time i visited before moving,1787597850.9962988
z7x47k43,209,b9mwpkjs,15-bargaining_tdl_main-189_1_2,RightPartner,Okay!,1787597851.000607
z7x47k43,200,yb420juf,15-bargaining_tdl_main-190_2_3,LeftPartner,"yeah we can,",1787597852.39297
z7x47k43,192,8pc6og9s,15-bargaining_tdl_main-189_1_3,RightPartner,so you do not want to be supported?,1787597854.5445116
z7x47k43,187,a88zz1lk,15-bargaining_tdl_main-183_2_3,LeftPartner,"yup. unless you start driving west, it's a little better, but still flat overall",1787597856.2872865
z7x47k43,230,ha8onwjy,15-bargaining_tdl_main-191_2_3,LeftPartner,Would you be willing to support orange if I support you?,1787597859.1056943
z7x47k43,209,b9mwpkjs,15-bargaining_tdl_main-189_1_2,RightPartner,I will support you,1787597860.8635564
z7x47k43,216,fyl2w9wu,15-bargaining_tdl_main-189_2_3,RightPartner,"I'm choosing support no one, so your only real option if you want the $3 is to support yellow",1787597863.1222975
z7x47k43,181,knjkw9mf,15-bargaining_tdl_main-192_1_3,RightPartner,Hey Purple can we wok out a deal here,1787597863.5821126
z7x47k43,204,jl1reon8,15-bargaining_tdl_main-183_2_3,RightPartner,you can see mountains in the distance anywhere you go in Massachusetts,1787597868.368856
z7x47k43,192,8pc6og9s,15-bargaining_tdl_main-189_1_2,LeftPartner,okay,1787597869.845834
z7x47k43,242,ofyez15e,15-bargaining_tdl_main-193_1_2,RightPartner,"hi, what are you thinking about doing in the support choice?",1787597874.584674
z7x47k43,187,a88zz1lk,15-bargaining_tdl_main-183_2_3,LeftPartner,<3,1787597875.6456842
z7x47k43,232,4zs8xg5h,15-bargaining_tdl_main-193_1_2,LeftPartner,Hey so the purple participant left the chat so I don't know if we're still in this or not,1787597879.2243927
z7x47k43,187,a88zz1lk,15-bargaining_tdl_main-183_2_3,LeftPartner,i love that,1787597879.921387
z7x47k43,216,fyl2w9wu,15-bargaining_tdl_main-189_1_3,LeftPartner,"No, I'm good",1787597880.9257903
z7x47k43,226,bp9ac4cl,15-bargaining_tdl_main-190_1_3,LeftPartner,Wait nvm,1787597882.3740494
z7x47k43,204,jl1reon8,15-bargaining_tdl_main-183_2_3,RightPartner,ive only ever stayed near Houston so i havent seen much of the state,1787597888.7580776
z7x47k43,192,8pc6og9s,15-bargaining_tdl_main-189_1_3,RightPartner,ok,1787597891.354512
z7x47k43,187,a88zz1lk,15-bargaining_tdl_main-183_2_3,LeftPartner,where's the last vacation you took?,1787597893.2383711
z7x47k43,204,jl1reon8,15-bargaining_tdl_main-183_2_3,RightPartner,1 minute left ,1787597897.4965923
z7x47k43,204,jl1reon8,15-bargaining_tdl_main-183_2_3,RightPartner,florida!,1787597904.4697049
z7x47k43,187,a88zz1lk,15-bargaining_tdl_main-183_2_3,LeftPartner,"austin is nice for scenery, so is el paso",1787597908.7915716
z7x47k43,226,bp9ac4cl,15-bargaining_tdl_main-190_2_3,RightPartner,"Yellow wants to support me, someone has to support yellow and then you",1787597911.7603643
z7x47k43,241,yz1g4y9z,15-bargaining_tdl_main-194_1_3,LeftPartner,let us work together to maximize our pay,1787597917.3824618
z7x47k43,187,a88zz1lk,15-bargaining_tdl_main-183_2_3,LeftPartner,"well, it was nice getting to know you",1787597920.4727252
z7x47k43,232,4zs8xg5h,15-bargaining_tdl_main-193_1_2,LeftPartner,So I guess we're supporting each other because there is no 3rd participant?,1787597925.0621424
z7x47k43,187,a88zz1lk,15-bargaining_tdl_main-183_2_3,LeftPartner,"so weird that we are so close, lol",1787597925.7167795
z7x47k43,204,jl1reon8,15-bargaining_tdl_main-183_2_3,RightPartner,you too!!,1787597926.3987377
z7x47k43,242,ofyez15e,15-bargaining_tdl_main-193_1_2,RightPartner,yeah it left on mine too. so i think if we support each other we'd each get 3 and purple gets 0 if i'm understanding the instructions correctly,1787597931.1016176
z7x47k43,125,eit11zro,15-bargaining_tdl_main-190_1_2,LeftPartner,"Hey, I'm planning to support purple, so if we all want to maximize our winnings we need to figure out who will support you and who will support me",1787597938.188849
z7x47k43,241,yz1g4y9z,15-bargaining_tdl_main-194_2_3,RightPartner,let us work together and support each other,1787597942.1693716
z7x47k43,204,jl1reon8,15-bargaining_tdl_main-183_2_3,RightPartner,maybe i'll pass you while driving one day,1787597942.8477511
z7x47k43,232,4zs8xg5h,15-bargaining_tdl_main-193_1_2,LeftPartner,Yeah I think that's exactly how it works,1787597946.37027
z7x47k43,238,vfy6qslm,15-bargaining_tdl_main-192_2_3,RightPartner,"Hi, I'm willing to cooperate so we both get the 3 dollar bonus. I'm willing to support you if you support me. Confirm you'll support purple.",1787597951.1088314
z7x47k43,187,a88zz1lk,15-bargaining_tdl_main-183_2_3,LeftPartner,lol.. see ya on 45 or 610S!,1787597955.7183802
z7x47k43,232,4zs8xg5h,15-bargaining_tdl_main-193_1_2,LeftPartner,Purple participant just made this decision very easy for us,1787597956.7685928
z7x47k43,200,yb420juf,15-bargaining_tdl_main-190_1_2,RightPartner,okay i'll support purple\,1787597959.9296646
z7x47k43,204,jl1reon8,15-bargaining_tdl_main-183_2_3,RightPartner,haha! be careful of the other drivers ,1787597968.1159732
z7x47k43,181,knjkw9mf,15-bargaining_tdl_main-192_1_2,LeftPartner," You support me, I support you we both walk out with 3$ each. what do you think.",1787597968.8894463
z7x47k43,200,yb420juf,15-bargaining_tdl_main-190_2_3,LeftPartner,i'll support you so we can maximize\,1787597972.947264
z7x47k43,187,a88zz1lk,15-bargaining_tdl_main-183_2_3,LeftPartner,you too!,1787597978.597924
z7x47k43,242,ofyez15e,15-bargaining_tdl_main-193_1_2,RightPartner,seems like it. unless they just randomly clock something,1787597978.8041458
z7x47k43,242,ofyez15e,15-bargaining_tdl_main-193_1_2,RightPartner,*click,1787597982.6242797
z7x47k43,204,jl1reon8,15-bargaining_tdl_main-183_2_3,RightPartner,:),1787597982.967149
z7x47k43,200,yb420juf,15-bargaining_tdl_main-190_2_3,LeftPartner,so purple and i can support you,1787597985.5412076
z7x47k43,224,uhohce8r,15-bargaining_tdl_main-194_2_3,LeftPartner,Do you understand this? How do we make the most money?,1787597989.1829815
z7x47k43,125,eit11zro,15-bargaining_tdl_main-190_1_2,LeftPartner,Would you be willing to support me and I'll tell (or you can tell) purple to support yourself? That's the only way we can each get the $3,1787597991.6362762
z7x47k43,181,knjkw9mf,15-bargaining_tdl_main-192_1_3,RightPartner,you support me I support you we both benefit,1787597993.9402251
z7x47k43,200,yb420juf,15-bargaining_tdl_main-190_1_2,RightPartner,i told purple i'll support them,1787597998.43535
z7x47k43,240,cs8vkmjg,15-bargaining_tdl_main-195_1_2,RightPartner,hello,1787598005.7360766
z7x47k43,240,cs8vkmjg,15-bargaining_tdl_main-195_2_3,LeftPartner,hello,1787598006.9799597
z7x47k43,200,yb420juf,15-bargaining_tdl_main-190_1_2,RightPartner,oooh hmm,1787598009.9096453
z7x47k43,248,3covky72,15-bargaining_tdl_main-195_2_3,RightPartner,Are you looking to make some easy money today for fun?,1787598015.085329
z7x47k43,225,g6nuwv2w,15-bargaining_tdl_main-192_2_3,LeftPartner,"hi, i am hoping we can coordinate so that we both have a chance to earn.",1787598022.6452584
z7x47k43,224,uhohce8r,15-bargaining_tdl_main-194_2_3,LeftPartner,I'm all for that,1787598023.777149
z7x47k43,248,3covky72,15-bargaining_tdl_main-195_1_3,LeftPartner,Are you looking to make some easy money today for fun?,1787598026.0166245
z7x47k43,219,6730xqd7,15-bargaining_tdl_main-195_1_2,LeftPartner,hello,1787598029.8945403
z7x47k43,240,cs8vkmjg,15-bargaining_tdl_main-195_2_3,LeftPartner,"I sure am, are you?",1787598030.469051
z7x47k43,232,4zs8xg5h,15-bargaining_tdl_main-193_1_2,LeftPartner,Could be. Either way it just makes it a lot more simpler.,1787598034.10867
z7x47k43,242,ofyez15e,15-bargaining_tdl_main-193_1_2,RightPartner,"reading instructions again, i think no matter what purple does we still get 3 each if we support each other",1787598035.5240624
z7x47k43,238,vfy6qslm,15-bargaining_tdl_main-192_2_3,RightPartner,deal,1787598036.73387
z7x47k43,125,eit11zro,15-bargaining_tdl_main-190_1_2,LeftPartner,"Yeah, that's fine. Then I'll switch to supporting you and tell them to support me",1787598042.1961749
z7x47k43,219,6730xqd7,15-bargaining_tdl_main-195_1_3,RightPartner,Yes definitely,1787598042.3639555
z7x47k43,240,cs8vkmjg,15-bargaining_tdl_main-195_1_2,RightPartner,Are you ready to get some extra money? Lets gooo,1787598047.741259
z7x47k43,231,w38angm7,15-bargaining_tdl_main-196_1_3,RightPartner,Hello,1787598058.1822033
z7x47k43,248,3covky72,15-bargaining_tdl_main-195_2_3,RightPartner,"Yeah, let`s keep it simple.  We vote for each other and make $3.  ",1787598059.3912127
z7x47k43,171,jfgdt769,15-bargaining_tdl_main-194_1_2,LeftPartner,"Hi, I am Yellow. Let's help each other",1787598059.9116414
z7x47k43,231,w38angm7,15-bargaining_tdl_main-196_1_2,LeftPartner,Hi,1787598062.5384178
z7x47k43,224,uhohce8r,15-bargaining_tdl_main-194_1_2,RightPartner,whar are your thoughts?,1787598064.0978534
z7x47k43,219,6730xqd7,15-bargaining_tdl_main-195_1_2,LeftPartner,Yes definitely,1787598067.6337438
z7x47k43,256,lr80t8iq,15-bargaining_tdl_main-196_1_3,LeftPartner,we should pick the same person,1787598068.8355482
z7x47k43,246,s6mjq9ic,15-bargaining_tdl_main-196_1_2,RightPartner,hi,1787598071.4707544
z7x47k43,256,lr80t8iq,15-bargaining_tdl_main-196_2_3,RightPartner,hello,1787598072.697215
z7x47k43,232,4zs8xg5h,15-bargaining_tdl_main-193_1_2,LeftPartner,Exactly. So I think we're good to go and we still got 6 minutes on the chat.,1787598073.197101
z7x47k43,248,3covky72,15-bargaining_tdl_main-195_1_3,LeftPartner,"Cool, let`s just vote for each other and make $3.",1787598076.3396142
z7x47k43,246,s6mjq9ic,15-bargaining_tdl_main-196_2_3,LeftPartner,hello,1787598076.8884096
z7x47k43,125,eit11zro,15-bargaining_tdl_main-190_1_3,RightPartner,"Orange said they're gonna support you instead, so I'll support you and would you be able to support me?",1787598080.159029
z7x47k43,219,6730xqd7,15-bargaining_tdl_main-195_1_3,RightPartner,Sounds great to me,1787598090.041511
z7x47k43,232,4zs8xg5h,15-bargaining_tdl_main-193_1_2,LeftPartner,I wonder if him/her dropping out is going to affect the data though?,1787598093.566198
z7x47k43,240,cs8vkmjg,15-bargaining_tdl_main-195_2_3,LeftPartner,perfect!,1787598094.487603
z7x47k43,242,ofyez15e,15-bargaining_tdl_main-193_1_2,RightPartner,i'm ready to go. i'm good to support you ,1787598095.2497818
z7x47k43,125,eit11zro,15-bargaining_tdl_main-190_1_3,RightPartner,"*Sorry, meant I'll support orange",1787598096.5569506
z7x47k43,248,3covky72,15-bargaining_tdl_main-195_1_3,LeftPartner,Awesome,1787598096.8424208
z7x47k43,200,yb420juf,15-bargaining_tdl_main-190_1_2,RightPartner,did they confirm supporting you?,1787598097.0763638
z7x47k43,231,w38angm7,15-bargaining_tdl_main-196_1_3,RightPartner,Yes if you promise to keep the deal I will also select you.,1787598099.1660483
z7x47k43,248,3covky72,15-bargaining_tdl_main-195_2_3,RightPartner,Great!,1787598101.117584
z7x47k43,226,bp9ac4cl,15-bargaining_tdl_main-190_1_3,LeftPartner,Yes,1787598101.1310039
z7x47k43,256,lr80t8iq,15-bargaining_tdl_main-196_2_3,RightPartner,we should pick the same person,1787598101.5847611
z7x47k43,256,lr80t8iq,15-bargaining_tdl_main-196_1_3,LeftPartner,yes,1787598104.9533374
z7x47k43,226,bp9ac4cl,15-bargaining_tdl_main-190_1_3,LeftPartner,That's fine,1787598108.4499831
z7x47k43,226,bp9ac4cl,15-bargaining_tdl_main-190_2_3,RightPartner,Okay,1787598113.3611038
z7x47k43,231,w38angm7,15-bargaining_tdl_main-196_1_2,LeftPartner,What do you propose we do?,1787598114.912896
z7x47k43,242,ofyez15e,15-bargaining_tdl_main-193_1_2,RightPartner,i think purple just leaving the chat advances them to the next step so we should be ok,1787598118.706513
z7x47k43,202,b88w15lf,15-bargaining_tdl_main-197_1_3,RightPartner,You support yellow?,1787598129.9679608
z7x47k43,200,yb420juf,15-bargaining_tdl_main-190_2_3,LeftPartner,are you cool with doing yellow?,1787598133.3648565
z7x47k43,252,78iobxge,15-bargaining_tdl_main-198_2_3,RightPartner,Hi,1787598136.9990487
z7x47k43,251,o3d2597s,15-bargaining_tdl_main-197_1_2,RightPartner,Hello 😊,1787598138.5334687
z7x47k43,251,o3d2597s,15-bargaining_tdl_main-197_2_3,LeftPartner,Hi 😊,1787598139.8059428
z7x47k43,224,uhohce8r,15-bargaining_tdl_main-194_1_2,RightPartner,OK I don't understand this,1787598140.470958
z7x47k43,226,bp9ac4cl,15-bargaining_tdl_main-190_2_3,RightPartner,Yes,1787598140.8180313
z7x47k43,125,eit11zro,15-bargaining_tdl_main-190_1_2,LeftPartner,"Yeah, we're all set. You support purple, I'll support you, they're supporting me",1787598141.0789156
z7x47k43,171,jfgdt769,15-bargaining_tdl_main-194_1_2,LeftPartner,My though is we support each other. If we don't we both get $0,1787598141.6347117
z7x47k43,231,w38angm7,15-bargaining_tdl_main-196_1_2,LeftPartner,Are you going to pick me and I do the same in return?,1787598141.7774446
z7x47k43,252,78iobxge,15-bargaining_tdl_main-198_1_3,LeftPartner,Hi,1787598145.3986692
z7x47k43,202,b88w15lf,15-bargaining_tdl_main-197_1_2,LeftPartner,You support yellow?,1787598149.815597
z7x47k43,231,w38angm7,15-bargaining_tdl_main-196_1_3,RightPartner,Okay then we have a deal,1787598156.4582496
z7x47k43,246,s6mjq9ic,15-bargaining_tdl_main-196_1_2,RightPartner,good idea,1787598159.3806195
z7x47k43,226,bp9ac4cl,15-bargaining_tdl_main-190_2_3,RightPartner,I think we're good and settled,1787598164.0632005
z7x47k43,200,yb420juf,15-bargaining_tdl_main-190_2_3,LeftPartner,i think so too,1787598170.323053
z7x47k43,226,bp9ac4cl,15-bargaining_tdl_main-190_1_3,LeftPartner,I think we're good and settled,1787598171.0237849
z7x47k43,200,yb420juf,15-bargaining_tdl_main-190_1_2,RightPartner,gotcha,1787598172.0526605
z7x47k43,251,o3d2597s,15-bargaining_tdl_main-197_1_2,RightPartner,I Think You Should Support Purple,1787598172.380771
z7x47k43,231,w38angm7,15-bargaining_tdl_main-196_1_2,LeftPartner,Do we have a deal?,1787598173.4679942
z7x47k43,255,zpb6iap9,15-bargaining_tdl_main-197_1_3,LeftPartner,"Hey, I’m thinking of supporting you. If you’re willing to support me too, we can both secure $3.",1787598173.8828628
z7x47k43,218,9cmdx2zm,15-bargaining_tdl_main-198_2_3,LeftPartner,"Hi,",1787598174.747527
z7x47k43,252,78iobxge,15-bargaining_tdl_main-198_2_3,RightPartner,Lets support each other?,1787598174.9501631
z7x47k43,168,g0pqhy1v,15-bargaining_tdl_main-198_1_3,RightPartner,hey do you have any stategy ideas,1787598175.5022643
z7x47k43,232,4zs8xg5h,15-bargaining_tdl_main-193_1_2,LeftPartner,True. So you got my support as well.,1787598179.3231978
z7x47k43,246,s6mjq9ic,15-bargaining_tdl_main-196_1_2,RightPartner,deal,1787598183.643681
z7x47k43,242,ofyez15e,15-bargaining_tdl_main-193_1_2,RightPartner,as long as neither of us supports purple i think we're good,1787598187.9799373
z7x47k43,252,78iobxge,15-bargaining_tdl_main-198_1_3,LeftPartner,Yeah lets support each other? Then we are guaranteed $3 each,1787598193.4680622
z7x47k43,218,9cmdx2zm,15-bargaining_tdl_main-198_2_3,LeftPartner,Agreed,1787598195.04516
z7x47k43,224,uhohce8r,15-bargaining_tdl_main-194_1_2,RightPartner,OK let's support each other,1787598197.4778528
z7x47k43,255,zpb6iap9,15-bargaining_tdl_main-197_2_3,RightPartner,"Hey, I’m thinking of supporting you. If you’re willing to support me too, we can both secure $3",1787598202.8625638
z7x47k43,252,78iobxge,15-bargaining_tdl_main-198_2_3,RightPartner,That way we are guaranteed $3 each,1787598204.0414057
z7x47k43,257,srvj2d2j,15-bargaining_tdl_main-199_2_3,RightPartner,"Hello, if I support you, would you support me? ",1787598205.1435516
z7x47k43,125,eit11zro,15-bargaining_tdl_main-190_1_2,LeftPartner,Peace!,1787598205.3382735
z7x47k43,125,eit11zro,15-bargaining_tdl_main-190_1_3,RightPartner,"Yup, we're good to go.",1787598207.071341
z7x47k43,168,g0pqhy1v,15-bargaining_tdl_main-198_1_2,LeftPartner,hey do you have strategy ideas,1787598207.3695147
z7x47k43,252,78iobxge,15-bargaining_tdl_main-198_2_3,RightPartner,seems fair i guess,1787598207.4532125
z7x47k43,231,w38angm7,15-bargaining_tdl_main-196_1_2,LeftPartner,Okay,1787598208.71831
z7x47k43,202,b88w15lf,15-bargaining_tdl_main-197_1_2,LeftPartner,Okay not a bad idea,1787598209.9729352
z7x47k43,242,ofyez15e,15-bargaining_tdl_main-193_1_2,RightPartner,sounds good. i'll go ahead and advance so the chat will end and we can do the support choice,1787598210.8329024
z7x47k43,125,eit11zro,15-bargaining_tdl_main-190_1_3,RightPartner,Cya!,1787598212.4655402
z7x47k43,171,jfgdt769,15-bargaining_tdl_main-194_1_2,LeftPartner,So let's both agree to support each other.  Iwill support you if you sopport me. Deal?,1787598214.967214
z7x47k43,218,9cmdx2zm,15-bargaining_tdl_main-198_2_3,LeftPartner,True...its a deal,1787598218.1259809
z7x47k43,257,srvj2d2j,15-bargaining_tdl_main-199_1_3,LeftPartner,"Hello, who do you intend to support? ",1787598218.1729279
z7x47k43,226,bp9ac4cl,15-bargaining_tdl_main-190_1_3,LeftPartner,Bye bye,1787598222.168253
z7x47k43,202,b88w15lf,15-bargaining_tdl_main-197_1_3,RightPartner,I am willing to support you,1787598226.4601905
z7x47k43,252,78iobxge,15-bargaining_tdl_main-198_2_3,RightPartner,Awesome sounds good,1787598226.6604316
z7x47k43,251,o3d2597s,15-bargaining_tdl_main-197_1_2,RightPartner,I'll Support You,1787598231.3422346
z7x47k43,218,9cmdx2zm,15-bargaining_tdl_main-198_2_3,LeftPartner,Great,1787598234.1302905
z7x47k43,224,uhohce8r,15-bargaining_tdl_main-194_1_2,RightPartner,Deal!,1787598239.2526274
z7x47k43,168,g0pqhy1v,15-bargaining_tdl_main-198_1_3,RightPartner,sure sounds like a plan,1787598241.1262152
z7x47k43,252,78iobxge,15-bargaining_tdl_main-198_1_3,LeftPartner,The other participant isn't responding to me,1787598244.4695215
z7x47k43,254,lv6qiumz,15-bargaining_tdl_main-199_1_2,RightPartner,"Hi, I am Orange participant.  I would choose you, if you choose me",1787598251.8885195
z7x47k43,252,78iobxge,15-bargaining_tdl_main-198_1_3,LeftPartner,so he might not be willing to support?,1787598252.9444492
z7x47k43,251,o3d2597s,15-bargaining_tdl_main-197_2_3,LeftPartner,That's True I Think That Makes Sense,1787598256.532966
z7x47k43,254,lv6qiumz,15-bargaining_tdl_main-199_2_3,LeftPartner,yes,1787598258.468791
z7x47k43,202,b88w15lf,15-bargaining_tdl_main-197_1_2,LeftPartner,Thankl you,1787598262.7372708
z7x47k43,254,lv6qiumz,15-bargaining_tdl_main-199_2_3,LeftPartner,shall we choose each other,1787598272.75784
z7x47k43,252,78iobxge,15-bargaining_tdl_main-198_1_3,LeftPartner,but yeah lets support each other,1787598277.0458887
z7x47k43,168,g0pqhy1v,15-bargaining_tdl_main-198_1_3,RightPartner,same with me so i figure they want to be on there own,1787598279.4156864
z7x47k43,252,78iobxge,15-bargaining_tdl_main-198_1_3,LeftPartner,ok yeah,1787598284.0476031
z7x47k43,257,srvj2d2j,15-bargaining_tdl_main-199_2_3,RightPartner,"That works for me, Orange. Appreciate you ",1787598285.9531927
z7x47k43,218,9cmdx2zm,15-bargaining_tdl_main-198_1_2,RightPartner,"Hi,sugget one please",1787598291.128638
z7x47k43,252,78iobxge,15-bargaining_tdl_main-198_2_3,RightPartner,cool clicking next now thanks,1787598292.6636336
z7x47k43,251,o3d2597s,15-bargaining_tdl_main-197_1_2,RightPartner,No Problem,1787598296.6518917
z7x47k43,254,lv6qiumz,15-bargaining_tdl_main-199_2_3,LeftPartner,great thank you,1787598298.0947697
z7x47k43,245,85b8czls,15-bargaining_tdl_main-199_1_3,RightPartner,I will support you if you support me (Y). ,1787598302.4255884
z7x47k43,245,85b8czls,15-bargaining_tdl_main-199_1_2,LeftPartner,"I will support you if you support me (Y),.",1787598304.0545075
z7x47k43,255,zpb6iap9,15-bargaining_tdl_main-197_1_3,LeftPartner,"Sounds good, let’s stick with our agreement. I’ll support you.",1787598310.8265436
z7x47k43,202,b88w15lf,15-bargaining_tdl_main-197_1_2,LeftPartner,Nice talking to you,1787598315.4091656
z7x47k43,255,zpb6iap9,15-bargaining_tdl_main-197_2_3,RightPartner,"Sounds good, let’s stick with our agreement. I’ll support you.",1787598324.703738
z7x47k43,251,o3d2597s,15-bargaining_tdl_main-197_1_2,RightPartner,You Too!! Good Luck In The Game,1787598337.1264188
z7x47k43,202,b88w15lf,15-bargaining_tdl_main-197_1_3,RightPartner,"Alright, let's do it",1787598343.261769
z7x47k43,251,o3d2597s,15-bargaining_tdl_main-197_2_3,LeftPartner,Great!! It Was Nice Talking To You  Good Luck In The Game,1787598373.572732
z7x47k43,202,b88w15lf,15-bargaining_tdl_main-197_1_2,LeftPartner,"Okay, let's do this",1787598377.0918648
z7x47k43,239,n7nt2s9x,15-bargaining_tdl_main-200_1_3,RightPartner,Hi! What should be the strategy so everybody can earn the most?,1787598405.1984563
z7x47k43,262,fvzavmz7,15-bargaining_tdl_main-200_1_3,LeftPartner,"Hi! It seems like there's only one round, so at most ONE person gets $6 *OR* TWO people get $3 each.",1787598446.5420954
z7x47k43,262,fvzavmz7,15-bargaining_tdl_main-200_1_3,LeftPartner,"From my understanding, anyway.",1787598462.4423337
z7x47k43,262,fvzavmz7,15-bargaining_tdl_main-200_1_3,LeftPartner,"I'm happy to choose either of you two to support, meaning I would never choose myself.",1787598490.619411
z7x47k43,261,jmmhw0sr,15-bargaining_tdl_main-201_2_3,RightPartner,hi!,1787598495.1997645
z7x47k43,261,jmmhw0sr,15-bargaining_tdl_main-201_1_3,LeftPartner,hi!,1787598496.2429485
z7x47k43,260,yi7yuc2t,15-bargaining_tdl_main-201_1_2,RightPartner,I will pick you if you picki me,1787598497.0753074
z7x47k43,260,yi7yuc2t,15-bargaining_tdl_main-201_2_3,LeftPartner,hi,1787598511.363098
z7x47k43,260,yi7yuc2t,15-bargaining_tdl_main-201_1_2,RightPartner,Deal?,1787598515.5824583
z7x47k43,253,14g0kssp,15-bargaining_tdl_main-201_1_2,LeftPartner,hello,1787598517.5836186
z7x47k43,253,14g0kssp,15-bargaining_tdl_main-201_1_3,RightPartner,hello,1787598521.7496512
z7x47k43,260,yi7yuc2t,15-bargaining_tdl_main-201_1_2,RightPartner,hi,1787598521.7907777
z7x47k43,261,jmmhw0sr,15-bargaining_tdl_main-201_2_3,RightPartner,I will support you if you support me and we both can walk away with 3 ,1787598522.4565508
z7x47k43,260,yi7yuc2t,15-bargaining_tdl_main-201_2_3,LeftPartner,deal,1787598533.1562474
z7x47k43,239,n7nt2s9x,15-bargaining_tdl_main-200_1_3,RightPartner,"It does seem like it. I can commit to choose you, it would make us $3 each, right?",1787598542.0627952
z7x47k43,262,fvzavmz7,15-bargaining_tdl_main-200_1_3,LeftPartner,Should we choose each other?,1787598546.1750486
z7x47k43,262,fvzavmz7,15-bargaining_tdl_main-200_1_3,LeftPartner,Sounds good to me!,1787598557.2881165
z7x47k43,239,n7nt2s9x,15-bargaining_tdl_main-200_1_3,RightPartner,That'd be great.,1787598567.8149943
z7x47k43,261,jmmhw0sr,15-bargaining_tdl_main-201_1_3,LeftPartner,I will support you if you support me and we can both get 3,1787598568.0037918
z7x47k43,260,yi7yuc2t,15-bargaining_tdl_main-201_2_3,LeftPartner,I offered yellow that deal but they did not respond. I took your deal ,1787598574.5991035
z7x47k43,262,fvzavmz7,15-bargaining_tdl_main-200_1_3,LeftPartner,Great! See you on the other side.,1787598582.4523044
z7x47k43,261,jmmhw0sr,15-bargaining_tdl_main-201_2_3,RightPartner,yellow didnt respond to me either,1787598587.0868704
z7x47k43,261,jmmhw0sr,15-bargaining_tdl_main-201_2_3,RightPartner,okay so well do each other then,1787598595.4181104
z7x47k43,260,yi7yuc2t,15-bargaining_tdl_main-201_2_3,LeftPartner,yes,1787598600.6167345
z7x47k43,253,14g0kssp,15-bargaining_tdl_main-201_1_3,RightPartner,I like the color purple,1787598605.2679746
z7x47k43,261,jmmhw0sr,15-bargaining_tdl_main-201_2_3,RightPartner,sounds goood,1787598607.0417993
z7x47k43,260,yi7yuc2t,15-bargaining_tdl_main-201_2_3,LeftPartner,"cool, let's do it",1787598617.2427857
z7x47k43,264,lrmigpee,15-bargaining_tdl_main-202_2_3,LeftPartner,Hello,1787599190.3680043
z7x47k43,264,lrmigpee,15-bargaining_tdl_main-202_2_3,LeftPartner,What are you planning on doing?,1787599198.3707948
z7x47k43,264,lrmigpee,15-bargaining_tdl_main-202_1_2,RightPartner,Hello,1787599200.3789582
z7x47k43,264,lrmigpee,15-bargaining_tdl_main-202_1_2,RightPartner,What are you planning on doing?,1787599204.2487624
z7x47k43,165,rc4hywqu,15-bargaining_tdl_main-202_1_2,LeftPartner,Hi,1787599204.941081
z7x47k43,266,eidv9xvi,15-bargaining_tdl_main-202_2_3,RightPartner,I'm trying to decide. How about you?,1787599228.0772245
z7x47k43,264,lrmigpee,15-bargaining_tdl_main-202_2_3,LeftPartner,Wanna just send $3 to each other,1787599239.4158697
z7x47k43,165,rc4hywqu,15-bargaining_tdl_main-202_1_2,LeftPartner,"If I support Purple, Purple supports you, and you support me, we all get some?",1787599239.5634181
z7x47k43,165,rc4hywqu,15-bargaining_tdl_main-202_1_2,LeftPartner,I think that's my understanding,1787599250.7076147
z7x47k43,165,rc4hywqu,15-bargaining_tdl_main-202_1_3,RightPartner,Hi,1787599259.5022342
z7x47k43,266,eidv9xvi,15-bargaining_tdl_main-202_2_3,RightPartner,That sounds like a plan.,1787599272.492552
z7x47k43,165,rc4hywqu,15-bargaining_tdl_main-202_1_3,RightPartner,"If I support you, you support Orange, and orange supports me, we all win right?",1787599279.5614107
z7x47k43,165,rc4hywqu,15-bargaining_tdl_main-202_1_3,RightPartner,Let's do that,1787599294.5978389
z7x47k43,264,lrmigpee,15-bargaining_tdl_main-202_1_2,RightPartner,"No that's not how it works. If A and B send to each other, A and B get $3 each and C gets none no matter what C does. If A and B send to C, C gets $6 and A and B get none. Like that",1787599296.0836117
z7x47k43,165,rc4hywqu,15-bargaining_tdl_main-202_1_2,LeftPartner,"Ah, it's gotta be mutual",1787599313.7555978
z7x47k43,264,lrmigpee,15-bargaining_tdl_main-202_1_2,RightPartner,Wanna just send $3 to each other,1787599316.2485783
z7x47k43,266,eidv9xvi,15-bargaining_tdl_main-202_1_3,LeftPartner,Yeah. That works for me.,1787599322.1080623
z7x47k43,165,rc4hywqu,15-bargaining_tdl_main-202_1_3,RightPartner,Nvm apparently that's not how it works,1787599341.5205634
z7x47k43,165,rc4hywqu,15-bargaining_tdl_main-202_1_3,RightPartner,My bad,1787599344.0531588
z7x47k43,264,lrmigpee,15-bargaining_tdl_main-202_2_3,LeftPartner,Okay,1787599344.0853486
z7x47k43,165,rc4hywqu,15-bargaining_tdl_main-202_1_2,LeftPartner,I'm gonna flip a coin,1787599376.3046792
z7x47k43,264,lrmigpee,15-bargaining_tdl_main-202_1_2,RightPartner,Well that could mean you get $0 meanwhile if we plan it we can get $3 guaranteed,1787599399.9407446
z7x47k43,165,rc4hywqu,15-bargaining_tdl_main-202_1_2,LeftPartner,I don't know what to believe,1787599447.8753679
z7x47k43,165,rc4hywqu,15-bargaining_tdl_main-202_1_2,LeftPartner,alright,1787599449.690165
e3cj2oap,2,zmx8bdhm,16-bargaining_tdl_main-206_1_3,RightPartner,I want to pick purple will you pick me,1787667453.704956
e3cj2oap,10,bgtkuu2o,16-bargaining_tdl_main-206_1_3,LeftPartner,ok,1787667459.424957
e3cj2oap,10,bgtkuu2o,16-bargaining_tdl_main-206_1_3,LeftPartner,thats okay,1787667468.9685347
e3cj2oap,2,zmx8bdhm,16-bargaining_tdl_main-206_1_3,RightPartner,sounds good,1787667486.9317145
e3cj2oap,14,u3223q2l,16-bargaining_tdl_main-207_2_3,LeftPartner,Hello would you like to support each other?,1787668400.7529566
e3cj2oap,11,bvfycoro,16-bargaining_tdl_main-207_1_3,RightPartner,"It seems as though only 2 of the 3 can get the bonus, should we do rock paper scissors?",1787668406.0919585
e3cj2oap,15,krfcck5q,16-bargaining_tdl_main-207_1_3,LeftPartner,that works,1787668422.8083584
e3cj2oap,15,krfcck5q,16-bargaining_tdl_main-207_1_3,LeftPartner,or does it?,1787668443.822971
e3cj2oap,11,bvfycoro,16-bargaining_tdl_main-207_1_2,LeftPartner,It seems as though only 2 of the 3 can get the bonus   should we do rock paper scissors,1787668452.0709887
e3cj2oap,15,krfcck5q,16-bargaining_tdl_main-207_2_3,RightPartner,yes,1787668465.6755369
e3cj2oap,11,bvfycoro,16-bargaining_tdl_main-207_1_3,RightPartner,it does if we do a countdown,1787668470.3934426
e3cj2oap,15,krfcck5q,16-bargaining_tdl_main-207_1_3,LeftPartner,i told orange i would support them,1787668477.8537288
e3cj2oap,14,u3223q2l,16-bargaining_tdl_main-207_2_3,LeftPartner,Let do it :),1787668485.3452706
e3cj2oap,15,krfcck5q,16-bargaining_tdl_main-207_2_3,RightPartner,I'm in :),1787668503.9914014
e3cj2oap,20,r6p524m0,16-bargaining_tdl_main-208_1_3,LeftPartner,Hello,1787668791.4172127
e3cj2oap,20,r6p524m0,16-bargaining_tdl_main-208_2_3,RightPartner,Hello,1787668795.1713302
e3cj2oap,12,q6jzskin,16-bargaining_tdl_main-208_1_3,RightPartner,hello hah,1787668801.5463529
e3cj2oap,12,q6jzskin,16-bargaining_tdl_main-208_1_3,RightPartner,haha*,1787668805.7413726
e3cj2oap,12,q6jzskin,16-bargaining_tdl_main-208_1_3,RightPartner,Is orange responding to you,1787668817.4895043
e3cj2oap,12,q6jzskin,16-bargaining_tdl_main-208_1_2,LeftPartner,Hi Orange,1787668821.6595714
e3cj2oap,18,69iu3nlk,16-bargaining_tdl_main-208_2_3,LeftPartner,"Hello, I suppose one of us doesn't receive a bonus. That is slightly unfair, but part of the study, eh?",1787668823.0490255
e3cj2oap,20,r6p524m0,16-bargaining_tdl_main-208_1_3,LeftPartner,Yes only just now but it took a few seconds,1787668838.4571157
e3cj2oap,18,69iu3nlk,16-bargaining_tdl_main-208_1_2,RightPartner,"Hi, Yellow!",1787668840.1803231
e3cj2oap,12,q6jzskin,16-bargaining_tdl_main-208_1_3,RightPartner,Same here.,1787668847.2915509
e3cj2oap,20,r6p524m0,16-bargaining_tdl_main-208_2_3,RightPartner,yes this seems unfair. I am unsure of who to support,1787668848.3771522
e3cj2oap,20,r6p524m0,16-bargaining_tdl_main-208_1_3,LeftPartner,it seems unfair to me that two people can earn money but one person gets left out,1787668869.925906
e3cj2oap,18,69iu3nlk,16-bargaining_tdl_main-208_1_2,RightPartner,"One of us will not get a bonus, but that's part of the study. I don't understand it, and it doesn't seem fair. So, what do you think?",1787668881.8174715
e3cj2oap,20,r6p524m0,16-bargaining_tdl_main-208_2_3,RightPartner,maybe you and yellow should support each other,1787668885.3561902
e3cj2oap,20,r6p524m0,16-bargaining_tdl_main-208_1_3,LeftPartner,you and orange should support each other,1787668893.7059405
e3cj2oap,20,r6p524m0,16-bargaining_tdl_main-208_1_3,LeftPartner,i dont feel right taking any money from anyone,1787668900.2290792
e3cj2oap,12,q6jzskin,16-bargaining_tdl_main-208_1_3,RightPartner,So what I am thinking is that you guys should just pick eachother so that you both get the bonus. Better for someone to get it then for all three of us not get it,1787668901.5096064
e3cj2oap,18,69iu3nlk,16-bargaining_tdl_main-208_2_3,LeftPartner,Are you willing to give up on your $3.00 bonus?,1787668905.3228402
e3cj2oap,12,q6jzskin,16-bargaining_tdl_main-208_1_2,LeftPartner,You and purple should pick eachother ,1787668924.1298313
e3cj2oap,18,69iu3nlk,16-bargaining_tdl_main-208_2_3,LeftPartner,We have 7 minutes to chat.,1787668933.0620742
e3cj2oap,20,r6p524m0,16-bargaining_tdl_main-208_2_3,RightPartner,yes. a bonus is a bonus and i am okay with the base pay. i would not feel right getting a bonus at the expense of others,1787668938.6272228
e3cj2oap,12,q6jzskin,16-bargaining_tdl_main-208_1_2,LeftPartner,Better for you two to get the bonus then for none of us to get it,1787668938.7252123
e3cj2oap,12,q6jzskin,16-bargaining_tdl_main-208_1_2,LeftPartner,and I do not mind,1787668942.2017684
e3cj2oap,12,q6jzskin,16-bargaining_tdl_main-208_1_3,RightPartner,and i do not mind,1787668947.470114
e3cj2oap,18,69iu3nlk,16-bargaining_tdl_main-208_1_2,RightPartner,You do not mind? Why is that?,1787668951.414426
e3cj2oap,20,r6p524m0,16-bargaining_tdl_main-208_1_3,LeftPartner,"i agree that it is better for someone to get it, but i would not feel right taking the money if someone is left out",1787668956.4263258
e3cj2oap,18,69iu3nlk,16-bargaining_tdl_main-208_2_3,LeftPartner,I understand. You seem kind.,1787668968.378718
e3cj2oap,20,r6p524m0,16-bargaining_tdl_main-208_1_3,LeftPartner,i will leave the chat now. please take my bonus and have a good day. maybe pay it forward or whatever,1787668985.009147
e3cj2oap,12,q6jzskin,16-bargaining_tdl_main-208_1_2,LeftPartner,Because I am looking at the bigger picture & don't necessarily need that extra money so if you guys need it more then me then I am good with it,1787668998.8399005
e3cj2oap,20,r6p524m0,16-bargaining_tdl_main-208_2_3,RightPartner,yeah its cool. just pay it forward or whatever. have a good day,1787668999.4264762
e3cj2oap,12,q6jzskin,16-bargaining_tdl_main-208_1_2,LeftPartner,Purple just left the conversation,1787669027.6585486
e3cj2oap,18,69iu3nlk,16-bargaining_tdl_main-208_1_2,RightPartner,"OK...So I will participate with you. Yes, I know.",1787669032.4961839
e3cj2oap,18,69iu3nlk,16-bargaining_tdl_main-208_1_2,RightPartner,"Thank you, Yellow!",1787669041.1875803
e3cj2oap,12,q6jzskin,16-bargaining_tdl_main-208_1_2,LeftPartner,I am very confused,1787669047.016449
e3cj2oap,18,69iu3nlk,16-bargaining_tdl_main-208_1_2,RightPartner,"Me too. But, since Purple left, it's just you and me, so we might as well support each other.",1787669075.2496848
e3cj2oap,12,q6jzskin,16-bargaining_tdl_main-208_1_2,LeftPartner,Did she leave the actual study? ,1787669092.0632935
e3cj2oap,18,69iu3nlk,16-bargaining_tdl_main-208_1_2,RightPartner,"Do you agree? Yes, She/He has left the study, so it's you and I. Shall we support each other.",1787669125.0803313
e3cj2oap,18,69iu3nlk,16-bargaining_tdl_main-208_1_2,RightPartner,I have no idea what the study is about either.,1787669142.3935883
e3cj2oap,12,q6jzskin,16-bargaining_tdl_main-208_1_2,LeftPartner,Yeah I guess that would make sense. I just feel like there is something more to it for some reason lol,1787669158.4556844
e3cj2oap,12,q6jzskin,16-bargaining_tdl_main-208_1_2,LeftPartner,didn't they say there would be a predetermined text that would be sent at the end,1787669179.1146283
e3cj2oap,18,69iu3nlk,16-bargaining_tdl_main-208_1_2,RightPartner,"LOL! I agree. But, we have each other, as they say. ",1787669183.363513
e3cj2oap,18,69iu3nlk,16-bargaining_tdl_main-208_1_2,RightPartner,"Yes, they did say that. So, we will see what surprise is in store for us.",1787669201.299521
e3cj2oap,12,q6jzskin,16-bargaining_tdl_main-208_1_2,LeftPartner,I think it might try and say something to confuse us or pit us against what we are agreeing upon with supporting eachother,1787669228.5698426
e3cj2oap,18,69iu3nlk,16-bargaining_tdl_main-208_1_2,RightPartner,"We have a little over 2 minutes to see, Yellow.",1787669228.6341283
e3cj2oap,18,69iu3nlk,16-bargaining_tdl_main-208_1_2,RightPartner,"I support you, Yellow. ",1787669244.8921378
e3cj2oap,12,q6jzskin,16-bargaining_tdl_main-208_1_2,LeftPartner,So I say that we stick with support for eachother no matter what the last sentence may be after this. Thoughts?,1787669258.4308047
e3cj2oap,18,69iu3nlk,16-bargaining_tdl_main-208_1_2,RightPartner,I absolutely agree with you--no matter what.,1787669276.1074004
e3cj2oap,12,q6jzskin,16-bargaining_tdl_main-208_1_2,LeftPartner,Perfect! Virtual handshake haha. I am going to leave chat now. See you over there,1787669295.913062
e3cj2oap,26,d1n0wkmh,16-bargaining_tdl_main-209_2_3,LeftPartner,howdy,1787670279.605998
e3cj2oap,26,d1n0wkmh,16-bargaining_tdl_main-209_1_2,RightPartner,howdy,1787670281.3616374
e3cj2oap,25,wszo1r31,16-bargaining_tdl_main-209_1_2,LeftPartner,"Hi, how are you?",1787670292.372556
e3cj2oap,25,wszo1r31,16-bargaining_tdl_main-209_1_3,RightPartner,hello :),1787670297.7245138
e3cj2oap,26,d1n0wkmh,16-bargaining_tdl_main-209_1_2,RightPartner,better than I deserve you?,1787670300.7227712
e3cj2oap,25,wszo1r31,16-bargaining_tdl_main-209_1_2,LeftPartner,I'm fine. purple left my chat.,1787670317.1794937
e3cj2oap,26,d1n0wkmh,16-bargaining_tdl_main-209_1_2,RightPartner,I said hi to purple but they already dipped out so lets vote for each other cool?,1787670326.01104
e3cj2oap,25,wszo1r31,16-bargaining_tdl_main-209_1_2,LeftPartner,"okay, sounds good.",1787670333.5377035
e3cj2oap,30,8o2ay4hv,16-bargaining_tdl_main-210_2_3,RightPartner,hello,1787670745.4109128
e3cj2oap,29,cophbbnj,16-bargaining_tdl_main-210_1_2,RightPartner,"Hello Yellow, How are you?",1787670751.803523
e3cj2oap,29,cophbbnj,16-bargaining_tdl_main-210_1_2,RightPartner,"Purple left the chat. So, Let you and me to support each other ",1787670812.0608227
e3cj2oap,34,aj2kcygr,16-bargaining_tdl_main-211_1_2,RightPartner,hello,1787671510.7605124
e3cj2oap,34,aj2kcygr,16-bargaining_tdl_main-211_2_3,LeftPartner,hello,1787671514.2707698
e3cj2oap,33,2dqma61r,16-bargaining_tdl_main-211_1_2,LeftPartner,Hello!,1787671519.7653146
e3cj2oap,33,2dqma61r,16-bargaining_tdl_main-211_1_2,LeftPartner,I do not know how we are going to decide who to support? It stinks someone is going to lose out on money.,1787671537.8526328
e3cj2oap,34,aj2kcygr,16-bargaining_tdl_main-211_1_2,RightPartner,what do we talk about in order to know who to support?,1787671547.1575747
e3cj2oap,35,roj2f61g,16-bargaining_tdl_main-211_2_3,RightPartner,hello!,1787671550.7843752
e3cj2oap,34,aj2kcygr,16-bargaining_tdl_main-211_1_2,RightPartner,lol same,1787671551.153018
e3cj2oap,34,aj2kcygr,16-bargaining_tdl_main-211_2_3,LeftPartner,wat wuld you liek to tlak about?,1787671561.0160174
e3cj2oap,33,2dqma61r,16-bargaining_tdl_main-211_1_3,RightPartner,Hi There! I do not know how we are going to figure out who to support. It stinks someone will lose out on money,1787671561.090668
e3cj2oap,35,roj2f61g,16-bargaining_tdl_main-211_1_3,LeftPartner,Hi...yes thats true,1787671575.0263956
e3cj2oap,33,2dqma61r,16-bargaining_tdl_main-211_1_2,LeftPartner,I dont know. I just started a convo with purple,1787671578.731995
e3cj2oap,34,aj2kcygr,16-bargaining_tdl_main-211_1_2,RightPartner,whats your fav color?,1787671579.2111347
e3cj2oap,33,2dqma61r,16-bargaining_tdl_main-211_1_2,LeftPartner,pink!,1787671582.0987585
e3cj2oap,33,2dqma61r,16-bargaining_tdl_main-211_1_2,LeftPartner,yours?,1787671583.6033757
e3cj2oap,34,aj2kcygr,16-bargaining_tdl_main-211_2_3,LeftPartner,whats your fav color?,1787671585.308252
e3cj2oap,34,aj2kcygr,16-bargaining_tdl_main-211_1_2,RightPartner,blue,1787671591.1686003
e3cj2oap,34,aj2kcygr,16-bargaining_tdl_main-211_1_2,RightPartner,fav animal?,1787671594.6195953
e3cj2oap,33,2dqma61r,16-bargaining_tdl_main-211_1_3,RightPartner,any ideas on how to fairly decide?,1787671597.2182245
e3cj2oap,35,roj2f61g,16-bargaining_tdl_main-211_2_3,RightPartner,I am trying to decide who to support so we can make money and we dont lose out,1787671601.6237168
e3cj2oap,35,roj2f61g,16-bargaining_tdl_main-211_2_3,RightPartner,Blue,1787671604.314169
e3cj2oap,35,roj2f61g,16-bargaining_tdl_main-211_2_3,RightPartner,how about you?,1787671607.074079
e3cj2oap,33,2dqma61r,16-bargaining_tdl_main-211_1_2,LeftPartner,sea horse lol.... very random,1787671608.4506361
e3cj2oap,34,aj2kcygr,16-bargaining_tdl_main-211_2_3,LeftPartner,same blue,1787671610.1352608
e3cj2oap,33,2dqma61r,16-bargaining_tdl_main-211_1_2,LeftPartner,yours?,1787671610.7795358
e3cj2oap,35,roj2f61g,16-bargaining_tdl_main-211_1_3,LeftPartner,I am trying to decide as well,1787671617.0959263
e3cj2oap,34,aj2kcygr,16-bargaining_tdl_main-211_1_2,RightPartner,dog,1787671624.7959943
e3cj2oap,33,2dqma61r,16-bargaining_tdl_main-211_1_2,LeftPartner,purple isnt talking much. I asked if they had any ideas on how to decide failrly,1787671626.5313482
e3cj2oap,35,roj2f61g,16-bargaining_tdl_main-211_2_3,RightPartner,And here we are....Purple and Orange :),1787671634.2634869
e3cj2oap,33,2dqma61r,16-bargaining_tdl_main-211_1_2,LeftPartner,I love my dog! ,1787671635.3082743
e3cj2oap,34,aj2kcygr,16-bargaining_tdl_main-211_1_2,RightPartner,same,1787671636.6124423
e3cj2oap,34,aj2kcygr,16-bargaining_tdl_main-211_2_3,LeftPartner,lol two peas in a pod,1787671648.8172135
e3cj2oap,34,aj2kcygr,16-bargaining_tdl_main-211_1_2,RightPartner,do you have kids? i jave 1,1787671667.3154645
e3cj2oap,33,2dqma61r,16-bargaining_tdl_main-211_1_2,LeftPartner,yes 3!,1787671673.9393172
e3cj2oap,33,2dqma61r,16-bargaining_tdl_main-211_1_2,LeftPartner,all boys!,1787671676.7076807
e3cj2oap,34,aj2kcygr,16-bargaining_tdl_main-211_2_3,LeftPartner,do you have kids? i have 1,1787671677.1135297
e3cj2oap,34,aj2kcygr,16-bargaining_tdl_main-211_1_2,RightPartner,mine is a boy,1787671683.0977633
e3cj2oap,34,aj2kcygr,16-bargaining_tdl_main-211_1_2,RightPartner,is it hot where you live? me very,1787671690.6430774
e3cj2oap,33,2dqma61r,16-bargaining_tdl_main-211_1_3,RightPartner,do you think there is a fair way to determine?,1787671694.6668818
e3cj2oap,34,aj2kcygr,16-bargaining_tdl_main-211_1_2,RightPartner,like heat index of 120 hot,1787671702.8133044
e3cj2oap,33,2dqma61r,16-bargaining_tdl_main-211_1_2,LeftPartner,yes!!! we just had a crazy storm too. I was worried I would lose power,1787671713.0510843
e3cj2oap,33,2dqma61r,16-bargaining_tdl_main-211_1_2,LeftPartner,ohhh dang not that hot here but pretty close,1787671721.1238775
e3cj2oap,33,2dqma61r,16-bargaining_tdl_main-211_1_3,RightPartner,Maybe with numbers or something?,1787671732.7471137
e3cj2oap,34,aj2kcygr,16-bargaining_tdl_main-211_1_2,RightPartner,its cloudy here liek its trying to decide if it'll rain,1787671735.283339
e3cj2oap,35,roj2f61g,16-bargaining_tdl_main-211_2_3,RightPartner,No I dont lol,1787671739.6185834
e3cj2oap,34,aj2kcygr,16-bargaining_tdl_main-211_1_2,RightPartner,i wont hold  my breath,1787671740.5166714
e3cj2oap,33,2dqma61r,16-bargaining_tdl_main-211_1_2,LeftPartner,do you think theres a fair way to decide with like numbers or something,1787671745.0914574
e3cj2oap,33,2dqma61r,16-bargaining_tdl_main-211_1_2,LeftPartner,i dont know trying to figure out a way to make it fair,1787671752.829743
e3cj2oap,34,aj2kcygr,16-bargaining_tdl_main-211_2_3,LeftPartner,is it hot where you live? me yes,1787671755.6889377
e3cj2oap,35,roj2f61g,16-bargaining_tdl_main-211_1_3,LeftPartner,Maybe so...what is your idea to do that?,1787671759.3388183
e3cj2oap,33,2dqma61r,16-bargaining_tdl_main-211_1_2,LeftPartner,although purple isn;t really talking much. Idk if they care that much lol,1787671764.8032975
e3cj2oap,35,roj2f61g,16-bargaining_tdl_main-211_2_3,RightPartner,"RIght now, no",1787671768.104249
e3cj2oap,34,aj2kcygr,16-bargaining_tdl_main-211_1_2,RightPartner,are we allowed to tell each other who we're supporting?,1787671781.590067
e3cj2oap,33,2dqma61r,16-bargaining_tdl_main-211_1_3,RightPartner,idk im trying to think lol!,1787671786.7010424
e3cj2oap,35,roj2f61g,16-bargaining_tdl_main-211_2_3,RightPartner,it is like 67 ,1787671791.8157213
e3cj2oap,35,roj2f61g,16-bargaining_tdl_main-211_1_3,LeftPartner,hmmm....,1787671813.1337507
e3cj2oap,33,2dqma61r,16-bargaining_tdl_main-211_1_2,LeftPartner,"I think so, I mean it said we will be able to see the other conversations as after this. ",1787671813.5051074
e3cj2oap,34,aj2kcygr,16-bargaining_tdl_main-211_2_3,LeftPartner,"Id love that temp, the heat index is 120",1787671819.9140377
e3cj2oap,35,roj2f61g,16-bargaining_tdl_main-211_2_3,RightPartner,are you out west?,1787671826.791625
e3cj2oap,34,aj2kcygr,16-bargaining_tdl_main-211_1_2,RightPartner,well I'll be suppoorting you,1787671834.325185
e3cj2oap,35,roj2f61g,16-bargaining_tdl_main-211_2_3,RightPartner,or south?,1787671837.7655022
e3cj2oap,34,aj2kcygr,16-bargaining_tdl_main-211_1_2,RightPartner,"Im asking them the same questions and theyre slow to respond, I dont kno if its their connection or liek you said they dont care. I dont know.",1787671868.5250285
e3cj2oap,34,aj2kcygr,16-bargaining_tdl_main-211_2_3,LeftPartner,very suth,1787671874.1697276
e3cj2oap,33,2dqma61r,16-bargaining_tdl_main-211_1_2,LeftPartner,ok cool Ill just support you too then! I feel bad for purple but they are not putting in as much effort so I guess thats fair,1787671877.8684688
e3cj2oap,34,aj2kcygr,16-bargaining_tdl_main-211_2_3,LeftPartner,south,1787671878.8418005
e3cj2oap,35,roj2f61g,16-bargaining_tdl_main-211_1_3,LeftPartner,I think we really just have to decide who we will support otherwise I think that everyone will lose,1787671888.6463416
e3cj2oap,34,aj2kcygr,16-bargaining_tdl_main-211_2_3,LeftPartner,are you north or east?,1787671901.0786095
e3cj2oap,35,roj2f61g,16-bargaining_tdl_main-211_2_3,RightPartner,my sister was in Florida last week with her family...in Disney,1787671907.2163541
e3cj2oap,35,roj2f61g,16-bargaining_tdl_main-211_2_3,RightPartner,She said it was hot,1787671911.4403002
e3cj2oap,35,roj2f61g,16-bargaining_tdl_main-211_2_3,RightPartner,I am in northeastern PA,1787671919.8892252
e3cj2oap,33,2dqma61r,16-bargaining_tdl_main-211_1_3,RightPartner,orange and I decided to support each other. I am sorry its just that you were not communicating as much and I just felt like your were not putting in as much effort.,1787671926.5811408
e3cj2oap,34,aj2kcygr,16-bargaining_tdl_main-211_2_3,LeftPartner,I've only been to FL once,1787671928.3171098
e3cj2oap,35,roj2f61g,16-bargaining_tdl_main-211_2_3,RightPartner,it is feeling like autumn here,1787671934.2529418
e3cj2oap,33,2dqma61r,16-bargaining_tdl_main-211_1_3,RightPartner,"sorry about that, I feel bad. But was just the easiest way to decide.",1787671942.0928795
e3cj2oap,35,roj2f61g,16-bargaining_tdl_main-211_2_3,RightPartner,I am hoping to get back in the 80s again though,1787671948.357926
e3cj2oap,33,2dqma61r,16-bargaining_tdl_main-211_1_3,RightPartner,I hope you have a good and no hard feelings. ,1787671951.4040601
e3cj2oap,35,roj2f61g,16-bargaining_tdl_main-211_2_3,RightPartner,I know that winter will be here soon,1787671956.3661525
e3cj2oap,34,aj2kcygr,16-bargaining_tdl_main-211_2_3,LeftPartner,"I cnat wait for that, our elec is through the roof",1787671958.6017954
e3cj2oap,34,aj2kcygr,16-bargaining_tdl_main-211_2_3,LeftPartner,having to run the ac all th time,1787671965.325272
e3cj2oap,33,2dqma61r,16-bargaining_tdl_main-211_1_2,LeftPartner,I told purple we were supporting each other and that I was sorry.,1787671965.5158756
e3cj2oap,35,roj2f61g,16-bargaining_tdl_main-211_2_3,RightPartner,I hate it ,1787671967.5070312
e3cj2oap,34,aj2kcygr,16-bargaining_tdl_main-211_1_2,RightPartner,oh? what did they say?,1787671976.6757553
e3cj2oap,33,2dqma61r,16-bargaining_tdl_main-211_1_2,LeftPartner,I wish there was a way we could all just split in evenly ,1787671977.78
e3cj2oap,35,roj2f61g,16-bargaining_tdl_main-211_2_3,RightPartner,oh that is like the Winter here...heat on all the time,1787671979.8347642
e3cj2oap,33,2dqma61r,16-bargaining_tdl_main-211_1_2,LeftPartner,nothing yet,1787671982.3958774
e3cj2oap,34,aj2kcygr,16-bargaining_tdl_main-211_1_2,RightPartner,same,1787671992.8368783
e3cj2oap,35,roj2f61g,16-bargaining_tdl_main-211_1_3,LeftPartner,oh I see,1787672008.3365972
e3cj2oap,34,aj2kcygr,16-bargaining_tdl_main-211_2_3,LeftPartner,"here wintr is onlya tease, a small floor heater works for heatng half the house",1787672013.5152638
e3cj2oap,34,aj2kcygr,16-bargaining_tdl_main-211_2_3,LeftPartner,and its only needed at night,1787672023.8200428
e3cj2oap,33,2dqma61r,16-bargaining_tdl_main-211_1_2,LeftPartner,Still hasn't responded. Ugh I feel bad. I hate upsetting people lol. At least its not like its a ton of money lol,1787672026.1236997
e3cj2oap,35,roj2f61g,16-bargaining_tdl_main-211_2_3,RightPartner,so I guess you're supporting Yellow then?,1787672030.152524
e3cj2oap,33,2dqma61r,16-bargaining_tdl_main-211_1_2,LeftPartner,but money is money,1787672030.4445271
e3cj2oap,34,aj2kcygr,16-bargaining_tdl_main-211_2_3,LeftPartner,"we have like deseert temps lol, hot day cold night",1787672033.650844
e3cj2oap,34,aj2kcygr,16-bargaining_tdl_main-211_2_3,LeftPartner,"probably, but I'd like to supp all",1787672070.7525096
e3cj2oap,33,2dqma61r,16-bargaining_tdl_main-211_1_3,RightPartner,im sorry!! ,1787672079.5322957
e3cj2oap,36,tqk6edz9,16-bargaining_tdl_main-212_1_3,RightPartner,I have a simple question... dog or cat?,1787672439.370044
e3cj2oap,40,tssm67we,16-bargaining_tdl_main-212_2_3,LeftPartner,"Hello, would you like to discuss?",1787672442.1106389
e3cj2oap,36,tqk6edz9,16-bargaining_tdl_main-212_1_2,LeftPartner,I have a simple question... dog or cat?,1787672450.2980564
e3cj2oap,42,f4v05u5u,16-bargaining_tdl_main-212_1_3,LeftPartner,dog,1787672455.2305887
e3cj2oap,40,tssm67we,16-bargaining_tdl_main-212_1_2,RightPartner,I have to go with dog,1787672460.7857196
e3cj2oap,40,tssm67we,16-bargaining_tdl_main-212_1_2,RightPartner,you?,1787672469.5365076
e3cj2oap,36,tqk6edz9,16-bargaining_tdl_main-212_1_3,RightPartner,Second question... vanilla or chocolate?,1787672472.1828535
e3cj2oap,42,f4v05u5u,16-bargaining_tdl_main-212_2_3,RightPartner,pizza or burger,1787672476.892857
e3cj2oap,36,tqk6edz9,16-bargaining_tdl_main-212_1_2,LeftPartner,Definitely dog,1787672481.0543816
e3cj2oap,42,f4v05u5u,16-bargaining_tdl_main-212_1_3,LeftPartner,chocolate,1787672482.8305564
e3cj2oap,40,tssm67we,16-bargaining_tdl_main-212_2_3,LeftPartner,I prefer burgers,1787672490.0890396
e3cj2oap,36,tqk6edz9,16-bargaining_tdl_main-212_1_2,LeftPartner,Second question... vanilla or chocolate?,1787672490.3815084
e3cj2oap,40,tssm67we,16-bargaining_tdl_main-212_2_3,LeftPartner,what about you?,1787672494.10707
e3cj2oap,40,tssm67we,16-bargaining_tdl_main-212_1_2,RightPartner,chocolate for sure,1787672503.2170055
e3cj2oap,40,tssm67we,16-bargaining_tdl_main-212_1_2,RightPartner,you?,1787672506.7745805
e3cj2oap,36,tqk6edz9,16-bargaining_tdl_main-212_1_3,RightPartner,Third question... beach or mountains?,1787672510.1503003
e3cj2oap,36,tqk6edz9,16-bargaining_tdl_main-212_1_2,LeftPartner,"Depends.  I need to have something mixed into the chocolate, like peanut butter.",1787672541.9828644
e3cj2oap,36,tqk6edz9,16-bargaining_tdl_main-212_1_2,LeftPartner,Third question.... beach or mountains?,1787672553.7939162
e3cj2oap,42,f4v05u5u,16-bargaining_tdl_main-212_2_3,RightPartner,I also like burgers,1787672560.2954938
e3cj2oap,42,f4v05u5u,16-bargaining_tdl_main-212_1_3,LeftPartner,beach,1787672565.7373748
e3cj2oap,40,tssm67we,16-bargaining_tdl_main-212_1_2,RightPartner,"Tough, I love both but prefer mountains",1787672575.0745358
e3cj2oap,47,tef9engx,16-bargaining_tdl_main-213_2_3,RightPartner,who do you plan to support,1787672577.2403092
e3cj2oap,40,tssm67we,16-bargaining_tdl_main-212_1_2,RightPartner,You?,1787672577.9672916
e3cj2oap,43,v0wooxxs,16-bargaining_tdl_main-213_1_3,RightPartner,"Who are you going to vote for, if you don't mind me asking?",1787672584.5291617
e3cj2oap,47,tef9engx,16-bargaining_tdl_main-213_1_3,LeftPartner,who do you plan to support,1787672584.580925
e3cj2oap,43,v0wooxxs,16-bargaining_tdl_main-213_1_2,LeftPartner,"Who are you going to vote for, if you don't mind me asking?",1787672596.5940185
e3cj2oap,47,tef9engx,16-bargaining_tdl_main-213_1_3,LeftPartner,i dont mind but i havnt made up my mind yet,1787672598.12027
e3cj2oap,47,tef9engx,16-bargaining_tdl_main-213_1_3,LeftPartner,i guess whoever is willing to support me as well,1787672610.0003002
e3cj2oap,43,v0wooxxs,16-bargaining_tdl_main-213_1_3,RightPartner,You want to vote for each other? I can commit to that,1787672613.1136842
e3cj2oap,36,tqk6edz9,16-bargaining_tdl_main-212_1_2,LeftPartner,"I love both, too.  I would choose mountains over beach, but just by a hair.",1787672613.2050843
e3cj2oap,40,tssm67we,16-bargaining_tdl_main-212_2_3,LeftPartner,summer or winter?,1787672616.498878
e3cj2oap,47,tef9engx,16-bargaining_tdl_main-213_1_3,LeftPartner,I can as well,1787672619.9714248
e3cj2oap,36,tqk6edz9,16-bargaining_tdl_main-212_1_3,RightPartner,Why?,1787672625.2533767
e3cj2oap,42,f4v05u5u,16-bargaining_tdl_main-212_2_3,RightPartner,winter,1787672634.2554724
e3cj2oap,43,v0wooxxs,16-bargaining_tdl_main-213_1_3,RightPartner,Gotcha. I'll vote for purple and you vote for yellow. Thanks,1787672635.0831804
e3cj2oap,42,f4v05u5u,16-bargaining_tdl_main-212_1_3,LeftPartner,I like the atmosphere,1787672647.0356803
e3cj2oap,40,tssm67we,16-bargaining_tdl_main-212_1_2,RightPartner,summer or winter?,1787672652.4532077
e3cj2oap,47,tef9engx,16-bargaining_tdl_main-213_1_3,LeftPartner,"other participant didnt even chat so I will commit to supporting you, yellow",1787672655.497161
e3cj2oap,36,tqk6edz9,16-bargaining_tdl_main-212_1_2,LeftPartner,Winter.  Not even close.,1787672662.5487556
e3cj2oap,36,tqk6edz9,16-bargaining_tdl_main-212_1_2,LeftPartner,You?,1787672668.832421
e3cj2oap,36,tqk6edz9,16-bargaining_tdl_main-212_1_3,RightPartner,Fair enough.,1787672677.128041
e3cj2oap,40,tssm67we,16-bargaining_tdl_main-212_1_2,RightPartner,definitely winter,1787672680.3970609
e3cj2oap,40,tssm67we,16-bargaining_tdl_main-212_2_3,LeftPartner,favorite color?,1787672686.0631187
e3cj2oap,36,tqk6edz9,16-bargaining_tdl_main-212_1_2,LeftPartner,Ski or snowboard?,1787672688.850325
e3cj2oap,42,f4v05u5u,16-bargaining_tdl_main-212_1_3,LeftPartner,wbu,1787672710.4558206
e3cj2oap,40,tssm67we,16-bargaining_tdl_main-212_1_2,RightPartner,"never done either, but snowboard seems fun",1787672711.8640926
e3cj2oap,40,tssm67we,16-bargaining_tdl_main-212_1_2,RightPartner,what about you?,1787672714.843021
e3cj2oap,42,f4v05u5u,16-bargaining_tdl_main-212_2_3,RightPartner,black,1787672716.6705854
e3cj2oap,36,tqk6edz9,16-bargaining_tdl_main-212_1_3,RightPartner,"Mountains, although I like the beach, too.",1787672723.776011
e3cj2oap,42,f4v05u5u,16-bargaining_tdl_main-212_1_3,LeftPartner,ohh why,1787672734.6004174
e3cj2oap,36,tqk6edz9,16-bargaining_tdl_main-212_1_2,LeftPartner,Ski.  My whole family skis.,1787672738.8623888
e3cj2oap,36,tqk6edz9,16-bargaining_tdl_main-212_1_3,RightPartner,"My whole family skis, so that's why I'd say mountains.",1787672782.6795604
e3cj2oap,36,tqk6edz9,16-bargaining_tdl_main-212_1_2,LeftPartner,Tea or coffee?,1787672801.044297
e3cj2oap,36,tqk6edz9,16-bargaining_tdl_main-212_1_3,RightPartner,Tea or coffee?,1787672807.9341393
e3cj2oap,42,f4v05u5u,16-bargaining_tdl_main-212_1_3,LeftPartner,Ohh fairs,1787672810.8665538
e3cj2oap,42,f4v05u5u,16-bargaining_tdl_main-212_1_3,LeftPartner,tea,1787672814.0459576
e3cj2oap,40,tssm67we,16-bargaining_tdl_main-212_1_2,RightPartner,coffee hands down,1787672817.2280803
e3cj2oap,40,tssm67we,16-bargaining_tdl_main-212_1_2,RightPartner,you?,1787672819.3837686
e3cj2oap,42,f4v05u5u,16-bargaining_tdl_main-212_2_3,RightPartner,You?,1787672826.3456202
e3cj2oap,36,tqk6edz9,16-bargaining_tdl_main-212_1_2,LeftPartner,"I love the smell of coffee so much, but I don't drink it.  It would be tea for me.",1787672845.192102
e3cj2oap,36,tqk6edz9,16-bargaining_tdl_main-212_1_3,RightPartner,"Me, too.  Favorite tea variety?",1787672858.6914046
e3cj2oap,40,tssm67we,16-bargaining_tdl_main-212_2_3,LeftPartner,olive green,1787672867.6209598
e3cj2oap,42,f4v05u5u,16-bargaining_tdl_main-212_1_3,LeftPartner,any type really,1787672887.2959075
e3cj2oap,42,f4v05u5u,16-bargaining_tdl_main-212_2_3,RightPartner,that's nice,1787672900.8501284
e3cj2oap,45,bpkjfjf6,16-bargaining_tdl_main-214_1_3,RightPartner,Why should I help you and not the other color?,1787672928.5440407
e3cj2oap,36,tqk6edz9,16-bargaining_tdl_main-212_1_3,RightPartner,Best Halloween costume you've had?,1787672937.129225
e3cj2oap,46,xiv8nh8n,16-bargaining_tdl_main-214_2_3,LeftPartner,you're my favorite color you we can vote for each other,1787672939.211857
e3cj2oap,40,tssm67we,16-bargaining_tdl_main-212_1_2,RightPartner,soccer or football?,1787672939.77598
e3cj2oap,36,tqk6edz9,16-bargaining_tdl_main-212_1_2,LeftPartner,Football,1787672963.8369193
e3cj2oap,45,bpkjfjf6,16-bargaining_tdl_main-214_1_2,LeftPartner,Why shouldn't I help the other color instead of you?,1787672966.9575398
e3cj2oap,36,tqk6edz9,16-bargaining_tdl_main-212_1_2,LeftPartner,You?,1787672969.6804934
e3cj2oap,40,tssm67we,16-bargaining_tdl_main-212_1_2,RightPartner,soccer,1787672975.9382432
e3cj2oap,36,tqk6edz9,16-bargaining_tdl_main-212_1_2,LeftPartner,To watch or participate?  Or both?,1787672991.3527079
e3cj2oap,40,tssm67we,16-bargaining_tdl_main-212_1_2,RightPartner,watch for sure,1787672998.1947768
e3cj2oap,46,xiv8nh8n,16-bargaining_tdl_main-214_2_3,LeftPartner,what do you think about helping me out ,1787673008.3601847
e3cj2oap,46,xiv8nh8n,16-bargaining_tdl_main-214_2_3,LeftPartner,are you here ,1787673029.0704012
e3cj2oap,52,v09l347u,16-bargaining_tdl_main-214_2_3,RightPartner,"Hi Orange, I'm hoping we can coordinate so that we support each other. I'm willing to support you if you're willing to support me. That way, we can both earn $3. Please let me know what you intend to do.",1787673034.8005555
e3cj2oap,46,xiv8nh8n,16-bargaining_tdl_main-214_2_3,LeftPartner,i will support you ,1787673057.3561635
e3cj2oap,52,v09l347u,16-bargaining_tdl_main-214_2_3,RightPartner,Let's do it,1787673086.1733391
e3cj2oap,46,xiv8nh8n,16-bargaining_tdl_main-214_2_3,LeftPartner,perfect that was nice and easy,1787673102.2420518
e3cj2oap,49,49uq1cgr,16-bargaining_tdl_main-215_1_2,LeftPartner,Hi,1787673247.0156026
e3cj2oap,49,49uq1cgr,16-bargaining_tdl_main-215_1_3,RightPartner,Hi,1787673250.211029
e3cj2oap,50,4cuodo1v,16-bargaining_tdl_main-215_2_3,LeftPartner,HI purple,1787673251.3452435
e3cj2oap,55,z8h79fap,16-bargaining_tdl_main-215_2_3,RightPartner,Hi,1787673270.2611902
e3cj2oap,50,4cuodo1v,16-bargaining_tdl_main-215_2_3,LeftPartner,"I'd love to form a mutual support agreement with you. If I support you and you support me, we both earn $3. Let's stick together and confirm our support for each other!",1787673281.671751
e3cj2oap,50,4cuodo1v,16-bargaining_tdl_main-215_1_2,RightPartner,hi yellow,1787673292.6741536
e3cj2oap,55,z8h79fap,16-bargaining_tdl_main-215_2_3,RightPartner,I am in,1787673310.594659
e3cj2oap,50,4cuodo1v,16-bargaining_tdl_main-215_1_2,RightPartner,I've reached out to Purple to propose a mutual support pact so we can secure the payout. I'm open to chatting with you as well let me know your thoughts!,1787673321.4697466
e3cj2oap,55,z8h79fap,16-bargaining_tdl_main-215_1_3,LeftPartner,Hi,1787673323.8031223
e3cj2oap,49,49uq1cgr,16-bargaining_tdl_main-215_1_2,LeftPartner,I was thinking about to support you,1787673355.8552883
e3cj2oap,58,8fhpnquo,16-bargaining_tdl_main-216_2_3,LeftPartner,I will support you.,1787673722.1519582
e3cj2oap,58,8fhpnquo,16-bargaining_tdl_main-216_1_2,RightPartner,who do you plan to support?,1787673743.6599114
e3cj2oap,59,g0q6bs6o,16-bargaining_tdl_main-216_2_3,RightPartner,I think I would like to support you. Will you support me back? That is the only way for us to make the bonus.,1787673758.15236
e3cj2oap,59,g0q6bs6o,16-bargaining_tdl_main-216_1_3,LeftPartner,"I want to support you, if you will support me, then we both win.",1787673789.3176556
e3cj2oap,61,2chxxqsk,16-bargaining_tdl_main-217_1_2,LeftPartner,Kindly support me,1787673807.0707994
e3cj2oap,74,1gyjlh9j,16-bargaining_tdl_main-217_2_3,RightPartner,Hello please supoort me and I will support you,1787673809.6154184
e3cj2oap,58,8fhpnquo,16-bargaining_tdl_main-216_2_3,LeftPartner,"yes, now we just need to not get yellow to support anyone.",1787673809.6185334
e3cj2oap,61,2chxxqsk,16-bargaining_tdl_main-217_1_2,LeftPartner,I will reciprocate too,1787673818.8515425
e3cj2oap,74,1gyjlh9j,16-bargaining_tdl_main-217_1_3,LeftPartner,"Hello, please support me and I will support you",1787673820.888971
e3cj2oap,59,g0q6bs6o,16-bargaining_tdl_main-216_2_3,RightPartner,what will you say to yellow,1787673835.8217223
e3cj2oap,61,2chxxqsk,16-bargaining_tdl_main-217_1_3,RightPartner,"If you support me, I will support you too",1787673847.0027955
e3cj2oap,54,qhaekgep,16-bargaining_tdl_main-216_1_2,LeftPartner,"correct me if I am wrong, but I see a way to agree where we can each earn $6 if there are 3 rounds.  ROUND 1 - Y and O support each other, P bows out.  ROUND 2 - O and P support each other, and Y bows out.  ROUND 3 - Y and P support each other, and O bows out.  Do I have thar right?  I am sending this to both of you.",1787673849.0812867
e3cj2oap,61,2chxxqsk,16-bargaining_tdl_main-217_1_3,RightPartner,Do we have a deal??,1787673856.3119442
e3cj2oap,67,31mue47e,16-bargaining_tdl_main-217_1_2,RightPartner,not sure who i support.,1787673860.8473086
e3cj2oap,59,g0q6bs6o,16-bargaining_tdl_main-216_2_3,RightPartner,yellow is not responding,1787673861.0093424
e3cj2oap,74,1gyjlh9j,16-bargaining_tdl_main-217_1_3,LeftPartner,yes,1787673866.8140848
e3cj2oap,67,31mue47e,16-bargaining_tdl_main-217_2_3,LeftPartner,not sure who i should support,1787673868.4298599
e3cj2oap,88,6yaq5y69,16-bargaining_tdl_main-220_2_3,LeftPartner,Hello,1787673877.4668126
e3cj2oap,61,2chxxqsk,16-bargaining_tdl_main-217_1_3,RightPartner,deal,1787673877.6372478
e3cj2oap,74,1gyjlh9j,16-bargaining_tdl_main-217_2_3,RightPartner,support me and I will support you,1787673879.7243488
e3cj2oap,59,g0q6bs6o,16-bargaining_tdl_main-216_1_3,LeftPartner,why support anyone then?,1787673880.5411875
e3cj2oap,80,x5fmircj,16-bargaining_tdl_main-218_1_2,RightPartner,hello,1787673881.730793
e3cj2oap,95,hhk7ur17,16-bargaining_tdl_main-220_2_3,RightPartner,hello,1787673882.5854206
e3cj2oap,74,1gyjlh9j,16-bargaining_tdl_main-217_1_3,LeftPartner,deal,1787673885.8070586
e3cj2oap,80,x5fmircj,16-bargaining_tdl_main-218_2_3,LeftPartner,hello,1787673886.5485554
e3cj2oap,88,6yaq5y69,16-bargaining_tdl_main-220_1_2,RightPartner,Hello,1787673886.7023003
e3cj2oap,93,obppl8kr,16-bargaining_tdl_main-218_1_3,LeftPartner,hello,1787673892.7617664
e3cj2oap,67,31mue47e,16-bargaining_tdl_main-217_2_3,LeftPartner,okay. promise?,1787673893.0675695
e3cj2oap,93,obppl8kr,16-bargaining_tdl_main-218_2_3,RightPartner,hi,1787673894.6941683
e3cj2oap,95,hhk7ur17,16-bargaining_tdl_main-220_2_3,RightPartner,Are we gonna support each other?   :o ,1787673894.697584
e3cj2oap,69,1mblq7im,16-bargaining_tdl_main-220_1_2,LeftPartner,Hello,1787673895.0223122
e3cj2oap,75,kl4xb9hh,16-bargaining_tdl_main-218_1_2,LeftPartner,Hi Orange! Any idea what color you're supporting?,1787673898.006894
e3cj2oap,104,324z6j8d,16-bargaining_tdl_main-221_2_3,RightPartner,hi,1787673899.6814284
e3cj2oap,104,324z6j8d,16-bargaining_tdl_main-221_1_3,LeftPartner,hi,1787673904.203999
e3cj2oap,88,6yaq5y69,16-bargaining_tdl_main-220_2_3,LeftPartner,Yes we should,1787673904.6589205
e3cj2oap,85,lkd8tox7,16-bargaining_tdl_main-221_2_3,LeftPartner,hello! ,1787673905.6161277
e3cj2oap,74,1gyjlh9j,16-bargaining_tdl_main-217_2_3,RightPartner,promise,1787673905.8260894
e3cj2oap,69,1mblq7im,16-bargaining_tdl_main-220_1_3,RightPartner,Hi,1787673906.6621602
e3cj2oap,93,obppl8kr,16-bargaining_tdl_main-218_1_3,LeftPartner,what do you want to do?,1787673909.2523975
e3cj2oap,62,ljd1241l,16-bargaining_tdl_main-219_1_3,RightPartner,"so, who will it be? hi, Orange. ",1787673915.092075
e3cj2oap,95,hhk7ur17,16-bargaining_tdl_main-220_1_3,LeftPartner,Hi,1787673915.6117003
e3cj2oap,93,obppl8kr,16-bargaining_tdl_main-218_2_3,RightPartner,what do you want to do?,1787673915.8027709
e3cj2oap,80,x5fmircj,16-bargaining_tdl_main-218_1_2,RightPartner,Lets make a mutual agreement. I'll support you if you support me,1787673915.9254546
e3cj2oap,95,hhk7ur17,16-bargaining_tdl_main-220_1_3,LeftPartner,What do you think ?,1787673921.2709908
e3cj2oap,85,lkd8tox7,16-bargaining_tdl_main-221_2_3,LeftPartner,Want to support each other? ,1787673924.5157566
e3cj2oap,66,lesg2g2c,16-bargaining_tdl_main-221_1_2,LeftPartner,Hey ,1787673929.7429612
e3cj2oap,104,324z6j8d,16-bargaining_tdl_main-221_2_3,RightPartner,sure,1787673933.8953178
e3cj2oap,88,6yaq5y69,16-bargaining_tdl_main-220_1_2,RightPartner,We should support each other right?,1787673935.8827555
e3cj2oap,54,qhaekgep,16-bargaining_tdl_main-216_1_2,LeftPartner,Purple just left.  Now what?,1787673937.6724908
e3cj2oap,76,ai9au3z1,16-bargaining_tdl_main-219_1_2,RightPartner,"Hi! How are things going? I'm not sure how we should choose to support someone, but let's give it a try. ",1787673938.1036756
e3cj2oap,85,lkd8tox7,16-bargaining_tdl_main-221_1_2,RightPartner,hello! ,1787673940.7649262
e3cj2oap,72,qw4dkpkq,16-bargaining_tdl_main-222_1_2,LeftPartner,hi,1787673941.6822014
e3cj2oap,75,kl4xb9hh,16-bargaining_tdl_main-218_1_2,LeftPartner,Ok I'm good with that. ,1787673941.8014066
e3cj2oap,80,x5fmircj,16-bargaining_tdl_main-218_2_3,LeftPartner,"lets make a mutual agreement, ill support you if you support me",1787673943.5386863
e3cj2oap,104,324z6j8d,16-bargaining_tdl_main-221_2_3,RightPartner,its sunny and cool outside today,1787673945.3441746
e3cj2oap,72,qw4dkpkq,16-bargaining_tdl_main-222_1_3,RightPartner,hi,1787673946.027674
e3cj2oap,81,t6b708du,16-bargaining_tdl_main-223_1_2,RightPartner,Hi! How are you?,1787673948.3781147
e3cj2oap,73,7la41415,16-bargaining_tdl_main-222_1_2,RightPartner,Heya!! How are things going today?,1787673949.3893461
e3cj2oap,69,1mblq7im,16-bargaining_tdl_main-220_1_3,RightPartner,There's no reason to support no one at the very least in my opinion,1787673951.0349815
e3cj2oap,58,8fhpnquo,16-bargaining_tdl_main-216_1_2,RightPartner,not sure.,1787673951.2221627
e3cj2oap,80,x5fmircj,16-bargaining_tdl_main-218_1_2,RightPartner,what do we go for then,1787673951.845889
e3cj2oap,66,lesg2g2c,16-bargaining_tdl_main-221_1_2,LeftPartner,Going on,1787673953.3076096
e3cj2oap,81,t6b708du,16-bargaining_tdl_main-223_2_3,LeftPartner,Hi! How are you?,1787673954.9005518
e3cj2oap,85,lkd8tox7,16-bargaining_tdl_main-221_2_3,LeftPartner,sunny and hot here,1787673955.7201123
e3cj2oap,54,qhaekgep,16-bargaining_tdl_main-216_1_2,LeftPartner,I think you (orange) and I (yellow) should support each other,1787673956.016848
e3cj2oap,73,7la41415,16-bargaining_tdl_main-222_2_3,LeftPartner,Heya! How are things going today?,1787673956.562224
e3cj2oap,76,ai9au3z1,16-bargaining_tdl_main-219_2_3,LeftPartner,"Hi! Hope you're having a good day. Not really sure how to make a decision, but open to suggestions. ",1787673964.148715
e3cj2oap,54,qhaekgep,16-bargaining_tdl_main-216_1_2,LeftPartner,then it will be left to the draw of what Purple does,1787673970.2013571
e3cj2oap,77,3urzw5cn,16-bargaining_tdl_main-223_1_2,LeftPartner,"Hey! Doing great, and you?",1787673970.2046754
e3cj2oap,104,324z6j8d,16-bargaining_tdl_main-221_2_3,RightPartner,we had that all last week aND LOTS of rain,1787673971.465076
e3cj2oap,72,qw4dkpkq,16-bargaining_tdl_main-222_1_2,LeftPartner,"Good, how you doing",1787673974.1427965
e3cj2oap,93,obppl8kr,16-bargaining_tdl_main-218_2_3,RightPartner,you won't support yellow?,1787673976.0791109
e3cj2oap,85,lkd8tox7,16-bargaining_tdl_main-221_1_2,RightPartner,just enjoying the beautiful weather we have here today,1787673976.8133957
e3cj2oap,82,ddlt7zxo,16-bargaining_tdl_main-223_2_3,RightPartner,Hi...do you want to support one another?,1787673977.8443165
e3cj2oap,65,svyq7ui9,16-bargaining_tdl_main-224_1_2,RightPartner,Hello!,1787673978.0079575
e3cj2oap,72,qw4dkpkq,16-bargaining_tdl_main-222_1_3,RightPartner,hello,1787673978.6538482
e3cj2oap,54,qhaekgep,16-bargaining_tdl_main-216_1_2,LeftPartner,"if purple doesn't vote, you and I win $3",1787673979.5421152
e3cj2oap,81,t6b708du,16-bargaining_tdl_main-223_1_2,RightPartner,Amazing! Thank you. ,1787673979.9637885
e3cj2oap,77,3urzw5cn,16-bargaining_tdl_main-223_1_3,RightPartner,Hey! How is it going?,1787673980.0575678
e3cj2oap,65,svyq7ui9,16-bargaining_tdl_main-224_2_3,LeftPartner,Hello!,1787673983.5802
e3cj2oap,85,lkd8tox7,16-bargaining_tdl_main-221_2_3,LeftPartner,too much rain,1787673985.068324
e3cj2oap,81,t6b708du,16-bargaining_tdl_main-223_2_3,LeftPartner,That works for me.,1787673987.4836893
e3cj2oap,93,obppl8kr,16-bargaining_tdl_main-218_1_3,LeftPartner,are you there?,1787673987.4865613
e3cj2oap,73,7la41415,16-bargaining_tdl_main-222_1_2,RightPartner,Fairly well... getting work done haha. ,1787673989.8715858
e3cj2oap,106,wpjc4rez,16-bargaining_tdl_main-224_2_3,RightPartner,hello,1787673991.4554033
e3cj2oap,64,cqvzoqo3,16-bargaining_tdl_main-224_1_2,LeftPartner,Hello!,1787673992.19275
e3cj2oap,75,kl4xb9hh,16-bargaining_tdl_main-218_1_2,LeftPartner,"Would you want to support each other? So you pick yellow, I pick orange?",1787673993.0966585
e3cj2oap,108,z0f50fsj,16-bargaining_tdl_main-222_1_3,LeftPartner,"hi, ",1787673994.997786
e3cj2oap,77,3urzw5cn,16-bargaining_tdl_main-223_1_2,LeftPartner,So do you understand the study?,1787673995.0986598
e3cj2oap,104,324z6j8d,16-bargaining_tdl_main-221_2_3,RightPartner,yellow left said nothing,1787673999.3983874
e3cj2oap,108,z0f50fsj,16-bargaining_tdl_main-222_2_3,RightPartner,"Hi, pretty good so far. How about you?",1787674000.434872
e3cj2oap,72,qw4dkpkq,16-bargaining_tdl_main-222_1_3,RightPartner,how you doing,1787674002.0679643
e3cj2oap,64,cqvzoqo3,16-bargaining_tdl_main-224_1_3,RightPartner,Hello!,1787674003.118212
e3cj2oap,73,7la41415,16-bargaining_tdl_main-222_1_2,RightPartner,"So, what do you think? Who would you like to support, if anyone?",1787674003.3491144
e3cj2oap,106,wpjc4rez,16-bargaining_tdl_main-224_1_3,LeftPartner,hello,1787674008.8664913
e3cj2oap,54,qhaekgep,16-bargaining_tdl_main-216_1_2,LeftPartner,I will support orange and myself at each turn,1787674008.95029
e3cj2oap,77,3urzw5cn,16-bargaining_tdl_main-223_1_2,LeftPartner,I had to read it twice lol,1787674009.7488525
e3cj2oap,85,lkd8tox7,16-bargaining_tdl_main-221_2_3,LeftPartner,"Yellow left the chat, I'm going to move ahead too. ",1787674010.7516816
e3cj2oap,105,68o404wk,16-bargaining_tdl_main-225_2_3,LeftPartner,"hello, what are your initial thoughts on support?",1787674011.077123
e3cj2oap,73,7la41415,16-bargaining_tdl_main-222_2_3,LeftPartner,"Fairly well, thank you for asking! Just getting work done.",1787674019.2727125
e3cj2oap,85,lkd8tox7,16-bargaining_tdl_main-221_2_3,LeftPartner,yep so lets go for one another,1787674019.8126147
e3cj2oap,104,324z6j8d,16-bargaining_tdl_main-221_2_3,RightPartner,okay have a good one,1787674022.1546621
e3cj2oap,105,68o404wk,16-bargaining_tdl_main-225_1_2,RightPartner,"hello, what are your initial thoughts on support?",1787674023.6224601
e3cj2oap,72,qw4dkpkq,16-bargaining_tdl_main-222_1_2,LeftPartner,idk yet,1787674023.9787326
e3cj2oap,65,svyq7ui9,16-bargaining_tdl_main-224_1_2,RightPartner,So what do you think we should do?,1787674025.3456643
e3cj2oap,108,z0f50fsj,16-bargaining_tdl_main-222_1_3,LeftPartner,"pretty good , how about you?",1787674028.1447098
e3cj2oap,104,324z6j8d,16-bargaining_tdl_main-221_2_3,RightPartner,will do,1787674028.4848409
e3cj2oap,77,3urzw5cn,16-bargaining_tdl_main-223_1_3,RightPartner,Herro?,1787674028.897282
e3cj2oap,62,ljd1241l,16-bargaining_tdl_main-219_1_3,RightPartner,i guess it's just us,1787674030.4596474
e3cj2oap,80,x5fmircj,16-bargaining_tdl_main-218_1_2,RightPartner,"yes, lets support each other",1787674030.6215823
e3cj2oap,64,cqvzoqo3,16-bargaining_tdl_main-224_1_2,LeftPartner,I need to decide who do I need to support.,1787674030.6674123
e3cj2oap,113,v3ozx525,16-bargaining_tdl_main-225_2_3,RightPartner,Hello. I'm open to supporting you.,1787674031.5209796
e3cj2oap,81,t6b708du,16-bargaining_tdl_main-223_1_2,RightPartner,I believe so. I imagine it's a matter of being supportive to one and the other being supportive of me.,1787674034.8185008
e3cj2oap,82,ddlt7zxo,16-bargaining_tdl_main-223_1_3,LeftPartner,hi sry i just messaged orange bc they messaged first..i think we agreed to support one another. please contact them in case they rather support you,1787674035.8650799
e3cj2oap,92,ubmru0ru,16-bargaining_tdl_main-226_2_3,LeftPartner,I will support purple,1787674038.9743373
e3cj2oap,91,ubpqg9fc,16-bargaining_tdl_main-219_1_3,LeftPartner,hi id to coordinate ,1787674040.8907185
e3cj2oap,65,svyq7ui9,16-bargaining_tdl_main-224_2_3,LeftPartner,So what do you think we should do?,1787674042.961593
e3cj2oap,106,wpjc4rez,16-bargaining_tdl_main-224_2_3,RightPartner,how do you see support on back one,1787674043.1567426
e3cj2oap,80,x5fmircj,16-bargaining_tdl_main-218_2_3,LeftPartner,lets support each other,1787674044.4290097
e3cj2oap,118,tzsloy0f,16-bargaining_tdl_main-226_2_3,RightPartner,Want to support each other?I will choose orange if you choose purple,1787674049.768053
e3cj2oap,72,qw4dkpkq,16-bargaining_tdl_main-222_1_3,RightPartner,im doing fine ,1787674051.6750503
e3cj2oap,107,lsenhla8,16-bargaining_tdl_main-227_2_3,RightPartner,"Hey! Would you like to support me, so I can support you?",1787674052.3210433
e3cj2oap,82,ddlt7zxo,16-bargaining_tdl_main-223_2_3,RightPartner,i just messaged yellow. if u rather support them no worries,1787674052.5472996
e3cj2oap,73,7la41415,16-bargaining_tdl_main-222_1_2,RightPartner,Same!! I don't want to exclude anyone... or see anyone not get the bonus if they need it.,1787674053.7041695
e3cj2oap,96,jcof6fov,16-bargaining_tdl_main-225_1_2,LeftPartner,Hi it is kind of unfair that there  is no way for everyone to win at this.,1787674054.70494
e3cj2oap,75,kl4xb9hh,16-bargaining_tdl_main-218_1_2,LeftPartner,Ok. Have you spoken to purple as well?,1787674054.8696544
e3cj2oap,62,ljd1241l,16-bargaining_tdl_main-219_1_3,RightPartner,"yes, we support each other. orange is a no go",1787674055.0570457
e3cj2oap,64,cqvzoqo3,16-bargaining_tdl_main-224_1_2,LeftPartner,Just by random choice I would like to support orange,1787674057.191074
e3cj2oap,80,x5fmircj,16-bargaining_tdl_main-218_2_3,LeftPartner,"i support you, you support me",1787674058.0493028
e3cj2oap,93,obppl8kr,16-bargaining_tdl_main-218_2_3,RightPartner,ok. lets do it,1787674058.925506
e3cj2oap,77,3urzw5cn,16-bargaining_tdl_main-223_1_2,LeftPartner,Purple seems kind of moody lol,1787674063.5379875
e3cj2oap,106,wpjc4rez,16-bargaining_tdl_main-224_1_3,LeftPartner,how do you think the support should look like,1787674063.6741836
e3cj2oap,80,x5fmircj,16-bargaining_tdl_main-218_1_2,RightPartner,I am talking to him,1787674064.9497366
e3cj2oap,78,xhzfnp5o,16-bargaining_tdl_main-228_1_2,RightPartner,How do we decide who supports who?,1787674065.7845635
e3cj2oap,90,szc8fiz8,16-bargaining_tdl_main-227_2_3,LeftPartner,That sounds like a plan to me!,1787674066.159665
e3cj2oap,92,ubmru0ru,16-bargaining_tdl_main-226_2_3,LeftPartner,"Yes , i will choose you",1787674066.4443786
e3cj2oap,81,t6b708du,16-bargaining_tdl_main-223_2_3,LeftPartner,Maybe I should flip a coin?,1787674069.6372058
e3cj2oap,108,z0f50fsj,16-bargaining_tdl_main-222_2_3,RightPartner,"That's good. This is an interesting situation to be in, isn't it?",1787674071.2770872
e3cj2oap,89,f579qfed,16-bargaining_tdl_main-227_1_2,LeftPartner,Please support me and I will support you!,1787674071.6061807
e3cj2oap,70,l0vv8h2x,16-bargaining_tdl_main-226_1_3,RightPartner,"The study chose purple for you, so I'm inclined to support you. If you also support me, we'll get an easy $3. sound like a deal?",1787674072.8115819
e3cj2oap,89,f579qfed,16-bargaining_tdl_main-227_1_3,RightPartner,Please support me and I will support you!,1787674073.123755
e3cj2oap,93,obppl8kr,16-bargaining_tdl_main-218_2_3,RightPartner,don't trick me haha,1787674074.6011853
e3cj2oap,78,xhzfnp5o,16-bargaining_tdl_main-228_2_3,LeftPartner,how do we decide who supports who?,1787674074.7283368
e3cj2oap,65,svyq7ui9,16-bargaining_tdl_main-224_1_2,RightPartner,Then I will support yellow.,1787674075.381397
e3cj2oap,91,ubpqg9fc,16-bargaining_tdl_main-219_1_3,LeftPartner,so that we can both earn $3,1787674076.2858195
e3cj2oap,107,lsenhla8,16-bargaining_tdl_main-227_1_3,LeftPartner,Who do you support?,1787674077.7064955
e3cj2oap,64,cqvzoqo3,16-bargaining_tdl_main-224_1_2,LeftPartner,Will you support me so both of us will get $3,1787674077.8837426
e3cj2oap,80,x5fmircj,16-bargaining_tdl_main-218_1_2,RightPartner,is purple supporting who?,1787674079.6352928
e3cj2oap,72,qw4dkpkq,16-bargaining_tdl_main-222_1_2,LeftPartner,maybe if thet're the right person i'll support them,1787674081.198871
e3cj2oap,82,ddlt7zxo,16-bargaining_tdl_main-223_2_3,RightPartner,that's a great idea,1787674082.0095234
e3cj2oap,64,cqvzoqo3,16-bargaining_tdl_main-224_1_2,LeftPartner,Perfect!,1787674084.159992
e3cj2oap,62,ljd1241l,16-bargaining_tdl_main-219_1_3,RightPartner,yes. ,1787674084.1697705
e3cj2oap,107,lsenhla8,16-bargaining_tdl_main-227_2_3,RightPartner,Okay deal.,1787674085.5137477
e3cj2oap,102,p0t4tut9,16-bargaining_tdl_main-228_2_3,RightPartner,I will support you if you support me,1787674086.4133918
e3cj2oap,77,3urzw5cn,16-bargaining_tdl_main-223_1_2,LeftPartner,"I'll support ya, ya seem like my kind of people.",1787674087.0058663
e3cj2oap,65,svyq7ui9,16-bargaining_tdl_main-224_2_3,LeftPartner,Who would you like to support?,1787674087.8749504
e3cj2oap,73,7la41415,16-bargaining_tdl_main-222_2_3,LeftPartner,"Definitely!! Do you have any ideas who to support, if anyone?",1787674088.5250247
e3cj2oap,96,jcof6fov,16-bargaining_tdl_main-225_1_3,RightPartner,Hi it is kind of unfair that there is no way for everyone to win at this,1787674089.6138687
e3cj2oap,64,cqvzoqo3,16-bargaining_tdl_main-224_1_2,LeftPartner,Thank you,1787674092.6219
e3cj2oap,75,kl4xb9hh,16-bargaining_tdl_main-218_1_2,LeftPartner,I haven't yet. I'm talking to you because you said hello to me first,1787674093.8383682
e3cj2oap,113,v3ozx525,16-bargaining_tdl_main-225_1_3,LeftPartner,Hello do you want to work together?,1787674095.5870283
e3cj2oap,81,t6b708du,16-bargaining_tdl_main-223_1_2,RightPartner,"I think we are all in the same boat, just trying to figure out where we stand.",1787674099.1776514
e3cj2oap,105,68o404wk,16-bargaining_tdl_main-225_2_3,LeftPartner,"I had a theory, as only 2 of us will receive the money. I will support you as you support me. We can at least guarantee that as a win for both of us.",1787674101.2151387
e3cj2oap,113,v3ozx525,16-bargaining_tdl_main-225_1_3,LeftPartner,I totally agree,1787674103.0084865
e3cj2oap,93,obppl8kr,16-bargaining_tdl_main-218_1_3,LeftPartner,hello???,1787674104.689795
e3cj2oap,89,f579qfed,16-bargaining_tdl_main-227_1_3,RightPartner,I will support you Purple!,1787674105.6924877
e3cj2oap,65,svyq7ui9,16-bargaining_tdl_main-224_1_2,RightPartner,You're welcome,1787674106.3543398
e3cj2oap,92,ubmru0ru,16-bargaining_tdl_main-226_2_3,LeftPartner,Done ?,1787674107.6036985
e3cj2oap,96,jcof6fov,16-bargaining_tdl_main-225_1_3,RightPartner,YES,1787674108.3307948
e3cj2oap,73,7la41415,16-bargaining_tdl_main-222_1_2,RightPartner,That's a good way of determining it!! ,1787674109.4281063
e3cj2oap,77,3urzw5cn,16-bargaining_tdl_main-223_1_3,RightPartner,Will do,1787674112.6155665
e3cj2oap,105,68o404wk,16-bargaining_tdl_main-225_1_2,RightPartner,"I agree, but we must make a decision",1787674113.2372851
e3cj2oap,80,x5fmircj,16-bargaining_tdl_main-218_1_2,RightPartner,who should i tell purple to support,1787674114.070266
e3cj2oap,81,t6b708du,16-bargaining_tdl_main-223_1_2,RightPartner,"You both seem great, I'm thinking about flipping a coin if I have to be honest and seeing where it lands.",1787674116.1739228
e3cj2oap,73,7la41415,16-bargaining_tdl_main-222_1_2,RightPartner,What would make someone the right person for you?,1787674117.1667209
e3cj2oap,91,ubpqg9fc,16-bargaining_tdl_main-219_1_3,LeftPartner,Im willing to support you if you support me ,1787674119.3988929
e3cj2oap,113,v3ozx525,16-bargaining_tdl_main-225_2_3,RightPartner,ok sounds good,1787674120.1381059
e3cj2oap,108,z0f50fsj,16-bargaining_tdl_main-222_1_3,LeftPartner,"That's good. This situation is an interesting one, isn't it?",1787674123.9776638
e3cj2oap,78,xhzfnp5o,16-bargaining_tdl_main-228_2_3,LeftPartner,ok,1787674124.057839
e3cj2oap,106,wpjc4rez,16-bargaining_tdl_main-224_2_3,RightPartner,Orange. who are you leaning to support,1787674124.8686337
e3cj2oap,65,svyq7ui9,16-bargaining_tdl_main-224_2_3,LeftPartner,I am going to be supporting yellow.,1787674125.1697452
e3cj2oap,108,z0f50fsj,16-bargaining_tdl_main-222_2_3,RightPartner,"Not yet, you?",1787674126.8391397
e3cj2oap,77,3urzw5cn,16-bargaining_tdl_main-223_1_2,LeftPartner,Go for it,1787674127.5685263
e3cj2oap,96,jcof6fov,16-bargaining_tdl_main-225_1_2,LeftPartner,I told purple yes,1787674130.662678
e3cj2oap,113,v3ozx525,16-bargaining_tdl_main-225_2_3,RightPartner,i'm picking you,1787674132.997751
e3cj2oap,105,68o404wk,16-bargaining_tdl_main-225_2_3,LeftPartner,what is yellow's thoughts to you?,1787674133.7605689
e3cj2oap,118,tzsloy0f,16-bargaining_tdl_main-226_1_3,LeftPartner,Thanks I am still deciding,1787674135.0342214
e3cj2oap,77,3urzw5cn,16-bargaining_tdl_main-223_1_2,LeftPartner,Fingers crossed,1787674135.7432163
e3cj2oap,81,t6b708du,16-bargaining_tdl_main-223_1_2,RightPartner,See you on the other side.,1787674137.3382795
e3cj2oap,116,11s6qc7v,16-bargaining_tdl_main-229_2_3,LeftPartner,Hey purple,1787674139.645724
e3cj2oap,106,wpjc4rez,16-bargaining_tdl_main-224_1_3,LeftPartner,who are you supporting,1787674139.6862946
e3cj2oap,81,t6b708du,16-bargaining_tdl_main-223_2_3,LeftPartner,See you on the other side.,1787674142.815057
e3cj2oap,113,v3ozx525,16-bargaining_tdl_main-225_2_3,RightPartner,not saying much,1787674143.612027
e3cj2oap,77,3urzw5cn,16-bargaining_tdl_main-223_1_2,LeftPartner,absolutely,1787674145.0099344
e3cj2oap,86,1km03qf0,16-bargaining_tdl_main-229_1_2,LeftPartner,"Hi, I will support you if you support me.",1787674145.3458095
e3cj2oap,116,11s6qc7v,16-bargaining_tdl_main-229_1_2,RightPartner,Hey yello,1787674145.887762
e3cj2oap,72,qw4dkpkq,16-bargaining_tdl_main-222_1_2,LeftPartner,"if they're friendly, honest, maybe if they're a good person",1787674150.619489
e3cj2oap,64,cqvzoqo3,16-bargaining_tdl_main-224_1_3,RightPartner,I would like to inform you that I have an agreement with Orange participant that I will support him/her,1787674151.689043
e3cj2oap,106,wpjc4rez,16-bargaining_tdl_main-224_2_3,RightPartner,okay sounds great,1787674154.9588766
e3cj2oap,71,iklzepbq,16-bargaining_tdl_main-228_1_2,LeftPartner,"There is no fair way to handle this. IF I support you and you support me, we will win, but purple loses out.",1787674155.0528994
e3cj2oap,71,iklzepbq,16-bargaining_tdl_main-228_1_3,RightPartner,How do you want to handle this?,1787674157.6552923
e3cj2oap,113,v3ozx525,16-bargaining_tdl_main-225_2_3,RightPartner,You need to pick me and then we both win,1787674157.9335563
e3cj2oap,75,kl4xb9hh,16-bargaining_tdl_main-218_1_2,LeftPartner,That's up to you... I haven't answered purple yet.,1787674160.137268
e3cj2oap,73,7la41415,16-bargaining_tdl_main-222_2_3,LeftPartner,"No, I feel awful about the person who I don't pick... what criteria are you using?",1787674160.3777328
e3cj2oap,120,6cayrpja,16-bargaining_tdl_main-229_2_3,RightPartner,Hey Orange,1787674161.84865
e3cj2oap,86,1km03qf0,16-bargaining_tdl_main-229_1_3,RightPartner,Hello Purple,1787674162.2536561
e3cj2oap,75,kl4xb9hh,16-bargaining_tdl_main-218_1_2,LeftPartner,Oh purple just left,1787674164.5097904
e3cj2oap,106,wpjc4rez,16-bargaining_tdl_main-224_1_3,LeftPartner,sounds great,1787674165.4023817
e3cj2oap,116,11s6qc7v,16-bargaining_tdl_main-229_1_2,RightPartner,I will do so to if you will support me,1787674168.2461684
e3cj2oap,105,68o404wk,16-bargaining_tdl_main-225_2_3,LeftPartner,"I'm going to tell them I'll support them, if they support me, as they aren't saying much to me either",1787674173.6538026
e3cj2oap,102,p0t4tut9,16-bargaining_tdl_main-228_2_3,RightPartner,Great we have a deal,1787674175.700459
e3cj2oap,64,cqvzoqo3,16-bargaining_tdl_main-224_1_3,RightPartner,Sorry.,1787674176.2478166
e3cj2oap,82,ddlt7zxo,16-bargaining_tdl_main-223_1_3,LeftPartner,orange left?? any ideas?,1787674176.5649102
e3cj2oap,80,x5fmircj,16-bargaining_tdl_main-218_1_2,RightPartner,yes. whats the final decision,1787674180.3060462
e3cj2oap,72,qw4dkpkq,16-bargaining_tdl_main-222_1_3,RightPartner,"yea, it's makes you wonder what to support to",1787674180.4514532
e3cj2oap,86,1km03qf0,16-bargaining_tdl_main-229_1_2,LeftPartner,Agreed,1787674182.0220423
e3cj2oap,78,xhzfnp5o,16-bargaining_tdl_main-228_1_2,RightPartner,but if we don't come to an agreement we all lose,1787674186.426914
e3cj2oap,105,68o404wk,16-bargaining_tdl_main-225_2_3,LeftPartner,"unfortunately, there must be someone left out",1787674187.1016338
e3cj2oap,106,wpjc4rez,16-bargaining_tdl_main-224_1_3,LeftPartner,no worries,1787674187.8335028
e3cj2oap,120,6cayrpja,16-bargaining_tdl_main-229_1_3,LeftPartner,Hello Yellow,1787674188.2398694
e3cj2oap,73,7la41415,16-bargaining_tdl_main-222_1_2,RightPartner,That sounds good! I think I'll follow your lead here ^_^,1787674188.6126018
e3cj2oap,116,11s6qc7v,16-bargaining_tdl_main-229_2_3,LeftPartner,How is your option looking like,1787674189.311904
e3cj2oap,113,v3ozx525,16-bargaining_tdl_main-225_2_3,RightPartner,Yes agree.,1787674194.5298305
e3cj2oap,65,svyq7ui9,16-bargaining_tdl_main-224_1_2,RightPartner,Should we leave the chat since we have made our decisions?,1787674199.848915
e3cj2oap,75,kl4xb9hh,16-bargaining_tdl_main-218_1_2,LeftPartner,I'm going to pick you (orange). Ok I'm going to end chat too. Thanks for the chat!,1787674201.5340183
e3cj2oap,73,7la41415,16-bargaining_tdl_main-222_1_2,RightPartner,"So, any plans for the upcoming holiday??",1787674201.6702724
e3cj2oap,116,11s6qc7v,16-bargaining_tdl_main-229_1_2,RightPartner,"Awesome, your word. ",1787674204.7920883
e3cj2oap,105,68o404wk,16-bargaining_tdl_main-225_1_2,RightPartner,"I will support you, if you support me",1787674206.2758892
e3cj2oap,120,6cayrpja,16-bargaining_tdl_main-229_2_3,RightPartner,What do you propose?,1787674211.849314
e3cj2oap,65,svyq7ui9,16-bargaining_tdl_main-224_2_3,LeftPartner,Should we leave the chat now?,1787674213.45608
e3cj2oap,102,p0t4tut9,16-bargaining_tdl_main-228_1_3,LeftPartner,What did you have in mind,1787674218.1478937
e3cj2oap,64,cqvzoqo3,16-bargaining_tdl_main-224_1_2,LeftPartner,"No, we should wait 10 mins",1787674225.9167724
e3cj2oap,106,wpjc4rez,16-bargaining_tdl_main-224_2_3,RightPartner,guess so ,1787674227.8505628
e3cj2oap,96,jcof6fov,16-bargaining_tdl_main-225_1_2,LeftPartner,Okay purple didn't answer back so yes to you instead,1787674228.061626
e3cj2oap,71,iklzepbq,16-bargaining_tdl_main-228_1_2,LeftPartner,Can you think of some way of randomly choosing  which colors should select each other?,1787674231.4953365
e3cj2oap,116,11s6qc7v,16-bargaining_tdl_main-229_2_3,LeftPartner,Are you gonna support me?,1787674232.2402458
e3cj2oap,105,68o404wk,16-bargaining_tdl_main-225_1_2,RightPartner,you can tell purple you will still support,1787674234.04102
e3cj2oap,72,qw4dkpkq,16-bargaining_tdl_main-222_1_2,LeftPartner,i don't do holidays due to my religion,1787674235.0807965
e3cj2oap,65,svyq7ui9,16-bargaining_tdl_main-224_2_3,LeftPartner,Yellow says we should wait,1787674239.2125258
e3cj2oap,116,11s6qc7v,16-bargaining_tdl_main-229_2_3,LeftPartner,I will do the same,1787674241.871848
e3cj2oap,105,68o404wk,16-bargaining_tdl_main-225_1_2,RightPartner,but we should team up,1787674242.1907606
e3cj2oap,113,v3ozx525,16-bargaining_tdl_main-225_2_3,RightPartner,Ok. I'm picking you for sure. So you pick me (purple),1787674246.6186655
e3cj2oap,96,jcof6fov,16-bargaining_tdl_main-225_1_2,LeftPartner,they will see this message though,1787674250.5930636
e3cj2oap,108,z0f50fsj,16-bargaining_tdl_main-222_2_3,RightPartner,"Really not sure what the best strategy is. I was going to go with what my favorite color is, but that isn't one of the options and that probably isn't the most sensible. So I guess I'll go with what feels right in the moment.",1787674253.099703
e3cj2oap,64,cqvzoqo3,16-bargaining_tdl_main-224_1_2,LeftPartner,5 mins left,1787674258.4468617
e3cj2oap,102,p0t4tut9,16-bargaining_tdl_main-228_2_3,RightPartner,Have you messaged the other participant?,1787674259.370802
e3cj2oap,106,wpjc4rez,16-bargaining_tdl_main-224_2_3,RightPartner,waiting for?,1787674262.055484
e3cj2oap,71,iklzepbq,16-bargaining_tdl_main-228_1_3,RightPartner,I asked orange if they could think of a random way of selecting which colors should choose each other. Do you have any suggestions?,1787674263.843836
e3cj2oap,72,qw4dkpkq,16-bargaining_tdl_main-222_1_2,LeftPartner,my religion said holidays have dark hidden meanings and it's pagan,1787674265.2103965
e3cj2oap,105,68o404wk,16-bargaining_tdl_main-225_1_2,RightPartner,it's anonymous,1787674266.0887291
e3cj2oap,64,cqvzoqo3,16-bargaining_tdl_main-224_1_2,LeftPartner,Are you here?,1787674266.0926213
e3cj2oap,73,7la41415,16-bargaining_tdl_main-222_1_2,RightPartner,"Gotcha!! I don't really celebrate either, but for different reasons (I can never get things set in time, mainly).",1787674266.7147145
e3cj2oap,105,68o404wk,16-bargaining_tdl_main-225_1_2,RightPartner,it is what it is,1787674269.9932923
e3cj2oap,65,svyq7ui9,16-bargaining_tdl_main-224_2_3,LeftPartner,For the timer to run out,1787674273.3530307
e3cj2oap,96,jcof6fov,16-bargaining_tdl_main-225_1_2,LeftPartner,I havent told them I wouldnt,1787674273.7832031
e3cj2oap,105,68o404wk,16-bargaining_tdl_main-225_1_2,RightPartner,"I'm picking you, good luck",1787674276.6166105
e3cj2oap,65,svyq7ui9,16-bargaining_tdl_main-224_1_2,RightPartner,yes,1787674278.0286114
e3cj2oap,108,z0f50fsj,16-bargaining_tdl_main-222_1_3,LeftPartner,It is a bit strange to try and figure this out just based on vibes of a random chat.,1787674295.337652
e3cj2oap,102,p0t4tut9,16-bargaining_tdl_main-228_1_3,LeftPartner,Not really ,1787674300.042565
e3cj2oap,73,7la41415,16-bargaining_tdl_main-222_1_2,RightPartner,"Oh wow! I think some of the big ones may have been based on Pagan holidays, originally. ",1787674310.8230805
e3cj2oap,78,xhzfnp5o,16-bargaining_tdl_main-228_2_3,LeftPartner,"yes, they want to know if there is a fair way to decide who loses but i don't think there is",1787674320.724087
e3cj2oap,65,svyq7ui9,16-bargaining_tdl_main-224_1_2,RightPartner,are you?,1787674329.0571733
e3cj2oap,72,qw4dkpkq,16-bargaining_tdl_main-222_1_3,RightPartner,maybe we can just talk about something,1787674333.005388
e3cj2oap,73,7la41415,16-bargaining_tdl_main-222_2_3,LeftPartner,That sounds good!! What is your favorite color? Mine's green ^_^,1787674333.169819
e3cj2oap,71,iklzepbq,16-bargaining_tdl_main-228_1_2,LeftPartner,We will be running out of time. I think you and purple should select each other. I'll take one for the team.,1787674333.5400841
e3cj2oap,71,iklzepbq,16-bargaining_tdl_main-228_1_3,RightPartner,"We will be running out of time. Why don't you and orange select each other, and I'll take one for the team.",1787674335.4017344
e3cj2oap,121,d3e39xry,16-bargaining_tdl_main-230_2_3,RightPartner,Hello Orange! I'm Purple - ,1787674347.374656
e3cj2oap,102,p0t4tut9,16-bargaining_tdl_main-228_1_3,LeftPartner,sounds good,1787674352.0336025
e3cj2oap,78,xhzfnp5o,16-bargaining_tdl_main-228_2_3,LeftPartner,they said they will select no one,1787674353.8010936
e3cj2oap,110,9bka4t3k,16-bargaining_tdl_main-230_2_3,LeftPartner,Hi!,1787674368.6754255
e3cj2oap,102,p0t4tut9,16-bargaining_tdl_main-228_2_3,RightPartner,sounds good or tell them to select you,1787674370.5331774
e3cj2oap,121,d3e39xry,16-bargaining_tdl_main-230_1_3,LeftPartner,"Hello, Yellow! I'm Purple - I love dogs",1787674371.8901343
e3cj2oap,110,9bka4t3k,16-bargaining_tdl_main-230_1_2,RightPartner,H!,1787674374.0088212
e3cj2oap,78,xhzfnp5o,16-bargaining_tdl_main-228_1_2,RightPartner,"that is very generous, thank you.",1787674379.0322635
e3cj2oap,102,p0t4tut9,16-bargaining_tdl_main-228_1_3,LeftPartner,select orange,1787674383.0881617
e3cj2oap,72,qw4dkpkq,16-bargaining_tdl_main-222_1_2,LeftPartner,"like Halloween Christians literally hated Satan, then made a holiday to celebrate with him lol",1787674391.954717
e3cj2oap,64,cqvzoqo3,16-bargaining_tdl_main-224_1_2,LeftPartner,"The instruction given above is quite confusing. It says that we can press ""Next"" when we finish.  Let's press next. ",1787674392.9254224
e3cj2oap,121,d3e39xry,16-bargaining_tdl_main-230_2_3,RightPartner,"My dogs say hello, too.",1787674394.8200433
e3cj2oap,108,z0f50fsj,16-bargaining_tdl_main-222_2_3,RightPartner,"My favorite color is blue, actually most shades of blue, teal, cobalt, navy etc.  What criteria are you basing your decision on?",1787674406.793901
e3cj2oap,65,svyq7ui9,16-bargaining_tdl_main-224_1_2,RightPartner,"ok, are you going to tell purple?",1787674411.1746001
e3cj2oap,110,9bka4t3k,16-bargaining_tdl_main-230_2_3,LeftPartner,Well hello doggies!,1787674421.1700037
e3cj2oap,108,z0f50fsj,16-bargaining_tdl_main-222_1_3,LeftPartner,"ok, how are you deciding who to support?",1787674424.8740354
e3cj2oap,73,7la41415,16-bargaining_tdl_main-222_1_2,RightPartner,"Well, I'm not sure about that one... I think Halloween was based on the fall celebration and is more about candy than any kind of devil worship. But, to each their own, for sure ^_^",1787674430.4713547
e3cj2oap,64,cqvzoqo3,16-bargaining_tdl_main-224_1_2,LeftPartner,I told purple that I will support you,1787674435.5351534
e3cj2oap,65,svyq7ui9,16-bargaining_tdl_main-224_1_2,RightPartner,I mean are you going to tell purple to press next?,1787674453.0010264
e3cj2oap,121,d3e39xry,16-bargaining_tdl_main-230_2_3,RightPartner,We could each earn $ if we support each other...,1787674461.5823872
e3cj2oap,72,qw4dkpkq,16-bargaining_tdl_main-222_1_3,RightPartner,idk yet ,1787674462.2041988
e3cj2oap,128,mlrw6g9l,16-bargaining_tdl_main-231_2_3,RightPartner,hey hey,1787674464.0348365
e3cj2oap,128,mlrw6g9l,16-bargaining_tdl_main-231_1_3,LeftPartner,hi there,1787674468.591634
e3cj2oap,84,hhqw4goe,16-bargaining_tdl_main-231_1_3,RightPartner,hello,1787674472.9603047
e3cj2oap,109,f56rnp13,16-bargaining_tdl_main-230_1_2,LeftPartner,"Hi,",1787674477.820446
e3cj2oap,110,9bka4t3k,16-bargaining_tdl_main-230_2_3,LeftPartner,I will support you!,1787674477.8243546
e3cj2oap,73,7la41415,16-bargaining_tdl_main-222_2_3,LeftPartner,"Those are awesome colors! I'm partial to midnight blue, definitely. I'm not sure... I think I want to support who seems the nicest or who might have the greater need for the bonus, maybe? ",1787674481.0754845
e3cj2oap,64,cqvzoqo3,16-bargaining_tdl_main-224_1_2,LeftPartner,No. Do you think we should?,1787674485.167017
e3cj2oap,84,hhqw4goe,16-bargaining_tdl_main-231_1_3,RightPartner,whats ur plan,1787674489.479997
e3cj2oap,65,svyq7ui9,16-bargaining_tdl_main-224_1_2,RightPartner,"yes, of course",1787674495.5945606
e3cj2oap,108,z0f50fsj,16-bargaining_tdl_main-222_2_3,RightPartner,How do you determine those things?,1787674500.735968
e3cj2oap,121,d3e39xry,16-bargaining_tdl_main-230_2_3,RightPartner,"OK, and I will support you.  That's a deal.",1787674504.3843133
e3cj2oap,72,qw4dkpkq,16-bargaining_tdl_main-222_1_2,LeftPartner,it's based on all soul's day whatever i forgot lol,1787674506.6188078
e3cj2oap,84,hhqw4goe,16-bargaining_tdl_main-231_1_2,LeftPartner,hi,1787674507.687295
e3cj2oap,65,svyq7ui9,16-bargaining_tdl_main-224_1_2,RightPartner,we might as well wait now that there is no time left lol,1787674512.5698898
e3cj2oap,110,9bka4t3k,16-bargaining_tdl_main-230_2_3,LeftPartner,Cool,1787674514.1101315
e3cj2oap,64,cqvzoqo3,16-bargaining_tdl_main-224_1_2,LeftPartner,chat remaining time is 48 seconds let's just wait,1787674515.5977376
e3cj2oap,126,zlxecing,16-bargaining_tdl_main-231_1_2,RightPartner,Hi,1787674530.462176
e3cj2oap,128,mlrw6g9l,16-bargaining_tdl_main-231_1_3,LeftPartner,I was gonna support you since orange hasn't said anything,1787674530.650733
e3cj2oap,64,cqvzoqo3,16-bargaining_tdl_main-224_1_2,LeftPartner,15 sec,1787674533.417742
e3cj2oap,126,zlxecing,16-bargaining_tdl_main-231_2_3,LeftPartner,Hello,1787674538.6495337
e3cj2oap,84,hhqw4goe,16-bargaining_tdl_main-231_1_3,RightPartner,okay sounds good,1787674542.714612
e3cj2oap,109,f56rnp13,16-bargaining_tdl_main-230_1_3,RightPartner,"Hello,  Purple! What do you love about dogs?",1787674559.5181696
e3cj2oap,121,d3e39xry,16-bargaining_tdl_main-230_1_3,LeftPartner,"Hello! I was about to leave, thinking you were not there. Their love and positive energy - playfulness- good humor",1787674607.5554585
e3cj2oap,125,2lhn3gv0,16-bargaining_tdl_main-232_1_2,RightPartner,"Hello, I would like to support you",1787675270.0010967
e3cj2oap,125,2lhn3gv0,16-bargaining_tdl_main-232_1_2,RightPartner,"Hello, will you support me?",1787675310.8504996
e3cj2oap,130,uu037t1o,16-bargaining_tdl_main-233_1_2,LeftPartner,who are you supporting?,1787677160.4513364
e3cj2oap,131,3gp63qdn,16-bargaining_tdl_main-233_2_3,LeftPartner,hello,1787677160.7819066
e3cj2oap,134,v29d704f,16-bargaining_tdl_main-233_1_3,LeftPartner,"hello, who do you plan to support?",1787677162.8027065
e3cj2oap,134,v29d704f,16-bargaining_tdl_main-233_2_3,RightPartner,hello,1787677167.4760373
e3cj2oap,130,uu037t1o,16-bargaining_tdl_main-233_1_3,RightPartner,who are you supporting?,1787677171.7715933
e3cj2oap,134,v29d704f,16-bargaining_tdl_main-233_2_3,RightPartner,who do you plan to support?,1787677174.8124382
e3cj2oap,131,3gp63qdn,16-bargaining_tdl_main-233_1_2,RightPartner,hmm,1787677182.52141
e3cj2oap,131,3gp63qdn,16-bargaining_tdl_main-233_2_3,LeftPartner,hmmm,1787677185.3698564
e3cj2oap,131,3gp63qdn,16-bargaining_tdl_main-233_2_3,LeftPartner,maybe purple or yellow,1787677201.1390464
e3cj2oap,130,uu037t1o,16-bargaining_tdl_main-233_1_3,RightPartner,I will support you if you support me,1787677211.822434
e3cj2oap,131,3gp63qdn,16-bargaining_tdl_main-233_1_2,RightPartner,maybe yellow or purple ,1787677212.4846408
e3cj2oap,134,v29d704f,16-bargaining_tdl_main-233_1_3,LeftPartner,I am not sure. I would hope that all of us could get the $3 but I know its not set up that way. ,1787677217.9113827
e3cj2oap,131,3gp63qdn,16-bargaining_tdl_main-233_2_3,LeftPartner,wbu,1787677219.1863892
e3cj2oap,131,3gp63qdn,16-bargaining_tdl_main-233_1_2,RightPartner,wbu,1787677220.442442
e3cj2oap,134,v29d704f,16-bargaining_tdl_main-233_1_3,LeftPartner,"Yes, I can support you. ",1787677228.1629019
e3cj2oap,130,uu037t1o,16-bargaining_tdl_main-233_1_3,RightPartner,Ok I will support you,1787677250.719605
e3cj2oap,131,3gp63qdn,16-bargaining_tdl_main-233_1_2,RightPartner,ill support yellow,1787677269.1374364
e3cj2oap,130,uu037t1o,16-bargaining_tdl_main-233_1_2,LeftPartner,I haven't decided yet,1787677271.4170032
e3cj2oap,139,lovn082t,16-bargaining_tdl_main-234_1_3,LeftPartner,Hi who are you supporting ?,1787677538.3884833
e3cj2oap,139,lovn082t,16-bargaining_tdl_main-234_2_3,RightPartner,hi who are you supporting ?,1787677576.004964
e3cj2oap,132,8ilwkhga,16-bargaining_tdl_main-234_1_3,RightPartner,I would just like to agree on who to support so at least some of us can have a bonus,1787677582.0794804
e3cj2oap,133,helw2zrs,16-bargaining_tdl_main-234_2_3,LeftPartner,I'll support you since you messaged first.,1787677594.5720007
e3cj2oap,132,8ilwkhga,16-bargaining_tdl_main-234_1_2,LeftPartner,who will you support,1787677607.1254954
e3cj2oap,139,lovn082t,16-bargaining_tdl_main-234_2_3,RightPartner,ok,1787677609.9700687
e3cj2oap,133,helw2zrs,16-bargaining_tdl_main-234_1_2,RightPartner,I've decided to support Purple because they messaged me first.,1787677624.0516646
e3cj2oap,139,lovn082t,16-bargaining_tdl_main-234_1_3,LeftPartner,ok then,1787677628.5443802
e3cj2oap,141,zs2lz74b,16-bargaining_tdl_main-235_2_3,RightPartner,Hi How are you today? ,1787677721.1168394
e3cj2oap,141,zs2lz74b,16-bargaining_tdl_main-235_1_3,LeftPartner,Hi How are you today?,1787677728.128166
e3cj2oap,137,hrgxjwyw,16-bargaining_tdl_main-235_2_3,LeftPartner,"Hey doing well, hbu",1787677732.7162066
e3cj2oap,137,hrgxjwyw,16-bargaining_tdl_main-235_1_2,RightPartner,"Hey hows it going, how you doing today",1787677746.9006934
e3cj2oap,135,1c26z1a0,16-bargaining_tdl_main-235_1_3,RightPartner,Hi I'm good. What about you?,1787677751.1908453
e3cj2oap,135,1c26z1a0,16-bargaining_tdl_main-235_1_2,LeftPartner,I'm good. What about you?,1787677767.8488257
e3cj2oap,141,zs2lz74b,16-bargaining_tdl_main-235_2_3,RightPartner,Im doing really well first day of school so emotional! And were still in a fire zone so a little crazy! do you have littles going back?,1787677768.8646169
e3cj2oap,137,hrgxjwyw,16-bargaining_tdl_main-235_1_2,RightPartner,"good to hear, im doing good",1787677802.4672692
e3cj2oap,141,zs2lz74b,16-bargaining_tdl_main-235_1_3,LeftPartner,Im ok emotional its the first day of school here and were still in a fire zone i feel a little crazy! Do you have any littles going back to school? I hope your safe and not near any of these fires!,1787677811.0186343
e3cj2oap,149,15zdxkkd,16-bargaining_tdl_main-236_1_3,LeftPartner,Hi! ,1787677846.6423254
e3cj2oap,149,15zdxkkd,16-bargaining_tdl_main-236_2_3,RightPartner,Hi!,1787677848.2899885
e3cj2oap,145,3ulfq9oy,16-bargaining_tdl_main-236_1_3,RightPartner,Hi. I would like to share with someone that will share back with me,1787677850.8183584
e3cj2oap,147,hswiet99,16-bargaining_tdl_main-236_1_2,RightPartner,"Hello, how are you?",1787677851.1647322
e3cj2oap,137,hrgxjwyw,16-bargaining_tdl_main-235_2_3,LeftPartner,"Thats good to hear, but i know what you mean by schoool being emotional. Clarify by what you mean little going back?",1787677854.9490137
e3cj2oap,147,hswiet99,16-bargaining_tdl_main-236_2_3,LeftPartner,Hello!,1787677857.2871814
e3cj2oap,145,3ulfq9oy,16-bargaining_tdl_main-236_1_2,LeftPartner,hi,1787677857.832703
e3cj2oap,147,hswiet99,16-bargaining_tdl_main-236_2_3,LeftPartner,How are you?,1787677861.020952
e3cj2oap,145,3ulfq9oy,16-bargaining_tdl_main-236_1_2,LeftPartner,good. You?,1787677866.466214
e3cj2oap,149,15zdxkkd,16-bargaining_tdl_main-236_1_3,LeftPartner,I would like to share also,1787677873.0077896
e3cj2oap,141,zs2lz74b,16-bargaining_tdl_main-235_2_3,RightPartner,kids i call them littles even my high schooler LOL,1787677876.45479
e3cj2oap,149,15zdxkkd,16-bargaining_tdl_main-236_2_3,RightPartner,I am good. How are you?,1787677881.6053104
e3cj2oap,147,hswiet99,16-bargaining_tdl_main-236_1_2,RightPartner,"Doing well. Drinking some coffee, doing some surveys.",1787677882.0100477
e3cj2oap,141,zs2lz74b,16-bargaining_tdl_main-235_2_3,RightPartner,I hope you are not near any of these fires yourself. ,1787677894.3243625
e3cj2oap,135,1c26z1a0,16-bargaining_tdl_main-235_1_3,RightPartner,Where do you reside?,1787677913.9411125
e3cj2oap,135,1c26z1a0,16-bargaining_tdl_main-235_1_2,LeftPartner,Who do you plan to support?,1787677927.941577
e3cj2oap,147,hswiet99,16-bargaining_tdl_main-236_2_3,LeftPartner,"Doing great. Drinking my coffee and doing surveys today. What about you? The other participant seems to have left that chat, which sounds like you and I should support each other on this one.",1787677933.0488796
e3cj2oap,141,zs2lz74b,16-bargaining_tdl_main-235_1_3,LeftPartner,the Pacific Northwest,1787677941.8156934
e3cj2oap,137,hrgxjwyw,16-bargaining_tdl_main-235_2_3,LeftPartner,"oh hahaha, i shouldve picked up on that. I dont have any kids but i hope the fires dont become too harsh and claim anyone elses lives. Are you far from them",1787677948.0649881
e3cj2oap,164,73iubq2b,16-bargaining_tdl_main-237_1_3,LeftPartner,I am supporting yellow,1787677950.8221865
e3cj2oap,158,8ihhs20h,16-bargaining_tdl_main-237_2_3,LeftPartner,hello,1787677959.665552
e3cj2oap,137,hrgxjwyw,16-bargaining_tdl_main-235_1_2,RightPartner,"Question, were you given a topic on what the discussion needed to be?",1787677966.817247
e3cj2oap,164,73iubq2b,16-bargaining_tdl_main-237_2_3,RightPartner,I am supporting orange,1787677969.742708
e3cj2oap,141,zs2lz74b,16-bargaining_tdl_main-235_2_3,RightPartner,they came about 500 ft from our home our neighbors not so lucky its awful. ,1787677977.5400174
e3cj2oap,141,zs2lz74b,16-bargaining_tdl_main-235_1_3,LeftPartner,you?,1787677987.288022
e3cj2oap,135,1c26z1a0,16-bargaining_tdl_main-235_1_3,RightPartner,"Oh, I'm okay and I hope you're okay too?",1787677998.0831916
e3cj2oap,150,32vltywk,16-bargaining_tdl_main-238_2_3,RightPartner,"Hi, I am purple. I am hoping for a fun cooperative team.",1787678008.0773273
e3cj2oap,141,zs2lz74b,16-bargaining_tdl_main-235_1_3,LeftPartner,medium well lol,1787678009.1199756
e3cj2oap,136,dgv23m5j,16-bargaining_tdl_main-238_1_3,RightPartner,Hi do you have a game plan?,1787678013.2718613
e3cj2oap,135,1c26z1a0,16-bargaining_tdl_main-235_1_2,LeftPartner,To decide on who to support and why,1787678015.1971915
e3cj2oap,137,hrgxjwyw,16-bargaining_tdl_main-235_2_3,LeftPartner,Im sorry to hear that. We had some really bad fires years ago so i know what its like evacuating and being that close to the damage,1787678034.286459
e3cj2oap,136,dgv23m5j,16-bargaining_tdl_main-238_1_2,LeftPartner,Hi would you like to talk about the game?,1787678034.6075797
e3cj2oap,150,32vltywk,16-bargaining_tdl_main-238_1_3,LeftPartner,"Hi, I am the purple team member. I hope you are ready for a fun game.",1787678036.891594
e3cj2oap,144,zhftfh7p,16-bargaining_tdl_main-238_1_2,RightPartner,Hi there good afternoon. How you doing today,1787678044.961063
e3cj2oap,135,1c26z1a0,16-bargaining_tdl_main-235_1_3,RightPartner,"What do you mean by ""medium well""?",1787678051.707045
e3cj2oap,167,ocedug8x,16-bargaining_tdl_main-239_1_3,LeftPartner,hello,1787678053.0841012
e3cj2oap,167,ocedug8x,16-bargaining_tdl_main-239_2_3,RightPartner,hello,1787678056.710589
e3cj2oap,144,zhftfh7p,16-bargaining_tdl_main-238_2_3,LeftPartner,hi,1787678062.4787548
e3cj2oap,155,t5hltznj,16-bargaining_tdl_main-239_1_2,RightPartner,hello,1787678065.0264096
e3cj2oap,136,dgv23m5j,16-bargaining_tdl_main-238_1_3,RightPartner,I am! any ideas for this to work beter?,1787678065.313933
e3cj2oap,141,zs2lz74b,16-bargaining_tdl_main-235_2_3,RightPartner,uh thats awful i hope you escape it all this time. i think i will just send my support your way :) ,1787678065.819443
e3cj2oap,155,t5hltznj,16-bargaining_tdl_main-239_2_3,LeftPartner,hello,1787678068.9728496
e3cj2oap,153,5i06qzac,16-bargaining_tdl_main-239_1_2,LeftPartner,hello!,1787678069.9659913
e3cj2oap,137,hrgxjwyw,16-bargaining_tdl_main-235_1_2,RightPartner,so there was no central theme that was highlighted. it was just talk to the other participants and then pick who youd support,1787678072.4653864
e3cj2oap,150,32vltywk,16-bargaining_tdl_main-238_2_3,RightPartner,Do you enjoy decision games?,1787678074.9113278
e3cj2oap,171,c2oiu8th,16-bargaining_tdl_main-240_2_3,RightPartner,Hello Orange. Would you like to team up ?,1787678078.2547019
e3cj2oap,153,5i06qzac,16-bargaining_tdl_main-239_1_3,RightPartner,hello!,1787678081.0160892
e3cj2oap,141,zs2lz74b,16-bargaining_tdl_main-235_1_3,LeftPartner,not great but certainly not terrible ,1787678081.4649227
e3cj2oap,169,szm15f83,16-bargaining_tdl_main-240_2_3,LeftPartner,Glad you asked,1787678083.7331827
e3cj2oap,167,ocedug8x,16-bargaining_tdl_main-239_2_3,RightPartner,how are you,1787678086.908577
e3cj2oap,178,fj6g5poj,16-bargaining_tdl_main-241_1_2,RightPartner,Want to support each other?,1787678090.8872561
e3cj2oap,167,ocedug8x,16-bargaining_tdl_main-239_1_3,LeftPartner,how are you,1787678093.8450332
e3cj2oap,162,oh3mrzih,16-bargaining_tdl_main-241_1_2,LeftPartner,Sure thing,1787678095.0638282
e3cj2oap,155,t5hltznj,16-bargaining_tdl_main-239_2_3,LeftPartner,doing fine....yoou?,1787678095.7957926
e3cj2oap,165,nw5vagsc,16-bargaining_tdl_main-240_1_2,LeftPartner,"Lol, I'm yellow irl",1787678097.9351218
e3cj2oap,162,oh3mrzih,16-bargaining_tdl_main-241_1_2,LeftPartner,Lol,1787678098.253606
e3cj2oap,175,lh2ujq89,16-bargaining_tdl_main-242_2_3,RightPartner,"Hi there, would you like to team up with me ?",1787678105.4809558
e3cj2oap,150,32vltywk,16-bargaining_tdl_main-238_1_3,LeftPartner,Hmmm. We could agree to be cooperative towards each other?,1787678106.4144244
e3cj2oap,135,1c26z1a0,16-bargaining_tdl_main-235_1_3,RightPartner,Are you in shock because of the situation?,1787678107.6229181
e3cj2oap,167,ocedug8x,16-bargaining_tdl_main-239_2_3,RightPartner,i'm good. just a tad bit sleepy,1787678108.116755
e3cj2oap,137,hrgxjwyw,16-bargaining_tdl_main-235_2_3,LeftPartner,yeah right back at you! are the schools also on high alert with the fires,1787678108.2618282
e3cj2oap,136,dgv23m5j,16-bargaining_tdl_main-238_1_2,LeftPartner,Any ideas how to work out a stratergy?,1787678110.9151402
e3cj2oap,178,fj6g5poj,16-bargaining_tdl_main-241_2_3,LeftPartner,want to support each other?,1787678112.9829817
e3cj2oap,160,qw4liu4s,16-bargaining_tdl_main-242_1_2,RightPartner,Hekko,1787678113.8390832
e3cj2oap,144,zhftfh7p,16-bargaining_tdl_main-238_2_3,LeftPartner,somewhat and you,1787678113.882275
e3cj2oap,155,t5hltznj,16-bargaining_tdl_main-239_2_3,LeftPartner,me too,1787678117.969705
e3cj2oap,181,60eo2ir0,16-bargaining_tdl_main-241_2_3,RightPartner,yes,1787678118.05391
e3cj2oap,160,qw4liu4s,16-bargaining_tdl_main-242_2_3,LeftPartner,hey there,1787678124.3853133
e3cj2oap,135,1c26z1a0,16-bargaining_tdl_main-235_1_2,LeftPartner,Exactly ,1787678124.641731
e3cj2oap,162,oh3mrzih,16-bargaining_tdl_main-241_1_2,LeftPartner,I was just gonna message and the first to answer I would support. So lets do us ,1787678128.0101342
e3cj2oap,167,ocedug8x,16-bargaining_tdl_main-239_2_3,RightPartner,what are we trying to do again?,1787678129.2621586
e3cj2oap,154,4qsyank0,16-bargaining_tdl_main-242_1_3,RightPartner,hello,1787678129.9155686
e3cj2oap,160,qw4liu4s,16-bargaining_tdl_main-242_1_2,RightPartner,hello,1787678131.5375214
e3cj2oap,178,fj6g5poj,16-bargaining_tdl_main-241_1_2,RightPartner,Let's do it and cut Blue our,1787678133.9238787
e3cj2oap,178,fj6g5poj,16-bargaining_tdl_main-241_1_2,RightPartner,t,1787678135.5859659
e3cj2oap,150,32vltywk,16-bargaining_tdl_main-238_2_3,RightPartner,I love strategy games. Any hobbies?,1787678135.706289
e3cj2oap,144,zhftfh7p,16-bargaining_tdl_main-238_1_2,RightPartner,we have to support each other to succeed,1787678142.8019776
e3cj2oap,155,t5hltznj,16-bargaining_tdl_main-239_2_3,LeftPartner,the other person left so I guess I will support you and if you support me then we get $3??,1787678145.3039236
e3cj2oap,162,oh3mrzih,16-bargaining_tdl_main-241_1_2,LeftPartner,Purple? Mine is purple ,1787678150.32458
e3cj2oap,160,qw4liu4s,16-bargaining_tdl_main-242_2_3,LeftPartner,"Sure thing, work for you?",1787678153.517343
e3cj2oap,141,zs2lz74b,16-bargaining_tdl_main-235_1_3,LeftPartner,i really didnt think it would happen to us this close very foolish,1787678156.8432198
e3cj2oap,162,oh3mrzih,16-bargaining_tdl_main-241_1_2,LeftPartner,I see purple and Orange I mean ,1787678158.1413674
e3cj2oap,175,lh2ujq89,16-bargaining_tdl_main-242_2_3,RightPartner,"Yes, lets do it",1787678160.662464
e3cj2oap,154,4qsyank0,16-bargaining_tdl_main-242_1_3,RightPartner,im dumb had hard time ,1787678162.9677207
e3cj2oap,144,zhftfh7p,16-bargaining_tdl_main-238_2_3,LeftPartner,sports yoga,1787678164.911275
e3cj2oap,136,dgv23m5j,16-bargaining_tdl_main-238_1_3,RightPartner,I can support you and you can support me each time and then we will get 3.00 but there is one other participant ,1787678165.4470818
e3cj2oap,167,ocedug8x,16-bargaining_tdl_main-239_2_3,RightPartner,yeah i think thats the most obvious path to go for,1787678168.5541222
e3cj2oap,178,fj6g5poj,16-bargaining_tdl_main-241_1_2,RightPartner,Sounds good. yes it is Purple,1787678171.0575478
e3cj2oap,167,ocedug8x,16-bargaining_tdl_main-239_2_3,RightPartner,makes it a lot easier,1787678172.5408695
e3cj2oap,141,zs2lz74b,16-bargaining_tdl_main-235_2_3,RightPartner,yes they have a whole plan and set up for donations and support. they even did hot meals for the whole town for a week. ,1787678177.0309944
e3cj2oap,176,zntqh8gm,16-bargaining_tdl_main-243_1_3,LeftPartner,Hi what's you favorite season?,1787678181.7743528
e3cj2oap,135,1c26z1a0,16-bargaining_tdl_main-235_1_2,LeftPartner,Who do plan to support?,1787678181.8180084
e3cj2oap,136,dgv23m5j,16-bargaining_tdl_main-238_1_2,LeftPartner,do you remember how to do it so we all get three dollars,1787678181.9728394
e3cj2oap,178,fj6g5poj,16-bargaining_tdl_main-241_1_2,RightPartner,I am Orange,1787678183.0545108
e3cj2oap,162,oh3mrzih,16-bargaining_tdl_main-241_1_2,LeftPartner,Okay cool. Support each other. Bye,1787678183.817493
e3cj2oap,155,t5hltznj,16-bargaining_tdl_main-239_2_3,LeftPartner,cool....i'm going to hit next,1787678184.4245214
e3cj2oap,150,32vltywk,16-bargaining_tdl_main-238_2_3,RightPartner,Nice. How do you expect this to go?,1787678187.5531034
e3cj2oap,157,ueqh1rug,16-bargaining_tdl_main-243_1_3,RightPartner,summer! ,1787678188.5264554
e3cj2oap,162,oh3mrzih,16-bargaining_tdl_main-241_1_2,LeftPartner,I am yelllooow,1787678189.4359758
e3cj2oap,167,ocedug8x,16-bargaining_tdl_main-239_2_3,RightPartner,same,1787678189.7424653
e3cj2oap,176,zntqh8gm,16-bargaining_tdl_main-243_2_3,RightPartner,Hi! Do you have a favorite season?,1787678192.0047781
e3cj2oap,178,fj6g5poj,16-bargaining_tdl_main-241_1_2,RightPartner,Purple left anyway,1787678192.487298
e3cj2oap,154,4qsyank0,16-bargaining_tdl_main-242_1_2,LeftPartner,noooooo,1787678195.862349
e3cj2oap,162,oh3mrzih,16-bargaining_tdl_main-241_1_2,LeftPartner,yes they did ,1787678196.80403
e3cj2oap,176,zntqh8gm,16-bargaining_tdl_main-243_1_3,LeftPartner," love the sunshine too, but I love fall",1787678206.9661276
e3cj2oap,170,pyruz9ny,16-bargaining_tdl_main-243_2_3,LeftPartner,"Hello - yes, I love autumn. How about you?",1787678208.287536
e3cj2oap,162,oh3mrzih,16-bargaining_tdl_main-241_1_2,LeftPartner,Okay so bye now?,1787678215.6594229
e3cj2oap,150,32vltywk,16-bargaining_tdl_main-238_1_3,LeftPartner,This is a bit sad that they seem to leave someone out no matter what.,1787678217.2094345
e3cj2oap,170,pyruz9ny,16-bargaining_tdl_main-243_1_2,RightPartner,"Hello, what is your favorite color?",1787678224.7731462
e3cj2oap,157,ueqh1rug,16-bargaining_tdl_main-243_1_2,LeftPartner,I think we should all figure out a way to make sure we all get fairly compensated! ,1787678226.4254014
e3cj2oap,137,hrgxjwyw,16-bargaining_tdl_main-235_1_2,RightPartner,right now its 50/50 since it seems so random more than likely the purple but if you have any other ideas im open,1787678227.5401964
e3cj2oap,162,oh3mrzih,16-bargaining_tdl_main-241_1_2,LeftPartner,or do we still need to chat?,1787678230.1417854
e3cj2oap,176,zntqh8gm,16-bargaining_tdl_main-243_2_3,RightPartner,"Yes, me too! I cannot wait for fall to get here.",1787678235.7175224
e3cj2oap,176,zntqh8gm,16-bargaining_tdl_main-243_1_3,LeftPartner,do you have any pets?,1787678249.8474293
e3cj2oap,170,pyruz9ny,16-bargaining_tdl_main-243_1_2,RightPartner,Good idea! I'd be happy to support you.,1787678250.7154734
e3cj2oap,135,1c26z1a0,16-bargaining_tdl_main-235_1_3,RightPartner,Damn. Hope there is no casualty,1787678255.6996958
e3cj2oap,176,zntqh8gm,16-bargaining_tdl_main-243_2_3,RightPartner,do you have any pets?,1787678256.8559048
e3cj2oap,144,zhftfh7p,16-bargaining_tdl_main-238_1_2,RightPartner,"if i support you you have to support me, then we can win",1787678261.3568773
e3cj2oap,163,pqurw18n,16-bargaining_tdl_main-244_1_3,RightPartner,why don't you support orange; i'll sit this one out.,1787678261.8974571
e3cj2oap,163,pqurw18n,16-bargaining_tdl_main-244_1_2,LeftPartner,why don't you support purple; i'll sit this one out,1787678262.3490486
e3cj2oap,157,ueqh1rug,16-bargaining_tdl_main-243_1_3,RightPartner,"I think we should all figure out a way to make sure we all get fairly compensated! and yes, a cat",1787678262.8196359
e3cj2oap,202,or5zzk3z,16-bargaining_tdl_main-245_2_3,RightPartner,Hi!,1787678263.686687
e3cj2oap,144,zhftfh7p,16-bargaining_tdl_main-238_2_3,LeftPartner,"if i support you , you have to support me in order to win",1787678263.8857067
e3cj2oap,137,hrgxjwyw,16-bargaining_tdl_main-235_2_3,LeftPartner,well i wish you the best in that scenario. for what its worth ill be supporting the purpe participant,1787678264.3529
e3cj2oap,202,or5zzk3z,16-bargaining_tdl_main-245_1_3,LeftPartner,Hi!,1787678269.2223537
e3cj2oap,170,pyruz9ny,16-bargaining_tdl_main-243_2_3,LeftPartner,Yes - 2 cats. You?,1787678269.615704
e3cj2oap,194,b71hol4c,16-bargaining_tdl_main-245_2_3,LeftPartner,"Hey, how are you?",1787678271.102745
e3cj2oap,135,1c26z1a0,16-bargaining_tdl_main-235_1_2,LeftPartner,Well purple is it then,1787678271.3900833
e3cj2oap,194,b71hol4c,16-bargaining_tdl_main-245_1_2,RightPartner,Hows it going?,1787678276.367742
e3cj2oap,144,zhftfh7p,16-bargaining_tdl_main-238_2_3,LeftPartner,ok,1787678278.3565688
e3cj2oap,144,zhftfh7p,16-bargaining_tdl_main-238_1_2,RightPartner,ok,1787678279.9290698
e3cj2oap,202,or5zzk3z,16-bargaining_tdl_main-245_2_3,RightPartner,"I'm well, you?",1787678281.3130248
e3cj2oap,191,b0n1d0ib,16-bargaining_tdl_main-245_1_3,RightPartner,hello,1787678281.5091507
e3cj2oap,196,93q6xafx,16-bargaining_tdl_main-246_1_3,LeftPartner,Do you want to support me?,1787678282.929563
e3cj2oap,150,32vltywk,16-bargaining_tdl_main-238_2_3,RightPartner,Whatg about the other player?,1787678285.0026338
e3cj2oap,191,b0n1d0ib,16-bargaining_tdl_main-245_1_2,LeftPartner,hey there,1787678285.8718684
e3cj2oap,170,pyruz9ny,16-bargaining_tdl_main-243_2_3,LeftPartner,"For the study, I'd be happy to support you if you'd like to support me. What do you think?",1787678291.384991
e3cj2oap,194,b71hol4c,16-bargaining_tdl_main-245_2_3,LeftPartner,"Doing pretty good, just kinda getting the day started",1787678297.2034473
e3cj2oap,176,zntqh8gm,16-bargaining_tdl_main-243_1_3,LeftPartner,"only two people will be regardless. I didn't see a way for all three, did I misunderstand?",1787678298.0361788
e3cj2oap,205,jfztp504,16-bargaining_tdl_main-247_1_3,LeftPartner,How about we support each other to earn the most,1787678303.314035
e3cj2oap,186,e57jk6k4,16-bargaining_tdl_main-246_1_2,LeftPartner,"Hi, how are you today?",1787678304.4723556
e3cj2oap,193,z6tlfmc0,16-bargaining_tdl_main-246_1_2,RightPartner,hi good and you ?,1787678312.285058
e3cj2oap,191,b0n1d0ib,16-bargaining_tdl_main-245_1_3,RightPartner,i need rent money dawg ill beg,1787678313.4926617
e3cj2oap,186,e57jk6k4,16-bargaining_tdl_main-246_1_3,RightPartner,"Hi, how are you today?",1787678314.2070205
e3cj2oap,191,b0n1d0ib,16-bargaining_tdl_main-245_1_2,LeftPartner,i need rent money dawg ill beg,1787678314.5642784
e3cj2oap,202,or5zzk3z,16-bargaining_tdl_main-245_2_3,RightPartner,"Past lunch here, so been going a bit.",1787678316.032417
e3cj2oap,176,zntqh8gm,16-bargaining_tdl_main-243_2_3,RightPartner,"cats for me too, I have five",1787678316.3033087
e3cj2oap,192,2m14f4yn,16-bargaining_tdl_main-247_1_2,RightPartner,I intend on supporting you,1787678319.2016044
e3cj2oap,193,z6tlfmc0,16-bargaining_tdl_main-246_2_3,LeftPartner,hello,1787678320.471904
e3cj2oap,196,93q6xafx,16-bargaining_tdl_main-246_1_3,LeftPartner,Hi,1787678322.4861681
e3cj2oap,196,93q6xafx,16-bargaining_tdl_main-246_2_3,RightPartner,Hey,1787678325.5831585
e3cj2oap,194,b71hol4c,16-bargaining_tdl_main-245_1_2,RightPartner,Lol,1787678326.0436852
e3cj2oap,186,e57jk6k4,16-bargaining_tdl_main-246_1_3,RightPartner,yes i can support you,1787678328.5957642
e3cj2oap,189,bmnhiraa,16-bargaining_tdl_main-244_2_3,RightPartner,yellow is sitting this one out. We'll support each other then. East money.,1787678329.6541712
e3cj2oap,194,b71hol4c,16-bargaining_tdl_main-245_1_2,RightPartner,Feel that,1787678329.9603748
e3cj2oap,173,wdysq93l,16-bargaining_tdl_main-244_2_3,LeftPartner,hello,1787678330.4483469
e3cj2oap,192,2m14f4yn,16-bargaining_tdl_main-247_2_3,LeftPartner,I am going to support the yellow participant,1787678330.5280604
e3cj2oap,170,pyruz9ny,16-bargaining_tdl_main-243_2_3,LeftPartner,Wow - that's great!,1787678330.6929777
e3cj2oap,201,4vde3bo3,16-bargaining_tdl_main-248_1_3,LeftPartner,HI,1787678331.4977715
e3cj2oap,205,jfztp504,16-bargaining_tdl_main-247_2_3,RightPartner,Would you like to support each other?,1787678331.5462134
e3cj2oap,202,or5zzk3z,16-bargaining_tdl_main-245_1_3,LeftPartner,I feel that. Economy is crazy.,1787678331.627545
e3cj2oap,176,zntqh8gm,16-bargaining_tdl_main-243_2_3,RightPartner,"yes, I am onboard, We are very similar",1787678332.32158
e3cj2oap,201,4vde3bo3,16-bargaining_tdl_main-248_2_3,RightPartner,HI,1787678335.22834
e3cj2oap,136,dgv23m5j,16-bargaining_tdl_main-238_1_3,RightPartner,okay we can take turns. well go the first round and then the next round I can support thr other person and they can suppport me and then ill sit out and you and them suoport each other,1787678335.4586122
e3cj2oap,174,9e98u3nk,16-bargaining_tdl_main-248_1_2,LeftPartner,Hi,1787678336.542173
e3cj2oap,174,9e98u3nk,16-bargaining_tdl_main-248_1_3,RightPartner,Hi,1787678337.65959
e3cj2oap,188,5lucxkqo,16-bargaining_tdl_main-247_1_3,RightPartner,i will support you,1787678341.1304498
e3cj2oap,180,kqcmlf2v,16-bargaining_tdl_main-248_2_3,LeftPartner,Hi,1787678344.7624474
e3cj2oap,201,4vde3bo3,16-bargaining_tdl_main-248_1_3,LeftPartner,WHAT ABOUT YOU,1787678346.252116
e3cj2oap,186,e57jk6k4,16-bargaining_tdl_main-246_1_3,RightPartner,make sure you support me back,1787678346.3726904
e3cj2oap,170,pyruz9ny,16-bargaining_tdl_main-243_2_3,LeftPartner,I agree! I'll support you!,1787678349.1328695
e3cj2oap,136,dgv23m5j,16-bargaining_tdl_main-238_1_3,RightPartner,want to do that so we all make money?,1787678349.1784625
e3cj2oap,196,93q6xafx,16-bargaining_tdl_main-246_1_3,LeftPartner,Sure,1787678351.1085827
e3cj2oap,180,kqcmlf2v,16-bargaining_tdl_main-248_1_2,RightPartner,Hi,1787678351.1785219
e3cj2oap,176,zntqh8gm,16-bargaining_tdl_main-243_2_3,RightPartner,I see yellow left the chat,1787678353.2593362
e3cj2oap,188,5lucxkqo,16-bargaining_tdl_main-247_1_2,LeftPartner,i will support you,1787678353.5683935
e3cj2oap,192,2m14f4yn,16-bargaining_tdl_main-247_2_3,LeftPartner,"Sure, we can do that, the yellow participant has not answered me",1787678355.7560399
e3cj2oap,201,4vde3bo3,16-bargaining_tdl_main-248_2_3,RightPartner,WHAT ABOUT YOU,1787678356.7842166
e3cj2oap,205,jfztp504,16-bargaining_tdl_main-247_1_3,LeftPartner,ok.  I will support you then,1787678361.7850308
e3cj2oap,186,e57jk6k4,16-bargaining_tdl_main-246_1_2,LeftPartner,what is your strategy for this game,1787678362.3016834
e3cj2oap,150,32vltywk,16-bargaining_tdl_main-238_1_3,LeftPartner,That sounds fair. Thanks!,1787678362.829904
e3cj2oap,144,zhftfh7p,16-bargaining_tdl_main-238_2_3,LeftPartner,"orange player decides his own. who ever support you , you should support him..ok",1787678367.0072076
e3cj2oap,170,pyruz9ny,16-bargaining_tdl_main-243_2_3,LeftPartner,"Yes, I wonder why? Hope we can continue...",1787678372.3828871
e3cj2oap,173,wdysq93l,16-bargaining_tdl_main-244_2_3,LeftPartner,Yeah I was wondering what made yellow leave early,1787678372.496675
e3cj2oap,174,9e98u3nk,16-bargaining_tdl_main-248_1_3,RightPartner,This is an interesting game...,1787678372.749376
e3cj2oap,195,4ryahkq0,16-bargaining_tdl_main-249_1_2,LeftPartner,I guess we are supposed to figure out how to do this.,1787678377.1945899
e3cj2oap,194,b71hol4c,16-bargaining_tdl_main-245_1_2,RightPartner,Orange/yellow team up?,1787678378.3821442
e3cj2oap,196,93q6xafx,16-bargaining_tdl_main-246_2_3,RightPartner,"If we're in the same round 2, I'll take the loss next round on purpose",1787678378.6109385
e3cj2oap,192,2m14f4yn,16-bargaining_tdl_main-247_1_2,RightPartner,"The purple participant answered first and said they would support me, so I am going to support them",1787678386.4893498
e3cj2oap,198,ylbjx1uk,16-bargaining_tdl_main-249_1_2,RightPartner,hello yes. Purple left the chat,1787678387.714198
e3cj2oap,186,e57jk6k4,16-bargaining_tdl_main-246_1_3,RightPartner,"if we are true to our word, and support each other, it is an easy reward for both of us",1787678389.426317
e3cj2oap,196,93q6xafx,16-bargaining_tdl_main-246_2_3,RightPartner,So you get a shot at the bonus too,1787678390.500117
e3cj2oap,198,ylbjx1uk,16-bargaining_tdl_main-249_1_2,RightPartner,lol,1787678393.4826863
e3cj2oap,188,5lucxkqo,16-bargaining_tdl_main-247_1_2,LeftPartner,okay,1787678396.6400104
e3cj2oap,192,2m14f4yn,16-bargaining_tdl_main-247_1_2,RightPartner,Just wanted to be upfront,1787678397.088099
e3cj2oap,170,pyruz9ny,16-bargaining_tdl_main-243_2_3,LeftPartner,Shall we push Next and move onto the next step?,1787678402.9944596
e3cj2oap,180,kqcmlf2v,16-bargaining_tdl_main-248_2_3,LeftPartner,I think this survey is cool,1787678405.778916
e3cj2oap,196,93q6xafx,16-bargaining_tdl_main-246_1_3,LeftPartner,"Yes, let's cover orange next round if they're present, I'll give up my bonus",1787678411.8292115
e3cj2oap,180,kqcmlf2v,16-bargaining_tdl_main-248_2_3,LeftPartner,What about you?,1787678418.9946854
e3cj2oap,195,4ryahkq0,16-bargaining_tdl_main-249_1_2,LeftPartner,"I'm not sure of the point of this, but ok.  I will share if you share I suppose",1787678419.199604
e3cj2oap,150,32vltywk,16-bargaining_tdl_main-238_1_3,LeftPartner,oops. Looks like orange left. I say we support each other.,1787678419.3306072
e3cj2oap,191,b0n1d0ib,16-bargaining_tdl_main-245_1_2,LeftPartner,"im cool w that, lemme make sure purple is cool with that n then we can switch up between rounds",1787678422.0549574
e3cj2oap,194,b71hol4c,16-bargaining_tdl_main-245_1_2,RightPartner,Down to run it if you are,1787678423.2769842
e3cj2oap,193,z6tlfmc0,16-bargaining_tdl_main-246_1_2,RightPartner,"Honestly i have no clue, I kind of always go with my gut feeling but trying to figure out which is the best route , how about you ?",1787678425.7944922
e3cj2oap,202,or5zzk3z,16-bargaining_tdl_main-245_1_3,LeftPartner,I will throw my support behind you. Think you can promise the same?,1787678429.640764
e3cj2oap,136,dgv23m5j,16-bargaining_tdl_main-238_1_3,RightPartner,well try it that way. The other participant moved ahead before I could explain it to them. hopfullly theyll catch on.,1787678433.8423555
e3cj2oap,176,zntqh8gm,16-bargaining_tdl_main-243_2_3,RightPartner,Me too. I will support you and hope we can continue. ,1787678435.42547
e3cj2oap,194,b71hol4c,16-bargaining_tdl_main-245_2_3,LeftPartner,Should we switch up even/odd rounds?,1787678436.9762998
e3cj2oap,198,ylbjx1uk,16-bargaining_tdl_main-249_1_2,RightPartner,So someone needs to support someone and they need to support them back for two players to get payment but one person will always lose out.,1787678442.3276396
e3cj2oap,176,zntqh8gm,16-bargaining_tdl_main-243_2_3,RightPartner,"yes, lets",1787678442.3885882
e3cj2oap,196,93q6xafx,16-bargaining_tdl_main-246_1_3,LeftPartner,"On to make my choice, take care",1787678444.4711053
e3cj2oap,196,93q6xafx,16-bargaining_tdl_main-246_2_3,RightPartner,Take care,1787678448.931397
e3cj2oap,186,e57jk6k4,16-bargaining_tdl_main-246_1_3,RightPartner,"that's a good idea, we'll support each other t his round",1787678449.7667012
e3cj2oap,170,pyruz9ny,16-bargaining_tdl_main-243_2_3,LeftPartner,Ok - will do! Good luck!,1787678451.3732555
e3cj2oap,195,4ryahkq0,16-bargaining_tdl_main-249_1_2,LeftPartner,Pretty much,1787678452.9659548
e3cj2oap,198,ylbjx1uk,16-bargaining_tdl_main-249_1_2,RightPartner,it's kinda weird,1787678452.96986
e3cj2oap,136,dgv23m5j,16-bargaining_tdl_main-238_1_3,RightPartner,they just said you support me and I support you then left the chat ,1787678455.3918653
e3cj2oap,191,b0n1d0ib,16-bargaining_tdl_main-245_1_3,RightPartner,orange an i are teaming up round one n then we all switch off to ensure everyone gets paid,1787678455.3955655
e3cj2oap,218,h23zewsa,16-bargaining_tdl_main-251_2_3,RightPartner,"Hello, How are you doing today?",1787678458.0524936
e3cj2oap,195,4ryahkq0,16-bargaining_tdl_main-249_1_2,LeftPartner,It is.,1787678458.1802652
e3cj2oap,202,or5zzk3z,16-bargaining_tdl_main-245_2_3,RightPartner,"Would have to do some triplicate rotation, no?",1787678463.894599
e3cj2oap,150,32vltywk,16-bargaining_tdl_main-238_1_3,LeftPartner,okay,1787678467.1210976
e3cj2oap,218,h23zewsa,16-bargaining_tdl_main-251_1_3,LeftPartner,"Hello, How are you today?",1787678468.4347162
e3cj2oap,198,ylbjx1uk,16-bargaining_tdl_main-249_1_2,RightPartner,Well i'll support you. That will be my plan,1787678472.746974
e3cj2oap,186,e57jk6k4,16-bargaining_tdl_main-246_1_2,LeftPartner,i don't have a strategy yet,1787678473.6416607
e3cj2oap,150,32vltywk,16-bargaining_tdl_main-238_1_3,LeftPartner,lets go,1787678475.9965365
e3cj2oap,197,uaz7imns,16-bargaining_tdl_main-251_1_3,RightPartner,"Hello, ",1787678476.4175506
e3cj2oap,195,4ryahkq0,16-bargaining_tdl_main-249_1_2,LeftPartner,Behavioral psychology in group dynamics.  ok,1787678476.9116037
e3cj2oap,206,qdmsl6x6,16-bargaining_tdl_main-251_1_2,RightPartner,"Hi Im trying to coordinate so that we can hopefully both earn $3. I'm willing to support you, if you're willing to support me! Let me know your thoughts!",1787678482.7939734
e3cj2oap,191,b0n1d0ib,16-bargaining_tdl_main-245_1_2,LeftPartner,relaying the plan,1787678485.2094412
e3cj2oap,202,or5zzk3z,16-bargaining_tdl_main-245_2_3,RightPartner,"Orange & Yellow round 1, Yellow and Purple Round 2, Orange and Purple Round 3?",1787678487.6496458
e3cj2oap,195,4ryahkq0,16-bargaining_tdl_main-249_1_2,LeftPartner,Same here.,1787678488.0860944
e3cj2oap,194,b71hol4c,16-bargaining_tdl_main-245_2_3,LeftPartner,"Like... 1st round vote purple, second orange, third yellow",1787678488.824109
e3cj2oap,136,dgv23m5j,16-bargaining_tdl_main-238_1_3,RightPartner,well go with our game plan. il support you first round and you support me,1787678494.312779
e3cj2oap,206,qdmsl6x6,16-bargaining_tdl_main-251_1_2,RightPartner,"I am doing good, you?",1787678495.8996487
e3cj2oap,197,uaz7imns,16-bargaining_tdl_main-251_1_2,LeftPartner,"sure, I like the Idea",1787678496.5007691
e3cj2oap,198,ylbjx1uk,16-bargaining_tdl_main-249_1_2,RightPartner,ok! it's a plan,1787678500.8633575
e3cj2oap,216,fw1qaokl,16-bargaining_tdl_main-252_1_2,RightPartner,Purple has already left Did they mention who they were supporting?,1787678503.2761667
e3cj2oap,150,32vltywk,16-bargaining_tdl_main-238_1_3,LeftPartner,deal,1787678505.4644797
e3cj2oap,218,h23zewsa,16-bargaining_tdl_main-251_1_3,LeftPartner,I hope your day is going well,1787678505.988172
e3cj2oap,197,uaz7imns,16-bargaining_tdl_main-251_1_2,LeftPartner,Doing great!,1787678511.927362
e3cj2oap,206,qdmsl6x6,16-bargaining_tdl_main-251_1_2,RightPartner,awesome!,1787678512.030164
e3cj2oap,194,b71hol4c,16-bargaining_tdl_main-245_2_3,LeftPartner,Oh you're right,1787678513.0536335
e3cj2oap,209,hc6a7lgr,16-bargaining_tdl_main-252_1_2,LeftPartner,I think we should support each other since purple left already. ,1787678517.5109916
e3cj2oap,206,qdmsl6x6,16-bargaining_tdl_main-251_2_3,LeftPartner,hello how are you?,1787678521.6701684
e3cj2oap,191,b0n1d0ib,16-bargaining_tdl_main-245_1_3,RightPartner,dawg i need verbal confirmation,1787678527.4261844
e3cj2oap,216,fw1qaokl,16-bargaining_tdl_main-252_1_2,RightPartner,I will support you.,1787678530.1869063
e3cj2oap,224,i3tw9by7,16-bargaining_tdl_main-254_2_3,LeftPartner,Hi!,1787678530.4506183
e3cj2oap,202,or5zzk3z,16-bargaining_tdl_main-245_1_3,LeftPartner,"O & Y round 1, Y and P round 2, O and P round 3?",1787678532.2917972
e3cj2oap,197,uaz7imns,16-bargaining_tdl_main-251_1_3,RightPartner,So I hope we win.,1787678536.0805912
e3cj2oap,207,n9batqwn,16-bargaining_tdl_main-253_1_3,RightPartner,"hi, should we team up?",1787678537.693115
e3cj2oap,224,i3tw9by7,16-bargaining_tdl_main-254_1_2,RightPartner,hello!,1787678537.7048192
e3cj2oap,218,h23zewsa,16-bargaining_tdl_main-251_2_3,RightPartner,I'm doing well. I hope your day is going well too.,1787678539.878753
e3cj2oap,215,jktozy7m,16-bargaining_tdl_main-253_1_3,LeftPartner,Greetings - I don't really understand a fair way to do this experiment without excluding someone. Do you have any ideas?,1787678540.1661763
e3cj2oap,232,o6747oqy,16-bargaining_tdl_main-254_1_3,LeftPartner,Hi!,1787678541.5628324
e3cj2oap,213,7n1l2zda,16-bargaining_tdl_main-253_1_2,RightPartner,I'm planning on following you. Will you do the same for me?,1787678542.0006626
e3cj2oap,191,b0n1d0ib,16-bargaining_tdl_main-245_1_3,RightPartner,yeyeyeye,1787678545.1713421
e3cj2oap,219,aomqxzxn,16-bargaining_tdl_main-254_1_2,LeftPartner,hello1,1787678547.5391147
e3cj2oap,206,qdmsl6x6,16-bargaining_tdl_main-251_2_3,LeftPartner,Not too bad,1787678549.0477076
e3cj2oap,202,or5zzk3z,16-bargaining_tdl_main-245_1_3,LeftPartner,and then we cycle,1787678549.813484
e3cj2oap,218,h23zewsa,16-bargaining_tdl_main-251_1_3,LeftPartner,Me too -- you were the first to respond back to me.,1787678554.395515
e3cj2oap,219,aomqxzxn,16-bargaining_tdl_main-254_1_3,RightPartner,hi there,1787678554.6120498
e3cj2oap,224,i3tw9by7,16-bargaining_tdl_main-254_1_2,RightPartner,how are you?,1787678559.348977
e3cj2oap,224,i3tw9by7,16-bargaining_tdl_main-254_2_3,LeftPartner,How are you,1787678563.4420455
e3cj2oap,202,or5zzk3z,16-bargaining_tdl_main-245_2_3,RightPartner,"OY, YP, OP and then cycle",1787678564.3026557
e3cj2oap,213,7n1l2zda,16-bargaining_tdl_main-253_2_3,LeftPartner,"I'm planning on following you, will you do the same for me?",1787678566.5046065
e3cj2oap,207,n9batqwn,16-bargaining_tdl_main-253_1_3,RightPartner,I don't think it can be fair. I think two people just have to team up,1787678567.8181012
e3cj2oap,191,b0n1d0ib,16-bargaining_tdl_main-245_1_2,LeftPartner,"okay orange/yellow round one, y and p round 2, o and p round 3",1787678572.6277108
e3cj2oap,215,jktozy7m,16-bargaining_tdl_main-253_2_3,RightPartner,"Greetings, I don't really understand a fair way to do this experiment without excluding someone. Do you?",1787678577.2207437
e3cj2oap,219,aomqxzxn,16-bargaining_tdl_main-254_1_2,LeftPartner,"I am well,  yourself?",1787678580.8600972
e3cj2oap,224,i3tw9by7,16-bargaining_tdl_main-254_2_3,LeftPartner,?,1787678583.5029414
e3cj2oap,194,b71hol4c,16-bargaining_tdl_main-245_1_2,RightPartner,word,1787678583.9523854
e3cj2oap,218,h23zewsa,16-bargaining_tdl_main-251_1_3,LeftPartner,I guess orange left. So if we vote for each other we will each get $3,1787678586.8320894
e3cj2oap,194,b71hol4c,16-bargaining_tdl_main-245_2_3,LeftPartner,great,1787678587.605665
e3cj2oap,219,aomqxzxn,16-bargaining_tdl_main-254_1_3,RightPartner,How are you?,1787678587.6100872
e3cj2oap,191,b0n1d0ib,16-bargaining_tdl_main-245_1_3,RightPartner,we're all in agreement,1787678597.8156328
e3cj2oap,224,i3tw9by7,16-bargaining_tdl_main-254_1_2,RightPartner,I'm doing well too thank you for asking! ,1787678605.1278634
e3cj2oap,202,or5zzk3z,16-bargaining_tdl_main-245_1_3,LeftPartner,"OY, YP, OP - sounds good",1787678607.2501876
e3cj2oap,202,or5zzk3z,16-bargaining_tdl_main-245_2_3,RightPartner,Sounds good!,1787678608.2225409
e3cj2oap,215,jktozy7m,16-bargaining_tdl_main-253_1_3,LeftPartner,"Ok - That's what I thought. Yes, lets team up. I think my other person dropped out. thanks!",1787678612.8297045
e3cj2oap,224,i3tw9by7,16-bargaining_tdl_main-254_2_3,LeftPartner,hello?,1787678613.8365967
e3cj2oap,238,l5b6nbu0,16-bargaining_tdl_main-255_1_3,LeftPartner,Hi! I would love to support you because yellow is such a happy color. What are your thoughts on supporting me back?,1787678614.647435
e3cj2oap,219,aomqxzxn,16-bargaining_tdl_main-254_1_2,LeftPartner,do you want to support each other? ,1787678619.6572068
e3cj2oap,218,h23zewsa,16-bargaining_tdl_main-251_1_3,LeftPartner,I would have no reason to vote for someone who already left.,1787678620.6291788
e3cj2oap,197,uaz7imns,16-bargaining_tdl_main-251_1_3,RightPartner,That's great! well we should vote.. that exactly what I wanted to say!,1787678621.5528965
e3cj2oap,204,7btk6yh9,16-bargaining_tdl_main-255_1_2,RightPartner,alliance?,1787678630.4291184
e3cj2oap,218,h23zewsa,16-bargaining_tdl_main-251_1_3,LeftPartner,Awesome!,1787678632.9629784
e3cj2oap,232,o6747oqy,16-bargaining_tdl_main-254_1_3,LeftPartner,Lets team up if you support me and I support you we both earn $3 and orange gets $0. I will support you for sure. Let us do it.,1787678633.7818086
e3cj2oap,224,i3tw9by7,16-bargaining_tdl_main-254_1_2,RightPartner,Yes I would like to!,1787678634.6139212
e3cj2oap,219,aomqxzxn,16-bargaining_tdl_main-254_1_3,RightPartner,do you wan to support each other? ,1787678634.6172993
e3cj2oap,204,7btk6yh9,16-bargaining_tdl_main-255_2_3,LeftPartner,alliance?,1787678645.4904702
e3cj2oap,236,swbhhygv,16-bargaining_tdl_main-256_2_3,RightPartner,hello,1787678654.1006167
e3cj2oap,233,w4s16c6i,16-bargaining_tdl_main-256_1_2,LeftPartner,Please consider supporting me!,1787678655.029394
e3cj2oap,236,swbhhygv,16-bargaining_tdl_main-256_1_3,LeftPartner,hello,1787678659.110073
e3cj2oap,197,uaz7imns,16-bargaining_tdl_main-251_1_3,RightPartner,No convincing needed!,1787678662.8603642
e3cj2oap,238,l5b6nbu0,16-bargaining_tdl_main-255_2_3,RightPartner,Hi! I hope you are having a wonderful day. I'm definitely open to making an alliance!,1787678663.5504723
e3cj2oap,233,w4s16c6i,16-bargaining_tdl_main-256_1_3,RightPartner,Hello!,1787678666.2028913
e3cj2oap,232,o6747oqy,16-bargaining_tdl_main-254_1_3,LeftPartner,Are you ready to support me?,1787678667.2170873
e3cj2oap,204,7btk6yh9,16-bargaining_tdl_main-255_2_3,LeftPartner,ok great ,1787678674.870752
e3cj2oap,218,h23zewsa,16-bargaining_tdl_main-251_1_3,LeftPartner,Exactly,1787678676.5537748
e3cj2oap,233,w4s16c6i,16-bargaining_tdl_main-256_1_3,RightPartner,Please consider supporting me.,1787678678.4957418
e3cj2oap,224,i3tw9by7,16-bargaining_tdl_main-254_2_3,LeftPartner,are you there or you don't want to speak,1787678679.731973
e3cj2oap,204,7btk6yh9,16-bargaining_tdl_main-255_1_2,RightPartner,nevermind ,1787678681.087476
e3cj2oap,219,aomqxzxn,16-bargaining_tdl_main-254_1_3,RightPartner,im not sure. ,1787678683.8042064
e3cj2oap,219,aomqxzxn,16-bargaining_tdl_main-254_1_2,LeftPartner,Great! I will support you too!!,1787678685.739469
e3cj2oap,234,dhfdk9ho,16-bargaining_tdl_main-256_1_2,RightPartner,"Hi Yellow, just want to let you know that it's okay if you choose not to support me. I won't be offended either way. ",1787678686.0917547
e3cj2oap,236,swbhhygv,16-bargaining_tdl_main-256_1_3,LeftPartner,Good luck to you ,1787678686.1564243
e3cj2oap,234,dhfdk9ho,16-bargaining_tdl_main-256_2_3,LeftPartner,"Hi Purple, just want to let you know that it's okay if you choose not to support me. I won't be offended either way.",1787678689.0918524
e3cj2oap,182,1nfxf6bl,16-bargaining_tdl_main-255_1_3,RightPartner,Howdy...Ok.  Let's start that way and get paid!,1787678692.8633337
e3cj2oap,224,i3tw9by7,16-bargaining_tdl_main-254_1_2,RightPartner,Thank you so much!,1787678693.5359552
e3cj2oap,238,l5b6nbu0,16-bargaining_tdl_main-255_2_3,RightPartner,Yellow did not respond to me so I will plan on picking you and you pick me. Thanks for making this easy! ,1787678701.2862587
e3cj2oap,232,o6747oqy,16-bargaining_tdl_main-254_2_3,RightPartner,Hello!,1787678703.5727506
e3cj2oap,236,swbhhygv,16-bargaining_tdl_main-256_2_3,RightPartner,Ok i appreciate that,1787678707.4833193
e3cj2oap,204,7btk6yh9,16-bargaining_tdl_main-255_2_3,LeftPartner,yep same for me ,1787678710.6400464
e3cj2oap,236,swbhhygv,16-bargaining_tdl_main-256_1_3,LeftPartner,I hope you consider me ,1787678717.7435317
e3cj2oap,245,aza64ift,16-bargaining_tdl_main-257_1_3,LeftPartner,"Hi Yellow! I'm planning to support you so we can both earn $3. If you support me back, we'll both lock in the payout",1787678722.889292
e3cj2oap,245,aza64ift,16-bargaining_tdl_main-257_2_3,RightPartner,"Hi Orange! I'd like to form a pair with you so we both get $3. If you support me and I support you, we're guaranteed the payout. Let me know if you're down",1787678725.878398
e3cj2oap,197,uaz7imns,16-bargaining_tdl_main-251_1_3,RightPartner,Should we go to the next page now or should we wait for the 5 minutes left?,1787678728.3766038
e3cj2oap,218,h23zewsa,16-bargaining_tdl_main-251_1_3,LeftPartner,Do we have to wait for the chat time remaining to hit next?,1787678728.9549305
e3cj2oap,234,dhfdk9ho,16-bargaining_tdl_main-256_1_2,RightPartner,"Are you guys actually real, or are you chatbots?",1787678734.0565915
e3cj2oap,233,w4s16c6i,16-bargaining_tdl_main-256_1_3,RightPartner,Same with you. ,1787678734.3621044
e3cj2oap,236,swbhhygv,16-bargaining_tdl_main-256_2_3,RightPartner,I will also be ok no matter how it turns out,1787678735.963459
e3cj2oap,221,54x6fevk,16-bargaining_tdl_main-257_1_3,RightPartner,"Unfortunately, it seems only two of us can earn $3, right?",1787678739.7313704
e3cj2oap,221,54x6fevk,16-bargaining_tdl_main-257_1_2,LeftPartner,"Unfortunately, it seems only two of us can earn $3, right?",1787678740.9353297
e3cj2oap,234,dhfdk9ho,16-bargaining_tdl_main-256_2_3,LeftPartner,"Are you guys actually real, or are you chatbots?",1787678742.6843884
e3cj2oap,233,w4s16c6i,16-bargaining_tdl_main-256_1_2,LeftPartner,Not a chat bot. Real person.,1787678746.019169
e3cj2oap,197,uaz7imns,16-bargaining_tdl_main-251_1_3,RightPartner,we have the same questions lol!,1787678749.088868
e3cj2oap,247,ydi9wcyw,16-bargaining_tdl_main-258_2_3,RightPartner,Hi,1787678751.8003564
e3cj2oap,233,w4s16c6i,16-bargaining_tdl_main-256_1_2,LeftPartner,I won,1787678754.9887688
e3cj2oap,247,ydi9wcyw,16-bargaining_tdl_main-258_1_3,LeftPartner,Hi,1787678755.234838
e3cj2oap,229,x19owtic,16-bargaining_tdl_main-258_2_3,LeftPartner,hi,1787678757.5331874
e3cj2oap,221,54x6fevk,16-bargaining_tdl_main-257_1_3,RightPartner,Will do.,1787678757.7318494
e3cj2oap,200,uwbj9tdk,16-bargaining_tdl_main-258_1_3,RightPartner,"Hi, Please lets support each other",1787678761.1402245
e3cj2oap,236,swbhhygv,16-bargaining_tdl_main-256_2_3,RightPartner,Everyone is real as far as i know,1787678761.282986
e3cj2oap,233,w4s16c6i,16-bargaining_tdl_main-256_1_2,LeftPartner,"I mean, I won't take offense either if you don't pick me",1787678770.0926957
e3cj2oap,247,ydi9wcyw,16-bargaining_tdl_main-258_1_3,LeftPartner,"Ok, lets do it",1787678772.4441047
e3cj2oap,200,uwbj9tdk,16-bargaining_tdl_main-258_1_2,LeftPartner,"Hi, lets support each other",1787678776.2058408
e3cj2oap,245,aza64ift,16-bargaining_tdl_main-257_1_3,LeftPartner,yeah ,1787678782.216916
e3cj2oap,247,ydi9wcyw,16-bargaining_tdl_main-258_2_3,RightPartner,I plan on supporting yellow,1787678782.5575752
e3cj2oap,200,uwbj9tdk,16-bargaining_tdl_main-258_1_2,LeftPartner,okay?,1787678784.416372
e3cj2oap,245,aza64ift,16-bargaining_tdl_main-257_1_3,LeftPartner,nice,1787678788.4812741
e3cj2oap,239,6no7mztb,16-bargaining_tdl_main-257_1_2,RightPartner,"hHi Yellowi will support you if you support me.t hat way ,both get 3 dollars each.I tv is the safest option for both of us.l et me know if you agree",1787678790.8487341
e3cj2oap,229,x19owtic,16-bargaining_tdl_main-258_1_2,RightPartner,ok,1787678795.6514125
e3cj2oap,218,h23zewsa,16-bargaining_tdl_main-251_1_3,LeftPartner,I think we can hit next and then we can vote,1787678798.3183906
e3cj2oap,200,uwbj9tdk,16-bargaining_tdl_main-258_1_3,RightPartner,Got it,1787678801.3891828
e3cj2oap,197,uaz7imns,16-bargaining_tdl_main-251_1_3,RightPartner,"Ok let's click"" next""",1787678804.1501782
e3cj2oap,200,uwbj9tdk,16-bargaining_tdl_main-258_1_2,LeftPartner,lets do this,1787678813.1665974
e3cj2oap,221,54x6fevk,16-bargaining_tdl_main-257_1_2,LeftPartner,"Yes, but how can I choose between you two?",1787678818.0456748
e3cj2oap,245,aza64ift,16-bargaining_tdl_main-257_2_3,RightPartner,hi,1787678840.576761
e3cj2oap,221,54x6fevk,16-bargaining_tdl_main-257_1_2,LeftPartner,I've already told purple I would support them.,1787678842.1556158
e3cj2oap,252,idewxne0,16-bargaining_tdl_main-259_2_3,LeftPartner,"Hey, you want to support each other so we can both get $#?",1787678853.233618
e3cj2oap,252,idewxne0,16-bargaining_tdl_main-259_2_3,LeftPartner,$3,1787678858.9703689
e3cj2oap,253,3fes49s0,16-bargaining_tdl_main-259_2_3,RightPartner,"i will support you orange, support me back ",1787678859.0458455
e3cj2oap,253,3fes49s0,16-bargaining_tdl_main-259_2_3,RightPartner,okay,1787678862.298757
e3cj2oap,239,6no7mztb,16-bargaining_tdl_main-257_1_2,RightPartner,iI willmake the choice easy for you;i I am 100% ccommitted to supporting youif you support me bback wwe bothget 3$,1787678984.365136
e3cj2oap,260,lh6jjg3z,16-bargaining_tdl_main-260_1_3,LeftPartner,hello,1787679013.4503012
e3cj2oap,260,lh6jjg3z,16-bargaining_tdl_main-260_2_3,RightPartner,hi,1787679017.6250465
e3cj2oap,246,xolewqgc,16-bargaining_tdl_main-260_1_3,RightPartner,Hi Purple!,1787679024.3655064
e3cj2oap,255,5gqln4es,16-bargaining_tdl_main-260_2_3,LeftPartner,hello,1787679024.9339063
e3cj2oap,255,5gqln4es,16-bargaining_tdl_main-260_1_2,RightPartner,hello,1787679028.7748263
e3cj2oap,260,lh6jjg3z,16-bargaining_tdl_main-260_1_3,LeftPartner,how are you doing?,1787679033.2848806
e3cj2oap,246,xolewqgc,16-bargaining_tdl_main-260_1_2,LeftPartner,Hello Orange!,1787679034.0388675
e3cj2oap,221,54x6fevk,16-bargaining_tdl_main-257_1_2,LeftPartner,"Sure, but I already told Purple. Sorry.",1787679034.9391122
e3cj2oap,260,lh6jjg3z,16-bargaining_tdl_main-260_2_3,RightPartner,how are you?,1787679038.2985234
e3cj2oap,255,5gqln4es,16-bargaining_tdl_main-260_2_3,LeftPartner,i'm fine ,1787679042.8753505
e3cj2oap,246,xolewqgc,16-bargaining_tdl_main-260_1_3,RightPartner,"Good, just ate a snack, How about you?",1787679048.3250592
e3cj2oap,255,5gqln4es,16-bargaining_tdl_main-260_2_3,LeftPartner,how about yourself?,1787679052.2600741
e3cj2oap,255,5gqln4es,16-bargaining_tdl_main-260_1_2,RightPartner,hello yellow,1787679058.7917051
e3cj2oap,255,5gqln4es,16-bargaining_tdl_main-260_1_2,RightPartner,how you doing this fine day?,1787679062.5778294
e3cj2oap,260,lh6jjg3z,16-bargaining_tdl_main-260_1_3,LeftPartner,im good just trying to avoid the heat outside,1787679064.3541617
e3cj2oap,260,lh6jjg3z,16-bargaining_tdl_main-260_2_3,RightPartner,"good, it is really hot here",1787679070.8543506
e3cj2oap,246,xolewqgc,16-bargaining_tdl_main-260_1_2,LeftPartner,I'm good I just finished eating a snack. Doing anything interesting after the study?,1787679081.3964207
e3cj2oap,246,xolewqgc,16-bargaining_tdl_main-260_1_3,RightPartner,I completely understand. The heat has been relentless this summer.,1787679093.636745
e3cj2oap,255,5gqln4es,16-bargaining_tdl_main-260_1_2,RightPartner,taking a walk,1787679094.7476017
e3cj2oap,255,5gqln4es,16-bargaining_tdl_main-260_2_3,LeftPartner,cooler here today,1787679102.564006
e3cj2oap,255,5gqln4es,16-bargaining_tdl_main-260_2_3,LeftPartner,are you going to support me?,1787679107.219748
e3cj2oap,260,lh6jjg3z,16-bargaining_tdl_main-260_1_3,LeftPartner,yeah it really has. ,1787679113.1232638
e3cj2oap,255,5gqln4es,16-bargaining_tdl_main-260_1_2,RightPartner,are you going to support me?,1787679114.24198
e3cj2oap,246,xolewqgc,16-bargaining_tdl_main-260_1_2,LeftPartner,That sounds good. will it be a leisurely stroll or do you take long walks.?,1787679118.106007
e3cj2oap,260,lh6jjg3z,16-bargaining_tdl_main-260_2_3,RightPartner,would you support me back?,1787679125.487642
e3cj2oap,255,5gqln4es,16-bargaining_tdl_main-260_1_2,RightPartner,just a quick 15 minute walk,1787679135.7076647
e3cj2oap,246,xolewqgc,16-bargaining_tdl_main-260_1_3,RightPartner,"I live in the South so it's been really bad here, what about you?",1787679141.6229165
e3cj2oap,255,5gqln4es,16-bargaining_tdl_main-260_2_3,LeftPartner,yes of course.  i'm a nice guy,1787679147.0119116
e3cj2oap,260,lh6jjg3z,16-bargaining_tdl_main-260_1_3,LeftPartner,South west so I understand,1787679157.1791685
e3cj2oap,246,xolewqgc,16-bargaining_tdl_main-260_1_2,LeftPartner,Not bad. I need to invest in a new pair of sneakers So I can keep up with my walks. I tend to take long ones. so I can keep up with my walks. I tend to take long ones.,1787679166.3739161
e3cj2oap,260,lh6jjg3z,16-bargaining_tdl_main-260_1_3,LeftPartner,If I support you will you support me back?,1787679176.5076
e3cj2oap,262,mvd0ivce,16-bargaining_tdl_main-261_1_2,RightPartner,ill pick yellow,1787679209.7512653
e3cj2oap,246,xolewqgc,16-bargaining_tdl_main-260_1_3,RightPartner,"Like a reality show alliance? Why not, sure I'll support you.",1787679220.11819
e3cj2oap,257,hbkqbzj3,16-bargaining_tdl_main-261_1_2,LeftPartner,i will pick orange then,1787679223.7935603
e3cj2oap,260,lh6jjg3z,16-bargaining_tdl_main-260_2_3,RightPartner,That is what they all say lol ,1787679227.14121
e3cj2oap,260,lh6jjg3z,16-bargaining_tdl_main-260_1_3,LeftPartner,OK I am going to support you. ,1787679239.5121858
e3cj2oap,255,5gqln4es,16-bargaining_tdl_main-260_1_2,RightPartner,yea.  so let's get this right are you going to support me. ,1787679274.6559203
e3cj2oap,246,xolewqgc,16-bargaining_tdl_main-260_1_2,LeftPartner,Sorry for the double type. I'm voice dictating since I'm a slow typist.,1787679300.8145475
e3cj2oap,266,5hv78ozo,16-bargaining_tdl_main-262_1_3,LeftPartner,Are you willing to firmly commit to match with me?,1787679314.3726277
e3cj2oap,255,5gqln4es,16-bargaining_tdl_main-260_1_2,RightPartner,that's fine.  ,1787679316.835696
e3cj2oap,255,5gqln4es,16-bargaining_tdl_main-260_1_2,RightPartner,purple said they would support me. ,1787679326.2910905
e3cj2oap,263,ftpefe2x,16-bargaining_tdl_main-262_1_3,RightPartner,sure,1787679326.9384263
e3cj2oap,266,5hv78ozo,16-bargaining_tdl_main-262_2_3,RightPartner,Are you willing to firmly commit to match with me?,1787679328.1017773
e3cj2oap,265,idv1iy2y,16-bargaining_tdl_main-262_2_3,LeftPartner,yes,1787679334.9573624
e3cj2oap,246,xolewqgc,16-bargaining_tdl_main-260_1_2,LeftPartner,"They said the same to me, then left the chat.",1787679342.9949744
e3cj2oap,266,5hv78ozo,16-bargaining_tdl_main-262_2_3,RightPartner,"Ok great, I will match with you too so we both get the extra 3 bucks",1787679363.5543845
e3cj2oap,265,idv1iy2y,16-bargaining_tdl_main-262_2_3,LeftPartner,great,1787679371.6612031
e3cj2oap,246,xolewqgc,16-bargaining_tdl_main-260_1_2,LeftPartner,Do you think it really was a real person or a chatbot?,1787679380.0613751
e3cj2oap,255,5gqln4es,16-bargaining_tdl_main-260_1_2,RightPartner,the instructions said a real person.  But i have my doubts could be part of the experiment. ,1787679414.0431573
e3cj2oap,246,xolewqgc,16-bargaining_tdl_main-260_1_2,LeftPartner,"I'm wondering if maybe you and I should ""double- cross"" purple and support each other?",1787679463.7244852
e3cj2oap,255,5gqln4es,16-bargaining_tdl_main-260_1_2,RightPartner,yea that's the way,1787679570.0046453
e3cj2oap,246,xolewqgc,16-bargaining_tdl_main-260_1_2,LeftPartner,"Okay, we'll support each other because we are real people!!",1787679596.5336595
e3cj2oap,271,f2zxqof3,16-bargaining_tdl_main-263_1_3,LeftPartner,Hey,1787680041.5358768
e3cj2oap,271,f2zxqof3,16-bargaining_tdl_main-263_1_3,LeftPartner,Hello,1787680072.7020075
e3cj2oap,187,6yw5xbp3,16-bargaining_tdl_main-263_1_3,RightPartner,hi ,1787680073.0518196
e3cj2oap,271,f2zxqof3,16-bargaining_tdl_main-263_1_3,LeftPartner,Orange has already left the chat,1787680089.6424391
e3cj2oap,271,f2zxqof3,16-bargaining_tdl_main-263_1_3,LeftPartner,So do you want to support each other?,1787680098.252918
e3cj2oap,187,6yw5xbp3,16-bargaining_tdl_main-263_1_3,RightPartner,"yeap, we can support each other",1787680112.8365624
e3cj2oap,271,f2zxqof3,16-bargaining_tdl_main-263_1_3,LeftPartner,Ok great :),1787680124.3828416
vwv9fmlo,26,teglgaf8,17-bargaining_tdl_main-264_1_2,RightPartner,"I'm looking to coordinate on mutual support. If you support me, I'll support you, so we can each earn $3. Let me know if you agree.",1787681121.9860759
vwv9fmlo,26,teglgaf8,17-bargaining_tdl_main-264_2_3,LeftPartner,"I’m looking to coordinate on mutual support. If you support me, I’ll support you, so we can each earn $3. Let me know if you agree.",1787681132.866005
vwv9fmlo,4,bo29lxte,17-bargaining_tdl_main-264_1_2,LeftPartner,"Hello Orange, I would like to coordinate. If you support me, I will support you. ",1787681137.1501477
vwv9fmlo,4,bo29lxte,17-bargaining_tdl_main-264_1_2,LeftPartner,"Yes, lets do it",1787681143.6064928
vwv9fmlo,4,bo29lxte,17-bargaining_tdl_main-264_1_3,RightPartner,Hello Purple! What are your thoughts?,1787681161.289296
vwv9fmlo,3,9e1wbv8l,17-bargaining_tdl_main-265_1_2,LeftPartner,I would like to support you. I feel like Orange and Yellow should be a team!,1787681168.053737
vwv9fmlo,26,teglgaf8,17-bargaining_tdl_main-264_1_2,RightPartner,"Agreed. I’ll support you, and you support me.",1787681172.6745434
vwv9fmlo,4,bo29lxte,17-bargaining_tdl_main-264_1_2,LeftPartner,That sounds great!,1787681179.8335702
vwv9fmlo,31,jpot4lvr,17-bargaining_tdl_main-264_2_3,RightPartner,"hi.i would like to coordinate for mutual support.if yu support purple ,i will support orange so we can each earn 3 dollars each.please let me know if you agree",1787681205.309221
vwv9fmlo,43,fldlb674,17-bargaining_tdl_main-266_2_3,RightPartner,good luck,1787681221.630304
vwv9fmlo,43,fldlb674,17-bargaining_tdl_main-266_1_3,LeftPartner,good luck,1787681222.601465
vwv9fmlo,25,evlocoek,17-bargaining_tdl_main-267_1_3,LeftPartner,do you want to support each other,1787681230.5316567
vwv9fmlo,4,bo29lxte,17-bargaining_tdl_main-264_1_3,RightPartner,"Purple, I've already coordinated a support agreement with Orange. They helped me out, so I am going to help them out.",1787681234.123625
vwv9fmlo,5,l2avscfv,17-bargaining_tdl_main-267_1_3,RightPartner,Yes,1787681240.6736526
vwv9fmlo,32,1ywp0y8r,17-bargaining_tdl_main-266_1_2,RightPartner,Good luck,1787681243.0095716
vwv9fmlo,14,wh3l125v,17-bargaining_tdl_main-266_1_2,LeftPartner,We should vote for each other this round,1787681244.997621
vwv9fmlo,25,evlocoek,17-bargaining_tdl_main-267_1_3,LeftPartner,Let's do it. aAgreed?,1787681245.753664
vwv9fmlo,5,l2avscfv,17-bargaining_tdl_main-267_1_3,RightPartner,yes agreed,1787681252.2436516
vwv9fmlo,39,5u8d1gi1,17-bargaining_tdl_main-268_1_2,RightPartner,who will you auppoet,1787681256.8201675
vwv9fmlo,5,l2avscfv,17-bargaining_tdl_main-267_1_2,LeftPartner,Do you want to support each other?,1787681262.8250778
vwv9fmlo,39,5u8d1gi1,17-bargaining_tdl_main-268_2_3,LeftPartner,who will you support,1787681264.985375
vwv9fmlo,46,l2ii1pmg,17-bargaining_tdl_main-268_2_3,RightPartner,"Hmm, I haven't decided yet. Want to support each other?",1787681277.6941442
vwv9fmlo,20,ipuo3dpq,17-bargaining_tdl_main-267_1_2,RightPartner,sure,1787681280.0595505
vwv9fmlo,31,jpot4lvr,17-bargaining_tdl_main-264_1_3,LeftPartner,hi i am looking forsomeone to coordinate mutual support with.if you support purple i will support yellow so that we can each earn 3 dollars each.please let me know,1787681285.7681546
vwv9fmlo,27,jllpzivy,17-bargaining_tdl_main-268_1_2,LeftPartner,I will support you if you support me. That way we each win. ,1787681293.1828556
vwv9fmlo,42,pxy06w5a,17-bargaining_tdl_main-269_2_3,LeftPartner,"yellow left, so do you want to support?",1787681295.2547057
vwv9fmlo,27,jllpzivy,17-bargaining_tdl_main-268_1_2,LeftPartner,Hopefully,1787681297.6780648
vwv9fmlo,46,l2ii1pmg,17-bargaining_tdl_main-268_1_3,LeftPartner,What's your plan?,1787681300.6945388
vwv9fmlo,39,5u8d1gi1,17-bargaining_tdl_main-268_1_2,RightPartner,OKAY i will also do that ,1787681301.9984407
vwv9fmlo,52,giyt5q5j,17-bargaining_tdl_main-269_2_3,RightPartner,hey let's make a deal to supprt each other,1787681307.9332693
vwv9fmlo,50,gqsgjaad,17-bargaining_tdl_main-270_1_3,LeftPartner,hey,1787681312.114134
vwv9fmlo,50,gqsgjaad,17-bargaining_tdl_main-270_2_3,RightPartner,hey,1787681313.7534742
vwv9fmlo,24,nnhiptoa,17-bargaining_tdl_main-270_1_3,RightPartner,hey,1787681315.419707
vwv9fmlo,24,nnhiptoa,17-bargaining_tdl_main-270_1_2,LeftPartner,hey,1787681317.9249086
vwv9fmlo,50,gqsgjaad,17-bargaining_tdl_main-270_1_3,LeftPartner,would you like to support each other?,1787681325.4911165
vwv9fmlo,24,nnhiptoa,17-bargaining_tdl_main-270_1_3,RightPartner,support me and I'll support you?,1787681325.5910187
vwv9fmlo,44,uhszsgip,17-bargaining_tdl_main-270_1_2,RightPartner,hi,1787681325.5993454
vwv9fmlo,24,nnhiptoa,17-bargaining_tdl_main-270_1_3,RightPartner,yeah,1787681328.235509
vwv9fmlo,50,gqsgjaad,17-bargaining_tdl_main-270_1_3,LeftPartner,sure :),1787681328.4856982
vwv9fmlo,42,pxy06w5a,17-bargaining_tdl_main-269_2_3,LeftPartner,sounds good. i think yellow will not support. i will.,1787681333.189448
vwv9fmlo,44,uhszsgip,17-bargaining_tdl_main-270_2_3,LeftPartner,"hi, who are you planning to send support to",1787681334.5423973
vwv9fmlo,24,nnhiptoa,17-bargaining_tdl_main-270_1_2,LeftPartner,support me and I'll support you?,1787681337.8132858
vwv9fmlo,50,gqsgjaad,17-bargaining_tdl_main-270_1_3,LeftPartner,i tried messaging orange but they didnt say anything,1787681338.7708404
vwv9fmlo,24,nnhiptoa,17-bargaining_tdl_main-270_1_3,RightPartner,me too,1787681344.5715806
vwv9fmlo,24,nnhiptoa,17-bargaining_tdl_main-270_1_3,RightPartner,let's just get the $3,1787681350.2253654
vwv9fmlo,50,gqsgjaad,17-bargaining_tdl_main-270_2_3,RightPartner,hey sorry but yellow and i already agreed to support each other,1787681352.7001753
vwv9fmlo,50,gqsgjaad,17-bargaining_tdl_main-270_1_3,LeftPartner,yeah,1787681354.344178
vwv9fmlo,22,mzwaa5dd,17-bargaining_tdl_main-271_2_3,LeftPartner,"Hi, hope you are having a great time!",1787681360.0063896
vwv9fmlo,24,nnhiptoa,17-bargaining_tdl_main-270_1_3,RightPartner,oh orange said hi now but that's all,1787681360.8738472
vwv9fmlo,56,p2lhf4no,17-bargaining_tdl_main-271_1_3,LeftPartner,Hello!,1787681365.16844
vwv9fmlo,50,gqsgjaad,17-bargaining_tdl_main-270_1_3,LeftPartner,yeah same,1787681369.7030735
vwv9fmlo,22,mzwaa5dd,17-bargaining_tdl_main-271_1_2,RightPartner,Hello! Hope you are doing well!,1787681371.738401
vwv9fmlo,56,p2lhf4no,17-bargaining_tdl_main-271_2_3,RightPartner,Hello! Ditto! ,1787681372.9788446
vwv9fmlo,24,nnhiptoa,17-bargaining_tdl_main-270_1_3,RightPartner,"well that makes it easy, lol",1787681377.4199867
vwv9fmlo,44,uhszsgip,17-bargaining_tdl_main-270_1_2,RightPartner,"deal, but only if you promise you won't go behind my back and say the same to purple lol ",1787681380.3914135
vwv9fmlo,16,0d3dz63c,17-bargaining_tdl_main-271_1_2,LeftPartner,Likewise! Would you like to strategize?,1787681380.4844887
vwv9fmlo,22,mzwaa5dd,17-bargaining_tdl_main-271_2_3,LeftPartner,Thank you!,1787681380.673268
vwv9fmlo,16,0d3dz63c,17-bargaining_tdl_main-271_1_3,RightPartner,Hello there! Any idea on strategy?,1787681387.9144392
vwv9fmlo,22,mzwaa5dd,17-bargaining_tdl_main-271_1_2,RightPartner,Sure!,1787681387.9564867
vwv9fmlo,22,mzwaa5dd,17-bargaining_tdl_main-271_1_2,RightPartner,Let's support each other!,1787681409.1485715
vwv9fmlo,16,0d3dz63c,17-bargaining_tdl_main-271_1_2,LeftPartner,Sure! ,1787681413.9309754
vwv9fmlo,56,p2lhf4no,17-bargaining_tdl_main-271_1_3,LeftPartner,My suggestion would be supporting orange.,1787681415.60959
vwv9fmlo,22,mzwaa5dd,17-bargaining_tdl_main-271_2_3,LeftPartner,This support thing is interesting!,1787681422.9934561
vwv9fmlo,19,xxyamrsb,17-bargaining_tdl_main-272_1_3,RightPartner,hello support me ,1787681435.3567343
vwv9fmlo,22,mzwaa5dd,17-bargaining_tdl_main-271_1_2,RightPartner,Sounds like a plan!,1787681435.4099212
vwv9fmlo,64,hjy2p3lu,17-bargaining_tdl_main-272_1_3,LeftPartner,We should totally support each other.,1787681437.6300972
vwv9fmlo,16,0d3dz63c,17-bargaining_tdl_main-271_1_3,RightPartner,Or taking turns?,1787681440.590173
vwv9fmlo,56,p2lhf4no,17-bargaining_tdl_main-271_2_3,RightPartner,"Who are you thinking of supporting? I'm leaning towards supporting you, and you can support no one. ",1787681448.502075
vwv9fmlo,68,lif1hyx9,17-bargaining_tdl_main-273_2_3,RightPartner,hi,1787681453.403947
vwv9fmlo,16,0d3dz63c,17-bargaining_tdl_main-271_1_2,LeftPartner,Perfect. Works for me. Have you heard from Purple?,1787681458.4800522
vwv9fmlo,56,p2lhf4no,17-bargaining_tdl_main-271_1_3,LeftPartner,I guess that could work.,1787681460.4435148
vwv9fmlo,68,lif1hyx9,17-bargaining_tdl_main-273_1_3,LeftPartner,hi,1787681460.622577
vwv9fmlo,22,mzwaa5dd,17-bargaining_tdl_main-271_2_3,LeftPartner,It would be cool if we could all support each other!,1787681460.8559947
vwv9fmlo,19,xxyamrsb,17-bargaining_tdl_main-272_1_3,RightPartner,fine i will throughout the experiment,1787681461.4646814
vwv9fmlo,56,p2lhf4no,17-bargaining_tdl_main-271_2_3,RightPartner,Yeah!!,1787681465.5986984
vwv9fmlo,59,1yn1d3vs,17-bargaining_tdl_main-273_1_3,RightPartner,hello,1787681477.9574826
vwv9fmlo,22,mzwaa5dd,17-bargaining_tdl_main-271_1_2,RightPartner,"Yes, Purple is cool!",1787681486.7051225
vwv9fmlo,68,lif1hyx9,17-bargaining_tdl_main-273_1_3,LeftPartner,do you want to support each other so we can get $3 each?,1787681501.2510252
vwv9fmlo,16,0d3dz63c,17-bargaining_tdl_main-271_1_3,RightPartner,"Open to whatever you think is best. We could also support each other, or take turns so everyone benefits equally",1787681502.5567925
vwv9fmlo,59,1yn1d3vs,17-bargaining_tdl_main-273_1_3,RightPartner,sure,1787681509.487123
vwv9fmlo,68,lif1hyx9,17-bargaining_tdl_main-273_1_3,LeftPartner,great!,1787681513.0276332
vwv9fmlo,22,mzwaa5dd,17-bargaining_tdl_main-271_2_3,LeftPartner,I appreciate the support!,1787681513.2591395
vwv9fmlo,88,ox0282yj,17-bargaining_tdl_main-275_2_3,RightPartner,hello,1787681515.0565596
vwv9fmlo,16,0d3dz63c,17-bargaining_tdl_main-271_1_2,LeftPartner,"Shall we arrange a way for everyone to benefit equally, then?",1787681515.940528
vwv9fmlo,88,ox0282yj,17-bargaining_tdl_main-275_1_3,LeftPartner,hello,1787681517.6168869
vwv9fmlo,22,mzwaa5dd,17-bargaining_tdl_main-271_2_3,LeftPartner,This is tricky to me lol!,1787681524.7833207
vwv9fmlo,51,g642x67a,17-bargaining_tdl_main-274_1_2,RightPartner,Do you have any ideas of who to support? Purple has already left the chat,1787681528.1979342
vwv9fmlo,88,ox0282yj,17-bargaining_tdl_main-275_2_3,RightPartner,would you like to support each other?,1787681531.7102697
vwv9fmlo,59,1yn1d3vs,17-bargaining_tdl_main-273_1_3,RightPartner,great,1787681535.4030135
vwv9fmlo,22,mzwaa5dd,17-bargaining_tdl_main-271_1_2,RightPartner,That would be a great idea!,1787681540.7827575
vwv9fmlo,22,mzwaa5dd,17-bargaining_tdl_main-271_1_2,RightPartner,The best idea!,1787681546.418212
vwv9fmlo,88,ox0282yj,17-bargaining_tdl_main-275_2_3,RightPartner,my other participant left so ,1787681548.8206272
vwv9fmlo,74,vux79fji,17-bargaining_tdl_main-275_2_3,LeftPartner,Yes,1787681550.6219428
vwv9fmlo,16,0d3dz63c,17-bargaining_tdl_main-271_1_2,LeftPartner,What do you think is the best way to accomplish that?,1787681553.7692807
vwv9fmlo,88,ox0282yj,17-bargaining_tdl_main-275_2_3,RightPartner,ok sounds good,1787681564.2262807
vwv9fmlo,74,vux79fji,17-bargaining_tdl_main-275_2_3,LeftPartner,Purple is my favorite color lol,1787681565.6679683
vwv9fmlo,16,0d3dz63c,17-bargaining_tdl_main-271_1_2,LeftPartner,We could establish an order so that we each take turns supporting no one,1787681574.5921457
vwv9fmlo,56,p2lhf4no,17-bargaining_tdl_main-271_1_3,LeftPartner,"Yeah, taking turns where we all support someone is a good idea. ",1787681576.390409
vwv9fmlo,85,z0sxfsuu,17-bargaining_tdl_main-277_1_2,RightPartner,how goes your day,1787681578.0011837
vwv9fmlo,88,ox0282yj,17-bargaining_tdl_main-275_2_3,RightPartner,awesome,1787681579.9459262
vwv9fmlo,60,2i99awld,17-bargaining_tdl_main-276_1_3,RightPartner,I'm trying to figure out how to benefit everyone. How about I support you and you support me?,1787681582.4237707
vwv9fmlo,22,mzwaa5dd,17-bargaining_tdl_main-271_1_2,RightPartner,I think we should all do our best to support each other somehow!,1787681590.0016494
vwv9fmlo,73,s1bxou5f,17-bargaining_tdl_main-277_1_2,LeftPartner,"good, how about yours",1787681598.386413
vwv9fmlo,60,2i99awld,17-bargaining_tdl_main-276_1_3,RightPartner,Orange just left so we may as well support one another and then we will both earn $3 right?,1787681605.6152906
vwv9fmlo,94,9vflfaec,17-bargaining_tdl_main-276_1_3,LeftPartner,"if you support me and I support you, we get 3.  I will support you.  Please consider supporting me.",1787681606.2230597
vwv9fmlo,16,0d3dz63c,17-bargaining_tdl_main-271_1_3,RightPartner,Why don't we all take turns supporting no one and the other two support the same participant?,1787681608.6605332
vwv9fmlo,94,9vflfaec,17-bargaining_tdl_main-276_1_3,LeftPartner,Yes,1787681610.7512994
vwv9fmlo,56,p2lhf4no,17-bargaining_tdl_main-271_2_3,RightPartner,Let's support everyone in a turn taking way. How about supporting yellow?,1787681614.285384
vwv9fmlo,85,z0sxfsuu,17-bargaining_tdl_main-277_1_2,RightPartner,not too bad just cooking on BDO and taking studies ,1787681616.6970205
vwv9fmlo,60,2i99awld,17-bargaining_tdl_main-276_1_3,RightPartner,Perfect!!,1787681622.5380425
vwv9fmlo,56,p2lhf4no,17-bargaining_tdl_main-271_1_3,LeftPartner,"Yeah, that could work! ",1787681622.780968
vwv9fmlo,16,0d3dz63c,17-bargaining_tdl_main-271_1_2,LeftPartner,"Sounds great! If I'm understanding the rules correctly, we could all take turns supporting no one and the other two support the same participants",1787681633.8029888
vwv9fmlo,16,0d3dz63c,17-bargaining_tdl_main-271_1_2,LeftPartner,paticipant*,1787681638.522413
vwv9fmlo,73,s1bxou5f,17-bargaining_tdl_main-277_1_2,LeftPartner,what do you think of this game,1787681643.6870682
vwv9fmlo,16,0d3dz63c,17-bargaining_tdl_main-271_1_2,LeftPartner,"And we could go in the following order: Orange, purple, and yellow",1787681650.0387597
vwv9fmlo,22,mzwaa5dd,17-bargaining_tdl_main-271_2_3,LeftPartner,We definitely can support yellow,1787681655.0105398
vwv9fmlo,85,z0sxfsuu,17-bargaining_tdl_main-277_1_2,RightPartner,so did purple leave right away for you also,1787681663.3121114
vwv9fmlo,16,0d3dz63c,17-bargaining_tdl_main-271_1_3,RightPartner,"Okay, here will be the order: orange, purple, yellow",1787681663.4632504
vwv9fmlo,73,s1bxou5f,17-bargaining_tdl_main-277_1_2,LeftPartner,yes,1787681670.9510372
vwv9fmlo,56,p2lhf4no,17-bargaining_tdl_main-271_1_3,LeftPartner,Okay! ,1787681674.1633844
vwv9fmlo,16,0d3dz63c,17-bargaining_tdl_main-271_1_3,RightPartner,"Orange will support no one, and we will both support orange",1787681674.1860445
vwv9fmlo,56,p2lhf4no,17-bargaining_tdl_main-271_2_3,RightPartner,Sounds good!,1787681677.920477
vwv9fmlo,85,z0sxfsuu,17-bargaining_tdl_main-277_1_2,RightPartner,interesting,1787681678.1692038
vwv9fmlo,110,9wz7gpmb,17-bargaining_tdl_main-279_2_3,LeftPartner,hey,1787681680.9574115
vwv9fmlo,110,9wz7gpmb,17-bargaining_tdl_main-279_1_2,RightPartner,hey,1787681681.951442
vwv9fmlo,75,3j9odgff,17-bargaining_tdl_main-278_1_2,RightPartner,let's all share so that we all get a bonus!,1787681683.4280963
vwv9fmlo,16,0d3dz63c,17-bargaining_tdl_main-271_1_2,LeftPartner,"This way, orange (you) will support no one, and purple and I will both support you",1787681689.5384018
vwv9fmlo,105,vxiznwvv,17-bargaining_tdl_main-279_1_2,LeftPartner,What's up?,1787681690.6352167
vwv9fmlo,100,sotyd2ul,17-bargaining_tdl_main-279_2_3,RightPartner,hello,1787681691.5423899
vwv9fmlo,75,3j9odgff,17-bargaining_tdl_main-278_2_3,LeftPartner,let's all share so that we all get a bonus!,1787681694.7830966
vwv9fmlo,100,sotyd2ul,17-bargaining_tdl_main-279_1_3,LeftPartner,hello,1787681698.043866
vwv9fmlo,56,p2lhf4no,17-bargaining_tdl_main-271_1_3,LeftPartner,sounds good!!,1787681699.935679
vwv9fmlo,105,vxiznwvv,17-bargaining_tdl_main-279_1_3,RightPartner,Hi,1787681701.495089
vwv9fmlo,16,0d3dz63c,17-bargaining_tdl_main-271_1_2,LeftPartner,"And then we go to the next: purple supports no one, and you and I both support purple ",1787681703.2080667
vwv9fmlo,85,z0sxfsuu,17-bargaining_tdl_main-277_1_2,RightPartner,well should we get to it,1787681703.4776757
vwv9fmlo,16,0d3dz63c,17-bargaining_tdl_main-271_1_2,LeftPartner,And so on,1787681705.2157733
vwv9fmlo,110,9wz7gpmb,17-bargaining_tdl_main-279_2_3,LeftPartner,how are you,1787681709.0054584
vwv9fmlo,105,vxiznwvv,17-bargaining_tdl_main-279_1_2,LeftPartner,Who are you going to support?,1787681712.840608
vwv9fmlo,80,fqfyjqy9,17-bargaining_tdl_main-278_1_3,LeftPartner,"I would choose yellow in all odd rounds, and you can choose purple in those same rounds.",1787681716.9001765
vwv9fmlo,22,mzwaa5dd,17-bargaining_tdl_main-271_1_2,RightPartner,Got it!,1787681717.9700751
vwv9fmlo,105,vxiznwvv,17-bargaining_tdl_main-279_1_3,RightPartner,Who are you going to support?,1787681719.67393
vwv9fmlo,16,0d3dz63c,17-bargaining_tdl_main-271_1_3,RightPartner,"Just to make sure we're on the same page, can you tell me what the next action in the sequence would be?",1787681720.99583
vwv9fmlo,73,s1bxou5f,17-bargaining_tdl_main-277_1_2,LeftPartner,apparently not interested,1787681728.186416
vwv9fmlo,110,9wz7gpmb,17-bargaining_tdl_main-279_1_2,RightPartner,yellow,1787681730.2515423
vwv9fmlo,22,mzwaa5dd,17-bargaining_tdl_main-271_2_3,LeftPartner,So we'll take turns then!,1787681731.5268846
vwv9fmlo,113,jrtwlcc1,17-bargaining_tdl_main-280_1_2,RightPartner,I intend to support you. I hope you intend to support me - I would rather we each get $3 than get nothing.,1787681734.3608372
vwv9fmlo,16,0d3dz63c,17-bargaining_tdl_main-271_1_2,LeftPartner,"Just to make sure we're on the same page, can you tell me what the next action in the sequence would be?",1787681735.2710438
vwv9fmlo,71,dx2azgul,17-bargaining_tdl_main-280_2_3,RightPartner,hi what do you think we should do,1787681741.4014108
vwv9fmlo,100,sotyd2ul,17-bargaining_tdl_main-279_2_3,RightPartner,I'm a bit confused about how to play this lol,1787681742.4605756
vwv9fmlo,113,jrtwlcc1,17-bargaining_tdl_main-280_2_3,LeftPartner,I intend to supporet you. I hope you intend to support me - I would rather we all get $3 than get nothing.,1787681745.127099
vwv9fmlo,103,tbjq91lu,17-bargaining_tdl_main-280_1_2,LeftPartner,I agree. that works for me.,1787681756.2693765
vwv9fmlo,71,dx2azgul,17-bargaining_tdl_main-280_1_3,LeftPartner,hi what do yo think we should do,1787681757.0829153
vwv9fmlo,85,z0sxfsuu,17-bargaining_tdl_main-277_1_2,RightPartner,haha just wants to keep moving i guess doesnt think chatting matters i suppose as we could all just choose randomly and see what happens,1787681771.9077754
vwv9fmlo,71,dx2azgul,17-bargaining_tdl_main-280_2_3,RightPartner,i agree,1787681771.9790025
vwv9fmlo,56,p2lhf4no,17-bargaining_tdl_main-271_1_3,LeftPartner,We both support orange and orange supports no one. ,1787681772.901245
vwv9fmlo,103,tbjq91lu,17-bargaining_tdl_main-280_1_3,RightPartner,"this time around, I already agreed to support Orange lol.",1787681774.492553
vwv9fmlo,106,ny29l39i,17-bargaining_tdl_main-281_1_3,RightPartner,who do you want to support?,1787681777.4795134
vwv9fmlo,22,mzwaa5dd,17-bargaining_tdl_main-271_1_2,RightPartner,Me: no one,1787681778.772827
vwv9fmlo,101,h8iekthy,17-bargaining_tdl_main-281_1_3,LeftPartner,ill support you if you support me,1787681778.8733947
vwv9fmlo,113,jrtwlcc1,17-bargaining_tdl_main-280_2_3,LeftPartner,Ok then we have a deal. I will support you.,1787681780.0357559
vwv9fmlo,113,jrtwlcc1,17-bargaining_tdl_main-280_1_2,RightPartner,"Perfect, I will support you.",1787681785.2183769
vwv9fmlo,106,ny29l39i,17-bargaining_tdl_main-281_1_3,RightPartner,sounds good to me.,1787681791.0474455
vwv9fmlo,110,9wz7gpmb,17-bargaining_tdl_main-279_2_3,LeftPartner,me too,1787681792.1127114
vwv9fmlo,73,s1bxou5f,17-bargaining_tdl_main-277_1_2,LeftPartner,I think I will leave and continue to game,1787681792.3779323
vwv9fmlo,56,p2lhf4no,17-bargaining_tdl_main-271_2_3,RightPartner,"For the next action, support no one, and yellow and purple will support you. ",1787681798.8018868
vwv9fmlo,101,h8iekthy,17-bargaining_tdl_main-281_1_3,LeftPartner,orange left my chat so ill support you (yellow),1787681802.2449446
vwv9fmlo,112,aw5j5bff,17-bargaining_tdl_main-282_1_2,LeftPartner,Hi,1787681815.3080876
vwv9fmlo,112,aw5j5bff,17-bargaining_tdl_main-282_1_3,RightPartner,Hi,1787681819.399285
vwv9fmlo,96,ryo7zc6f,17-bargaining_tdl_main-282_1_3,LeftPartner,"Hi, do you have any thoughts on who you want to support?",1787681820.5815845
vwv9fmlo,22,mzwaa5dd,17-bargaining_tdl_main-271_1_2,RightPartner,Purple: no one,1787681821.8011205
vwv9fmlo,22,mzwaa5dd,17-bargaining_tdl_main-271_1_2,RightPartner,You: no one,1787681825.2371113
vwv9fmlo,100,sotyd2ul,17-bargaining_tdl_main-279_2_3,RightPartner,"I think if we support each other, we both get $3?",1787681829.30683
vwv9fmlo,16,0d3dz63c,17-bargaining_tdl_main-271_1_3,RightPartner,"The next would be purple (you) supports no one, and then orange and I both support Orange. Does that make sense?",1787681833.572369
vwv9fmlo,112,aw5j5bff,17-bargaining_tdl_main-282_1_3,RightPartner,Not yet.  how about you?,1787681838.0877957
vwv9fmlo,110,9wz7gpmb,17-bargaining_tdl_main-279_2_3,LeftPartner,ok.lets do that,1787681843.0712144
vwv9fmlo,121,zwik3uyx,17-bargaining_tdl_main-284_1_3,LeftPartner,hello,1787681849.6753943
vwv9fmlo,95,1i7ywu4l,17-bargaining_tdl_main-283_1_3,LeftPartner,i propose we take turns with whom we support to maximize payment,1787681850.1487625
vwv9fmlo,70,epwj7bo3,17-bargaining_tdl_main-282_2_3,LeftPartner,so the best we can walk away with having three people is that two at most get a reward is that correct?,1787681851.2966814
vwv9fmlo,96,ryo7zc6f,17-bargaining_tdl_main-282_2_3,RightPartner,"Hello, do you have any thoughts on who you want to support?",1787681851.6745386
vwv9fmlo,84,sq4s2b59,17-bargaining_tdl_main-284_1_2,LeftPartner,Hello,1787681851.7354836
vwv9fmlo,121,zwik3uyx,17-bargaining_tdl_main-284_2_3,RightPartner,hello,1787681852.274297
vwv9fmlo,84,sq4s2b59,17-bargaining_tdl_main-284_1_3,RightPartner,Hello,1787681856.4490492
vwv9fmlo,83,f4nwb8aa,17-bargaining_tdl_main-283_1_2,RightPartner,"What is your plan? I am looking to do what's best for the two of us, which is really all we can do other than try to collect all the money ourselves.",1787681857.1509724
vwv9fmlo,120,drsm8evq,17-bargaining_tdl_main-284_1_2,RightPartner,Hello! Who would you like to support?,1787681858.0986016
vwv9fmlo,16,0d3dz63c,17-bargaining_tdl_main-271_1_3,RightPartner,"Sorry, I misspoke, you would support no one and Orange and I would both support you",1787681858.5408487
vwv9fmlo,70,epwj7bo3,17-bargaining_tdl_main-282_1_2,RightPartner,Hi.,1787681866.2519805
vwv9fmlo,22,mzwaa5dd,17-bargaining_tdl_main-271_2_3,LeftPartner,Then purple: no one,1787681866.6695187
vwv9fmlo,22,mzwaa5dd,17-bargaining_tdl_main-271_2_3,LeftPartner,Yellow: no one,1787681870.934073
vwv9fmlo,56,p2lhf4no,17-bargaining_tdl_main-271_1_3,LeftPartner,Okay!,1787681873.6573954
vwv9fmlo,16,0d3dz63c,17-bargaining_tdl_main-271_1_2,LeftPartner,"Great, I think you got it! ",1787681876.659038
vwv9fmlo,56,p2lhf4no,17-bargaining_tdl_main-271_2_3,RightPartner,Yeah sounds good!,1787681879.437546
vwv9fmlo,120,drsm8evq,17-bargaining_tdl_main-284_2_3,LeftPartner,"Hello! How would you like to do this, who are we supporting?",1787681881.2934875
vwv9fmlo,109,mif9mae5,17-bargaining_tdl_main-285_1_3,RightPartner,i will support you every time,1787681881.652958
vwv9fmlo,22,mzwaa5dd,17-bargaining_tdl_main-271_1_2,RightPartner,Yes!,1787681883.478988
vwv9fmlo,114,ssljnkw8,17-bargaining_tdl_main-283_1_3,RightPartner,hey purple want to support each other?,1787681885.4320152
vwv9fmlo,121,zwik3uyx,17-bargaining_tdl_main-284_1_3,LeftPartner,I wish there was a way we all get bonus!,1787681886.6676507
vwv9fmlo,16,0d3dz63c,17-bargaining_tdl_main-271_1_3,RightPartner,Feel good about it?,1787681889.0147002
vwv9fmlo,143,27i08g4l,17-bargaining_tdl_main-285_1_3,LeftPartner,"Hi, I am purple participant.  Orange has already left the chat.  Okay I will support you also.",1787681889.0573425
vwv9fmlo,95,1i7ywu4l,17-bargaining_tdl_main-283_2_3,RightPartner,i propose we take turns with whom we support to maximize payment,1787681889.3046887
vwv9fmlo,83,f4nwb8aa,17-bargaining_tdl_main-283_2_3,LeftPartner,"We have two options. Support each other or go in blindly. Someone trying to collect the six dollars on their own is going to be kind of difficult, I believe. What are your thoughts?",1787681891.2301104
vwv9fmlo,22,mzwaa5dd,17-bargaining_tdl_main-271_2_3,LeftPartner,Excellent!,1787681891.43076
vwv9fmlo,109,mif9mae5,17-bargaining_tdl_main-285_1_3,RightPartner,ok sounds good! ,1787681900.6916487
vwv9fmlo,121,zwik3uyx,17-bargaining_tdl_main-284_2_3,RightPartner,I wish there was a way we all get a bonus!,1787681900.9819932
vwv9fmlo,70,epwj7bo3,17-bargaining_tdl_main-282_2_3,LeftPartner,I'd be willing to forego the prize so that you and our third teammate earn a prize,1787681902.2122579
vwv9fmlo,84,sq4s2b59,17-bargaining_tdl_main-284_1_3,RightPartner,For sure!,1787681903.9396758
vwv9fmlo,56,p2lhf4no,17-bargaining_tdl_main-271_1_3,LeftPartner,Yes I do.,1787681905.105516
vwv9fmlo,95,1i7ywu4l,17-bargaining_tdl_main-283_1_3,LeftPartner,i say we take turns supporting each participant,1787681912.6859255
vwv9fmlo,121,zwik3uyx,17-bargaining_tdl_main-284_2_3,RightPartner,How would you like to go about it? ,1787681924.35658
vwv9fmlo,96,ryo7zc6f,17-bargaining_tdl_main-282_1_3,LeftPartner,I am open.  We could support each other and at least get $3 each,1787681926.1505594
vwv9fmlo,84,sq4s2b59,17-bargaining_tdl_main-284_1_2,LeftPartner,Do you have a preference?,1787681930.3178601
vwv9fmlo,95,1i7ywu4l,17-bargaining_tdl_main-283_2_3,RightPartner,i say we take turns supporting each participant,1787681931.4657106
vwv9fmlo,22,mzwaa5dd,17-bargaining_tdl_main-271_2_3,LeftPartner,Orange purple yellow,1787681933.1977925
vwv9fmlo,146,e849bwzi,17-bargaining_tdl_main-287_2_3,RightPartner,who are you planning to support?,1787681936.6281714
vwv9fmlo,120,drsm8evq,17-bargaining_tdl_main-284_2_3,LeftPartner,Same!!! It feels so unfair to choose one only 2 out of 3.,1787681943.167671
vwv9fmlo,121,zwik3uyx,17-bargaining_tdl_main-284_1_3,LeftPartner,I could support you as yellow is my favorite color lol,1787681944.7954128
vwv9fmlo,87,t2ixdknh,17-bargaining_tdl_main-286_2_3,RightPartner,"I am thinking it makes sense for us to support each other. If we both choose each other, we each earn $3. Its the most reliable way for both of us to avoid getting $0.",1787681946.3735275
vwv9fmlo,152,a49effk0,17-bargaining_tdl_main-289_2_3,RightPartner,Yo,1787681947.0907466
vwv9fmlo,112,aw5j5bff,17-bargaining_tdl_main-282_1_3,RightPartner,ok sounds good,1787681947.1604743
vwv9fmlo,114,ssljnkw8,17-bargaining_tdl_main-283_1_2,LeftPartner,hi orange.. if we support each other we both get $3,1787681950.0707226
vwv9fmlo,152,a49effk0,17-bargaining_tdl_main-289_1_3,LeftPartner,Yo,1787681950.5723476
vwv9fmlo,96,ryo7zc6f,17-bargaining_tdl_main-282_2_3,RightPartner,Wow that is nice of you,1787681954.5728524
vwv9fmlo,70,epwj7bo3,17-bargaining_tdl_main-282_1_2,RightPartner,Do you want to chat here and discuss or are you not interested ,1787681957.568663
vwv9fmlo,83,f4nwb8aa,17-bargaining_tdl_main-283_2_3,LeftPartner,Have you touched base with the other participant and got their thoughts on that yet?I'm in for that plan but we all have to trust each other and figure it out what order.,1787681959.911339
vwv9fmlo,97,dpscwdvl,17-bargaining_tdl_main-288_1_2,RightPartner,How do you think is a fair way to decide?,1787681959.97643
vwv9fmlo,128,frtwmy6m,17-bargaining_tdl_main-289_1_3,RightPartner,hi,1787681967.364458
vwv9fmlo,135,ek9yc6ui,17-bargaining_tdl_main-289_2_3,LeftPartner,Who are you supporting? If you support me I will suport you,1787681969.1841884
vwv9fmlo,70,epwj7bo3,17-bargaining_tdl_main-282_1_2,RightPartner,and I say that with all due respect,1787681972.4646204
vwv9fmlo,97,dpscwdvl,17-bargaining_tdl_main-288_2_3,LeftPartner,What is a fair way to decide?,1787681974.4339173
vwv9fmlo,84,sq4s2b59,17-bargaining_tdl_main-284_1_3,RightPartner,"Lol, I prefer purple myself.",1787681974.971165
vwv9fmlo,120,drsm8evq,17-bargaining_tdl_main-284_2_3,LeftPartner,"I'm not sure who I would choose, or even how to choose. ",1787681979.0792968
vwv9fmlo,150,hfvmxa1s,17-bargaining_tdl_main-288_2_3,RightPartner,We should support each other so we both get $3,1787681979.6715016
vwv9fmlo,70,epwj7bo3,17-bargaining_tdl_main-282_2_3,LeftPartner,So yellow is not speaking,1787681981.89981
vwv9fmlo,173,4kfbdeyy,17-bargaining_tdl_main-290_1_3,LeftPartner,Hello!! How are you doing today?,1787681982.6379747
vwv9fmlo,152,a49effk0,17-bargaining_tdl_main-289_1_3,LeftPartner,What's up,1787681984.0195718
vwv9fmlo,120,drsm8evq,17-bargaining_tdl_main-284_2_3,LeftPartner,You?,1787681984.4564903
vwv9fmlo,86,4m10oodg,17-bargaining_tdl_main-288_1_2,LeftPartner,I think you should go with what you think is best and I like that about you because you're fair.,1787681985.3048713
vwv9fmlo,86,4m10oodg,17-bargaining_tdl_main-288_1_3,RightPartner,Nice to meet you!  Looking forward to being part of this experience.,1787681986.0762854
vwv9fmlo,96,ryo7zc6f,17-bargaining_tdl_main-282_2_3,RightPartner,I would love to have your support,1787681986.395259
vwv9fmlo,152,a49effk0,17-bargaining_tdl_main-289_1_3,LeftPartner,Who're you 'supporting',1787681991.6630971
vwv9fmlo,173,4kfbdeyy,17-bargaining_tdl_main-290_2_3,RightPartner,Hi! How are you?,1787681992.535604
vwv9fmlo,142,p3xxjgq3,17-bargaining_tdl_main-291_1_2,RightPartner,hello,1787681993.934988
vwv9fmlo,121,zwik3uyx,17-bargaining_tdl_main-284_2_3,RightPartner,Yes it is a hard choice! Maybe go with favorite color? lol,1787681994.6206255
vwv9fmlo,152,a49effk0,17-bargaining_tdl_main-289_2_3,RightPartner,I gotchu,1787681994.6785183
vwv9fmlo,128,frtwmy6m,17-bargaining_tdl_main-289_1_3,RightPartner,I will support the participant who supports me.,1787681995.8549154
vwv9fmlo,142,p3xxjgq3,17-bargaining_tdl_main-291_2_3,LeftPartner,hello,1787681996.9221175
vwv9fmlo,135,ek9yc6ui,17-bargaining_tdl_main-289_1_2,RightPartner,I will suprot you if you support me.,1787681998.5031927
vwv9fmlo,139,gfj4c89a,17-bargaining_tdl_main-291_1_2,LeftPartner,hello,1787681998.5887527
vwv9fmlo,83,f4nwb8aa,17-bargaining_tdl_main-283_1_2,RightPartner,"Yes, and really that's the only feasible solution is supporting each other because the odds are against collecting six dollars on your own and really that's shady.",1787681999.334747
vwv9fmlo,123,nel9twht,17-bargaining_tdl_main-290_1_3,RightPartner,I'm doing good how about you?,1787682002.296841
vwv9fmlo,112,aw5j5bff,17-bargaining_tdl_main-282_1_2,LeftPartner,What are you feeling?,1787682002.49412
vwv9fmlo,156,shwr858y,17-bargaining_tdl_main-291_2_3,RightPartner,Howdy,1787682004.1800823
vwv9fmlo,120,drsm8evq,17-bargaining_tdl_main-284_1_2,RightPartner,"Not necessarily, just wish it was more fair. You?",1787682005.391056
vwv9fmlo,135,ek9yc6ui,17-bargaining_tdl_main-289_2_3,LeftPartner,kool,1787682005.5402718
vwv9fmlo,139,gfj4c89a,17-bargaining_tdl_main-291_1_2,LeftPartner,you give to me?,1787682005.6980114
vwv9fmlo,128,frtwmy6m,17-bargaining_tdl_main-289_1_2,LeftPartner,I will support the participant who supports me.,1787682010.7844446
vwv9fmlo,139,gfj4c89a,17-bargaining_tdl_main-291_1_2,LeftPartner,i give to purple?,1787682011.2925055
vwv9fmlo,86,4m10oodg,17-bargaining_tdl_main-288_1_2,LeftPartner,Just pick the one you think is best. They're not giving us much info about the people. So go with what you want to do.,1787682013.1372838
vwv9fmlo,95,1i7ywu4l,17-bargaining_tdl_main-283_2_3,RightPartner,"ive spoken to them somewhat, not very much communication on their end. They requested to support eachother.",1787682014.2117956
vwv9fmlo,84,sq4s2b59,17-bargaining_tdl_main-284_1_2,LeftPartner,For Sure!,1787682016.6387894
vwv9fmlo,173,4kfbdeyy,17-bargaining_tdl_main-290_1_3,LeftPartner,I'm good!! Thx for asking,1787682017.664059
vwv9fmlo,97,dpscwdvl,17-bargaining_tdl_main-288_1_2,RightPartner,Let's support each other then.,1787682018.622367
vwv9fmlo,139,gfj4c89a,17-bargaining_tdl_main-291_1_2,LeftPartner,purple gives to you?,1787682019.144476
vwv9fmlo,152,a49effk0,17-bargaining_tdl_main-289_1_3,LeftPartner,ok cool,1787682021.1345422
vwv9fmlo,135,ek9yc6ui,17-bargaining_tdl_main-289_1_2,RightPartner,ok. sounds good,1787682022.0326467
vwv9fmlo,120,drsm8evq,17-bargaining_tdl_main-284_2_3,LeftPartner,"Sounds good to me, haha, seems like the most fair approach to this experiment.",1787682026.820028
vwv9fmlo,142,p3xxjgq3,17-bargaining_tdl_main-291_1_2,RightPartner,"ok, that'll work",1787682030.1394167
vwv9fmlo,86,4m10oodg,17-bargaining_tdl_main-288_1_2,LeftPartner,Sounds good to me!,1787682031.940806
vwv9fmlo,139,gfj4c89a,17-bargaining_tdl_main-291_1_3,RightPartner,you give to orange?,1787682039.4342177
vwv9fmlo,70,epwj7bo3,17-bargaining_tdl_main-282_1_2,RightPartner,"If you and purple choose one another and I choose noone, that means you two get the prizes right?",1787682040.3919637
vwv9fmlo,114,ssljnkw8,17-bargaining_tdl_main-283_1_3,RightPartner,sounds good for this round let support each other so we both get the $3..deal?,1787682041.2256007
vwv9fmlo,121,zwik3uyx,17-bargaining_tdl_main-284_2_3,RightPartner,"Same, it is hard to choose otherwise!",1787682041.6677163
vwv9fmlo,86,4m10oodg,17-bargaining_tdl_main-288_1_3,RightPartner,Hello?,1787682045.0140655
vwv9fmlo,123,nel9twht,17-bargaining_tdl_main-290_1_3,RightPartner,I'm not sure how to go about doing this. Someone will have to be excluded unfortunately :(,1787682046.0690918
vwv9fmlo,173,4kfbdeyy,17-bargaining_tdl_main-290_1_3,LeftPartner,Not to be nosy but are you allowed to chat with the other player? It's disabled on my side,1787682047.1672103
vwv9fmlo,200,su9jv5ny,17-bargaining_tdl_main-293_1_3,LeftPartner,what are your plans,1787682047.3136356
vwv9fmlo,139,gfj4c89a,17-bargaining_tdl_main-291_1_3,RightPartner,orange gives to me,1787682047.7582548
vwv9fmlo,187,avxgtmuj,17-bargaining_tdl_main-292_1_2,LeftPartner,Hi! I'll support you,1787682048.6431544
vwv9fmlo,142,p3xxjgq3,17-bargaining_tdl_main-291_2_3,LeftPartner,you give to me?,1787682049.7230353
vwv9fmlo,84,sq4s2b59,17-bargaining_tdl_main-284_1_2,LeftPartner,"I guess if we just support each other, than it's equal.",1787682050.3644214
vwv9fmlo,200,su9jv5ny,17-bargaining_tdl_main-293_2_3,RightPartner,what are your plans,1787682050.6475432
vwv9fmlo,139,gfj4c89a,17-bargaining_tdl_main-291_1_3,RightPartner,i give to you,1787682051.2669284
vwv9fmlo,139,gfj4c89a,17-bargaining_tdl_main-291_1_3,RightPartner,orange already agreed,1787682058.0789227
vwv9fmlo,142,p3xxjgq3,17-bargaining_tdl_main-291_2_3,LeftPartner,i'll give to yellow,1787682058.181408
vwv9fmlo,123,nel9twht,17-bargaining_tdl_main-290_1_3,RightPartner,Yes I am,1787682059.8647501
vwv9fmlo,156,shwr858y,17-bargaining_tdl_main-291_1_3,LeftPartner,but then no one gets anything,1787682061.7913134
vwv9fmlo,120,drsm8evq,17-bargaining_tdl_main-284_1_2,RightPartner,"Only thing I've thought about and heard is just choose your favorite of the 3 colors, very fair and randomized",1787682069.400617
vwv9fmlo,139,gfj4c89a,17-bargaining_tdl_main-291_1_3,RightPartner,oh,1787682069.6598516
vwv9fmlo,121,zwik3uyx,17-bargaining_tdl_main-284_1_3,LeftPartner,My favorite is blue but I cannot choose myself lol,1787682070.8664465
vwv9fmlo,207,hs95ywvb,17-bargaining_tdl_main-294_2_3,RightPartner,who are you going to support,1787682072.056393
vwv9fmlo,123,nel9twht,17-bargaining_tdl_main-290_1_3,RightPartner,But they left the chat immediately,1787682072.2325122
vwv9fmlo,139,gfj4c89a,17-bargaining_tdl_main-291_1_3,RightPartner,whats a better plan then,1787682073.2744722
vwv9fmlo,173,4kfbdeyy,17-bargaining_tdl_main-290_1_3,LeftPartner,Ohhhh,1787682074.4192445
vwv9fmlo,202,fehwsjz2,17-bargaining_tdl_main-292_1_2,RightPartner,Hi yellow i propose we form a mutual support agreement,1787682075.3974059
vwv9fmlo,134,ltvle2wn,17-bargaining_tdl_main-293_1_3,RightPartner,I will support you if you support me,1787682077.6962888
vwv9fmlo,83,f4nwb8aa,17-bargaining_tdl_main-283_1_2,RightPartner,So I guess the real question is who's going to trust who? Do we take turns supporting each other? But we got about five minutes to figure it out.,1787682078.2760904
vwv9fmlo,207,hs95ywvb,17-bargaining_tdl_main-294_1_3,LeftPartner,who are you going to support,1787682080.6205654
vwv9fmlo,139,gfj4c89a,17-bargaining_tdl_main-291_1_2,LeftPartner,purple said then no one gets anything,1787682081.5789683
vwv9fmlo,213,bknlmpiw,17-bargaining_tdl_main-295_2_3,RightPartner,hey hey!,1787682083.786188
vwv9fmlo,173,4kfbdeyy,17-bargaining_tdl_main-290_1_3,LeftPartner,Yes same here!,1787682083.9692948
vwv9fmlo,197,87qpa8az,17-bargaining_tdl_main-296_1_3,LeftPartner,Hi! What do you think of this game?,1787682086.8113089
vwv9fmlo,156,shwr858y,17-bargaining_tdl_main-291_1_3,LeftPartner,"there's honestly no real good plan, one of us gets stiffed",1787682087.7192047
vwv9fmlo,189,79olf6cv,17-bargaining_tdl_main-295_2_3,LeftPartner,Hi,1787682089.8121572
vwv9fmlo,123,nel9twht,17-bargaining_tdl_main-290_1_3,RightPartner,I guess that's not a good sign,1787682090.1577802
vwv9fmlo,200,su9jv5ny,17-bargaining_tdl_main-293_1_3,LeftPartner,"sounds good to me, other participant isn't answering",1787682091.8037724
vwv9fmlo,95,1i7ywu4l,17-bargaining_tdl_main-283_1_3,LeftPartner,I may be interested in that offer. Im touching base with Orange now.,1787682091.887391
vwv9fmlo,189,79olf6cv,17-bargaining_tdl_main-295_1_2,RightPartner,Hi,1787682092.461351
vwv9fmlo,213,bknlmpiw,17-bargaining_tdl_main-295_1_3,LeftPartner,howdy!,1787682093.2599072
vwv9fmlo,120,drsm8evq,17-bargaining_tdl_main-284_2_3,LeftPartner,"For sure, I'm going with just choosing my favorite color of the options. ",1787682096.063963
vwv9fmlo,197,87qpa8az,17-bargaining_tdl_main-296_2_3,RightPartner,Hi! What do you think of this game?,1787682097.8728378
vwv9fmlo,139,gfj4c89a,17-bargaining_tdl_main-291_1_3,RightPartner,oh,1787682097.8789232
vwv9fmlo,173,4kfbdeyy,17-bargaining_tdl_main-290_1_3,LeftPartner,So should we just support each other?,1787682099.8041248
vwv9fmlo,139,gfj4c89a,17-bargaining_tdl_main-291_1_3,RightPartner,i guess we do it to orange then,1787682104.066044
vwv9fmlo,196,n8dh0lnp,17-bargaining_tdl_main-296_1_2,RightPartner,Orange you glad to be part of this experiment?,1787682104.3368485
vwv9fmlo,168,7pah5eau,17-bargaining_tdl_main-294_1_3,RightPartner,Lets support orange,1787682105.032543
vwv9fmlo,134,ltvle2wn,17-bargaining_tdl_main-293_1_3,RightPartner,They left chat,1787682106.1422958
vwv9fmlo,164,41mgdohj,17-bargaining_tdl_main-296_1_3,RightPartner,It seems pretty understandable,1787682106.9984264
vwv9fmlo,185,m84aawqa,17-bargaining_tdl_main-294_2_3,LeftPartner,"I'll support you, since you messaged me first. ",1787682107.369034
vwv9fmlo,156,shwr858y,17-bargaining_tdl_main-291_1_3,LeftPartner,bet,1787682109.2640858
vwv9fmlo,213,bknlmpiw,17-bargaining_tdl_main-295_2_3,RightPartner,so what are we thinking? seems like someone is getting screwed no matter what,1787682110.7500854
vwv9fmlo,123,nel9twht,17-bargaining_tdl_main-290_1_3,RightPartner,I was thinking that too,1787682110.8710482
vwv9fmlo,83,f4nwb8aa,17-bargaining_tdl_main-283_2_3,LeftPartner,"I am getting the same experience from the other participant and they requested that we support each other. So, the one thing we do know is somebody's being shady.",1787682111.3518875
vwv9fmlo,185,m84aawqa,17-bargaining_tdl_main-294_1_2,RightPartner,who do you plan to support,1787682112.6761425
vwv9fmlo,139,gfj4c89a,17-bargaining_tdl_main-291_1_3,RightPartner,we give to each other?,1787682114.035866
vwv9fmlo,164,41mgdohj,17-bargaining_tdl_main-296_1_2,LeftPartner,I sure am,1787682116.8436782
vwv9fmlo,139,gfj4c89a,17-bargaining_tdl_main-291_1_3,RightPartner,thats the best plan,1787682117.352064
vwv9fmlo,156,shwr858y,17-bargaining_tdl_main-291_1_3,LeftPartner,ye,1787682118.1405573
vwv9fmlo,161,4gerap7f,17-bargaining_tdl_main-295_1_3,RightPartner,hi,1787682119.8157115
vwv9fmlo,168,7pah5eau,17-bargaining_tdl_main-294_1_2,LeftPartner,lets support purple,1787682122.8841228
vwv9fmlo,121,zwik3uyx,17-bargaining_tdl_main-284_2_3,RightPartner,I will do the same! It will be very random outcome lol,1787682123.4579651
vwv9fmlo,153,0rphojpi,17-bargaining_tdl_main-297_2_3,LeftPartner,The rules are so confusing,1787682123.5199552
vwv9fmlo,161,4gerap7f,17-bargaining_tdl_main-295_1_2,LeftPartner,hi,1787682123.9219136
vwv9fmlo,185,m84aawqa,17-bargaining_tdl_main-294_2_3,LeftPartner,What about you?,1787682124.3562784
vwv9fmlo,123,nel9twht,17-bargaining_tdl_main-290_1_3,RightPartner,Since we don't know what Orange will do now,1787682125.604977
vwv9fmlo,197,87qpa8az,17-bargaining_tdl_main-296_1_3,LeftPartner,What do you think is the best strategy?,1787682126.1997123
vwv9fmlo,142,p3xxjgq3,17-bargaining_tdl_main-291_1_2,RightPartner,is he being honest? idk,1787682126.9555068
vwv9fmlo,156,shwr858y,17-bargaining_tdl_main-291_1_3,LeftPartner,cya on the other side,1787682128.3017538
vwv9fmlo,139,gfj4c89a,17-bargaining_tdl_main-291_1_3,RightPartner,feel bad for orange,1787682128.7355099
vwv9fmlo,153,0rphojpi,17-bargaining_tdl_main-297_1_2,RightPartner,The rulses are so confusing,1787682128.794784
vwv9fmlo,121,zwik3uyx,17-bargaining_tdl_main-284_1_3,LeftPartner,It will be a very random outcome lol,1787682131.8241043
vwv9fmlo,185,m84aawqa,17-bargaining_tdl_main-294_1_2,RightPartner,Okay!,1787682131.8280852
vwv9fmlo,196,n8dh0lnp,17-bargaining_tdl_main-296_2_3,LeftPartner,I think it's going to result on $0 across the board.,1787682131.985628
vwv9fmlo,125,i7yl9wvs,17-bargaining_tdl_main-297_1_2,LeftPartner,hello there,1787682132.9369247
vwv9fmlo,125,i7yl9wvs,17-bargaining_tdl_main-297_1_3,RightPartner,hello there,1787682134.288039
vwv9fmlo,139,gfj4c89a,17-bargaining_tdl_main-291_1_2,LeftPartner,i think so,1787682137.3325047
vwv9fmlo,160,5af008wy,17-bargaining_tdl_main-298_1_2,LeftPartner,hello ,1787682138.2213755
vwv9fmlo,207,hs95ywvb,17-bargaining_tdl_main-294_1_3,LeftPartner,r u sure,1787682138.6970453
vwv9fmlo,95,1i7ywu4l,17-bargaining_tdl_main-283_2_3,RightPartner,Im willing to work solely with you,1787682138.8418915
vwv9fmlo,173,4kfbdeyy,17-bargaining_tdl_main-290_1_3,LeftPartner,Okay lets do it then!,1787682138.847189
vwv9fmlo,207,hs95ywvb,17-bargaining_tdl_main-294_2_3,RightPartner,okay great i will support you as well,1787682139.2875695
vwv9fmlo,197,87qpa8az,17-bargaining_tdl_main-296_2_3,RightPartner,Why?,1787682139.785865
vwv9fmlo,211,om7n5onc,17-bargaining_tdl_main-297_2_3,RightPartner,Do you have a particular question? I can help you.,1787682142.1524863
vwv9fmlo,196,n8dh0lnp,17-bargaining_tdl_main-296_1_2,RightPartner,So do you think any of us will make any money?,1787682142.601878
vwv9fmlo,139,gfj4c89a,17-bargaining_tdl_main-291_1_2,LeftPartner,rules were confusing,1787682143.0849652
vwv9fmlo,189,79olf6cv,17-bargaining_tdl_main-295_2_3,LeftPartner,Yeah definitely. I guess we pick who gets it,1787682143.7522216
vwv9fmlo,160,5af008wy,17-bargaining_tdl_main-298_1_3,RightPartner,hello,1787682149.918408
vwv9fmlo,211,om7n5onc,17-bargaining_tdl_main-297_1_3,LeftPartner,Hey! How's it going?,1787682150.5248437
vwv9fmlo,139,gfj4c89a,17-bargaining_tdl_main-291_1_2,LeftPartner,should we just give to each other?,1787682151.1771266
vwv9fmlo,164,41mgdohj,17-bargaining_tdl_main-296_1_3,RightPartner,I think we all support each other to each get money,1787682151.6057785
vwv9fmlo,142,p3xxjgq3,17-bargaining_tdl_main-291_1_2,RightPartner,ok. ,1787682152.1324635
vwv9fmlo,189,79olf6cv,17-bargaining_tdl_main-295_2_3,LeftPartner,Sounds tiring. I'd let you two support each other,1787682154.0372696
vwv9fmlo,125,i7yl9wvs,17-bargaining_tdl_main-297_1_2,LeftPartner,"well, one thing they did not tell us, is if there were multiple rounds",1787682154.0868413
vwv9fmlo,169,t9bvdflm,17-bargaining_tdl_main-298_1_2,RightPartner,HELLO,1787682156.8616254
vwv9fmlo,141,jtrq63f2,17-bargaining_tdl_main-299_1_3,RightPartner,hey! how are you doing?,1787682157.9499073
vwv9fmlo,139,gfj4c89a,17-bargaining_tdl_main-291_1_2,LeftPartner,and stiff purple,1787682158.6233003
vwv9fmlo,197,87qpa8az,17-bargaining_tdl_main-296_2_3,RightPartner,"If you and I support each other, we'd at least get $3.",1787682162.084578
vwv9fmlo,153,0rphojpi,17-bargaining_tdl_main-297_2_3,LeftPartner,"No, I think I got it now but it took me 3 tries ",1787682162.2060964
vwv9fmlo,157,wkkgp0k9,17-bargaining_tdl_main-299_1_2,RightPartner,"Hello, do you wish to support one another?",1787682162.617978
vwv9fmlo,139,gfj4c89a,17-bargaining_tdl_main-291_1_2,LeftPartner,then we both get 3,1787682163.0651968
vwv9fmlo,142,p3xxjgq3,17-bargaining_tdl_main-291_1_2,RightPartner,yes lets just give to each other,1787682164.066386
vwv9fmlo,123,nel9twht,17-bargaining_tdl_main-290_1_3,RightPartner,That sounds like a good idea to me,1787682164.3891861
vwv9fmlo,161,4gerap7f,17-bargaining_tdl_main-295_1_3,RightPartner,how do you go about it,1787682165.1176157
vwv9fmlo,169,t9bvdflm,17-bargaining_tdl_main-298_2_3,LeftPartner,hello,1787682165.208829
vwv9fmlo,141,jtrq63f2,17-bargaining_tdl_main-299_1_2,LeftPartner,hey! how are you doing?,1787682166.0374835
vwv9fmlo,189,79olf6cv,17-bargaining_tdl_main-295_1_2,RightPartner,This task is tiring. I'll let you two support each other and pick no one,1787682166.6738813
vwv9fmlo,125,i7yl9wvs,17-bargaining_tdl_main-297_1_3,RightPartner,"going ok, lol.",1787682169.7048998
vwv9fmlo,213,bknlmpiw,17-bargaining_tdl_main-295_2_3,RightPartner,are you positive? you won't get anything,1787682170.6583757
vwv9fmlo,139,gfj4c89a,17-bargaining_tdl_main-291_1_2,LeftPartner,okay sounds good,1787682171.6772118
vwv9fmlo,95,1i7ywu4l,17-bargaining_tdl_main-283_2_3,RightPartner,Youve been more accommodating to communicate with. ,1787682175.1361551
vwv9fmlo,189,79olf6cv,17-bargaining_tdl_main-295_2_3,LeftPartner,Yea it's fine,1787682178.0411696
vwv9fmlo,153,0rphojpi,17-bargaining_tdl_main-297_1_2,RightPartner,"You are right, that is a good question",1787682180.9140623
vwv9fmlo,160,5af008wy,17-bargaining_tdl_main-298_1_2,LeftPartner,who are you going to support ,1787682182.0968251
vwv9fmlo,161,4gerap7f,17-bargaining_tdl_main-295_1_2,LeftPartner,okay,1787682183.294652
vwv9fmlo,213,bknlmpiw,17-bargaining_tdl_main-295_1_3,LeftPartner,"trying to figure that out, someone is going to get screwed no matter what",1787682183.3888516
vwv9fmlo,197,87qpa8az,17-bargaining_tdl_main-296_1_3,LeftPartner,We'd have to support each other and leave the third person out to get anything.,1787682186.087351
vwv9fmlo,83,f4nwb8aa,17-bargaining_tdl_main-283_2_3,LeftPartner,I am leaning that way due to their unresponsiveness and the fact that I suggested the rotation that you suggested and received no response on that. You and I have about a little over three minutes to figure it out. I'm using voice dictation by the way.,1787682186.377756
vwv9fmlo,233,h5xyjwhn,17-bargaining_tdl_main-299_1_3,LeftPartner,Hey! I'm good. How are you? ,1787682186.517782
vwv9fmlo,196,n8dh0lnp,17-bargaining_tdl_main-296_2_3,LeftPartner,"Lots has to go the right way for someone to get a payout. I think because of self-interest, we'll have one or two people choosing to support no one.",1787682189.6985474
vwv9fmlo,173,4kfbdeyy,17-bargaining_tdl_main-290_1_3,LeftPartner,"Ok awesome, I'll go to the next part",1787682189.7301874
vwv9fmlo,164,41mgdohj,17-bargaining_tdl_main-296_1_2,LeftPartner,I hope so hah. If we support each other,1787682190.6727562
vwv9fmlo,157,wkkgp0k9,17-bargaining_tdl_main-299_1_2,RightPartner,"No way for everyone to get something, but say we support each other, then we each get at least $3",1787682191.1872802
vwv9fmlo,211,om7n5onc,17-bargaining_tdl_main-297_2_3,RightPartner,"All right. I'm glad you got it. If you do have any questions, I think I can help. ",1787682191.7879333
vwv9fmlo,213,bknlmpiw,17-bargaining_tdl_main-295_2_3,RightPartner,"well thats super nice of you, thanks!",1787682196.805636
vwv9fmlo,141,jtrq63f2,17-bargaining_tdl_main-299_1_2,LeftPartner,right,1787682199.8849514
vwv9fmlo,123,nel9twht,17-bargaining_tdl_main-290_1_3,RightPartner,Ok see you there!,1787682202.769742
vwv9fmlo,160,5af008wy,17-bargaining_tdl_main-298_1_2,LeftPartner,I think we should do this together,1787682204.2177396
vwv9fmlo,114,ssljnkw8,17-bargaining_tdl_main-283_1_3,RightPartner,sounds good let me know what you decide. i am down to support each other,1787682204.517713
vwv9fmlo,233,h5xyjwhn,17-bargaining_tdl_main-299_2_3,RightPartner,Hey!,1787682205.676015
vwv9fmlo,161,4gerap7f,17-bargaining_tdl_main-295_1_3,RightPartner,am figuring out how to handle it,1787682207.1505263
vwv9fmlo,160,5af008wy,17-bargaining_tdl_main-298_1_3,RightPartner,are you there ,1787682208.7765954
vwv9fmlo,189,79olf6cv,17-bargaining_tdl_main-295_2_3,LeftPartner,Of course. Ya welcome,1787682209.975709
vwv9fmlo,141,jtrq63f2,17-bargaining_tdl_main-299_1_2,LeftPartner,"I can support you, what did purple tell you?",1787682210.4244816
vwv9fmlo,211,om7n5onc,17-bargaining_tdl_main-297_1_3,LeftPartner,"So I guess we have to figure out this support thing, huh?",1787682212.9584718
vwv9fmlo,169,t9bvdflm,17-bargaining_tdl_main-298_1_2,RightPartner,The yellow participant ,1787682213.6228945
vwv9fmlo,164,41mgdohj,17-bargaining_tdl_main-296_1_3,RightPartner,Ahh yes you are correct ,1787682219.9627278
vwv9fmlo,197,87qpa8az,17-bargaining_tdl_main-296_2_3,RightPartner,That's still risky because you'd have to convince both the other people to support you to get anything in that case.,1787682220.793305
vwv9fmlo,196,n8dh0lnp,17-bargaining_tdl_main-296_1_2,RightPartner,"Yeah, but I think at least two of us will choose to support no one.",1787682222.1538997
vwv9fmlo,169,t9bvdflm,17-bargaining_tdl_main-298_1_2,RightPartner,That is such a great idea,1787682222.5246491
vwv9fmlo,153,0rphojpi,17-bargaining_tdl_main-297_2_3,LeftPartner,"Ok thanks, seems like it will be difficult to choose who to ""support"", I don't want anyone not recieving a bonus",1787682223.7879102
vwv9fmlo,238,cdih7i9o,17-bargaining_tdl_main-301_2_3,RightPartner,Hello,1787682229.8204794
vwv9fmlo,125,i7yl9wvs,17-bargaining_tdl_main-297_1_2,LeftPartner,"So, it seems we need to each pick one person to support, to maximize potential profit. So, if I stick with you, and there are multiple rounds, we net 3 bucks each per round",1787682229.9231234
vwv9fmlo,234,7utwc4gl,17-bargaining_tdl_main-301_1_2,RightPartner,hi,1787682235.4239435
vwv9fmlo,238,cdih7i9o,17-bargaining_tdl_main-301_1_3,LeftPartner,Hi,1787682236.86436
vwv9fmlo,193,eac6t91i,17-bargaining_tdl_main-298_2_3,RightPartner,"Would you be willing to support each other? If we both choose each other, we each earn $3 regardless of the third participant’s choice.",1787682237.099307
vwv9fmlo,157,wkkgp0k9,17-bargaining_tdl_main-299_1_2,RightPartner,Nothing yet. Just a hey.  And now purple is gone?,1787682238.0772116
vwv9fmlo,175,t5j8mpwz,17-bargaining_tdl_main-300_1_2,LeftPartner,I think we should support each other to each get the $3 bonus.,1787682238.811949
vwv9fmlo,234,7utwc4gl,17-bargaining_tdl_main-301_2_3,LeftPartner,hi,1787682239.1328511
vwv9fmlo,175,t5j8mpwz,17-bargaining_tdl_main-300_1_3,RightPartner,I think that we should support each other to get the $3 bonus.,1787682239.620253
vwv9fmlo,193,eac6t91i,17-bargaining_tdl_main-298_1_3,LeftPartner,"Would you be willing to support each other? If we both choose each other, we each earn $3 regardless of the third participant’s choice.",1787682241.0828521
vwv9fmlo,153,0rphojpi,17-bargaining_tdl_main-297_1_2,RightPartner,"Seems like it will be difficult to choose who to ""support"", I don't want anyone not recieving a bonus",1787682245.9319565
vwv9fmlo,196,n8dh0lnp,17-bargaining_tdl_main-296_2_3,LeftPartner,Yes. True.,1787682247.985818
vwv9fmlo,164,41mgdohj,17-bargaining_tdl_main-296_1_2,LeftPartner,You have my word to support you if you support me.,1787682248.8456917
vwv9fmlo,220,0aw5kr7g,17-bargaining_tdl_main-301_1_3,RightPartner,Hi!! How are you today?,1787682251.351136
vwv9fmlo,197,87qpa8az,17-bargaining_tdl_main-296_1_3,LeftPartner,How do you plan to play it?,1787682254.599597
vwv9fmlo,141,jtrq63f2,17-bargaining_tdl_main-299_1_2,LeftPartner,yeah...well I'm down to support you,1787682255.3099904
vwv9fmlo,238,cdih7i9o,17-bargaining_tdl_main-301_2_3,RightPartner,I'm gonna coinflip this.,1787682255.5837698
vwv9fmlo,125,i7yl9wvs,17-bargaining_tdl_main-297_1_2,LeftPartner,"I think the other participant might be a bot, lol. it isn't talking much",1787682258.329762
vwv9fmlo,230,nbegvzri,17-bargaining_tdl_main-303_2_3,RightPartner,Hi. Not sure but I may support no one.,1787682259.8766959
vwv9fmlo,234,7utwc4gl,17-bargaining_tdl_main-301_2_3,LeftPartner,want to support each other?,1787682261.9383197
vwv9fmlo,220,0aw5kr7g,17-bargaining_tdl_main-301_1_2,LeftPartner,Hi!! How are you today?,1787682261.9840164
vwv9fmlo,238,cdih7i9o,17-bargaining_tdl_main-301_1_3,LeftPartner,Doing good. You?,1787682262.1480155
vwv9fmlo,83,f4nwb8aa,17-bargaining_tdl_main-283_2_3,LeftPartner,"I propose we try this and work solely together and it will quickly figure out if somebody is lying after the first round I'm assuming but I tell you this I'm not going to tell you I'm going to do something and not do it.And by the way, still Radio Silence from the other participant and I've sent three messages.",1787682264.1815078
vwv9fmlo,125,i7yl9wvs,17-bargaining_tdl_main-297_1_3,RightPartner,yes indeed,1787682264.6813962
vwv9fmlo,126,l55y82jy,17-bargaining_tdl_main-302_1_3,RightPartner,Hi,1787682265.9600024
vwv9fmlo,160,5af008wy,17-bargaining_tdl_main-298_1_2,LeftPartner,I want us both to succeed,1787682266.93722
vwv9fmlo,234,7utwc4gl,17-bargaining_tdl_main-301_2_3,LeftPartner,oh ok,1787682266.9902508
vwv9fmlo,196,n8dh0lnp,17-bargaining_tdl_main-296_1_2,RightPartner,Haha. I bet you say that to all of your fellow participants.,1787682267.5868008
vwv9fmlo,157,wkkgp0k9,17-bargaining_tdl_main-299_1_2,RightPartner,"okay, guess we have no choice with just 2 of us!",1787682269.9585314
vwv9fmlo,164,41mgdohj,17-bargaining_tdl_main-296_1_3,RightPartner,I will support you if you support me. ,1787682270.8586228
vwv9fmlo,197,87qpa8az,17-bargaining_tdl_main-296_2_3,RightPartner,So what do you think you'll do?,1787682270.8621833
vwv9fmlo,238,cdih7i9o,17-bargaining_tdl_main-301_2_3,RightPartner,Heads or tails?,1787682271.7921035
vwv9fmlo,169,t9bvdflm,17-bargaining_tdl_main-298_1_2,RightPartner,How about you? Who are you supporting,1787682271.7958446
vwv9fmlo,210,c8kutj0a,17-bargaining_tdl_main-303_2_3,LeftPartner,How do we maximize our returns,1787682277.1957135
vwv9fmlo,234,7utwc4gl,17-bargaining_tdl_main-301_1_2,RightPartner,want to support each other,1787682278.4423797
vwv9fmlo,230,nbegvzri,17-bargaining_tdl_main-303_1_3,LeftPartner,What are you thinking of doing?,1787682279.1469254
vwv9fmlo,153,0rphojpi,17-bargaining_tdl_main-297_1_2,RightPartner,"interesting, that didn't occur to me",1787682279.4290068
vwv9fmlo,160,5af008wy,17-bargaining_tdl_main-298_1_2,LeftPartner,We are in agreement with each other then ,1787682281.410313
vwv9fmlo,95,1i7ywu4l,17-bargaining_tdl_main-283_2_3,RightPartner,They appear to be interested in the supporting plan now. Im still interested in working with you. They took a little too long responding ,1787682281.4572532
vwv9fmlo,141,jtrq63f2,17-bargaining_tdl_main-299_1_2,LeftPartner,sounds good! :),1787682282.9955845
vwv9fmlo,211,om7n5onc,17-bargaining_tdl_main-297_2_3,RightPartner,"I agree. Unfortunately, there doesn't seem to be a way around it. Either two people support each other and get $3 a piece and the third person gets $0, or two people support a third person, and that person supports no one, so only one person gets money.",1787682285.6220398
vwv9fmlo,196,n8dh0lnp,17-bargaining_tdl_main-296_2_3,LeftPartner,"Honestly, I don't really think there's a good strategy here.",1787682286.2811255
vwv9fmlo,234,7utwc4gl,17-bargaining_tdl_main-301_1_2,RightPartner,im good thanks how are you,1787682286.373526
vwv9fmlo,210,c8kutj0a,17-bargaining_tdl_main-303_2_3,LeftPartner,Support each other?,1787682286.8187087
vwv9fmlo,169,t9bvdflm,17-bargaining_tdl_main-298_1_2,RightPartner,okay sounds fair,1787682287.5763857
vwv9fmlo,160,5af008wy,17-bargaining_tdl_main-298_1_2,LeftPartner,I am supporting orange ,1787682293.3299448
vwv9fmlo,220,0aw5kr7g,17-bargaining_tdl_main-301_1_3,RightPartner,Doing well. Very hot where I am. You?,1787682294.0028708
vwv9fmlo,125,i7yl9wvs,17-bargaining_tdl_main-297_1_3,RightPartner,did you see if there are multiple rounds or not?,1787682295.2993846
vwv9fmlo,230,nbegvzri,17-bargaining_tdl_main-303_2_3,RightPartner,I'm not really sure. Someone gets niothing.,1787682295.7315993
vwv9fmlo,226,s8kpdtc3,17-bargaining_tdl_main-304_1_2,RightPartner,hello yellow,1787682301.4629934
vwv9fmlo,197,87qpa8az,17-bargaining_tdl_main-296_1_3,LeftPartner,"Okay, I think that's the best plan.",1787682303.60537
vwv9fmlo,95,1i7ywu4l,17-bargaining_tdl_main-283_1_3,LeftPartner,Ill more than likely support the other participant this round and you the next.,1787682303.7760565
vwv9fmlo,210,c8kutj0a,17-bargaining_tdl_main-303_1_2,RightPartner,Yellow are you in?,1787682305.166554
vwv9fmlo,164,41mgdohj,17-bargaining_tdl_main-296_1_2,LeftPartner,"If that's how you feel, or you could trust me :)",1787682306.2572644
vwv9fmlo,114,ssljnkw8,17-bargaining_tdl_main-283_1_2,LeftPartner,yeah lets do it. i will support you this round if you support me then we both get the $3,1787682306.8649695
vwv9fmlo,230,nbegvzri,17-bargaining_tdl_main-303_2_3,RightPartner,I guess so.,1787682308.329993
vwv9fmlo,226,s8kpdtc3,17-bargaining_tdl_main-304_2_3,LeftPartner,hello purple,1787682308.5390215
vwv9fmlo,95,1i7ywu4l,17-bargaining_tdl_main-283_1_3,LeftPartner,you have my word. ,1787682309.3990943
vwv9fmlo,164,41mgdohj,17-bargaining_tdl_main-296_1_3,RightPartner,Okay!,1787682311.429028
vwv9fmlo,238,cdih7i9o,17-bargaining_tdl_main-301_1_3,LeftPartner,"Eh, could be better/",1787682311.9964979
vwv9fmlo,153,0rphojpi,17-bargaining_tdl_main-297_2_3,LeftPartner,So more people will get a bonus if 2 agree to support each other,1787682315.5241854
vwv9fmlo,125,i7yl9wvs,17-bargaining_tdl_main-297_1_2,LeftPartner,"researchers won't tell you, lol",1787682315.6693716
vwv9fmlo,95,1i7ywu4l,17-bargaining_tdl_main-283_2_3,RightPartner,i will support you this round and yellow the next.,1787682322.7448142
vwv9fmlo,153,0rphojpi,17-bargaining_tdl_main-297_1_2,RightPartner,very true,1787682323.3676946
vwv9fmlo,210,c8kutj0a,17-bargaining_tdl_main-303_2_3,LeftPartner,Is yellow disabled?,1787682324.993099
vwv9fmlo,95,1i7ywu4l,17-bargaining_tdl_main-283_2_3,RightPartner,you have my word,1787682325.0993426
vwv9fmlo,211,om7n5onc,17-bargaining_tdl_main-297_2_3,RightPartner,yes,1787682327.8925009
vwv9fmlo,212,ffdpw62c,17-bargaining_tdl_main-305_1_3,LeftPartner,hello,1787682327.997471
vwv9fmlo,171,0zvhv3u2,17-bargaining_tdl_main-304_1_2,LeftPartner,Hello Orange! How's it going?,1787682329.5355158
vwv9fmlo,220,0aw5kr7g,17-bargaining_tdl_main-301_1_3,RightPartner,Sorry to hear that! ,1787682330.1686862
vwv9fmlo,231,plji27w6,17-bargaining_tdl_main-304_1_3,LeftPartner,hello,1787682331.0848427
vwv9fmlo,196,n8dh0lnp,17-bargaining_tdl_main-296_1_2,RightPartner,"Well, I don't have any reason to trust you any more than purple, who's telling me the same thing.",1787682333.3137074
vwv9fmlo,83,f4nwb8aa,17-bargaining_tdl_main-283_2_3,LeftPartner,"Well, we have a minute and 30 seconds. If you give me your word, I'll give you my word and we can do it.As I said that, I just got a message from the other participant offering to support just me and work with just me. So there you go.",1787682336.6147692
vwv9fmlo,158,vfull2a6,17-bargaining_tdl_main-305_1_3,RightPartner,Hello. I don't know a fair way that this game could be played where everybody wins,1787682336.8585663
vwv9fmlo,212,ffdpw62c,17-bargaining_tdl_main-305_1_3,LeftPartner,I want to support you,1787682337.7113895
vwv9fmlo,153,0rphojpi,17-bargaining_tdl_main-297_2_3,LeftPartner,got it,1787682343.9927926
vwv9fmlo,196,n8dh0lnp,17-bargaining_tdl_main-296_2_3,LeftPartner,So what's Yellow up to?,1787682344.3063412
vwv9fmlo,230,nbegvzri,17-bargaining_tdl_main-303_2_3,RightPartner,I don't see yellow saying much. I'll support Orange and hope for the best.,1787682344.7681456
vwv9fmlo,231,plji27w6,17-bargaining_tdl_main-304_2_3,RightPartner,hello,1787682346.2047803
vwv9fmlo,238,cdih7i9o,17-bargaining_tdl_main-301_1_3,LeftPartner,"Nah, its fine. For this round, I'm gonna coinflip. Heads or tails.",1787682347.4476175
vwv9fmlo,171,0zvhv3u2,17-bargaining_tdl_main-304_1_3,RightPartner,"Hi, Purple! How's it going?",1787682348.9044254
vwv9fmlo,197,87qpa8az,17-bargaining_tdl_main-296_1_3,LeftPartner,Sounds good.,1787682349.267478
vwv9fmlo,212,ffdpw62c,17-bargaining_tdl_main-305_1_3,LeftPartner,support me back,1787682349.6455452
vwv9fmlo,83,f4nwb8aa,17-bargaining_tdl_main-283_2_3,LeftPartner,You have my word.,1787682350.7309716
vwv9fmlo,231,plji27w6,17-bargaining_tdl_main-304_2_3,RightPartner,how will you be allocating?,1787682354.643415
vwv9fmlo,192,ehw6p419,17-bargaining_tdl_main-306_1_2,LeftPartner,I will support you if you support me. We could each do $3,1787682354.90301
vwv9fmlo,210,c8kutj0a,17-bargaining_tdl_main-303_2_3,LeftPartner,I'll support purple,1787682361.8627954
vwv9fmlo,230,nbegvzri,17-bargaining_tdl_main-303_2_3,RightPartner,Maybe they left the study,1787682363.3804634
vwv9fmlo,227,z06yvwj1,17-bargaining_tdl_main-306_1_2,RightPartner,"Sure, it's a deal. ",1787682364.6245327
vwv9fmlo,231,plji27w6,17-bargaining_tdl_main-304_1_3,LeftPartner,pretty good. how will you be allocating?,1787682368.5368063
vwv9fmlo,95,1i7ywu4l,17-bargaining_tdl_main-283_2_3,RightPartner,I will support you round 1 and the other participant round 2,1787682369.053733
vwv9fmlo,243,es1r3pf9,17-bargaining_tdl_main-306_1_3,LeftPartner,This seems completely random so I am going to be honest. I am going to pick ORANGE.,1787682369.5426474
vwv9fmlo,158,vfull2a6,17-bargaining_tdl_main-305_1_3,RightPartner,What if the other participant tells me the same thing.,1787682371.2272818
vwv9fmlo,226,s8kpdtc3,17-bargaining_tdl_main-304_2_3,LeftPartner,what do you think i should do,1787682372.5791001
vwv9fmlo,192,ehw6p419,17-bargaining_tdl_main-306_1_3,RightPartner,I will mutually support if you support me. $3 a piece,1787682373.2939434
vwv9fmlo,125,i7yl9wvs,17-bargaining_tdl_main-297_1_2,LeftPartner,I think I will support you for however many rounds there may be,1787682374.7751205
vwv9fmlo,210,c8kutj0a,17-bargaining_tdl_main-303_2_3,LeftPartner,That's what the popup said,1787682376.7237108
vwv9fmlo,226,s8kpdtc3,17-bargaining_tdl_main-304_1_2,RightPartner,Idk deciding what to do,1787682378.4823828
vwv9fmlo,162,jznojq8b,17-bargaining_tdl_main-307_1_2,LeftPartner,Hi,1787682378.5460646
vwv9fmlo,220,0aw5kr7g,17-bargaining_tdl_main-301_1_3,RightPartner,Hope everything turns around! Would love your support,1787682379.0785246
vwv9fmlo,164,41mgdohj,17-bargaining_tdl_main-296_1_2,LeftPartner,Touche. Do what you think is best for you.,1787682379.3343742
vwv9fmlo,197,87qpa8az,17-bargaining_tdl_main-296_2_3,RightPartner,I think yellow didn't quite understand the rules.,1787682386.8701065
vwv9fmlo,153,0rphojpi,17-bargaining_tdl_main-297_1_2,RightPartner,"ok I will go with that, thanks :)",1787682388.2014568
vwv9fmlo,162,jznojq8b,17-bargaining_tdl_main-307_1_3,RightPartner,Hi. who do you ant to support,1787682388.2506263
vwv9fmlo,211,om7n5onc,17-bargaining_tdl_main-297_1_3,LeftPartner,"I missed that, unfortunately. Maybe Orange saw? If there are, we can figure out a way to switch off who benefits.",1787682389.410217
vwv9fmlo,238,cdih7i9o,17-bargaining_tdl_main-301_1_3,LeftPartner,Nevermind. Since the other person left. I'm picking you.,1787682392.3800309
vwv9fmlo,215,v9j0is1k,17-bargaining_tdl_main-307_2_3,RightPartner,I will choose you,1787682393.24618
vwv9fmlo,210,c8kutj0a,17-bargaining_tdl_main-303_2_3,LeftPartner,"Ok, im going to click on next",1787682393.968772
vwv9fmlo,184,co57at0b,17-bargaining_tdl_main-305_1_2,RightPartner,I will be choosing you,1787682396.4969032
vwv9fmlo,211,om7n5onc,17-bargaining_tdl_main-297_2_3,RightPartner,Do you know how many rounds there are?,1787682405.8860972
vwv9fmlo,243,es1r3pf9,17-bargaining_tdl_main-306_2_3,RightPartner,This seems completely random so I am going to be honest. I am going to pick ORANGE. You can either pick me back or not. This is all just a gamble to me at the end of the day. Good luck.,1787682407.5977218
vwv9fmlo,215,v9j0is1k,17-bargaining_tdl_main-307_1_3,LeftPartner,I am open to choosing you if you choose me,1787682411.00685
vwv9fmlo,212,ffdpw62c,17-bargaining_tdl_main-305_1_3,LeftPartner,first come first serve. I reached out first,1787682411.817221
vwv9fmlo,231,plji27w6,17-bargaining_tdl_main-304_2_3,RightPartner,give 3 to yellow . i will tell yellow to give 3 to me then i give 3 to you,1787682420.6630037
vwv9fmlo,238,cdih7i9o,17-bargaining_tdl_main-301_1_3,LeftPartner,Sounds good?,1787682421.2184837
vwv9fmlo,220,0aw5kr7g,17-bargaining_tdl_main-301_1_3,RightPartner,I will choose you. Thanks purple!,1787682422.2100778
vwv9fmlo,184,co57at0b,17-bargaining_tdl_main-305_2_3,LeftPartner,I will be choosing Yellow ,1787682423.1233861
vwv9fmlo,158,vfull2a6,17-bargaining_tdl_main-305_1_3,RightPartner,You just have to trust someone or go on your own.  Fair enough.  I'll support you.,1787682427.088977
vwv9fmlo,196,n8dh0lnp,17-bargaining_tdl_main-296_2_3,LeftPartner,Haha. Yellow is trying to make a deal with me.,1787682428.2998774
vwv9fmlo,238,cdih7i9o,17-bargaining_tdl_main-301_1_3,LeftPartner,Thanks.,1787682428.7159584
vwv9fmlo,162,jznojq8b,17-bargaining_tdl_main-307_1_3,RightPartner,Def. I will chose then. Do we have a deal?,1787682432.583517
vwv9fmlo,196,n8dh0lnp,17-bargaining_tdl_main-296_2_3,LeftPartner,"Oops, just left.",1787682433.62464
vwv9fmlo,231,plji27w6,17-bargaining_tdl_main-304_1_3,LeftPartner,i think you should give 3 to orange,1787682436.8546672
vwv9fmlo,125,i7yl9wvs,17-bargaining_tdl_main-297_1_3,RightPartner,"Orange didn't either, so it makes it difficult to know who to support",1787682437.1921458
vwv9fmlo,211,om7n5onc,17-bargaining_tdl_main-297_1_3,LeftPartner,"Seems like orange left the chat. Do you want to support each other, and if there is another round, we can switch off?",1787682439.0832515
vwv9fmlo,215,v9j0is1k,17-bargaining_tdl_main-307_1_3,LeftPartner,yep,1787682439.9228895
vwv9fmlo,197,87qpa8az,17-bargaining_tdl_main-296_2_3,RightPartner,"Yeah, yellow's gone.",1787682441.0115962
vwv9fmlo,201,9k7j1860,17-bargaining_tdl_main-307_2_3,LeftPartner,Alright then I will choose you too,1787682442.622405
vwv9fmlo,196,n8dh0lnp,17-bargaining_tdl_main-296_2_3,LeftPartner,Now it's just the two of us.,1787682443.9361415
vwv9fmlo,231,plji27w6,17-bargaining_tdl_main-304_1_3,LeftPartner,sorry no,1787682444.969759
vwv9fmlo,231,plji27w6,17-bargaining_tdl_main-304_1_3,LeftPartner,give 3 to me and i will give 3 to orange,1787682451.221336
vwv9fmlo,162,jznojq8b,17-bargaining_tdl_main-307_1_2,LeftPartner,I can chose you if you chose me. What do you think?,1787682453.9092865
vwv9fmlo,215,v9j0is1k,17-bargaining_tdl_main-307_2_3,RightPartner,sounds good,1787682454.4713106
vwv9fmlo,197,87qpa8az,17-bargaining_tdl_main-296_2_3,RightPartner,So what do you think?,1787682454.894355
vwv9fmlo,176,7ut0rhak,17-bargaining_tdl_main-308_1_2,LeftPartner,Hi who do you intend to support,1787682455.677273
vwv9fmlo,191,sf3b78o3,17-bargaining_tdl_main-308_2_3,LeftPartner,"can we support each other, i will support you",1787682456.3784254
vwv9fmlo,212,ffdpw62c,17-bargaining_tdl_main-305_1_3,LeftPartner,okay. Great,1787682456.716067
vwv9fmlo,162,jznojq8b,17-bargaining_tdl_main-307_1_3,RightPartner,Okay.,1787682459.0911913
vwv9fmlo,239,rirj7vyf,17-bargaining_tdl_main-308_1_3,LeftPartner,Hello,1787682460.5904667
vwv9fmlo,201,9k7j1860,17-bargaining_tdl_main-307_1_2,RightPartner,"sounds fair, lets do it",1787682465.4748518
vwv9fmlo,239,rirj7vyf,17-bargaining_tdl_main-308_2_3,RightPartner,Hello,1787682465.7030518
vwv9fmlo,176,7ut0rhak,17-bargaining_tdl_main-308_1_3,RightPartner,hi who do you intend to support,1787682466.1231198
vwv9fmlo,171,0zvhv3u2,17-bargaining_tdl_main-304_1_2,LeftPartner,Same. This isn't as easy as I was hoping.,1787682466.3960989
vwv9fmlo,196,n8dh0lnp,17-bargaining_tdl_main-296_2_3,LeftPartner,"OK, with yellow gone, I can maybe trust you.",1787682468.5660906
vwv9fmlo,191,sf3b78o3,17-bargaining_tdl_main-308_1_2,RightPartner,"I want to support you, will you do the same",1787682473.1889114
vwv9fmlo,171,0zvhv3u2,17-bargaining_tdl_main-304_1_3,RightPartner,I haven't really decided anything specific since I'm unsure of what everyone is doing.,1787682484.5691566
vwv9fmlo,162,jznojq8b,17-bargaining_tdl_main-307_1_2,LeftPartner,Okay. lets move ahead,1787682485.5933378
vwv9fmlo,191,sf3b78o3,17-bargaining_tdl_main-308_2_3,LeftPartner,can we support each other?,1787682487.4781163
vwv9fmlo,176,7ut0rhak,17-bargaining_tdl_main-308_1_2,LeftPartner,Sounds good! I will!,1787682490.9755993
vwv9fmlo,226,s8kpdtc3,17-bargaining_tdl_main-304_1_2,RightPartner,do you have an option for good outcome for everyone,1787682495.232489
vwv9fmlo,191,sf3b78o3,17-bargaining_tdl_main-308_1_2,RightPartner,sure then,1787682499.9810514
vwv9fmlo,241,lv5zvmw2,17-bargaining_tdl_main-309_1_3,LeftPartner,"I'm trying to make this as equal as possible for everyone involved, I think I will be supporting both you and Orange.",1787682502.84657
vwv9fmlo,239,rirj7vyf,17-bargaining_tdl_main-308_1_3,LeftPartner,I am considering to support you,1787682506.645082
vwv9fmlo,197,87qpa8az,17-bargaining_tdl_main-296_2_3,RightPartner,I'm not sure what the best thing to do is.,1787682511.2199893
vwv9fmlo,241,lv5zvmw2,17-bargaining_tdl_main-309_2_3,RightPartner,"I'm trying to make this as equal as possible for everyone involved, I think I will be supporting both you and Yellow",1787682526.385587
vwv9fmlo,171,0zvhv3u2,17-bargaining_tdl_main-304_1_3,RightPartner,"Then Orange would have to give to you in order for you both to get something. Otherwise, everyone gets 0, if I read correctly.",1787682529.306813
vwv9fmlo,222,18hzd1mo,17-bargaining_tdl_main-310_2_3,LeftPartner,"Hi There, are you willing to support each other?",1787682530.4674242
vwv9fmlo,196,n8dh0lnp,17-bargaining_tdl_main-296_2_3,LeftPartner,"I'll support you, hoping you'll support me in return. I don't know what yellow is up to.",1787682539.6313212
vwv9fmlo,239,rirj7vyf,17-bargaining_tdl_main-308_2_3,RightPartner,I am considering to support you if you support me we will get both $3,1787682540.1293707
vwv9fmlo,222,18hzd1mo,17-bargaining_tdl_main-310_1_2,RightPartner,"Hi there, are you willing to support each other?",1787682540.4443173
vwv9fmlo,191,sf3b78o3,17-bargaining_tdl_main-308_2_3,LeftPartner,so if we both support each other we get ?,1787682545.575326
vwv9fmlo,171,0zvhv3u2,17-bargaining_tdl_main-304_1_2,LeftPartner,"If I read correctly, I don't think there is a good outcome for everyone",1787682547.7148926
vwv9fmlo,239,rirj7vyf,17-bargaining_tdl_main-308_2_3,RightPartner,Yes,1787682552.462766
vwv9fmlo,205,t5pya2gj,17-bargaining_tdl_main-310_1_2,LeftPartner,Yes.  Let's do that,1787682552.6181276
vwv9fmlo,197,87qpa8az,17-bargaining_tdl_main-296_2_3,RightPartner,I don't know. Yellow offered to support me and then dropped out.,1787682555.9754584
vwv9fmlo,222,18hzd1mo,17-bargaining_tdl_main-310_1_2,RightPartner,sounds good!,1787682558.1637485
vwv9fmlo,191,sf3b78o3,17-bargaining_tdl_main-308_2_3,LeftPartner,"sure, its a deal then",1787682559.4668405
vwv9fmlo,196,n8dh0lnp,17-bargaining_tdl_main-296_2_3,LeftPartner,"And with yellow gone, I can't really negotiate with yellow anymore.",1787682559.7574682
vwv9fmlo,260,35g2ilb9,17-bargaining_tdl_main-311_1_3,LeftPartner,Hi there,1787682563.99306
vwv9fmlo,231,plji27w6,17-bargaining_tdl_main-304_1_3,LeftPartner,oh yeah,1787682564.0780463
vwv9fmlo,226,s8kpdtc3,17-bargaining_tdl_main-304_1_2,RightPartner,seems purple doesnt understand or is trying to trick,1787682565.3008177
vwv9fmlo,260,35g2ilb9,17-bargaining_tdl_main-311_2_3,RightPartner,Hi there,1787682566.7233672
vwv9fmlo,223,9z9a4pks,17-bargaining_tdl_main-309_1_2,LeftPartner,I will be supporting both Purple and Orange for fairness,1787682568.412516
vwv9fmlo,197,87qpa8az,17-bargaining_tdl_main-296_2_3,RightPartner,Okay,1787682572.3697178
vwv9fmlo,239,rirj7vyf,17-bargaining_tdl_main-308_2_3,RightPartner,Let us go then ,1787682579.9038265
vwv9fmlo,205,t5pya2gj,17-bargaining_tdl_main-310_1_2,LeftPartner,Agreed,1787682580.2557998
vwv9fmlo,232,zha6kzfr,17-bargaining_tdl_main-309_1_2,RightPartner,I'm voting for yellow and purple,1787682585.6332572
vwv9fmlo,225,dadz3o9h,17-bargaining_tdl_main-310_2_3,RightPartner,"Yes, but some one has to be 3 and they would get 0 I will be the third person. ",1787682586.3620734
vwv9fmlo,209,cu0ze48s,17-bargaining_tdl_main-311_1_3,RightPartner,Hi how are you?,1787682597.4196692
vwv9fmlo,196,n8dh0lnp,17-bargaining_tdl_main-296_2_3,LeftPartner,"So, I'll support you. It's up to you to either support back or not support at all. I think you'll get either $3 or $6. We'll see. Good luck.",1787682598.3793285
vwv9fmlo,171,0zvhv3u2,17-bargaining_tdl_main-304_1_2,LeftPartner,It seems like either 2 or 1. 2 people send to each other and get something and the 3rd doesnt. ,1787682598.973065
vwv9fmlo,251,rytajmfc,17-bargaining_tdl_main-311_2_3,LeftPartner,hello,1787682605.0402021
vwv9fmlo,222,18hzd1mo,17-bargaining_tdl_main-310_2_3,LeftPartner,hmm I understand your concern,1787682606.21544
vwv9fmlo,260,35g2ilb9,17-bargaining_tdl_main-311_1_3,LeftPartner,I am good how are you,1787682608.1259933
vwv9fmlo,209,cu0ze48s,17-bargaining_tdl_main-311_1_2,LeftPartner,Hello whats app,1787682609.0461905
vwv9fmlo,252,j3fe876i,17-bargaining_tdl_main-312_1_3,LeftPartner,Hi there. I'll support you if you support me :),1787682609.9190578
vwv9fmlo,225,dadz3o9h,17-bargaining_tdl_main-310_2_3,RightPartner,"They left, so not sure I will just support you ",1787682610.035828
vwv9fmlo,260,35g2ilb9,17-bargaining_tdl_main-311_2_3,RightPartner,How are you today?,1787682614.043585
vwv9fmlo,251,rytajmfc,17-bargaining_tdl_main-311_2_3,LeftPartner,you are good,1787682615.7614017
vwv9fmlo,171,0zvhv3u2,17-bargaining_tdl_main-304_1_2,LeftPartner,"Yeah, I explained that to purple as well. and now they left the chat.",1787682620.2784503
vwv9fmlo,222,18hzd1mo,17-bargaining_tdl_main-310_2_3,LeftPartner,I understand. ,1787682621.1788313
vwv9fmlo,252,j3fe876i,17-bargaining_tdl_main-312_2_3,RightPartner,Hi there. How are you?,1787682624.7169387
vwv9fmlo,251,rytajmfc,17-bargaining_tdl_main-311_1_2,RightPartner,am  god how about you,1787682637.67382
vwv9fmlo,209,cu0ze48s,17-bargaining_tdl_main-311_1_3,RightPartner,Im also good I want we support each other what do you think?,1787682638.2718792
vwv9fmlo,226,s8kpdtc3,17-bargaining_tdl_main-304_1_2,RightPartner,seems like a nonsense toss up task to me,1787682640.8722954
vwv9fmlo,260,35g2ilb9,17-bargaining_tdl_main-311_2_3,RightPartner,I'll support you if you support me,1787682647.4169521
vwv9fmlo,255,8zpw9rpu,17-bargaining_tdl_main-313_2_3,RightPartner,hello,1787682651.026148
vwv9fmlo,237,24vin4wn,17-bargaining_tdl_main-312_1_3,RightPartner,"Hi, I will support you too",1787682652.9145641
vwv9fmlo,242,tj4gj6pa,17-bargaining_tdl_main-313_1_2,RightPartner,So what is the move here,1787682652.9375975
vwv9fmlo,224,vm40tpm9,17-bargaining_tdl_main-313_1_3,RightPartner,"Hi, how can we get the most $?",1787682654.0367112
vwv9fmlo,260,35g2ilb9,17-bargaining_tdl_main-311_1_3,LeftPartner,I'll support you if you support me,1787682654.7923245
vwv9fmlo,242,tj4gj6pa,17-bargaining_tdl_main-313_2_3,LeftPartner,Hello,1787682655.5899425
vwv9fmlo,209,cu0ze48s,17-bargaining_tdl_main-311_1_2,LeftPartner,I'm good Can we support each other,1787682657.7543337
vwv9fmlo,242,tj4gj6pa,17-bargaining_tdl_main-313_2_3,LeftPartner,How should we plan this,1787682659.6938498
vwv9fmlo,226,s8kpdtc3,17-bargaining_tdl_main-304_1_2,RightPartner,good luck,1787682663.4131508
vwv9fmlo,251,rytajmfc,17-bargaining_tdl_main-311_1_2,RightPartner,We are here to support each other no worries i got you,1787682666.321906
vwv9fmlo,252,j3fe876i,17-bargaining_tdl_main-312_1_3,LeftPartner,"Sweet! Orange left the chat, so it looks like we've just got each other. See you in the game",1787682670.5483305
vwv9fmlo,224,vm40tpm9,17-bargaining_tdl_main-313_1_2,LeftPartner,"I want us to get the most $, what do you suggest",1787682673.9371157
vwv9fmlo,255,8zpw9rpu,17-bargaining_tdl_main-313_1_3,LeftPartner,If we both support each other instead of the other person maybe,1787682677.2121751
vwv9fmlo,258,tjvsismd,17-bargaining_tdl_main-314_1_3,LeftPartner,"Hi there, how are you?",1787682679.8250768
vwv9fmlo,209,cu0ze48s,17-bargaining_tdl_main-311_1_3,RightPartner,Ofcourse I will support you but we need to trust each other,1787682683.9344313
vwv9fmlo,258,tjvsismd,17-bargaining_tdl_main-314_2_3,RightPartner,"Hi there, how are you?",1787682687.0853019
vwv9fmlo,151,3xm6h6o0,17-bargaining_tdl_main-314_1_3,RightPartner,"Hi, doing well. How are you?",1787682692.755088
vwv9fmlo,242,tj4gj6pa,17-bargaining_tdl_main-313_1_2,RightPartner,"I say let us donate money to each other, and hope the third person does so too?",1787682699.3771217
vwv9fmlo,209,cu0ze48s,17-bargaining_tdl_main-311_1_2,LeftPartner,I know but the game might be rigged,1787682701.7798712
vwv9fmlo,260,35g2ilb9,17-bargaining_tdl_main-311_1_3,LeftPartner,I agree,1787682702.1950474
vwv9fmlo,256,7faarqua,17-bargaining_tdl_main-314_2_3,LeftPartner,I am good . How are you?,1787682707.2169592
vwv9fmlo,209,cu0ze48s,17-bargaining_tdl_main-311_1_3,RightPartner,Okay,1787682709.3375132
vwv9fmlo,224,vm40tpm9,17-bargaining_tdl_main-313_1_3,RightPartner,"I feel like it's going to just be luck, honestly",1787682718.2839196
vwv9fmlo,258,tjvsismd,17-bargaining_tdl_main-314_1_3,LeftPartner,Good!   This is an interesting project.,1787682720.885938
vwv9fmlo,256,7faarqua,17-bargaining_tdl_main-314_1_2,RightPartner,hello,1787682722.7147129
vwv9fmlo,151,3xm6h6o0,17-bargaining_tdl_main-314_1_2,LeftPartner,"Hello, how are you?",1787682731.702612
vwv9fmlo,151,3xm6h6o0,17-bargaining_tdl_main-314_1_3,RightPartner,Indeed.,1787682734.3511152
vwv9fmlo,258,tjvsismd,17-bargaining_tdl_main-314_2_3,RightPartner,Good!  Just trying to figure this all out.,1787682735.750723
vwv9fmlo,224,vm40tpm9,17-bargaining_tdl_main-313_1_2,LeftPartner,"Ok, I can do that and hope for the best",1787682739.5604572
vwv9fmlo,251,rytajmfc,17-bargaining_tdl_main-311_1_2,RightPartner,How now ,1787682743.134807
vwv9fmlo,256,7faarqua,17-bargaining_tdl_main-314_1_2,RightPartner,i am good. How are you?,1787682743.6997917
vwv9fmlo,242,tj4gj6pa,17-bargaining_tdl_main-313_1_2,RightPartner,Lets do that then,1787682744.015595
vwv9fmlo,209,cu0ze48s,17-bargaining_tdl_main-311_1_2,LeftPartner,Well how do you think we should do this?,1787682745.7400289
vwv9fmlo,224,vm40tpm9,17-bargaining_tdl_main-313_1_3,RightPartner,I'd love to exchange with you,1787682755.7373595
vwv9fmlo,151,3xm6h6o0,17-bargaining_tdl_main-314_1_2,LeftPartner,"Doing well, thanks. Interesting project.",1787682765.090674
vwv9fmlo,251,rytajmfc,17-bargaining_tdl_main-311_1_2,RightPartner,we should do in a good way,1787682770.9314246
vwv9fmlo,256,7faarqua,17-bargaining_tdl_main-314_2_3,LeftPartner,same here,1787682773.6206663
vwv9fmlo,251,rytajmfc,17-bargaining_tdl_main-311_1_2,RightPartner,Discuss few things ,1787682786.240798
vwv9fmlo,256,7faarqua,17-bargaining_tdl_main-314_1_2,RightPartner,very interesting. do you have a hang of it?,1787682790.799457
vwv9fmlo,209,cu0ze48s,17-bargaining_tdl_main-311_1_2,LeftPartner,"Okay Lets meet at the game,,no dissapointments",1787682793.0338376
vwv9fmlo,265,p8mao918,17-bargaining_tdl_main-315_2_3,LeftPartner,"Hi, purple!",1787682806.1500816
vwv9fmlo,258,tjvsismd,17-bargaining_tdl_main-314_1_3,LeftPartner,"I feel like our best option is to support each other, that way we each get $3.   The other person doesn't seem to be answering me, so I'm not sure what's up with them.",1787682813.3453772
vwv9fmlo,251,rytajmfc,17-bargaining_tdl_main-311_1_2,RightPartner,okay no worries,1787682818.9576428
vwv9fmlo,263,hu4b1efb,17-bargaining_tdl_main-315_1_3,RightPartner,I will be supporting Orange,1787682830.8901193
vwv9fmlo,265,p8mao918,17-bargaining_tdl_main-315_1_2,RightPartner,"Hello, Yellow! ",1787682831.6803427
vwv9fmlo,263,hu4b1efb,17-bargaining_tdl_main-315_1_2,LeftPartner,I will be supporting Orange,1787682832.9934676
vwv9fmlo,151,3xm6h6o0,17-bargaining_tdl_main-314_1_2,LeftPartner,"Yes, I guess both of us have to agree to cooperate to get the bonus. ",1787682834.950472
vwv9fmlo,266,j4p90brn,17-bargaining_tdl_main-315_2_3,RightPartner,"Hi, I will support you.",1787682850.1658309
vwv9fmlo,258,tjvsismd,17-bargaining_tdl_main-314_2_3,RightPartner,"I feel like our best option is to support each other, that way we each get $3.   The other person doens't seem to be answering me, so I""m not sure what's up with them.",1787682857.4665916
vwv9fmlo,209,cu0ze48s,17-bargaining_tdl_main-311_1_2,LeftPartner,Don't you think we should have a plan?,1787682866.3692956
vwv9fmlo,251,rytajmfc,17-bargaining_tdl_main-311_1_2,RightPartner,yes we should have a plan,1787682885.7656412
vwv9fmlo,151,3xm6h6o0,17-bargaining_tdl_main-314_1_3,RightPartner,"Agreed. They reached out, but you reached out first. Let's agree to support, if that works for you.",1787682892.493302
vwv9fmlo,256,7faarqua,17-bargaining_tdl_main-314_2_3,LeftPartner,yeah that sounds like a plan,1787682910.2673411
vwv9fmlo,258,tjvsismd,17-bargaining_tdl_main-314_1_3,LeftPartner,"Yes, that works for me.  Let's do it! ",1787682911.2918718
vwv9fmlo,151,3xm6h6o0,17-bargaining_tdl_main-314_1_3,RightPartner,Sounds Great!,1787682926.3748474
vwv9fmlo,258,tjvsismd,17-bargaining_tdl_main-314_2_3,RightPartner,"Ok, cool!   ",1787682929.681366
vwv9fmlo,256,7faarqua,17-bargaining_tdl_main-314_1_2,RightPartner,Yeah that 's what i got from the instructions as well,1787682932.3347595
vwv9fmlo,258,tjvsismd,17-bargaining_tdl_main-314_1_3,LeftPartner,"So, you ARE a real person doing prolific?  Not to sound jaded, but I'm so used to being fooled.",1787682973.7879145
vwv9fmlo,151,3xm6h6o0,17-bargaining_tdl_main-314_1_3,RightPartner,"Lol. Yes, real person on Prolific. Not AI.",1787683009.1104906
vwv9fmlo,258,tjvsismd,17-bargaining_tdl_main-314_1_3,LeftPartner,Ok.   Then we have a deal.   ,1787683026.673177
vwv9fmlo,258,tjvsismd,17-bargaining_tdl_main-314_1_3,LeftPartner,!!!,1787683029.385166
vwv9fmlo,151,3xm6h6o0,17-bargaining_tdl_main-314_1_3,RightPartner,Yay! looks like the other person left the chat and proceeded. I am going to click the next button.,1787683073.2375517
vwv9fmlo,258,tjvsismd,17-bargaining_tdl_main-314_1_3,LeftPartner,Now I have a notification that the other person has left the chat.  I'm not sure how to take thatl,1787683076.9067297
vwv9fmlo,258,tjvsismd,17-bargaining_tdl_main-314_1_3,LeftPartner,Ok!  I trust you!,1787683088.7755263
vwv9fmlo,273,peesm4ue,17-bargaining_tdl_main-316_2_3,RightPartner,hi,1787683157.2329812
vwv9fmlo,235,7apze1l1,17-bargaining_tdl_main-316_1_3,RightPartner,hello,1787683158.3509214
vwv9fmlo,273,peesm4ue,17-bargaining_tdl_main-316_2_3,RightPartner,want to team up,1787683158.8995678
vwv9fmlo,271,7ryjt5qq,17-bargaining_tdl_main-316_2_3,LeftPartner,hey ! ,1787683160.8629014
vwv9fmlo,273,peesm4ue,17-bargaining_tdl_main-316_1_3,LeftPartner,want to team up,1787683161.0664923
vwv9fmlo,271,7ryjt5qq,17-bargaining_tdl_main-316_2_3,LeftPartner,yes,1787683162.0837154
vwv9fmlo,235,7apze1l1,17-bargaining_tdl_main-316_1_2,LeftPartner,hi,1787683162.3181224
vwv9fmlo,271,7ryjt5qq,17-bargaining_tdl_main-316_2_3,LeftPartner,lets support each other,1787683167.5389023
vwv9fmlo,235,7apze1l1,17-bargaining_tdl_main-316_1_3,RightPartner,Yes ,1787683171.419211
vwv9fmlo,271,7ryjt5qq,17-bargaining_tdl_main-316_1_2,RightPartner,hey!,1787683191.2272918
vwv9fmlo,273,peesm4ue,17-bargaining_tdl_main-316_2_3,RightPartner,okay,1787683200.2547116
vwv9fmlo,273,peesm4ue,17-bargaining_tdl_main-316_1_3,LeftPartner,Okay i will choose yo,1787683219.9414048
vwv9fmlo,273,peesm4ue,17-bargaining_tdl_main-316_2_3,RightPartner,Okay i will choose you,1787683223.3239233
vwv9fmlo,273,peesm4ue,17-bargaining_tdl_main-316_1_3,LeftPartner,you,1787683224.9678042
vwv9fmlo,271,7ryjt5qq,17-bargaining_tdl_main-316_2_3,LeftPartner,same :) ,1787683234.2047923
vwv9fmlo,272,40y9dzyb,17-bargaining_tdl_main-317_1_3,LeftPartner,lets support eachother so we can both earn,1787683499.5652797
vwv9fmlo,281,ohvlwsa5,17-bargaining_tdl_main-318_1_3,LeftPartner,"hey yellow, wanna collab?",1787683551.9789517
vwv9fmlo,277,ubtviyf3,17-bargaining_tdl_main-318_1_3,RightPartner,sure,1787683563.9855175
vwv9fmlo,281,ohvlwsa5,17-bargaining_tdl_main-318_2_3,RightPartner,how are you feeling today orange?,1787683564.5885406
vwv9fmlo,277,ubtviyf3,17-bargaining_tdl_main-318_1_2,LeftPartner,hi,1787683579.1766405
vwv9fmlo,281,ohvlwsa5,17-bargaining_tdl_main-318_1_3,LeftPartner,"yellow and purple go well together, like the Lakers colors",1787683580.6002936
vwv9fmlo,279,r1371m3i,17-bargaining_tdl_main-318_2_3,LeftPartner,pretty good! how's your day?,1787683600.173621
vwv9fmlo,279,r1371m3i,17-bargaining_tdl_main-318_1_2,RightPartner,"hi, hi! how are you today?",1787683613.5384002
vwv9fmlo,277,ubtviyf3,17-bargaining_tdl_main-318_1_3,RightPartner,"yeah, a good match",1787683617.541562
vwv9fmlo,281,ohvlwsa5,17-bargaining_tdl_main-318_2_3,RightPartner,"im doing good, little tired but stacking dough",1787683626.9145098
vwv9fmlo,277,ubtviyf3,17-bargaining_tdl_main-318_1_2,LeftPartner,"i'm good, how are you",1787683628.6159241
vwv9fmlo,281,ohvlwsa5,17-bargaining_tdl_main-318_1_3,LeftPartner,alright i'm happy to support you,1787683637.0044181
vwv9fmlo,279,r1371m3i,17-bargaining_tdl_main-318_2_3,LeftPartner,trying to do the same but a little slow in what's showing up in my queue. hopefully you've made a nice chunk today. ,1787683673.1551745
vwv9fmlo,279,r1371m3i,17-bargaining_tdl_main-318_1_2,RightPartner,pretty good. a little slow today but overall pretty good. ,1787683702.3895986
vwv9fmlo,277,ubtviyf3,17-bargaining_tdl_main-318_1_2,LeftPartner,"that's good, here ready to support you",1787683762.5636742
vwv9fmlo,284,jrhdrz3p,17-bargaining_tdl_main-319_2_3,RightPartner,how do you want to do this?,1787683903.066027
vwv9fmlo,283,bvbfk0pe,17-bargaining_tdl_main-319_1_2,RightPartner,Who do you intend to support,1787683903.7097073
vwv9fmlo,284,jrhdrz3p,17-bargaining_tdl_main-319_1_3,LeftPartner,how do you want to do this?,1787683908.925806
vwv9fmlo,283,bvbfk0pe,17-bargaining_tdl_main-319_2_3,LeftPartner,"I'm not sure, I am fairly confused. If we support each other, ew both get $3?",1787683937.1543856
vwv9fmlo,268,802e9vjj,17-bargaining_tdl_main-319_1_2,LeftPartner,let us support purple,1787683949.066055
vwv9fmlo,268,802e9vjj,17-bargaining_tdl_main-319_1_3,RightPartner,let us support you first,1787683950.6903603
vwv9fmlo,284,jrhdrz3p,17-bargaining_tdl_main-319_2_3,RightPartner,tbh i'm confused as well lol,1787683956.8463125
vwv9fmlo,284,jrhdrz3p,17-bargaining_tdl_main-319_1_3,LeftPartner,and i support no one?,1787683967.5005128
vwv9fmlo,283,bvbfk0pe,17-bargaining_tdl_main-319_1_2,RightPartner,Why? We'd both get zero then,1787683991.3100245
vwv9fmlo,268,802e9vjj,17-bargaining_tdl_main-319_1_3,RightPartner,ok,1787683997.609406
vwv9fmlo,283,bvbfk0pe,17-bargaining_tdl_main-319_1_2,RightPartner,If we support each other we both get $3,1787684022.2974017
vwv9fmlo,268,802e9vjj,17-bargaining_tdl_main-319_1_2,LeftPartner,let us support each othr then,1787684024.9055812
vwv9fmlo,284,jrhdrz3p,17-bargaining_tdl_main-319_1_3,LeftPartner,"should we each have a round where one of us doesn't support anyone so each of us gets the $6? that would make it fair, i guess",1787684030.3300576
vwv9fmlo,283,bvbfk0pe,17-bargaining_tdl_main-319_1_2,RightPartner,"OK, deal.",1787684035.610877
vwv9fmlo,283,bvbfk0pe,17-bargaining_tdl_main-319_2_3,LeftPartner,Should we support each other or no one?,1787684054.622627
vwv9fmlo,268,802e9vjj,17-bargaining_tdl_main-319_1_3,RightPartner,"mmh that sounds fair, so ow do we start",1787684061.9069164
vwv9fmlo,284,jrhdrz3p,17-bargaining_tdl_main-319_2_3,RightPartner,i think it would be fair if we each had a round where two of us support each other and the third person supports no one. that way each one of us (who supports no one) will get $6 at some point,1787684125.836006
vwv9fmlo,268,802e9vjj,17-bargaining_tdl_main-319_1_2,LeftPartner,ok,1787684133.090953
vwv9fmlo,284,jrhdrz3p,17-bargaining_tdl_main-319_2_3,RightPartner,or we just keep it random idk,1787684153.1927106
vwv9fmlo,283,bvbfk0pe,17-bargaining_tdl_main-319_2_3,LeftPartner,oh are there multiple rounds? ,1787684162.4707031
vwv9fmlo,284,jrhdrz3p,17-bargaining_tdl_main-319_2_3,RightPartner,hmmm maybe not,1787684178.5074246
vwv9fmlo,284,jrhdrz3p,17-bargaining_tdl_main-319_2_3,RightPartner,"probably best to just keep it random, i guess",1787684184.38448
vwv9fmlo,284,jrhdrz3p,17-bargaining_tdl_main-319_2_3,RightPartner,strategizing seems complicated,1787684190.2381947
vwv9fmlo,284,jrhdrz3p,17-bargaining_tdl_main-319_2_3,RightPartner,and yellow has already left the chat,1787684198.181542
vwv9fmlo,283,bvbfk0pe,17-bargaining_tdl_main-319_2_3,LeftPartner,"OK, I agree. Especially since the yellow person left the chat.",1787684209.337107
vwv9fmlo,283,bvbfk0pe,17-bargaining_tdl_main-319_2_3,LeftPartner,ok random it is. :) Good luck. ,1787684233.441804
vwv9fmlo,284,jrhdrz3p,17-bargaining_tdl_main-319_2_3,RightPartner,yeah. let's just go randomly and see what happens,1787684236.0726674
vwv9fmlo,284,jrhdrz3p,17-bargaining_tdl_main-319_2_3,RightPartner,good luck!,1787684238.9186223
sx78hwmu,1,qeyqfip1,18-bargaining_tdl_main-320_1_2,LeftPartner,hi,1787685747.7099264
sx78hwmu,1,qeyqfip1,18-bargaining_tdl_main-320_1_3,RightPartner,hi,1787685750.4663396
sx78hwmu,3,9ack8ra6,18-bargaining_tdl_main-320_1_2,RightPartner,"Hey!  I'm figuring out how we should approach this, what are you thinking?  I'm open to working together so we both have a chance to earn $3",1787685789.103271
sx78hwmu,1,qeyqfip1,18-bargaining_tdl_main-320_1_2,LeftPartner,that sounds good to me,1787685797.3644247
sx78hwmu,3,9ack8ra6,18-bargaining_tdl_main-320_1_2,RightPartner,Perfect!,1787685803.026062
sx78hwmu,1,qeyqfip1,18-bargaining_tdl_main-320_1_2,LeftPartner,the purple participant already left anyways,1787685806.7230124
sx78hwmu,3,9ack8ra6,18-bargaining_tdl_main-320_1_2,RightPartner,"Yeah, I saw that",1787685812.2605124
sx78hwmu,12,7ikzxpqu,18-bargaining_tdl_main-321_2_3,LeftPartner,Hello!,1787685816.1353211
sx78hwmu,23,nykkajkb,18-bargaining_tdl_main-321_2_3,RightPartner,hello,1787685819.4003081
sx78hwmu,1,qeyqfip1,18-bargaining_tdl_main-320_1_2,LeftPartner,so if i support you and you support me we should each have a chance at 3 dollars,1787685822.6805644
sx78hwmu,23,nykkajkb,18-bargaining_tdl_main-321_2_3,RightPartner,"my other participant already left the chat, so i think we should just support each other so we can earn the bonus",1787685841.9604387
sx78hwmu,3,9ack8ra6,18-bargaining_tdl_main-320_1_2,RightPartner,"Yeah, I think that's the best way forward",1787685846.4837937
sx78hwmu,1,qeyqfip1,18-bargaining_tdl_main-320_1_2,LeftPartner,alright then lets do that,1787685854.4666455
sx78hwmu,12,7ikzxpqu,18-bargaining_tdl_main-321_2_3,LeftPartner,Same,1787685859.0277557
sx78hwmu,3,9ack8ra6,18-bargaining_tdl_main-320_1_2,RightPartner,Sounds good,1787685860.5247767
sx78hwmu,23,nykkajkb,18-bargaining_tdl_main-321_2_3,RightPartner,does that work for you?,1787685862.0057912
sx78hwmu,12,7ikzxpqu,18-bargaining_tdl_main-321_2_3,LeftPartner,Sounds good to me.,1787685862.171534
sx78hwmu,1,qeyqfip1,18-bargaining_tdl_main-320_1_2,LeftPartner,im going to click next and support you,1787685864.2315245
sx78hwmu,22,oe35im09,18-bargaining_tdl_main-322_2_3,RightPartner,Hi,1787685867.1264873
sx78hwmu,3,9ack8ra6,18-bargaining_tdl_main-320_1_2,RightPartner,Same,1787685867.9358983
sx78hwmu,22,oe35im09,18-bargaining_tdl_main-322_1_3,LeftPartner,Hi,1787685869.0628924
sx78hwmu,15,306onznj,18-bargaining_tdl_main-322_2_3,LeftPartner,hello,1787685870.1051579
sx78hwmu,12,7ikzxpqu,18-bargaining_tdl_main-321_2_3,LeftPartner,I'll go ahead and click next and make sure I support you.,1787685875.5110781
sx78hwmu,11,us6o77kd,18-bargaining_tdl_main-322_1_3,RightPartner,Hello,1787685877.4804137
sx78hwmu,23,nykkajkb,18-bargaining_tdl_main-321_2_3,RightPartner,awesome. same,1787685883.7638872
sx78hwmu,11,us6o77kd,18-bargaining_tdl_main-322_1_2,LeftPartner,Hi,1787685886.886419
sx78hwmu,15,306onznj,18-bargaining_tdl_main-322_2_3,LeftPartner,should we support each other?,1787685886.9312057
sx78hwmu,22,oe35im09,18-bargaining_tdl_main-322_2_3,RightPartner,Would u like to support one another?,1787685889.5555193
sx78hwmu,15,306onznj,18-bargaining_tdl_main-322_1_2,RightPartner,hello,1787685891.8880854
sx78hwmu,22,oe35im09,18-bargaining_tdl_main-322_2_3,RightPartner,Yes we can,1787685892.3732622
sx78hwmu,15,306onznj,18-bargaining_tdl_main-322_2_3,LeftPartner,okay let's do that.,1787685901.0597782
sx78hwmu,11,us6o77kd,18-bargaining_tdl_main-322_1_3,RightPartner,I would like your support and I will support you.,1787685912.0934992
sx78hwmu,27,5xgk82p2,18-bargaining_tdl_main-323_1_2,RightPartner,I'm supporting you,1787685922.3925214
sx78hwmu,26,1wx7a2z8,18-bargaining_tdl_main-323_1_2,LeftPartner,Same bro,1787685926.7727606
sx78hwmu,27,5xgk82p2,18-bargaining_tdl_main-323_1_2,RightPartner,cool,1787685930.7831614
sx78hwmu,26,1wx7a2z8,18-bargaining_tdl_main-323_1_2,LeftPartner,Good talk; let's get that bread,1787685938.0168962
sx78hwmu,30,0frca3a2,18-bargaining_tdl_main-324_1_2,RightPartner,i will support you!,1787685955.0475237
sx78hwmu,4,oi3ccrai,18-bargaining_tdl_main-324_1_2,LeftPartner,I will support you Orange. ,1787685957.3369355
sx78hwmu,11,us6o77kd,18-bargaining_tdl_main-322_1_3,RightPartner,It appears orange has left. Makes it easy for us to support each other.,1787685964.8884466
sx78hwmu,22,oe35im09,18-bargaining_tdl_main-322_1_3,LeftPartner,"Hi, since I communictaed with orange first unfortunately I will be supporting orange. Sorry!",1787685987.226257
sx78hwmu,18,35xvr20r,18-bargaining_tdl_main-325_2_3,LeftPartner,"Hi, Purple is my favorite color",1787685997.9295142
sx78hwmu,39,xbou2jw0,18-bargaining_tdl_main-325_1_3,LeftPartner,if you support me ill support you,1787686008.8038905
sx78hwmu,18,35xvr20r,18-bargaining_tdl_main-325_2_3,LeftPartner,"I would like to support you , will you support me",1787686022.5097492
sx78hwmu,46,3y8drfkq,18-bargaining_tdl_main-326_2_3,RightPartner,"Hi, are you there?",1787686033.9533916
sx78hwmu,39,xbou2jw0,18-bargaining_tdl_main-325_2_3,RightPartner,"sure, yellow isn't answering me anyway",1787686035.3178442
sx78hwmu,18,35xvr20r,18-bargaining_tdl_main-325_2_3,LeftPartner,thank you,1787686047.0818114
sx78hwmu,34,djejm5t4,18-bargaining_tdl_main-326_2_3,LeftPartner,"Hey, purple, since yellow already left the chat, looks like we should just support each other!",1787686048.0876687
sx78hwmu,34,djejm5t4,18-bargaining_tdl_main-326_2_3,LeftPartner,I'm great. How are you?,1787686059.7707155
sx78hwmu,46,3y8drfkq,18-bargaining_tdl_main-326_2_3,RightPartner,Yeah not sure what happened. That could work then if they aren'y playing the game,1787686071.9645793
sx78hwmu,52,o5ageqsg,18-bargaining_tdl_main-327_2_3,RightPartner,Hey how are you?,1787686105.4052968
sx78hwmu,29,mwnmovkw,18-bargaining_tdl_main-328_1_3,RightPartner,Good Afternoon!,1787686116.995845
sx78hwmu,42,denbeuck,18-bargaining_tdl_main-327_2_3,LeftPartner,If  you select me i will select you,1787686121.44857
sx78hwmu,29,mwnmovkw,18-bargaining_tdl_main-328_1_2,LeftPartner,Good Afternoon!,1787686125.2188118
sx78hwmu,52,o5ageqsg,18-bargaining_tdl_main-327_2_3,RightPartner,Since yellow left already Yes I was gonna say the same thing,1787686125.84963
sx78hwmu,42,denbeuck,18-bargaining_tdl_main-327_2_3,LeftPartner,Sound good,1787686134.3579714
sx78hwmu,52,o5ageqsg,18-bargaining_tdl_main-327_2_3,RightPartner,Agreed,1787686134.659091
sx78hwmu,52,o5ageqsg,18-bargaining_tdl_main-327_2_3,RightPartner,Shall we leave?,1787686139.8743055
sx78hwmu,40,p7s2oidp,18-bargaining_tdl_main-328_1_2,RightPartner,Hey there!,1787686140.2371497
sx78hwmu,42,denbeuck,18-bargaining_tdl_main-327_2_3,LeftPartner,Yes,1787686143.5720208
sx78hwmu,45,nbfszrn4,18-bargaining_tdl_main-328_1_3,LeftPartner,hello,1787686154.4649198
sx78hwmu,57,qn6f3cxe,18-bargaining_tdl_main-329_1_2,RightPartner,Hello,1787686157.3161428
sx78hwmu,29,mwnmovkw,18-bargaining_tdl_main-328_1_2,LeftPartner,How's it going?,1787686157.482729
sx78hwmu,57,qn6f3cxe,18-bargaining_tdl_main-329_2_3,LeftPartner,Hello,1787686159.260105
sx78hwmu,45,nbfszrn4,18-bargaining_tdl_main-328_2_3,RightPartner,hello,1787686159.9874413
sx78hwmu,55,8otcb3py,18-bargaining_tdl_main-329_1_2,LeftPartner,suuport me and ill support you,1787686163.8899665
sx78hwmu,63,z0a6uyc4,18-bargaining_tdl_main-329_2_3,RightPartner,hello,1787686165.6514397
sx78hwmu,29,mwnmovkw,18-bargaining_tdl_main-328_1_3,RightPartner,Hope you're having a good day!,1787686180.0183392
sx78hwmu,63,z0a6uyc4,18-bargaining_tdl_main-329_1_3,LeftPartner,I really don't want to hurt anyone here so I feel weird about this whole game,1787686184.2837632
sx78hwmu,40,p7s2oidp,18-bargaining_tdl_main-328_1_2,RightPartner,Pretty Good you want to pick me and I'll pick you?,1787686188.6676104
sx78hwmu,45,nbfszrn4,18-bargaining_tdl_main-328_1_3,LeftPartner,yes and you,1787686194.4753518
sx78hwmu,40,p7s2oidp,18-bargaining_tdl_main-328_2_3,LeftPartner,Hey,1787686199.4615138
sx78hwmu,57,qn6f3cxe,18-bargaining_tdl_main-329_1_2,RightPartner,im down with that,1787686200.0981247
sx78hwmu,63,z0a6uyc4,18-bargaining_tdl_main-329_2_3,RightPartner,I really don't want to hurt anyone here so I feel weird about this whole game,1787686207.362871
sx78hwmu,55,8otcb3py,18-bargaining_tdl_main-329_1_2,LeftPartner,cool ,1787686207.4980133
sx78hwmu,74,ewck0t3n,18-bargaining_tdl_main-330_2_3,RightPartner,looking to pair up?,1787686210.7806394
sx78hwmu,29,mwnmovkw,18-bargaining_tdl_main-328_1_3,RightPartner,It's been okay.,1787686213.2530649
sx78hwmu,74,ewck0t3n,18-bargaining_tdl_main-330_1_3,LeftPartner,looking to pair up?,1787686218.8808992
sx78hwmu,29,mwnmovkw,18-bargaining_tdl_main-328_1_2,LeftPartner,Sure!,1787686219.5308146
sx78hwmu,69,vguhbhpc,18-bargaining_tdl_main-330_2_3,LeftPartner,Sure,1787686223.3985336
sx78hwmu,57,qn6f3cxe,18-bargaining_tdl_main-329_2_3,LeftPartner,are you willing to support me so i can support you,1787686225.7832446
sx78hwmu,74,ewck0t3n,18-bargaining_tdl_main-330_2_3,RightPartner,ok sounds good,1787686229.9043107
sx78hwmu,66,8psyg8tu,18-bargaining_tdl_main-330_1_3,RightPartner,"Sounds good to me, Orange hasn't said anything",1787686235.5768633
sx78hwmu,40,p7s2oidp,18-bargaining_tdl_main-328_1_2,RightPartner,"Cool, Let's do it!",1787686242.2198095
sx78hwmu,67,7ow409cf,18-bargaining_tdl_main-331_2_3,RightPartner,You just want to support each other every round to get the most money?,1787686279.474603
sx78hwmu,45,nbfszrn4,18-bargaining_tdl_main-328_1_3,LeftPartner,Looks like other chat person bailed,1787686288.7559626
sx78hwmu,24,iowojz6q,18-bargaining_tdl_main-332_1_2,LeftPartner,Hello,1787686293.669771
sx78hwmu,64,b3qxrkte,18-bargaining_tdl_main-331_2_3,LeftPartner,I am supporting purple,1787686294.1099305
sx78hwmu,68,yo6xd47a,18-bargaining_tdl_main-332_1_2,RightPartner,hi!,1787686294.1976647
sx78hwmu,68,yo6xd47a,18-bargaining_tdl_main-332_2_3,LeftPartner,hi!,1787686296.1395566
sx78hwmu,24,iowojz6q,18-bargaining_tdl_main-332_1_3,RightPartner,Hello,1787686298.0742633
sx78hwmu,29,mwnmovkw,18-bargaining_tdl_main-328_1_3,RightPartner,"Yes, they took off pretty fast. ",1787686301.2523878
sx78hwmu,67,7ow409cf,18-bargaining_tdl_main-331_2_3,RightPartner,cool,1787686303.5632231
sx78hwmu,24,iowojz6q,18-bargaining_tdl_main-332_1_2,LeftPartner,How are you doing?,1787686307.0059636
sx78hwmu,67,7ow409cf,18-bargaining_tdl_main-331_1_3,LeftPartner,want to support each other?,1787686311.6600735
sx78hwmu,54,xovn4jc1,18-bargaining_tdl_main-331_1_3,RightPartner,Sure,1787686317.1072197
sx78hwmu,68,yo6xd47a,18-bargaining_tdl_main-332_1_2,RightPartner,"im great, just at work, you?",1787686318.9428668
sx78hwmu,68,yo6xd47a,18-bargaining_tdl_main-332_2_3,LeftPartner,hello?,1787686331.7560794
sx78hwmu,24,iowojz6q,18-bargaining_tdl_main-332_1_2,LeftPartner,Thats great,1787686336.397461
sx78hwmu,29,mwnmovkw,18-bargaining_tdl_main-328_1_3,RightPartner,So who would you like to pick?,1787686340.7975843
sx78hwmu,24,iowojz6q,18-bargaining_tdl_main-332_1_2,LeftPartner,I don't have classes today,1787686348.416388
sx78hwmu,68,yo6xd47a,18-bargaining_tdl_main-332_1_2,RightPartner,oh thats nice,1787686358.9048193
sx78hwmu,68,yo6xd47a,18-bargaining_tdl_main-332_1_2,RightPartner,lucky,1787686361.2051034
sx78hwmu,24,iowojz6q,18-bargaining_tdl_main-332_1_2,LeftPartner,thanks,1787686362.8444018
sx78hwmu,45,nbfszrn4,18-bargaining_tdl_main-328_1_3,LeftPartner,well you since Orange left,1787686364.6055336
sx78hwmu,75,ym91xcaf,18-bargaining_tdl_main-333_1_2,LeftPartner,Orange is my favorite color.,1787686371.933111
sx78hwmu,24,iowojz6q,18-bargaining_tdl_main-332_1_2,LeftPartner,"not really, because I've to do some maintenance",1787686375.799332
sx78hwmu,45,nbfszrn4,18-bargaining_tdl_main-328_1_3,LeftPartner,i don't see as i have a choice,1787686377.1761346
sx78hwmu,45,nbfszrn4,18-bargaining_tdl_main-328_1_3,LeftPartner,lol,1787686379.689204
sx78hwmu,75,ym91xcaf,18-bargaining_tdl_main-333_1_2,LeftPartner,Oranges are good for you.,1787686394.7441554
sx78hwmu,90,lt3helqi,18-bargaining_tdl_main-334_2_3,RightPartner,hello want to support each other? ,1787686405.5550568
sx78hwmu,75,ym91xcaf,18-bargaining_tdl_main-333_1_2,LeftPartner,They are high is vitamin C.,1787686406.8643706
sx78hwmu,29,mwnmovkw,18-bargaining_tdl_main-328_1_3,RightPartner,Did they communicate with you?,1787686407.8023517
sx78hwmu,90,lt3helqi,18-bargaining_tdl_main-334_1_3,LeftPartner,hello,1787686416.599424
sx78hwmu,65,hugxxwj8,18-bargaining_tdl_main-334_2_3,LeftPartner,"Sure, please support me",1787686420.2475257
sx78hwmu,5,y7rpghgh,18-bargaining_tdl_main-334_1_3,RightPartner,Hello!,1787686420.2564332
sx78hwmu,45,nbfszrn4,18-bargaining_tdl_main-328_1_3,LeftPartner,i said hello they said hey and bailed,1787686423.5931573
sx78hwmu,68,yo6xd47a,18-bargaining_tdl_main-332_1_2,RightPartner,want to team up for the study?,1787686426.2045236
sx78hwmu,5,y7rpghgh,18-bargaining_tdl_main-334_1_2,LeftPartner,Hello!,1787686426.2567213
sx78hwmu,65,hugxxwj8,18-bargaining_tdl_main-334_1_2,RightPartner,hi,1787686429.4921892
sx78hwmu,24,iowojz6q,18-bargaining_tdl_main-332_1_2,LeftPartner,sure,1787686430.4021184
sx78hwmu,90,lt3helqi,18-bargaining_tdl_main-334_2_3,RightPartner,i will support you if you promise to support me,1787686435.911354
sx78hwmu,81,riu21up7,18-bargaining_tdl_main-333_1_2,RightPartner,Thanks. They really are.,1787686439.2436543
sx78hwmu,104,c1mz9946,18-bargaining_tdl_main-335_1_3,LeftPartner,Hi,1787686441.4240704
sx78hwmu,90,lt3helqi,18-bargaining_tdl_main-334_2_3,RightPartner,no chatting with yellow,1787686441.5539196
sx78hwmu,104,c1mz9946,18-bargaining_tdl_main-335_2_3,RightPartner,Hi,1787686444.3486016
sx78hwmu,90,lt3helqi,18-bargaining_tdl_main-334_2_3,RightPartner,we just support eachother,1787686449.4645877
sx78hwmu,86,an0skskz,18-bargaining_tdl_main-335_1_2,RightPartner, Hello ,1787686451.1991262
sx78hwmu,65,hugxxwj8,18-bargaining_tdl_main-334_2_3,LeftPartner,"okay, that's fine",1787686452.2757838
sx78hwmu,86,an0skskz,18-bargaining_tdl_main-335_2_3,LeftPartner,Hi!,1787686453.5944583
sx78hwmu,65,hugxxwj8,18-bargaining_tdl_main-334_2_3,LeftPartner,i am ready,1787686455.720307
sx78hwmu,90,lt3helqi,18-bargaining_tdl_main-334_2_3,RightPartner,i will not chat will yellow euther,1787686456.8739426
sx78hwmu,76,kkqopweb,18-bargaining_tdl_main-335_1_3,RightPartner,hello do you want to exchange support,1787686458.37809
sx78hwmu,90,lt3helqi,18-bargaining_tdl_main-334_2_3,RightPartner,perfect,1787686460.0042083
sx78hwmu,75,ym91xcaf,18-bargaining_tdl_main-333_1_2,LeftPartner,"Purple has left the building, and I wonder why.",1787686463.292324
sx78hwmu,104,c1mz9946,18-bargaining_tdl_main-335_1_3,LeftPartner,Yes!,1787686464.2272916
sx78hwmu,86,an0skskz,18-bargaining_tdl_main-335_2_3,LeftPartner,How are you?,1787686469.7508614
sx78hwmu,45,nbfszrn4,18-bargaining_tdl_main-328_1_3,LeftPartner,"maybe did not understand directions....they were quite a bit wordy, blah blah blah",1787686474.7859735
sx78hwmu,114,okw04uai,18-bargaining_tdl_main-337_1_2,RightPartner,hello,1787686478.761758
sx78hwmu,75,ym91xcaf,18-bargaining_tdl_main-333_1_2,LeftPartner,Do you see that Purple has left?,1787686481.6868966
sx78hwmu,29,mwnmovkw,18-bargaining_tdl_main-328_1_3,RightPartner,Wow! So do you want to pick each other?,1787686481.950006
sx78hwmu,114,okw04uai,18-bargaining_tdl_main-337_2_3,LeftPartner,hey,1787686482.2554753
sx78hwmu,115,3ncvreka,18-bargaining_tdl_main-337_2_3,RightPartner,Hello,1787686483.5773695
sx78hwmu,115,3ncvreka,18-bargaining_tdl_main-337_1_3,LeftPartner,Hi,1787686487.2540116
sx78hwmu,104,c1mz9946,18-bargaining_tdl_main-335_2_3,RightPartner,"I'm good, how are you?",1787686488.1724696
sx78hwmu,107,bd0i2vad,18-bargaining_tdl_main-337_1_2,LeftPartner,"hey lets agree.... if u support me, i got u",1787686491.5444787
sx78hwmu,86,an0skskz,18-bargaining_tdl_main-335_1_2,RightPartner,How are you?,1787686493.4300745
sx78hwmu,108,zz2btetv,18-bargaining_tdl_main-336_2_3,LeftPartner,Who will you be supporting? ,1787686494.68053
sx78hwmu,104,c1mz9946,18-bargaining_tdl_main-335_2_3,RightPartner,Would you like to exchange support?,1787686497.3934133
sx78hwmu,86,an0skskz,18-bargaining_tdl_main-335_2_3,LeftPartner,Doing well!,1787686500.5369375
sx78hwmu,111,zprnvoz2,18-bargaining_tdl_main-336_1_3,LeftPartner,"I am willing to support you if you support me, that way we both get the $3. Can you make this agreement?",1787686500.5404012
sx78hwmu,81,riu21up7,18-bargaining_tdl_main-333_1_2,RightPartner,"Yes, I saw it",1787686502.0271661
sx78hwmu,108,zz2btetv,18-bargaining_tdl_main-336_1_2,RightPartner,Who will you be supporting? ,1787686502.0413241
sx78hwmu,107,bd0i2vad,18-bargaining_tdl_main-337_1_3,RightPartner,"hey... lets agree... if u support me, i got u",1787686503.9646077
sx78hwmu,86,an0skskz,18-bargaining_tdl_main-335_2_3,LeftPartner,yes !,1787686507.0678372
sx78hwmu,114,okw04uai,18-bargaining_tdl_main-337_1_2,RightPartner,i'm down if you're down,1787686510.4843743
sx78hwmu,75,ym91xcaf,18-bargaining_tdl_main-333_1_2,LeftPartner,"You wouldn't support someone who left, would you?",1787686510.6758296
sx78hwmu,104,c1mz9946,18-bargaining_tdl_main-335_2_3,RightPartner,perfect,1787686511.8347917
sx78hwmu,62,n8qz1gqm,18-bargaining_tdl_main-338_1_2,LeftPartner,hello,1787686511.891079
sx78hwmu,96,8jq7e2jk,18-bargaining_tdl_main-339_1_2,RightPartner,Hi how's it going?,1787686513.9661999
sx78hwmu,62,n8qz1gqm,18-bargaining_tdl_main-338_1_3,RightPartner,hello,1787686514.3916042
sx78hwmu,111,zprnvoz2,18-bargaining_tdl_main-336_2_3,RightPartner,"I am willing to support you if you support me, that way we can both get $3. Can you make this agreement?",1787686517.5956717
sx78hwmu,115,3ncvreka,18-bargaining_tdl_main-337_2_3,RightPartner,Do you know what we are supposed to agree or disagree on?,1787686517.9169436
sx78hwmu,96,8jq7e2jk,18-bargaining_tdl_main-339_2_3,LeftPartner,"Hi, how's it going?",1787686520.8000927
sx78hwmu,119,2ujng14u,18-bargaining_tdl_main-339_1_3,LeftPartner,Hi yellow who do you want to support,1787686522.4945073
sx78hwmu,124,qichbjc4,18-bargaining_tdl_main-338_1_3,LeftPartner,hello,1787686523.2357054
sx78hwmu,93,cajuwmq7,18-bargaining_tdl_main-339_1_2,LeftPartner,Hi how are you?,1787686524.7958348
sx78hwmu,89,4bldehut,18-bargaining_tdl_main-338_1_2,RightPartner,Hello! ,1787686526.9300575
sx78hwmu,119,2ujng14u,18-bargaining_tdl_main-339_2_3,RightPartner,Good and you ?,1787686527.7848172
sx78hwmu,62,n8qz1gqm,18-bargaining_tdl_main-338_1_3,RightPartner,how are you,1787686528.863543
sx78hwmu,108,zz2btetv,18-bargaining_tdl_main-336_2_3,LeftPartner,I like the color purple so I will support you. Yes. ,1787686530.1883163
sx78hwmu,62,n8qz1gqm,18-bargaining_tdl_main-338_1_2,LeftPartner,how are you,1787686532.2950168
sx78hwmu,29,mwnmovkw,18-bargaining_tdl_main-328_1_3,RightPartner,They asked me to pick them. ,1787686533.288325
sx78hwmu,96,8jq7e2jk,18-bargaining_tdl_main-339_1_2,RightPartner,I'm good thank you.,1787686533.5136414
sx78hwmu,107,bd0i2vad,18-bargaining_tdl_main-337_1_2,LeftPartner,thx,1787686536.1796062
sx78hwmu,124,qichbjc4,18-bargaining_tdl_main-338_1_3,LeftPartner,"I'm good, how are you?",1787686536.8570118
sx78hwmu,89,4bldehut,18-bargaining_tdl_main-338_1_2,RightPartner,"I am okay, how are you?",1787686537.3286858
sx78hwmu,111,zprnvoz2,18-bargaining_tdl_main-336_2_3,RightPartner,Ok,1787686537.6876254
sx78hwmu,96,8jq7e2jk,18-bargaining_tdl_main-339_2_3,LeftPartner,I'm doing well.,1787686538.6692991
sx78hwmu,45,nbfszrn4,18-bargaining_tdl_main-328_1_3,LeftPartner,so i think random decisions will be made for them,1787686545.3761601
sx78hwmu,93,cajuwmq7,18-bargaining_tdl_main-339_1_3,RightPartner,"Hi, I feel that this whole thing isn't really fair because someone is always left out",1787686548.3445513
sx78hwmu,119,2ujng14u,18-bargaining_tdl_main-339_2_3,RightPartner,That's awesome!,1787686551.5050387
sx78hwmu,108,zz2btetv,18-bargaining_tdl_main-336_1_2,RightPartner,Yellow? ,1787686553.2206907
sx78hwmu,115,3ncvreka,18-bargaining_tdl_main-337_1_3,LeftPartner,Good to know! I can get behind that but I am curious as to what we are supposed to be supportive about. Any idea?,1787686553.7132215
sx78hwmu,89,4bldehut,18-bargaining_tdl_main-338_2_3,LeftPartner,Hello,1787686554.667646
sx78hwmu,96,8jq7e2jk,18-bargaining_tdl_main-339_2_3,LeftPartner,"I will support you, if you support me.",1787686558.2320402
sx78hwmu,124,qichbjc4,18-bargaining_tdl_main-338_2_3,RightPartner,hello,1787686561.4278786
sx78hwmu,93,cajuwmq7,18-bargaining_tdl_main-339_1_3,RightPartner,Do you want to support each other?,1787686565.422195
sx78hwmu,29,mwnmovkw,18-bargaining_tdl_main-328_1_3,RightPartner,I'm not sure. ,1787686566.4471502
sx78hwmu,96,8jq7e2jk,18-bargaining_tdl_main-339_1_2,RightPartner,Who do you think we should support?,1787686566.8989563
sx78hwmu,119,2ujng14u,18-bargaining_tdl_main-339_1_3,LeftPartner,Yeah I agree and there's no real basis to pick anyone ,1787686567.923009
sx78hwmu,89,4bldehut,18-bargaining_tdl_main-338_2_3,LeftPartner,How are you?,1787686569.82159
sx78hwmu,114,okw04uai,18-bargaining_tdl_main-337_2_3,LeftPartner,we're supposed to pick somebody to support,1787686578.578116
sx78hwmu,62,n8qz1gqm,18-bargaining_tdl_main-338_1_3,RightPartner,doing okay,1787686579.0934613
sx78hwmu,29,mwnmovkw,18-bargaining_tdl_main-328_1_3,RightPartner,Since we engaged longer I will pick you.,1787686579.2837868
sx78hwmu,93,cajuwmq7,18-bargaining_tdl_main-339_1_3,RightPartner,"Right, so I don't know what to do",1787686579.881268
sx78hwmu,62,n8qz1gqm,18-bargaining_tdl_main-338_1_2,LeftPartner,doing okay,1787686582.7703142
sx78hwmu,119,2ujng14u,18-bargaining_tdl_main-339_2_3,RightPartner,Okay sounds good to me,1787686583.7140737
sx78hwmu,45,nbfszrn4,18-bargaining_tdl_main-328_1_3,LeftPartner,"i will pick you, orange is long gone by now",1787686584.0955687
sx78hwmu,124,qichbjc4,18-bargaining_tdl_main-338_2_3,RightPartner,"I'm ok, how are you?",1787686587.0237064
sx78hwmu,93,cajuwmq7,18-bargaining_tdl_main-339_1_2,LeftPartner,Well it seems someone always looses,1787686591.453202
sx78hwmu,89,4bldehut,18-bargaining_tdl_main-338_1_2,RightPartner,That's good! ,1787686591.9292192
sx78hwmu,120,cv9gc0h3,18-bargaining_tdl_main-340_2_3,RightPartner,Hey there. How's it going today?,1787686593.7910194
sx78hwmu,115,3ncvreka,18-bargaining_tdl_main-337_2_3,RightPartner,"Ah, okay. How do you feel about us supporting yellow?",1787686597.2108333
sx78hwmu,89,4bldehut,18-bargaining_tdl_main-338_2_3,LeftPartner,I'm also okay! ,1787686597.3735447
sx78hwmu,120,cv9gc0h3,18-bargaining_tdl_main-340_1_3,LeftPartner,Hey there. How's it going today?,1787686601.3889124
sx78hwmu,102,kmncc961,18-bargaining_tdl_main-341_1_2,LeftPartner,hello ,1787686602.2447345
sx78hwmu,102,kmncc961,18-bargaining_tdl_main-341_1_3,RightPartner,hello,1787686603.4261353
sx78hwmu,117,xmbbdj8u,18-bargaining_tdl_main-340_2_3,LeftPartner,good,1787686603.4991784
sx78hwmu,119,2ujng14u,18-bargaining_tdl_main-339_1_3,LeftPartner,Maybe we should support each other. If you don't want to that is okay too just let me know ,1787686606.460032
sx78hwmu,62,n8qz1gqm,18-bargaining_tdl_main-338_1_2,LeftPartner,are you ready about this?,1787686608.6237102
sx78hwmu,126,2pdf71su,18-bargaining_tdl_main-341_1_2,RightPartner,Hi,1787686608.8083887
sx78hwmu,134,4l54zakt,18-bargaining_tdl_main-341_1_3,LeftPartner,hi,1787686609.1506543
sx78hwmu,29,mwnmovkw,18-bargaining_tdl_main-328_1_3,RightPartner,Looks that way.,1787686613.9348226
sx78hwmu,107,bd0i2vad,18-bargaining_tdl_main-337_1_3,RightPartner,"they just want us to support each other. so what i'm saying is if u agree to support me, then i'll agree to support u so we both have a chance to earn",1787686614.1514697
sx78hwmu,114,okw04uai,18-bargaining_tdl_main-337_2_3,LeftPartner,i'm down to support yellow for sure,1787686615.473686
sx78hwmu,89,4bldehut,18-bargaining_tdl_main-338_1_2,RightPartner,Do you have a plan for how you will tackle the choices?,1787686619.7655547
sx78hwmu,96,8jq7e2jk,18-bargaining_tdl_main-339_2_3,LeftPartner,"Awesome, please just make sure we support each other otherwise we end up with zero",1787686619.8823094
sx78hwmu,126,2pdf71su,18-bargaining_tdl_main-341_2_3,LeftPartner,Hi,1787686621.726549
sx78hwmu,134,4l54zakt,18-bargaining_tdl_main-341_2_3,RightPartner,hello,1787686624.0001993
sx78hwmu,93,cajuwmq7,18-bargaining_tdl_main-339_1_3,RightPartner,I can do that..lets support each other,1787686624.3244689
sx78hwmu,62,n8qz1gqm,18-bargaining_tdl_main-338_1_2,LeftPartner,im still thinking over,1787686630.1223674
sx78hwmu,29,mwnmovkw,18-bargaining_tdl_main-328_1_3,RightPartner,I guess we can advance soon.,1787686630.7929282
sx78hwmu,93,cajuwmq7,18-bargaining_tdl_main-339_1_2,LeftPartner,oops loses,1787686633.19118
sx78hwmu,96,8jq7e2jk,18-bargaining_tdl_main-339_1_2,RightPartner,"Well, only if two people end up supporting each other.",1787686636.5352983
sx78hwmu,119,2ujng14u,18-bargaining_tdl_main-339_1_3,LeftPartner,Okay that sounds good I will support you,1787686638.0021484
sx78hwmu,126,2pdf71su,18-bargaining_tdl_main-341_1_2,RightPartner,How are you doing?,1787686639.0526521
sx78hwmu,120,cv9gc0h3,18-bargaining_tdl_main-340_2_3,RightPartner,This is a weird game. lol. What are you going to do? It's a bummer somebody is going to be left out of the bonus regardless.,1787686640.0205731
sx78hwmu,70,u9vgw1ig,18-bargaining_tdl_main-340_1_3,RightPartner,Hi! My day's okay so far. I'm sending the same following message to both of you: you guys choose each other and I will choose no one and then you guys will get the bonus. :),1787686640.962451
sx78hwmu,126,2pdf71su,18-bargaining_tdl_main-341_2_3,LeftPartner,How are you doing?,1787686649.5446076
sx78hwmu,115,3ncvreka,18-bargaining_tdl_main-337_2_3,RightPartner,Great! ,1787686649.5478315
sx78hwmu,102,kmncc961,18-bargaining_tdl_main-341_1_2,LeftPartner,so how are we deciding on who to support?,1787686649.9590912
sx78hwmu,96,8jq7e2jk,18-bargaining_tdl_main-339_1_2,RightPartner,Then they at least win 3,1787686651.2591784
sx78hwmu,115,3ncvreka,18-bargaining_tdl_main-337_1_3,LeftPartner,"Yeah, I'm in totally. ",1787686653.964824
sx78hwmu,45,nbfszrn4,18-bargaining_tdl_main-328_1_3,LeftPartner,ok,1787686656.934576
sx78hwmu,112,7uv2yy05,18-bargaining_tdl_main-343_1_3,RightPartner,who are you going to support?,1787686658.4136362
sx78hwmu,134,4l54zakt,18-bargaining_tdl_main-341_1_3,LeftPartner,what color do you support?,1787686659.2905817
sx78hwmu,102,kmncc961,18-bargaining_tdl_main-341_1_3,RightPartner,how are we deciding on who to support,1787686660.0597382
sx78hwmu,107,bd0i2vad,18-bargaining_tdl_main-337_1_3,RightPartner,"great, thx",1787686664.0232024
sx78hwmu,139,ptdlbfau,18-bargaining_tdl_main-343_2_3,RightPartner,"hello, i'll choose you ",1787686665.7396557
sx78hwmu,112,7uv2yy05,18-bargaining_tdl_main-343_1_2,LeftPartner,who are you going to support,1787686666.0017526
sx78hwmu,118,kpdsmllr,18-bargaining_tdl_main-342_2_3,RightPartner,"Hello. The goal is basically supporting each other. I am writing you first. If you support me, I will support you. ",1787686666.8592956
sx78hwmu,134,4l54zakt,18-bargaining_tdl_main-341_2_3,RightPartner,"good, u?",1787686668.7072244
sx78hwmu,117,xmbbdj8u,18-bargaining_tdl_main-340_2_3,LeftPartner,I'm trying to think of a way that everyone can get the most. Yellow hasn't sent any message. How aboout you support me and I'll support you.,1787686673.6418326
sx78hwmu,126,2pdf71su,18-bargaining_tdl_main-341_1_2,RightPartner,We can decide to support each other,1787686674.375561
sx78hwmu,139,ptdlbfau,18-bargaining_tdl_main-343_1_3,LeftPartner,that depends on who you support,1787686677.1319704
sx78hwmu,134,4l54zakt,18-bargaining_tdl_main-341_1_3,LeftPartner,just by talking....,1787686681.4412704
sx78hwmu,109,nkdlt99u,18-bargaining_tdl_main-342_2_3,LeftPartner,"hey purple if we support each other I promise to support you, deal?",1787686682.0150526
sx78hwmu,134,4l54zakt,18-bargaining_tdl_main-341_1_3,LeftPartner,i guess,1787686684.3301425
sx78hwmu,29,mwnmovkw,18-bargaining_tdl_main-328_1_3,RightPartner,Enjoy the rest of your day!,1787686684.455074
sx78hwmu,70,u9vgw1ig,18-bargaining_tdl_main-340_1_2,LeftPartner,"hey! If you will choose the purple participant, I've asked them to choose you as well and you guys will get the bonus. I'm the yellow participant and Ill choose no one so that you guys can make money. :)",1787686686.531738
sx78hwmu,92,wpektvp7,18-bargaining_tdl_main-342_1_3,RightPartner,Hello. Who should I support?,1787686687.0391686
sx78hwmu,122,x5ev51w1,18-bargaining_tdl_main-343_2_3,LeftPartner,"what do you think, what color do you like?",1787686687.3577578
sx78hwmu,145,ydt9w00e,18-bargaining_tdl_main-345_1_2,LeftPartner,Hello!,1787686688.6467187
sx78hwmu,92,wpektvp7,18-bargaining_tdl_main-342_1_2,LeftPartner,Hello. Who should I support?,1787686688.7694397
sx78hwmu,112,7uv2yy05,18-bargaining_tdl_main-343_1_3,RightPartner,i support you ,1787686689.7092893
sx78hwmu,149,2dgmnul0,18-bargaining_tdl_main-345_2_3,LeftPartner,what's our game plan chief,1787686692.1848402
sx78hwmu,145,ydt9w00e,18-bargaining_tdl_main-345_1_3,RightPartner,Hello!,1787686692.501365
sx78hwmu,112,7uv2yy05,18-bargaining_tdl_main-343_1_3,RightPartner,i'll,1787686695.2877135
sx78hwmu,122,x5ev51w1,18-bargaining_tdl_main-343_1_2,RightPartner,what do you think what color do you like?,1787686695.5795186
sx78hwmu,149,2dgmnul0,18-bargaining_tdl_main-345_1_2,RightPartner,"hey, what is our game plan chief",1787686695.9199271
sx78hwmu,126,2pdf71su,18-bargaining_tdl_main-341_2_3,LeftPartner,"I am good, trying to find out what we can talk about",1787686696.744016
sx78hwmu,120,cv9gc0h3,18-bargaining_tdl_main-340_1_3,LeftPartner,"That's nice of you. Yah, it's a bummer somebody get's left off the bonus. Wish there was a way around that.",1787686699.804784
sx78hwmu,45,nbfszrn4,18-bargaining_tdl_main-328_1_3,LeftPartner,this is time im gonna wish i had back at the end...no offense to you though,1787686700.4212933
sx78hwmu,139,ptdlbfau,18-bargaining_tdl_main-343_2_3,RightPartner,i could like yours,1787686700.4760542
sx78hwmu,155,zskoj5wb,18-bargaining_tdl_main-345_1_3,LeftPartner,let's support each other,1787686701.2353086
sx78hwmu,118,kpdsmllr,18-bargaining_tdl_main-342_2_3,RightPartner,Deal. Please be honest. ,1787686701.9637017
sx78hwmu,144,1bd7gku6,18-bargaining_tdl_main-344_2_3,RightPartner,Hi would you support me. If so I will support you.  ,1787686705.9020567
sx78hwmu,117,xmbbdj8u,18-bargaining_tdl_main-340_1_2,RightPartner,Wow! Thanks!,1787686705.9819107
sx78hwmu,155,zskoj5wb,18-bargaining_tdl_main-345_2_3,RightPartner,let's support each other,1787686708.0669007
sx78hwmu,102,kmncc961,18-bargaining_tdl_main-341_1_2,LeftPartner,wouldn't it be more fair to split up support so everyone can get a bonus,1787686713.4961843
sx78hwmu,139,ptdlbfau,18-bargaining_tdl_main-343_1_3,LeftPartner,if you are completely sure then send the number 5 only,1787686715.2055542
sx78hwmu,145,ydt9w00e,18-bargaining_tdl_main-345_1_2,LeftPartner,What would you like to do? I'm open to supporting each other if you want to,1787686717.4587288
sx78hwmu,137,22l87szb,18-bargaining_tdl_main-344_2_3,LeftPartner,yes,1787686719.4092944
sx78hwmu,112,7uv2yy05,18-bargaining_tdl_main-343_1_3,RightPartner,5,1787686720.6039817
sx78hwmu,149,2dgmnul0,18-bargaining_tdl_main-345_2_3,LeftPartner,"im down, support for one support for all",1787686720.6076112
sx78hwmu,139,ptdlbfau,18-bargaining_tdl_main-343_1_3,LeftPartner,and i'll choose yours,1787686721.7617135
sx78hwmu,155,zskoj5wb,18-bargaining_tdl_main-345_2_3,RightPartner,we can both get $3,1787686726.6950257
sx78hwmu,149,2dgmnul0,18-bargaining_tdl_main-345_1_2,RightPartner,"id like to do that, want to support each other?",1787686726.798356
sx78hwmu,145,ydt9w00e,18-bargaining_tdl_main-345_1_3,RightPartner,Are you offering that deal to both of us? lol,1787686730.2274215
sx78hwmu,139,ptdlbfau,18-bargaining_tdl_main-343_1_3,LeftPartner,alright i'll choose you yellow,1787686730.7339098
sx78hwmu,102,kmncc961,18-bargaining_tdl_main-341_1_3,RightPartner,wouldn't it be more fair to split up support so everyone can get a bonus,1787686731.7515893
sx78hwmu,112,7uv2yy05,18-bargaining_tdl_main-343_1_3,RightPartner,ok sounds good.  im gonna hit next,1787686732.4361784
sx78hwmu,149,2dgmnul0,18-bargaining_tdl_main-345_2_3,LeftPartner,"facts, im with it",1787686734.805212
sx78hwmu,70,u9vgw1ig,18-bargaining_tdl_main-340_1_3,RightPartner,it's okay! i'm willing to sit this one out to make it easier for everyone. hope you guys both have a good rest of your day! :),1787686736.6291146
sx78hwmu,154,tirapc7m,18-bargaining_tdl_main-346_2_3,RightPartner,How are you today?,1787686738.1748738
sx78hwmu,126,2pdf71su,18-bargaining_tdl_main-341_1_2,RightPartner,I think you can only support one person,1787686740.5702026
sx78hwmu,102,kmncc961,18-bargaining_tdl_main-341_1_3,RightPartner,do you remember how many rounds,1787686741.5788941
sx78hwmu,144,1bd7gku6,18-bargaining_tdl_main-344_2_3,RightPartner,Excellent then thanks.   ,1787686741.7665126
sx78hwmu,120,cv9gc0h3,18-bargaining_tdl_main-340_2_3,RightPartner,"The message they sent me said they would support nobody and let us support each other and get the bonus. That's fine with me, too bad somebody gets left out, but doesn't seem to be a way around it.",1787686741.8133373
sx78hwmu,140,pu8wpgy7,18-bargaining_tdl_main-346_1_2,LeftPartner,who are thinking about supporting?,1787686743.5058734
sx78hwmu,134,4l54zakt,18-bargaining_tdl_main-341_2_3,RightPartner,I have no idea how to decide what color to support ,1787686746.0835009
sx78hwmu,154,tirapc7m,18-bargaining_tdl_main-346_1_3,LeftPartner,How's it going?,1787686747.6724708
sx78hwmu,145,ydt9w00e,18-bargaining_tdl_main-345_1_2,LeftPartner,"Sure, sounds good to me",1787686747.8968604
sx78hwmu,155,zskoj5wb,18-bargaining_tdl_main-345_1_3,LeftPartner,maybe,1787686753.0381608
sx78hwmu,155,zskoj5wb,18-bargaining_tdl_main-345_1_3,LeftPartner,are you?,1787686756.3942873
sx78hwmu,102,kmncc961,18-bargaining_tdl_main-341_1_2,LeftPartner,i thought we were playing multiple rounds,1787686758.7381978
sx78hwmu,155,zskoj5wb,18-bargaining_tdl_main-345_2_3,RightPartner,good,1787686759.698102
sx78hwmu,140,pu8wpgy7,18-bargaining_tdl_main-346_1_3,RightPartner,"great, wbu?",1787686761.3578324
sx78hwmu,134,4l54zakt,18-bargaining_tdl_main-341_1_3,LeftPartner,just one round I think,1787686772.453735
sx78hwmu,101,4v1d4rcb,18-bargaining_tdl_main-347_1_2,LeftPartner,Hello ,1787686772.9456298
sx78hwmu,126,2pdf71su,18-bargaining_tdl_main-341_1_2,RightPartner,"For multiple rounds, it's possible",1787686777.7419636
sx78hwmu,155,zskoj5wb,18-bargaining_tdl_main-345_2_3,RightPartner,let's do it,1787686778.567544
sx78hwmu,117,xmbbdj8u,18-bargaining_tdl_main-340_2_3,LeftPartner,Yes. ,1787686780.195957
sx78hwmu,102,kmncc961,18-bargaining_tdl_main-341_1_3,RightPartner,I must have missed that part,1787686783.2171943
sx78hwmu,154,tirapc7m,18-bargaining_tdl_main-346_1_3,LeftPartner,It's going pretty well all considered lol,1787686784.7030032
sx78hwmu,101,4v1d4rcb,18-bargaining_tdl_main-347_1_3,RightPartner,Hello,1787686786.9505463
sx78hwmu,145,ydt9w00e,18-bargaining_tdl_main-345_1_3,RightPartner,Nope. But I feel bad that someone loses out no matter what,1787686792.6997018
sx78hwmu,154,tirapc7m,18-bargaining_tdl_main-346_1_3,LeftPartner,Trying to stay cool,1787686793.8605735
sx78hwmu,102,kmncc961,18-bargaining_tdl_main-341_1_2,LeftPartner,I don't know it could just be one round.  ,1787686795.308809
sx78hwmu,126,2pdf71su,18-bargaining_tdl_main-341_2_3,LeftPartner,Me neither. But we can decide on supporting each other,1787686796.01146
sx78hwmu,151,v525xtit,18-bargaining_tdl_main-347_2_3,RightPartner,"Hey, how are you?",1787686798.312775
sx78hwmu,140,pu8wpgy7,18-bargaining_tdl_main-346_1_3,RightPartner,who do you plan on supporting?,1787686803.712508
sx78hwmu,151,v525xtit,18-bargaining_tdl_main-347_1_3,LeftPartner,"Hi, how are you?",1787686806.9160736
sx78hwmu,138,l8ercwm0,18-bargaining_tdl_main-347_1_2,RightPartner,Howdy,1787686807.1383667
sx78hwmu,126,2pdf71su,18-bargaining_tdl_main-341_1_2,RightPartner,"Total time is 15 mins, so it's likely one round",1787686816.424098
sx78hwmu,149,2dgmnul0,18-bargaining_tdl_main-345_2_3,LeftPartner,okay,1787686817.2672946
sx78hwmu,138,l8ercwm0,18-bargaining_tdl_main-347_2_3,LeftPartner,Howdy!  Just dandy!,1787686822.418998
sx78hwmu,126,2pdf71su,18-bargaining_tdl_main-341_1_2,RightPartner,10 mins is the chat,1787686822.9449892
sx78hwmu,154,tirapc7m,18-bargaining_tdl_main-346_1_3,LeftPartner,"Well, you are the only one who is responding to me, so let's support each other?",1787686823.1910026
sx78hwmu,102,kmncc961,18-bargaining_tdl_main-341_1_2,LeftPartner,yep,1787686825.4979477
sx78hwmu,134,4l54zakt,18-bargaining_tdl_main-341_1_3,LeftPartner,"hahaaa... since it is a 10 min chat, so I think it is 1 round",1787686826.074947
sx78hwmu,143,zdrjes3c,18-bargaining_tdl_main-346_1_2,RightPartner,How are you today?,1787686827.5369163
sx78hwmu,160,hfy8aj5o,18-bargaining_tdl_main-348_2_3,RightPartner,Please Pick me!  I'll Pick you,1787686830.2653778
sx78hwmu,102,kmncc961,18-bargaining_tdl_main-341_1_3,RightPartner,yep,1787686830.8444896
sx78hwmu,160,hfy8aj5o,18-bargaining_tdl_main-348_1_3,LeftPartner,Please pick me!  I'll pick you!,1787686831.6065896
sx78hwmu,159,2sqysri4,18-bargaining_tdl_main-349_1_3,LeftPartner,hello.  it seems the easiest way for us to get the $3 is to agree to support each other. are you interesting in pairing up?,1787686840.8948488
sx78hwmu,143,zdrjes3c,18-bargaining_tdl_main-346_2_3,LeftPartner,Im ok and how are you?,1787686843.9449513
sx78hwmu,151,v525xtit,18-bargaining_tdl_main-347_2_3,RightPartner,Well that's pretty good for a Tuesday,1787686844.394575
sx78hwmu,138,l8ercwm0,18-bargaining_tdl_main-347_2_3,LeftPartner,What do you think of this study?,1787686845.8889396
sx78hwmu,83,bnreqmx0,18-bargaining_tdl_main-348_1_3,RightPartner,okay,1787686848.046112
sx78hwmu,126,2pdf71su,18-bargaining_tdl_main-341_1_2,RightPartner,I will support you if you say yes,1787686848.1630454
sx78hwmu,146,5p29bzo3,18-bargaining_tdl_main-350_1_3,RightPartner,Hello,1787686851.1968284
sx78hwmu,140,pu8wpgy7,18-bargaining_tdl_main-346_1_3,RightPartner,i was gonna say the same. the other participant isn't responding at all ,1787686855.3475173
sx78hwmu,146,5p29bzo3,18-bargaining_tdl_main-350_1_2,LeftPartner,Hello,1787686855.3511684
sx78hwmu,129,q2ul7jfc,18-bargaining_tdl_main-348_1_2,RightPartner,"hello, did you get any sense if there are multiple rounds, so we can coordinate and each one of us benefit?",1787686855.4406147
sx78hwmu,153,awt5ws2e,18-bargaining_tdl_main-350_1_2,RightPartner,hello,1787686857.464136
sx78hwmu,141,5xxsy1s6,18-bargaining_tdl_main-349_2_3,LeftPartner,LEts agree to form an alliance and support each other. This is the only way to make sure we get something. What do you say?,1787686858.7491422
sx78hwmu,134,4l54zakt,18-bargaining_tdl_main-341_2_3,RightPartner,"yea, I think that;s what I will do, since orange is my school color",1787686858.9950979
sx78hwmu,157,1m9ee9x6,18-bargaining_tdl_main-350_1_3,LeftPartner,Hi,1787686861.320175
sx78hwmu,135,x5j579jk,18-bargaining_tdl_main-349_1_2,LeftPartner,What do you propose?,1787686864.2710452
sx78hwmu,153,awt5ws2e,18-bargaining_tdl_main-350_2_3,LeftPartner,hello,1787686864.5910473
sx78hwmu,157,1m9ee9x6,18-bargaining_tdl_main-350_2_3,RightPartner,Hi,1787686866.7819493
sx78hwmu,159,2sqysri4,18-bargaining_tdl_main-349_2_3,RightPartner,"hello. it seems the easiest way to get the $3 bonus each, is to pair up. are you interested?",1787686868.6225014
sx78hwmu,126,2pdf71su,18-bargaining_tdl_main-341_2_3,LeftPartner,Thanks ,1787686869.7997913
sx78hwmu,102,kmncc961,18-bargaining_tdl_main-341_1_2,LeftPartner,sure we can do that,1787686872.8160815
sx78hwmu,138,l8ercwm0,18-bargaining_tdl_main-347_2_3,LeftPartner,Would you be happy to support each other?,1787686873.0596154
sx78hwmu,135,x5j579jk,18-bargaining_tdl_main-349_1_3,RightPartner,"Yes, why not",1787686874.2677858
sx78hwmu,141,5xxsy1s6,18-bargaining_tdl_main-349_1_2,RightPartner,We should form an alliance and support each other ,1787686874.4829674
sx78hwmu,146,5p29bzo3,18-bargaining_tdl_main-350_1_2,LeftPartner,I'm a real human. Are you really human too?,1787686874.5879025
sx78hwmu,151,v525xtit,18-bargaining_tdl_main-347_2_3,RightPartner,This ones tough because not everyone can make out with the $3,1787686874.6791124
sx78hwmu,140,pu8wpgy7,18-bargaining_tdl_main-346_1_3,RightPartner,im definitely down to support you!!,1787686879.2652068
sx78hwmu,153,awt5ws2e,18-bargaining_tdl_main-350_1_2,RightPartner,yes! lol,1787686880.5910509
sx78hwmu,159,2sqysri4,18-bargaining_tdl_main-349_2_3,RightPartner,Ha.. I guess we're thinking the same thing.  I am interested..,1787686884.6264915
sx78hwmu,146,5p29bzo3,18-bargaining_tdl_main-350_1_3,RightPartner,I'm a real human. Are you really a human too?,1787686884.7764523
sx78hwmu,126,2pdf71su,18-bargaining_tdl_main-341_2_3,LeftPartner,I am still trying to understand the purpose,1787686885.8952017
sx78hwmu,157,1m9ee9x6,18-bargaining_tdl_main-350_1_3,LeftPartner,This is an odd study,1787686889.3435493
sx78hwmu,129,q2ul7jfc,18-bargaining_tdl_main-348_2_3,LeftPartner,"hi, did you get any sense that tjere is going to be multiple rounds and we can coordinate so we can each benefit",1787686889.7247357
sx78hwmu,146,5p29bzo3,18-bargaining_tdl_main-350_1_2,LeftPartner,LOL...cool!,1787686891.6444526
sx78hwmu,135,x5j579jk,18-bargaining_tdl_main-349_1_3,RightPartner,So what is your strategy specifically?,1787686891.650003
sx78hwmu,126,2pdf71su,18-bargaining_tdl_main-341_2_3,LeftPartner,It is likely a social experiment,1787686892.9236314
sx78hwmu,141,5xxsy1s6,18-bargaining_tdl_main-349_2_3,LeftPartner,absolutely. Do you promise to support me if I support you?,1787686893.6416318
sx78hwmu,154,tirapc7m,18-bargaining_tdl_main-346_1_3,LeftPartner,They just responded to me... ,1787686894.825946
sx78hwmu,151,v525xtit,18-bargaining_tdl_main-347_2_3,RightPartner,"Sure, that sounds good. We can both have a good tuesday with an extra $3",1787686896.3789737
sx78hwmu,154,tirapc7m,18-bargaining_tdl_main-346_1_3,LeftPartner,"Okay, they left lol",1787686900.6651082
sx78hwmu,157,1m9ee9x6,18-bargaining_tdl_main-350_2_3,RightPartner,This is an odd study,1787686900.8471673
sx78hwmu,102,kmncc961,18-bargaining_tdl_main-341_1_2,LeftPartner,I guess we just move on and hit next?,1787686901.6441908
sx78hwmu,146,5p29bzo3,18-bargaining_tdl_main-350_1_2,LeftPartner,What would you like to talk about?,1787686903.1099353
sx78hwmu,135,x5j579jk,18-bargaining_tdl_main-349_1_2,LeftPartner,"Seems like a plan, what do you suggest specifically>",1787686904.9722679
sx78hwmu,138,l8ercwm0,18-bargaining_tdl_main-347_2_3,LeftPartner,Either some of us make the money or no one  does.  It kind of speaks to self interest.,1787686905.8158352
sx78hwmu,153,awt5ws2e,18-bargaining_tdl_main-350_2_3,LeftPartner,i think were supposed to talk about who to support? is that right?,1787686907.885724
sx78hwmu,157,1m9ee9x6,18-bargaining_tdl_main-350_1_3,LeftPartner,Yes ,1787686910.7089846
sx78hwmu,146,5p29bzo3,18-bargaining_tdl_main-350_1_3,RightPartner,"lol, it's definitely different!",1787686910.8845387
sx78hwmu,146,5p29bzo3,18-bargaining_tdl_main-350_1_3,RightPartner,What shall we talk about?,1787686914.0327413
sx78hwmu,140,pu8wpgy7,18-bargaining_tdl_main-346_1_3,RightPartner,"yeah, it says the same on my end as well lol",1787686914.2795968
sx78hwmu,157,1m9ee9x6,18-bargaining_tdl_main-350_2_3,RightPartner,I think so,1787686916.1054184
sx78hwmu,154,tirapc7m,18-bargaining_tdl_main-346_1_3,LeftPartner,Can I assume we support each other?,1787686918.960189
sx78hwmu,138,l8ercwm0,18-bargaining_tdl_main-347_2_3,LeftPartner,Whoohoo $3!,1787686922.9859679
sx78hwmu,129,q2ul7jfc,18-bargaining_tdl_main-348_2_3,LeftPartner,"well its just you and me, I will pick purple",1787686926.9579296
sx78hwmu,156,b2e63o3u,18-bargaining_tdl_main-351_1_2,RightPartner,who do you think you're going to support?,1787686931.1954753
sx78hwmu,135,x5j579jk,18-bargaining_tdl_main-349_1_2,LeftPartner,Do you know my color?,1787686932.6730578
sx78hwmu,153,awt5ws2e,18-bargaining_tdl_main-350_1_2,RightPartner,"i think were supposed to talk about who we support, is that right?",1787686934.0472162
sx78hwmu,134,4l54zakt,18-bargaining_tdl_main-341_2_3,RightPartner,"yea, it is, but I don't understand the deeper meaning of it",1787686935.6873057
sx78hwmu,151,v525xtit,18-bargaining_tdl_main-347_2_3,RightPartner,Yeah true. Very interesting study lol,1787686936.5512207
sx78hwmu,135,x5j579jk,18-bargaining_tdl_main-349_1_3,RightPartner,Do you know my color>,1787686938.1035016
sx78hwmu,156,b2e63o3u,18-bargaining_tdl_main-351_2_3,LeftPartner,who do you think of supporting?,1787686938.6732984
sx78hwmu,157,1m9ee9x6,18-bargaining_tdl_main-350_1_3,LeftPartner,Who we are going to pick - what do you think is the fairest way? ,1787686939.103671
sx78hwmu,160,hfy8aj5o,18-bargaining_tdl_main-348_2_3,RightPartner,I'm not sure.  I'll Pick you,1787686940.3346417
sx78hwmu,153,awt5ws2e,18-bargaining_tdl_main-350_2_3,LeftPartner,can you see my color?,1787686941.9795103
sx78hwmu,140,pu8wpgy7,18-bargaining_tdl_main-346_1_3,RightPartner,yes! i support you and you support me!!!,1787686942.3984091
sx78hwmu,131,ca9zplxm,18-bargaining_tdl_main-351_1_3,RightPartner,Who do you think you are going to support?,1787686942.6272078
sx78hwmu,159,2sqysri4,18-bargaining_tdl_main-349_1_3,LeftPartner,I agree..why not..My strategy is to basically find someone that is willing to mutually support each other. pretty simple.. you?,1787686942.6309834
sx78hwmu,156,b2e63o3u,18-bargaining_tdl_main-351_2_3,LeftPartner,hello,1787686942.8367352
sx78hwmu,141,5xxsy1s6,18-bargaining_tdl_main-349_1_2,RightPartner,"To support the person that supports me. Yes, you are yellow",1787686944.3424218
sx78hwmu,156,b2e63o3u,18-bargaining_tdl_main-351_1_2,RightPartner,hi,1787686944.8259764
sx78hwmu,138,l8ercwm0,18-bargaining_tdl_main-347_2_3,LeftPartner,"It looks like we can move to the next stage, so I'm going to move on and choose Purple.",1787686946.6622117
sx78hwmu,154,tirapc7m,18-bargaining_tdl_main-346_1_3,LeftPartner,Yay!,1787686948.476384
sx78hwmu,157,1m9ee9x6,18-bargaining_tdl_main-350_2_3,RightPartner,What do you think is the fairest way?,1787686950.9875891
sx78hwmu,159,2sqysri4,18-bargaining_tdl_main-349_1_3,LeftPartner,your color is yellow..,1787686952.767391
sx78hwmu,153,awt5ws2e,18-bargaining_tdl_main-350_1_2,RightPartner,can you see my color?,1787686956.052613
sx78hwmu,141,5xxsy1s6,18-bargaining_tdl_main-349_1_2,RightPartner,Do you know mine?,1787686956.9639015
sx78hwmu,154,tirapc7m,18-bargaining_tdl_main-346_1_3,LeftPartner,"Okay, I'm gonna hit next...",1787686957.9224749
sx78hwmu,162,g6aaoece,18-bargaining_tdl_main-351_1_3,LeftPartner,hello,1787686958.1801815
sx78hwmu,162,g6aaoece,18-bargaining_tdl_main-351_2_3,RightPartner,hello,1787686963.2977493
sx78hwmu,126,2pdf71su,18-bargaining_tdl_main-341_2_3,LeftPartner,"I am just leaving chat, I guess that's enough",1787686964.4064763
sx78hwmu,131,ca9zplxm,18-bargaining_tdl_main-351_1_2,LeftPartner,I think the one who supports me?,1787686964.8012722
sx78hwmu,146,5p29bzo3,18-bargaining_tdl_main-350_1_2,LeftPartner,"Well, if you and me are going to support each other, we do not want purple to support us. Yes, you are orange.",1787686965.3311853
sx78hwmu,134,4l54zakt,18-bargaining_tdl_main-341_2_3,RightPartner,that's why I am not a researcher,1787686965.6798198
sx78hwmu,135,x5j579jk,18-bargaining_tdl_main-349_1_2,LeftPartner,"I support you, Orange.",1787686965.8887534
sx78hwmu,153,awt5ws2e,18-bargaining_tdl_main-350_2_3,LeftPartner,"idk, but can you see my color?",1787686966.4406538
sx78hwmu,134,4l54zakt,18-bargaining_tdl_main-341_2_3,RightPartner,ok,1787686969.019105
sx78hwmu,140,pu8wpgy7,18-bargaining_tdl_main-346_1_3,RightPartner,okay!!!,1787686969.4880993
sx78hwmu,134,4l54zakt,18-bargaining_tdl_main-341_2_3,RightPartner,have a nice day,1787686973.1995683
sx78hwmu,157,1m9ee9x6,18-bargaining_tdl_main-350_2_3,RightPartner,Yes you are Orange- what am I? ,1787686973.5737166
sx78hwmu,153,awt5ws2e,18-bargaining_tdl_main-350_2_3,LeftPartner,purple!,1787686979.3928978
sx78hwmu,164,0ngr42fc,18-bargaining_tdl_main-352_2_3,LeftPartner,hey,1787686982.2765408
sx78hwmu,141,5xxsy1s6,18-bargaining_tdl_main-349_1_2,RightPartner,Ok agreed. This is a promise. ,1787686984.3931496
sx78hwmu,146,5p29bzo3,18-bargaining_tdl_main-350_1_3,RightPartner,"Well, I don't know. I just said this to orange, but if you and I are to support each other, we would not want orange to support us.",1787686985.038289
sx78hwmu,157,1m9ee9x6,18-bargaining_tdl_main-350_1_3,LeftPartner,Your color is Yellow- what is mine,1787686987.971341
sx78hwmu,156,b2e63o3u,18-bargaining_tdl_main-351_1_2,RightPartner,how do you know who's going to support you?,1787686988.8054907
sx78hwmu,166,k1l3qggf,18-bargaining_tdl_main-352_2_3,RightPartner,hey,1787686991.6991599
sx78hwmu,146,5p29bzo3,18-bargaining_tdl_main-350_1_3,RightPartner,You are purple,1787686992.1281419
sx78hwmu,135,x5j579jk,18-bargaining_tdl_main-349_1_3,RightPartner,"Well, Purple, you likely have the same dilemma whom to support between two of us. ",1787686993.7523563
sx78hwmu,146,5p29bzo3,18-bargaining_tdl_main-350_1_3,RightPartner,"and yes, I'm yellow",1787686997.3407068
sx78hwmu,159,2sqysri4,18-bargaining_tdl_main-349_2_3,RightPartner,"Yes, if you promise to support me, I will do the same.  Do you agree to this?",1787686998.1862836
sx78hwmu,156,b2e63o3u,18-bargaining_tdl_main-351_2_3,LeftPartner,hope you're well,1787686998.2758353
sx78hwmu,164,0ngr42fc,18-bargaining_tdl_main-352_2_3,LeftPartner,so it seems like there are 3 rounds based on 3 bonus each round and max $9 bonus per the details,1787687002.006606
sx78hwmu,156,b2e63o3u,18-bargaining_tdl_main-351_2_3,LeftPartner,how are you going to play this?,1787687004.8678246
sx78hwmu,146,5p29bzo3,18-bargaining_tdl_main-350_1_3,RightPartner,"If all of us support each other, none of us get a bonus.",1787687007.2868562
sx78hwmu,153,awt5ws2e,18-bargaining_tdl_main-350_1_2,RightPartner,"idk but im talking to like 2 people at once, how many people are you talking to?",1787687008.6141489
sx78hwmu,157,1m9ee9x6,18-bargaining_tdl_main-350_2_3,RightPartner,Okay,1787687012.9436553
sx78hwmu,162,g6aaoece,18-bargaining_tdl_main-351_2_3,RightPartner,how about we support each other?,1787687013.1009796
sx78hwmu,164,0ngr42fc,18-bargaining_tdl_main-352_2_3,LeftPartner,yellow participant left the chat immediately..,1787687013.1462781
sx78hwmu,146,5p29bzo3,18-bargaining_tdl_main-350_1_2,LeftPartner,I'm talkign to you and purple.,1787687016.8325913
sx78hwmu,141,5xxsy1s6,18-bargaining_tdl_main-349_1_2,RightPartner,I will stop negotiation with anyone else,1787687019.976574
sx78hwmu,164,0ngr42fc,18-bargaining_tdl_main-352_2_3,LeftPartner,i was going to suggest that of each 3 rounds we coordinate to each give one person a bonus ,1787687028.7544308
sx78hwmu,135,x5j579jk,18-bargaining_tdl_main-349_1_3,RightPartner,I think I am promissing the other candidate because we finished our conversation more quickly,1787687029.3809118
sx78hwmu,153,awt5ws2e,18-bargaining_tdl_main-350_1_2,RightPartner,"oooohh... that's how that works, now i got it!",1787687030.6791608
sx78hwmu,146,5p29bzo3,18-bargaining_tdl_main-350_1_2,LeftPartner,"So, 2 as well. And as I just told them, if all of us support each other, none of us get a bonus",1787687035.0695186
sx78hwmu,166,k1l3qggf,18-bargaining_tdl_main-352_2_3,RightPartner,"yeah I think the best way for us both to earn is if we support each other. If we agree to back each other, we’ll both get $3 instead of risking $0. I’m planning to support you if you’ll support me back. What do you think?”",1787687037.9716232
sx78hwmu,131,ca9zplxm,18-bargaining_tdl_main-351_1_2,LeftPartner,"Thats the thing, we need to discuss  because our incentives are based off mutual support",1787687038.9459288
sx78hwmu,135,x5j579jk,18-bargaining_tdl_main-349_1_2,LeftPartner,Agreed. ,1787687039.9767923
sx78hwmu,153,awt5ws2e,18-bargaining_tdl_main-350_2_3,LeftPartner,are you talking to yellow?,1787687042.0450068
sx78hwmu,146,5p29bzo3,18-bargaining_tdl_main-350_1_2,LeftPartner,"So, basically, we have to stick it to one person not to get a bonus.",1787687045.2187192
sx78hwmu,164,0ngr42fc,18-bargaining_tdl_main-352_2_3,LeftPartner,"but if they had no interest to support/coordinate, then we could join up?",1787687049.0083458
sx78hwmu,159,2sqysri4,18-bargaining_tdl_main-349_1_3,LeftPartner,"oh..okay..so we are not partnering, for clarity.",1787687051.5843496
sx78hwmu,157,1m9ee9x6,18-bargaining_tdl_main-350_1_3,LeftPartner,So We can only support one person? ,1787687053.337764
sx78hwmu,153,awt5ws2e,18-bargaining_tdl_main-350_2_3,LeftPartner,what do you want to do? i like purple,1787687054.8069978
sx78hwmu,141,5xxsy1s6,18-bargaining_tdl_main-349_1_2,RightPartner,Thanks. I assume they are trying to make the same deal. ,1787687056.490998
sx78hwmu,146,5p29bzo3,18-bargaining_tdl_main-350_1_3,RightPartner,"So, basically, we have to stick it to one person not to get a bonus.",1787687056.6216335
sx78hwmu,166,k1l3qggf,18-bargaining_tdl_main-352_2_3,RightPartner,yeah,1787687061.4443057
sx78hwmu,135,x5j579jk,18-bargaining_tdl_main-349_1_3,RightPartner,That is correct. I am sorry. ,1787687062.0465899
sx78hwmu,157,1m9ee9x6,18-bargaining_tdl_main-350_2_3,RightPartner,Yes,1787687065.3956199
sx78hwmu,141,5xxsy1s6,18-bargaining_tdl_main-349_1_2,RightPartner,Glad we made a promise firt,1787687065.657005
sx78hwmu,141,5xxsy1s6,18-bargaining_tdl_main-349_1_2,RightPartner,first*,1787687070.3647368
sx78hwmu,146,5p29bzo3,18-bargaining_tdl_main-350_1_3,RightPartner,"No, I think we can support both, but if we all support each other, none of us get a bonus",1787687073.861546
sx78hwmu,153,awt5ws2e,18-bargaining_tdl_main-350_2_3,LeftPartner,but 2 people have to support each other to get paid,1787687074.9424407
sx78hwmu,159,2sqysri4,18-bargaining_tdl_main-349_2_3,RightPartner,I agree to this..but the other person indicates they are already partnering with you..,1787687077.3474498
sx78hwmu,164,0ngr42fc,18-bargaining_tdl_main-352_2_3,LeftPartner,i'm willing to support you in favor of returned support! ,1787687077.3534167
sx78hwmu,135,x5j579jk,18-bargaining_tdl_main-349_1_2,LeftPartner,"Well, I was above board with the other candidate and told the other candidate that we had already concluded our alliance. ",1787687084.3364313
sx78hwmu,157,1m9ee9x6,18-bargaining_tdl_main-350_1_3,LeftPartner,I am fine not to get the bonus ,1787687085.0499203
sx78hwmu,159,2sqysri4,18-bargaining_tdl_main-349_2_3,RightPartner,"this is the tricky part, i guess.",1787687089.1080964
sx78hwmu,146,5p29bzo3,18-bargaining_tdl_main-350_1_3,RightPartner,That's how I interpreted the instructions.,1787687090.807152
sx78hwmu,157,1m9ee9x6,18-bargaining_tdl_main-350_2_3,RightPartner,I am fine not to get the bonus,1787687095.343474
sx78hwmu,141,5xxsy1s6,18-bargaining_tdl_main-349_2_3,LeftPartner,I am. They agreed before you did,1787687095.5065122
sx78hwmu,162,g6aaoece,18-bargaining_tdl_main-351_2_3,RightPartner,what do you think?,1787687100.7971425
sx78hwmu,153,awt5ws2e,18-bargaining_tdl_main-350_2_3,LeftPartner,really?,1787687102.3213305
sx78hwmu,159,2sqysri4,18-bargaining_tdl_main-349_1_3,LeftPartner,no worries..but are you sure the other partner is committing to you..,1787687102.7377112
sx78hwmu,170,acf8mxxm,18-bargaining_tdl_main-353_1_2,RightPartner,Want to support each other and each get $3?,1787687105.8650234
sx78hwmu,146,5p29bzo3,18-bargaining_tdl_main-350_1_3,RightPartner,"Well, that makes it really easy, and as someone who could use the bonus, I say thank you.",1787687107.4738674
sx78hwmu,141,5xxsy1s6,18-bargaining_tdl_main-349_1_2,RightPartner,I told them we made an agreement first,1787687109.8007104
sx78hwmu,166,k1l3qggf,18-bargaining_tdl_main-352_2_3,RightPartner,yeah i will,1787687110.9305787
sx78hwmu,162,g6aaoece,18-bargaining_tdl_main-351_1_3,LeftPartner,should we support each other?,1787687112.1350832
sx78hwmu,153,awt5ws2e,18-bargaining_tdl_main-350_1_2,RightPartner,"welly, purple said he's fine not to get the bonus",1787687114.5934548
sx78hwmu,146,5p29bzo3,18-bargaining_tdl_main-350_1_3,RightPartner,Can you let orange know that as well? please,1787687115.981385
sx78hwmu,156,b2e63o3u,18-bargaining_tdl_main-351_1_2,RightPartner,very true,1787687116.8339922
sx78hwmu,173,3g6415kr,18-bargaining_tdl_main-354_1_2,RightPartner,hi,1787687117.0521874
sx78hwmu,164,0ngr42fc,18-bargaining_tdl_main-352_2_3,LeftPartner,"perfect. ill ""next"" and move onto the next part! ",1787687119.9292696
sx78hwmu,157,1m9ee9x6,18-bargaining_tdl_main-350_2_3,RightPartner,yes- I think it's just a few dollars ,1787687120.6366234
sx78hwmu,146,5p29bzo3,18-bargaining_tdl_main-350_1_2,LeftPartner,"yep, they just told me that too",1787687123.5806227
sx78hwmu,159,2sqysri4,18-bargaining_tdl_main-349_2_3,RightPartner,"for my clarity, you are not going to partner with me..is this true?",1787687124.207204
sx78hwmu,157,1m9ee9x6,18-bargaining_tdl_main-350_1_3,LeftPartner,I have,1787687124.5613356
sx78hwmu,169,48t9jpu7,18-bargaining_tdl_main-354_1_3,RightPartner,I choose purple,1787687124.9006631
sx78hwmu,156,b2e63o3u,18-bargaining_tdl_main-351_1_2,RightPartner,so let's support each other than?,1787687125.7345195
sx78hwmu,141,5xxsy1s6,18-bargaining_tdl_main-349_1_2,RightPartner,I would  have made an agreement with them if they had answered first ,1787687125.8426836
sx78hwmu,171,exk25ayb,18-bargaining_tdl_main-353_2_3,RightPartner,i'll support you if you support me,1787687128.9013515
sx78hwmu,153,awt5ws2e,18-bargaining_tdl_main-350_1_2,RightPartner,so i guess it's me and you!,1787687131.0992832
sx78hwmu,167,p98pz655,18-bargaining_tdl_main-353_1_2,LeftPartner,That works for me. The Purple participant hasn't messaged.,1787687131.8942118
sx78hwmu,131,ca9zplxm,18-bargaining_tdl_main-351_1_2,LeftPartner,yes ofcourse.,1787687134.7496083
sx78hwmu,169,48t9jpu7,18-bargaining_tdl_main-354_1_2,LeftPartner,i choose purple,1787687135.541526
sx78hwmu,146,5p29bzo3,18-bargaining_tdl_main-350_1_2,LeftPartner,"So, you and I should support each other, then you and I will each get a bonus",1787687136.3399107
sx78hwmu,173,3g6415kr,18-bargaining_tdl_main-354_2_3,LeftPartner,hi,1787687137.3945258
sx78hwmu,174,6th6h9zr,18-bargaining_tdl_main-354_1_3,LeftPartner,i choose yellow then,1787687140.4925053
sx78hwmu,146,5p29bzo3,18-bargaining_tdl_main-350_1_2,LeftPartner,Yes! That was nice of purple,1787687141.246844
sx78hwmu,141,5xxsy1s6,18-bargaining_tdl_main-349_1_2,RightPartner,My agreement is only with you,1787687142.1365366
sx78hwmu,174,6th6h9zr,18-bargaining_tdl_main-354_2_3,RightPartner,hi,1787687142.8571343
sx78hwmu,135,x5j579jk,18-bargaining_tdl_main-349_1_3,RightPartner,I suppose. I made a promise and I don't betray. Sorry to elevate it to that level lol. ,1787687144.2211328
sx78hwmu,168,ll633xhr,18-bargaining_tdl_main-355_1_2,LeftPartner,Hi!,1787687146.0634966
sx78hwmu,170,acf8mxxm,18-bargaining_tdl_main-353_1_2,RightPartner,"Okay, perfect",1787687146.3351662
sx78hwmu,167,p98pz655,18-bargaining_tdl_main-353_1_3,RightPartner,hello. Who are you supporting/,1787687146.8479786
sx78hwmu,169,48t9jpu7,18-bargaining_tdl_main-354_1_3,RightPartner,ok,1787687149.2791376
sx78hwmu,168,ll633xhr,18-bargaining_tdl_main-355_1_3,RightPartner,Hello!,1787687149.730267
sx78hwmu,153,awt5ws2e,18-bargaining_tdl_main-350_1_2,RightPartner,yes!... i feel bad for purple now!,1787687151.4670193
sx78hwmu,175,bjum8mkr,18-bargaining_tdl_main-355_1_3,LeftPartner,I’m hoping we can coordinate so two people support each other and both earn $3. I’m willing to support you if you agree to support me,1787687152.824425
sx78hwmu,172,ys4q8fza,18-bargaining_tdl_main-355_1_2,RightPartner,hey how are you,1787687155.0789213
sx78hwmu,171,exk25ayb,18-bargaining_tdl_main-353_1_3,LeftPartner,we can support each other?,1787687157.3552835
sx78hwmu,153,awt5ws2e,18-bargaining_tdl_main-350_1_2,RightPartner,and he left his chat!,1787687158.399181
sx78hwmu,172,ys4q8fza,18-bargaining_tdl_main-355_2_3,LeftPartner,how are you,1787687160.9372835
sx78hwmu,175,bjum8mkr,18-bargaining_tdl_main-355_2_3,RightPartner,I’m hoping we can coordinate so two people support each other and both earn $3. I’m willing to support you if you agree to support me,1787687165.9374068
sx78hwmu,141,5xxsy1s6,18-bargaining_tdl_main-349_2_3,LeftPartner,"Yes, Im sorry",1787687165.9405525
sx78hwmu,163,03dsxxqh,18-bargaining_tdl_main-356_1_2,LeftPartner,hi,1787687165.9463518
sx78hwmu,146,5p29bzo3,18-bargaining_tdl_main-350_1_2,LeftPartner,"lol, I don't. They are comfortable enough that they don't need the bonus, lol",1787687166.599893
sx78hwmu,135,x5j579jk,18-bargaining_tdl_main-349_1_2,LeftPartner,"Yes, this relies on trust. I made a promise and I keep it. So, there really is not too much more to say. ",1787687168.4455898
sx78hwmu,178,ib92r4av,18-bargaining_tdl_main-356_1_2,RightPartner,Hi yellow!,1787687169.433998
sx78hwmu,159,2sqysri4,18-bargaining_tdl_main-349_1_3,LeftPartner,they are saying they are not committed. and will commit to me.. ,1787687170.168463
sx78hwmu,146,5p29bzo3,18-bargaining_tdl_main-350_1_2,LeftPartner,I do think it was nice of them.,1787687171.683517
sx78hwmu,168,ll633xhr,18-bargaining_tdl_main-355_1_2,LeftPartner,I'm good! Just at work lol how are you,1787687171.8044329
sx78hwmu,178,ib92r4av,18-bargaining_tdl_main-356_1_2,RightPartner,make a deal to support each other?,1787687179.4513416
sx78hwmu,156,b2e63o3u,18-bargaining_tdl_main-351_2_3,LeftPartner,that can work too unless you want to support yellow?,1787687180.343294
sx78hwmu,172,ys4q8fza,18-bargaining_tdl_main-355_1_2,RightPartner,oh dear,1787687182.3337214
sx78hwmu,146,5p29bzo3,18-bargaining_tdl_main-350_1_2,LeftPartner,"Well, I will support you, you support me, and we both get a bonus. :)",1787687185.0108778
sx78hwmu,178,ib92r4av,18-bargaining_tdl_main-356_2_3,LeftPartner,Hi Purple!,1787687185.0143483
sx78hwmu,141,5xxsy1s6,18-bargaining_tdl_main-349_1_2,RightPartner,I trust you and was honest with them,1787687186.5321646
sx78hwmu,182,lhitnmk0,18-bargaining_tdl_main-356_1_3,LeftPartner,Hello?,1787687186.898393
sx78hwmu,163,03dsxxqh,18-bargaining_tdl_main-356_1_2,LeftPartner,yep,1787687187.130599
sx78hwmu,153,awt5ws2e,18-bargaining_tdl_main-350_1_2,RightPartner,that was nice of him... but you just said it was nice of him... lol ,1787687191.224848
sx78hwmu,172,ys4q8fza,18-bargaining_tdl_main-355_2_3,LeftPartner,o,1787687191.6228206
sx78hwmu,135,x5j579jk,18-bargaining_tdl_main-349_1_3,RightPartner,What ever will be will be. I am going forward as I stated. ,1787687191.8588412
sx78hwmu,182,lhitnmk0,18-bargaining_tdl_main-356_2_3,RightPartner,Hi Orange!,1787687192.7253594
sx78hwmu,146,5p29bzo3,18-bargaining_tdl_main-350_1_2,LeftPartner,"Have a great day, my orange friend. :)",1787687192.7667918
sx78hwmu,163,03dsxxqh,18-bargaining_tdl_main-356_1_3,RightPartner,hi,1787687192.8818865
sx78hwmu,175,bjum8mkr,18-bargaining_tdl_main-355_1_3,LeftPartner,hello,1787687193.694273
sx78hwmu,175,bjum8mkr,18-bargaining_tdl_main-355_2_3,RightPartner,hello,1787687197.1484652
sx78hwmu,167,p98pz655,18-bargaining_tdl_main-353_1_3,RightPartner,Yes. You can choose you to support.,1787687198.650972
sx78hwmu,153,awt5ws2e,18-bargaining_tdl_main-350_1_2,RightPartner,"ok, lets rock yellow!",1787687198.944037
sx78hwmu,168,ll633xhr,18-bargaining_tdl_main-355_1_3,RightPartner,Hi! Just a moment,1787687205.918141
sx78hwmu,146,5p29bzo3,18-bargaining_tdl_main-350_1_2,LeftPartner,Let's go! :),1787687205.9210052
sx78hwmu,159,2sqysri4,18-bargaining_tdl_main-349_2_3,RightPartner,no problem.. but I would be a little concern..as the other partner said they are commited to me.. for the same reasons you stated.. ,1787687210.645857
sx78hwmu,162,g6aaoece,18-bargaining_tdl_main-351_2_3,RightPartner,i am on your side more,1787687211.3902833
sx78hwmu,171,exk25ayb,18-bargaining_tdl_main-353_1_3,LeftPartner,yes i will pick you. who are you picking?,1787687212.0305378
sx78hwmu,172,ys4q8fza,18-bargaining_tdl_main-355_2_3,LeftPartner,but if uou make this offer to the other person too we may all go without,1787687214.3946304
sx78hwmu,168,ll633xhr,18-bargaining_tdl_main-355_1_2,LeftPartner,What're you thinkin',1787687216.0599449
sx78hwmu,184,o6vjk7i0,18-bargaining_tdl_main-357_1_3,LeftPartner,what color does it say I am. It says you are yello,1787687219.0097234
sx78hwmu,163,03dsxxqh,18-bargaining_tdl_main-356_1_3,RightPartner,do yo want make a deal?,1787687221.104381
sx78hwmu,178,ib92r4av,18-bargaining_tdl_main-356_1_2,RightPartner,"Ok cool are your instructions if you support and that person supports back, you get $3?",1787687222.3955286
sx78hwmu,175,bjum8mkr,18-bargaining_tdl_main-355_2_3,RightPartner,i wont just us the other person not answering ,1787687227.8808396
sx78hwmu,172,ys4q8fza,18-bargaining_tdl_main-355_1_2,RightPartner,im thinking this is a trust game lol,1787687229.215838
sx78hwmu,178,ib92r4av,18-bargaining_tdl_main-356_2_3,LeftPartner,What are your instructions??,1787687231.5511222
sx78hwmu,182,lhitnmk0,18-bargaining_tdl_main-356_1_3,LeftPartner,What are you purposing?,1787687232.5315018
sx78hwmu,176,heilhuge,18-bargaining_tdl_main-358_1_3,RightPartner,Hey!,1787687233.8417194
sx78hwmu,177,qkhtx77n,18-bargaining_tdl_main-357_1_2,RightPartner,"hi, will you support me if I support you? ",1787687234.8284492
sx78hwmu,177,qkhtx77n,18-bargaining_tdl_main-357_2_3,LeftPartner,"Hi, will you support me if I support you? ",1787687235.6679933
sx78hwmu,163,03dsxxqh,18-bargaining_tdl_main-356_1_2,LeftPartner,yes,1787687238.463679
sx78hwmu,184,o6vjk7i0,18-bargaining_tdl_main-357_2_3,RightPartner,what color does it say I am? it says you are orange,1787687239.5836337
sx78hwmu,185,sv4dyhqd,18-bargaining_tdl_main-358_1_3,LeftPartner,Hello,1787687240.3331597
sx78hwmu,159,2sqysri4,18-bargaining_tdl_main-349_1_3,LeftPartner,definitely your choice...but I can guaranteed I will commit to you..,1787687242.149744
sx78hwmu,162,g6aaoece,18-bargaining_tdl_main-351_1_3,LeftPartner,??,1787687245.2453878
sx78hwmu,172,ys4q8fza,18-bargaining_tdl_main-355_2_3,LeftPartner,well thats mean,1787687246.8095691
sx78hwmu,176,heilhuge,18-bargaining_tdl_main-358_1_3,RightPartner,How's it going?,1787687247.4463494
sx78hwmu,152,xjzsmcl0,18-bargaining_tdl_main-357_1_3,RightPartner,You are Purple,1787687250.0716703
sx78hwmu,135,x5j579jk,18-bargaining_tdl_main-349_1_2,LeftPartner,"Well, the other candidate has tried to cast doubt about our alliance. All I can do is trust and assert to you that I intend to keep my promise. Ultimately it's only a few bucks. But no matter the outcome, I already promised you So nothing changes. ",1787687253.9339118
sx78hwmu,168,ll633xhr,18-bargaining_tdl_main-355_1_2,LeftPartner,For sure. Purple copy and pasted a message in and is kinda poking me right now,1787687254.5426977
sx78hwmu,177,qkhtx77n,18-bargaining_tdl_main-357_2_3,LeftPartner,You are purple. I'm orange. ,1787687256.6259196
sx78hwmu,141,5xxsy1s6,18-bargaining_tdl_main-349_2_3,LeftPartner,"be honest, do you trust that?",1787687258.0554328
sx78hwmu,185,sv4dyhqd,18-bargaining_tdl_main-358_1_3,LeftPartner,Great! And you?,1787687258.101577
sx78hwmu,176,heilhuge,18-bargaining_tdl_main-358_1_2,LeftPartner,Hey!,1787687259.7607677
sx78hwmu,184,o6vjk7i0,18-bargaining_tdl_main-357_2_3,RightPartner,"Yes, I will. Every time",1787687260.1963701
sx78hwmu,152,xjzsmcl0,18-bargaining_tdl_main-357_1_2,LeftPartner,Sure thing,1787687260.3382106
sx78hwmu,172,ys4q8fza,18-bargaining_tdl_main-355_1_2,RightPartner,other guy says you arent answering,1787687263.8129745
sx78hwmu,177,qkhtx77n,18-bargaining_tdl_main-357_2_3,LeftPartner,"Sweet, lets cash in. ",1787687270.9270947
sx78hwmu,184,o6vjk7i0,18-bargaining_tdl_main-357_2_3,RightPartner,Thank you,1787687271.059527
sx78hwmu,182,lhitnmk0,18-bargaining_tdl_main-356_2_3,RightPartner,I would imagine the same as your's. how would you like to proceed?,1787687271.3993251
sx78hwmu,175,bjum8mkr,18-bargaining_tdl_main-355_2_3,RightPartner,so lock in],1787687271.736301
sx78hwmu,185,sv4dyhqd,18-bargaining_tdl_main-358_1_3,LeftPartner,"Since you're the first I see here, I'll support you, Yellow.",1787687271.7847977
sx78hwmu,159,2sqysri4,18-bargaining_tdl_main-349_1_3,LeftPartner,whereas the other is not guaranteed based on their commitment to me.. I just don't trust the other person..so would rather commit with you,1787687272.1637807
sx78hwmu,172,ys4q8fza,18-bargaining_tdl_main-355_1_2,RightPartner,purple said you dont answer,1787687274.9274328
sx78hwmu,168,ll633xhr,18-bargaining_tdl_main-355_1_2,LeftPartner,Idk what to say ,1787687275.556037
sx78hwmu,175,bjum8mkr,18-bargaining_tdl_main-355_2_3,RightPartner,imma click next,1787687276.754504
sx78hwmu,152,xjzsmcl0,18-bargaining_tdl_main-357_1_3,RightPartner,Will you support me if I support you?,1787687279.0377202
sx78hwmu,178,ib92r4av,18-bargaining_tdl_main-356_1_2,RightPartner,Ok cool. I will for sure support you. The other person isn't responding. ,1787687279.586018
sx78hwmu,177,qkhtx77n,18-bargaining_tdl_main-357_2_3,LeftPartner,you too. ,1787687280.3939867
sx78hwmu,203,rw1rufwd,18-bargaining_tdl_main-359_2_3,LeftPartner,Hi. Should we support each other?,1787687281.4490614
sx78hwmu,185,sv4dyhqd,18-bargaining_tdl_main-358_2_3,RightPartner,Hell,1787687283.685693
sx78hwmu,135,x5j579jk,18-bargaining_tdl_main-349_1_3,RightPartner,"I don't play strategy games. I appreciate your thoughts and offer, but I do not intend to change ",1787687283.724891
sx78hwmu,131,ca9zplxm,18-bargaining_tdl_main-351_1_3,RightPartner,Im thinking of supporting orange. I want everyone earn something what are you thinking of doing?,1787687283.7648933
sx78hwmu,176,heilhuge,18-bargaining_tdl_main-358_1_3,RightPartner,Well that would be great :-),1787687285.161193
sx78hwmu,184,o6vjk7i0,18-bargaining_tdl_main-357_1_3,LeftPartner,I am supporting orange,1787687285.7208047
sx78hwmu,185,sv4dyhqd,18-bargaining_tdl_main-358_2_3,RightPartner,Hello,1787687286.2837336
sx78hwmu,141,5xxsy1s6,18-bargaining_tdl_main-349_1_2,RightPartner,they are sending me a message that you are not telling the truth but I do not believe them,1787687286.9754722
sx78hwmu,177,qkhtx77n,18-bargaining_tdl_main-357_1_2,RightPartner,What color are you? ,1787687287.353553
sx78hwmu,178,ib92r4av,18-bargaining_tdl_main-356_2_3,LeftPartner,So exactly what on your instructions?,1787687290.781068
sx78hwmu,214,93s36aqr,18-bargaining_tdl_main-359_2_3,RightPartner,yea sure that sounds good to me,1787687292.9762971
sx78hwmu,168,ll633xhr,18-bargaining_tdl_main-355_1_2,LeftPartner,Purple jumped immediately trying to form an alliance ,1787687293.2697062
sx78hwmu,176,heilhuge,18-bargaining_tdl_main-358_1_2,LeftPartner,Anybody there?,1787687296.877053
sx78hwmu,159,2sqysri4,18-bargaining_tdl_main-349_2_3,RightPartner,yes..and the same question can be raised between you and the other person,1787687301.094434
sx78hwmu,152,xjzsmcl0,18-bargaining_tdl_main-357_1_2,LeftPartner,Purple,1787687301.2561681
sx78hwmu,172,ys4q8fza,18-bargaining_tdl_main-355_1_2,RightPartner,would you like to support each other as he or she is rude and bossy,1787687301.9668324
sx78hwmu,203,rw1rufwd,18-bargaining_tdl_main-359_2_3,LeftPartner,sweet!,1787687305.7173743
sx78hwmu,214,93s36aqr,18-bargaining_tdl_main-359_1_3,LeftPartner,should we support each other and let orange go on his own?,1787687305.7211497
sx78hwmu,185,sv4dyhqd,18-bargaining_tdl_main-358_1_3,LeftPartner,"Orange isn't very talkative, so that's reason enough.",1787687305.8154936
sx78hwmu,184,o6vjk7i0,18-bargaining_tdl_main-357_2_3,RightPartner,"I just told yellow that I am supporting you. I feel bad, but you messaged me first",1787687307.8563666
sx78hwmu,152,xjzsmcl0,18-bargaining_tdl_main-357_1_3,RightPartner,Alright,1787687315.6245024
sx78hwmu,168,ll633xhr,18-bargaining_tdl_main-355_1_2,LeftPartner,YES lol sure,1787687315.9416986
sx78hwmu,201,ak1y3l22,18-bargaining_tdl_main-359_1_3,RightPartner,yes,1787687316.6060019
sx78hwmu,176,heilhuge,18-bargaining_tdl_main-358_1_3,RightPartner,"Sure, that does seem like the case.",1787687319.5615947
sx78hwmu,168,ll633xhr,18-bargaining_tdl_main-355_1_2,LeftPartner,I was thinking the same thing,1787687321.859858
sx78hwmu,181,v8g6snqb,18-bargaining_tdl_main-358_1_2,RightPartner,"Hi Yellow, I’m happy to support you if you support Orange as well. That way we can both earn $3",1787687322.3033524
sx78hwmu,187,qsrckyem,18-bargaining_tdl_main-361_1_2,LeftPartner,Hello,1787687322.7185576
sx78hwmu,214,93s36aqr,18-bargaining_tdl_main-359_1_3,LeftPartner,"awesome, sounds good",1787687322.9063404
sx78hwmu,225,94miv49z,18-bargaining_tdl_main-360_2_3,RightPartner,Are you planning to support anyone?,1787687324.916912
sx78hwmu,187,qsrckyem,18-bargaining_tdl_main-361_1_3,RightPartner,Hello,1787687327.0881407
sx78hwmu,232,9u4z9qkr,18-bargaining_tdl_main-362_2_3,LeftPartner,Hey want to suppport each other,1787687328.083052
sx78hwmu,221,evb6esc2,18-bargaining_tdl_main-360_2_3,LeftPartner,I'm going to support you no matter what. I figured I'd pick a color and support them. I didn't send a message to yellow.,1787687328.1257286
sx78hwmu,159,2sqysri4,18-bargaining_tdl_main-349_2_3,RightPartner,if you can commit to me..I guarantee I will commit to you..just being transparent,1787687328.1974685
sx78hwmu,135,x5j579jk,18-bargaining_tdl_main-349_1_2,LeftPartner,Believe me or don't . It's up to you. I really don't enjoy strategy games where it is about backstabbing. That's why I don't work in Washington DC or politics. ,1787687329.9638274
sx78hwmu,232,9u4z9qkr,18-bargaining_tdl_main-362_2_3,LeftPartner,We will both earn money out of it,1787687332.2806451
sx78hwmu,234,eq1qqtj0,18-bargaining_tdl_main-362_2_3,RightPartner,Sure,1787687332.4728665
sx78hwmu,208,6z189xr6,18-bargaining_tdl_main-363_2_3,LeftPartner,Hello!,1787687332.5981283
sx78hwmu,152,xjzsmcl0,18-bargaining_tdl_main-357_1_2,LeftPartner,Kindly support me,1787687332.9108143
sx78hwmu,201,ak1y3l22,18-bargaining_tdl_main-359_1_2,LeftPartner,lets support each other and let purple go on their own.,1787687334.6381423
sx78hwmu,159,2sqysri4,18-bargaining_tdl_main-349_1_3,LeftPartner,thats fine..,1787687334.739997
sx78hwmu,196,w49tmm6x,18-bargaining_tdl_main-362_1_3,RightPartner,hello,1787687335.554469
sx78hwmu,181,v8g6snqb,18-bargaining_tdl_main-358_2_3,LeftPartner,"Hi Purple, would you be willing to support Orange if I support you? That would give us both $3",1787687335.9272838
sx78hwmu,208,6z189xr6,18-bargaining_tdl_main-363_1_2,RightPartner,Hi!,1787687336.5292842
sx78hwmu,178,ib92r4av,18-bargaining_tdl_main-356_2_3,LeftPartner,I was told if I support someone and they support back we both get $3,1787687336.8659272
sx78hwmu,182,lhitnmk0,18-bargaining_tdl_main-356_2_3,RightPartner,I'm supposed to choose to support either you or yellow. depending on who each of us chooses I'll either get paid or I won't,1787687337.0158093
sx78hwmu,172,ys4q8fza,18-bargaining_tdl_main-355_1_2,RightPartner,"they did that to me too, i just wanted to test the chat out lol",1787687337.1313436
sx78hwmu,177,qkhtx77n,18-bargaining_tdl_main-357_2_3,LeftPartner,"Ok it's fine, yellow lies anyways. ",1787687337.180741
sx78hwmu,168,ll633xhr,18-bargaining_tdl_main-355_1_2,LeftPartner,I gotta figure out what to say to purple,1787687338.787387
sx78hwmu,162,g6aaoece,18-bargaining_tdl_main-351_1_3,LeftPartner,i will support you if you support me back. ,1787687339.6554956
sx78hwmu,228,5n8eqiid,18-bargaining_tdl_main-363_2_3,RightPartner,Hi,1787687340.8713684
sx78hwmu,234,eq1qqtj0,18-bargaining_tdl_main-362_1_3,LeftPartner,hey,1787687341.8742738
sx78hwmu,188,jelpjnu4,18-bargaining_tdl_main-363_1_2,LeftPartner,hello,1787687343.1901677
sx78hwmu,141,5xxsy1s6,18-bargaining_tdl_main-349_1_2,RightPartner,I believe you. It is the only way,1787687346.9210083
sx78hwmu,232,9u4z9qkr,18-bargaining_tdl_main-362_1_2,RightPartner,Hey want to support each other we will both earn money out of it,1787687347.1439059
sx78hwmu,135,x5j579jk,18-bargaining_tdl_main-349_1_3,RightPartner,Glad you appreciate my ethics. ,1787687348.189896
sx78hwmu,176,heilhuge,18-bargaining_tdl_main-358_1_3,RightPartner,If we decide to support each other does that mean we can be done with the chat?,1787687348.5009768
sx78hwmu,184,o6vjk7i0,18-bargaining_tdl_main-357_1_3,LeftPartner,sorry. they messaged me firs,1787687351.3817332
sx78hwmu,188,jelpjnu4,18-bargaining_tdl_main-363_1_3,RightPartner,hi what should our strategy be,1787687351.5432518
sx78hwmu,196,w49tmm6x,18-bargaining_tdl_main-362_1_2,LeftPartner,Sure,1787687352.5460858
sx78hwmu,225,94miv49z,18-bargaining_tdl_main-360_2_3,RightPartner,"Works for me, you have my support! ",1787687352.9708986
sx78hwmu,232,9u4z9qkr,18-bargaining_tdl_main-362_2_3,LeftPartner,Okay cool,1787687358.3979948
sx78hwmu,232,9u4z9qkr,18-bargaining_tdl_main-362_1_2,RightPartner,Okay cool,1787687361.6439445
sx78hwmu,177,qkhtx77n,18-bargaining_tdl_main-357_1_2,RightPartner,"So, who is purple gonna support? ",1787687362.9878879
sx78hwmu,185,sv4dyhqd,18-bargaining_tdl_main-358_1_3,LeftPartner,I think so.,1787687363.111364
sx78hwmu,208,6z189xr6,18-bargaining_tdl_main-363_1_2,RightPartner,Do you have a plan?,1787687364.031122
sx78hwmu,176,heilhuge,18-bargaining_tdl_main-358_1_2,LeftPartner,I do like the earning money aspect of this. Haha.,1787687365.5722544
sx78hwmu,184,o6vjk7i0,18-bargaining_tdl_main-357_2_3,RightPartner,:D,1787687367.2935886
sx78hwmu,172,ys4q8fza,18-bargaining_tdl_main-355_1_2,RightPartner,they told me they gonna hit next to get me to agree,1787687367.7076013
sx78hwmu,185,sv4dyhqd,18-bargaining_tdl_main-358_1_3,LeftPartner,I'll hit next and then choose to support you.,1787687369.1694663
sx78hwmu,182,lhitnmk0,18-bargaining_tdl_main-356_2_3,RightPartner,okay so we have the same instructions. would you like to support each other?,1787687370.091427
sx78hwmu,202,jycbkp11,18-bargaining_tdl_main-364_1_3,RightPartner,hello,1787687370.9171393
sx78hwmu,152,xjzsmcl0,18-bargaining_tdl_main-357_1_3,RightPartner,No worries,1787687371.7763343
sx78hwmu,208,6z189xr6,18-bargaining_tdl_main-363_2_3,LeftPartner,Do you have a plan already?,1787687374.1251688
sx78hwmu,202,jycbkp11,18-bargaining_tdl_main-364_1_2,LeftPartner,hello ,1787687374.1285443
sx78hwmu,231,9i8w8nuw,18-bargaining_tdl_main-364_1_2,RightPartner,if i support you will you support me,1787687376.610004
sx78hwmu,176,heilhuge,18-bargaining_tdl_main-358_1_3,RightPartner,Awesome.,1787687382.5692148
sx78hwmu,178,ib92r4av,18-bargaining_tdl_main-356_2_3,LeftPartner,Sure I can do that!,1787687383.8983893
sx78hwmu,237,flm3bmre,18-bargaining_tdl_main-365_1_3,LeftPartner,hi hows it going,1787687384.198393
sx78hwmu,172,ys4q8fza,18-bargaining_tdl_main-355_2_3,LeftPartner,but you dont know your chances yet,1787687384.5893862
sx78hwmu,141,5xxsy1s6,18-bargaining_tdl_main-349_1_2,RightPartner,Dont let them mess this up. I got your back,1787687385.6977506
sx78hwmu,135,x5j579jk,18-bargaining_tdl_main-349_1_2,LeftPartner,"Pretty much, I consider myelf to be an ethic person in manner of days gone by when a person's word was his/her word. ",1787687385.880766
sx78hwmu,163,03dsxxqh,18-bargaining_tdl_main-356_1_3,RightPartner,Let;s no make alliance. That way no one lose or win,1787687386.0245755
sx78hwmu,231,9i8w8nuw,18-bargaining_tdl_main-364_2_3,LeftPartner,who u support,1787687386.5555267
sx78hwmu,237,flm3bmre,18-bargaining_tdl_main-365_2_3,RightPartner,hi hows it going,1787687391.038395
sx78hwmu,168,ll633xhr,18-bargaining_tdl_main-355_1_2,LeftPartner,SO are you gonna pretend to pick them? Should I say something to them?,1787687391.226829
sx78hwmu,176,heilhuge,18-bargaining_tdl_main-358_1_2,LeftPartner,Let's go to the next phase.,1787687392.0783534
sx78hwmu,159,2sqysri4,18-bargaining_tdl_main-349_2_3,RightPartner,let me know what you think,1787687392.7547617
sx78hwmu,188,jelpjnu4,18-bargaining_tdl_main-363_1_2,LeftPartner,"no not yet, I was thinking we could trade supporting each other to share the bonus across rounds",1787687392.9294686
sx78hwmu,189,f4jw68pa,18-bargaining_tdl_main-365_1_3,RightPartner,hello,1787687395.152273
sx78hwmu,141,5xxsy1s6,18-bargaining_tdl_main-349_1_2,RightPartner,same,1787687397.3310103
sx78hwmu,189,f4jw68pa,18-bargaining_tdl_main-365_1_2,LeftPartner,hello,1787687398.5464761
sx78hwmu,202,jycbkp11,18-bargaining_tdl_main-364_1_2,LeftPartner,sounds good,1787687400.601373
sx78hwmu,182,lhitnmk0,18-bargaining_tdl_main-356_1_3,LeftPartner,seems reasonable,1787687405.560843
sx78hwmu,228,5n8eqiid,18-bargaining_tdl_main-363_2_3,RightPartner,Support each other,1787687406.5613089
sx78hwmu,231,9i8w8nuw,18-bargaining_tdl_main-364_1_2,RightPartner,deal,1787687410.1182978
sx78hwmu,168,ll633xhr,18-bargaining_tdl_main-355_1_3,RightPartner,I'm sorry I was thinking,1787687411.976205
sx78hwmu,163,03dsxxqh,18-bargaining_tdl_main-356_1_3,RightPartner,deal?,1787687413.0719047
sx78hwmu,172,ys4q8fza,18-bargaining_tdl_main-355_1_2,RightPartner,i said they dont know their chances yet and stilll have not recieved an answer  ,1787687417.0536797
sx78hwmu,209,cz00jfxb,18-bargaining_tdl_main-365_2_3,LeftPartner,Hi going good. I'm willing to support you if you will support me back.,1787687418.8172922
sx78hwmu,152,xjzsmcl0,18-bargaining_tdl_main-357_1_2,LeftPartner,Purple is going to support you,1787687419.595996
sx78hwmu,177,qkhtx77n,18-bargaining_tdl_main-357_1_2,RightPartner,I am gonna support purple. ,1787687424.4489293
sx78hwmu,208,6z189xr6,18-bargaining_tdl_main-363_1_2,RightPartner,Can you elaborate?,1787687425.3842115
sx78hwmu,172,ys4q8fza,18-bargaining_tdl_main-355_1_2,RightPartner,they may have actually donen it,1787687426.1237714
sx78hwmu,224,n26g48mj,18-bargaining_tdl_main-366_2_3,LeftPartner,what is your strategy?,1787687427.9179444
sx78hwmu,236,k3ngy5da,18-bargaining_tdl_main-364_1_3,LeftPartner,Let's support each other,1787687428.7807074
sx78hwmu,202,jycbkp11,18-bargaining_tdl_main-364_1_3,RightPartner,support each other?,1787687428.8239636
sx78hwmu,168,ll633xhr,18-bargaining_tdl_main-355_1_2,LeftPartner,Oh shoot,1787687432.4870656
sx78hwmu,237,flm3bmre,18-bargaining_tdl_main-365_2_3,RightPartner,deal :),1787687433.8974469
sx78hwmu,224,n26g48mj,18-bargaining_tdl_main-366_1_2,RightPartner,what is your strategey?,1787687434.642419
sx78hwmu,236,k3ngy5da,18-bargaining_tdl_main-364_1_3,LeftPartner,Yes,1787687436.0915117
sx78hwmu,152,xjzsmcl0,18-bargaining_tdl_main-357_1_2,LeftPartner,no worries,1787687436.0946708
sx78hwmu,209,cz00jfxb,18-bargaining_tdl_main-365_1_2,RightPartner,hi im willing to support you if you will support me back,1787687436.2301345
sx78hwmu,202,jycbkp11,18-bargaining_tdl_main-364_1_3,RightPartner,jinx! let's go!,1787687436.684094
sx78hwmu,172,ys4q8fza,18-bargaining_tdl_main-355_1_2,RightPartner,i meant done,1787687437.5706017
sx78hwmu,236,k3ngy5da,18-bargaining_tdl_main-364_1_3,LeftPartner,Lol,1787687442.78363
sx78hwmu,208,6z189xr6,18-bargaining_tdl_main-363_2_3,LeftPartner,Sounds good to me. I pick Purple and you pick Orange and we both win,1787687444.5864534
sx78hwmu,177,qkhtx77n,18-bargaining_tdl_main-357_1_2,RightPartner,I thought you were purple? ,1787687445.0300298
sx78hwmu,209,cz00jfxb,18-bargaining_tdl_main-365_2_3,LeftPartner,Sounds good deal,1787687445.9322762
sx78hwmu,168,ll633xhr,18-bargaining_tdl_main-355_1_2,LeftPartner,Okay I'm just gonna go with you and not say anything to them. You ready?,1787687450.4689255
sx78hwmu,237,flm3bmre,18-bargaining_tdl_main-365_1_3,LeftPartner,do you want to support each other ?,1787687451.0526206
sx78hwmu,189,f4jw68pa,18-bargaining_tdl_main-365_1_2,LeftPartner,"ok, sounds good",1787687451.8479242
sx78hwmu,172,ys4q8fza,18-bargaining_tdl_main-355_1_2,RightPartner,you wanna wait for them a moment or go ahead?,1787687454.402294
sx78hwmu,237,flm3bmre,18-bargaining_tdl_main-365_1_3,LeftPartner,or you got a deal going with orange,1787687457.7859256
sx78hwmu,228,5n8eqiid,18-bargaining_tdl_main-363_2_3,RightPartner,okay,1787687459.6886165
sx78hwmu,152,xjzsmcl0,18-bargaining_tdl_main-357_1_2,LeftPartner,I am yellow,1787687463.6706886
sx78hwmu,168,ll633xhr,18-bargaining_tdl_main-355_1_2,LeftPartner,Lets just go ahead! :),1787687465.6247182
sx78hwmu,188,jelpjnu4,18-bargaining_tdl_main-363_1_2,LeftPartner,how about we support each other - i am not hearing anything from the purple participant,1787687466.578312
sx78hwmu,172,ys4q8fza,18-bargaining_tdl_main-355_1_2,RightPartner,ok  lets hit next i guess,1787687467.048363
sx78hwmu,208,6z189xr6,18-bargaining_tdl_main-363_2_3,LeftPartner,I like keeping it simple and we would both win,1787687468.5555508
sx78hwmu,224,n26g48mj,18-bargaining_tdl_main-366_1_2,RightPartner,The purple person left the chat,1787687471.4192555
sx78hwmu,177,qkhtx77n,18-bargaining_tdl_main-357_1_2,RightPartner,Why did you lie before saying you were purple? ,1787687474.0493515
sx78hwmu,168,ll633xhr,18-bargaining_tdl_main-355_1_2,LeftPartner,Okie dokie,1787687474.159736
sx78hwmu,191,hgigqlbt,18-bargaining_tdl_main-367_1_3,RightPartner,Hi,1787687478.3179312
sx78hwmu,191,hgigqlbt,18-bargaining_tdl_main-367_1_2,LeftPartner,Hello there,1787687486.594815
sx78hwmu,216,24azg7wa,18-bargaining_tdl_main-366_1_2,LeftPartner,im going to,1787687495.4189045
sx78hwmu,226,548c1ctl,18-bargaining_tdl_main-368_1_2,RightPartner,Hello what do yo think we should do?,1787687496.0431106
sx78hwmu,245,094xne6k,18-bargaining_tdl_main-368_2_3,RightPartner,I will support Orange first,1787687500.392806
sx78hwmu,245,094xne6k,18-bargaining_tdl_main-368_1_3,LeftPartner,I will support orange first,1787687501.5034878
sx78hwmu,189,f4jw68pa,18-bargaining_tdl_main-365_1_3,RightPartner,I'm honestly probably going to do a coin flip because I want to support everyone and either way it's unfair to someone :/,1787687503.1707628
sx78hwmu,208,6z189xr6,18-bargaining_tdl_main-363_1_2,RightPartner,they may be off the chat,1787687506.3707366
sx78hwmu,216,24azg7wa,18-bargaining_tdl_main-366_1_2,LeftPartner,support the most cooperative,1787687506.9158208
sx78hwmu,215,ilzxcjy7,18-bargaining_tdl_main-367_2_3,LeftPartner,Hello there.,1787687507.6515558
sx78hwmu,240,4qeb1aez,18-bargaining_tdl_main-369_1_2,RightPartner,Hello,1787687513.039007
sx78hwmu,217,fkv62yv8,18-bargaining_tdl_main-367_2_3,RightPartner,"""Hi Orange! Let's coordinate to maximize our earnings. If we form a circle where I support you, you support Yellow, and Yellow supports me (or any arrangement where everyone forms mutual pairs), we can all earn more. Who are you planning to support?""",1787687513.2996786
sx78hwmu,215,ilzxcjy7,18-bargaining_tdl_main-367_1_2,RightPartner,Hello.,1787687514.2799618
sx78hwmu,240,4qeb1aez,18-bargaining_tdl_main-369_2_3,LeftPartner,Hello,1787687515.8034468
sx78hwmu,226,548c1ctl,18-bargaining_tdl_main-368_2_3,LeftPartner,Hello what do you think we should do?,1787687518.42069
sx78hwmu,211,ypxi0ikg,18-bargaining_tdl_main-369_1_2,LeftPartner,hello,1787687520.294443
sx78hwmu,211,ypxi0ikg,18-bargaining_tdl_main-369_1_3,RightPartner,hello,1787687526.1778505
sx78hwmu,243,31veqn74,18-bargaining_tdl_main-369_2_3,RightPartner,hello,1787687527.8846002
sx78hwmu,223,jlgzpr4t,18-bargaining_tdl_main-368_1_2,LeftPartner,Purple will support you first so support purple,1787687529.688544
sx78hwmu,243,31veqn74,18-bargaining_tdl_main-369_1_3,LeftPartner,hello,1787687531.1935885
sx78hwmu,152,xjzsmcl0,18-bargaining_tdl_main-357_1_2,LeftPartner,I overlooked that sorry,1787687535.8932865
sx78hwmu,177,qkhtx77n,18-bargaining_tdl_main-357_1_2,RightPartner,"Oh, well id on't make deals with liers. peaceout.",1787687537.2008705
sx78hwmu,191,hgigqlbt,18-bargaining_tdl_main-367_1_2,LeftPartner,How're you today?,1787687537.9138126
sx78hwmu,223,jlgzpr4t,18-bargaining_tdl_main-368_1_3,RightPartner,Okay Ill tell Orange to support you,1787687543.5389419
sx78hwmu,226,548c1ctl,18-bargaining_tdl_main-368_2_3,LeftPartner,cool I will support you for the first round,1787687545.7575083
sx78hwmu,211,ypxi0ikg,18-bargaining_tdl_main-369_1_2,LeftPartner,so this is fun,1787687548.8876672
sx78hwmu,217,fkv62yv8,18-bargaining_tdl_main-367_1_3,LeftPartner,"""Hi Yellow! Let's coordinate our choices to get the highest payout. If we align our support with Orange, we can ensure we build mutual pairs and maximize our bonuses. Who are you planning to support?""",1787687549.1013167
sx78hwmu,245,094xne6k,18-bargaining_tdl_main-368_2_3,RightPartner,I will support orange first and if there are more rounds I will alternate,1787687552.0373795
sx78hwmu,211,ypxi0ikg,18-bargaining_tdl_main-369_1_3,RightPartner,so this is fun,1787687553.5758753
sx78hwmu,226,548c1ctl,18-bargaining_tdl_main-368_1_2,RightPartner,ok round 2 I will support yello,1787687564.8778121
sx78hwmu,240,4qeb1aez,18-bargaining_tdl_main-369_1_2,RightPartner,"I'm going to be really honest, I could really, really use the bonus money. I'm having quite a bad month and even that small of an amount would make a noticable difference in a day of my life. If you're willing to support me, I'd happily support you. ",1787687569.0093226
sx78hwmu,245,094xne6k,18-bargaining_tdl_main-368_1_3,LeftPartner,"If there are more rounds I will alternate Orange, yellow, orange, yellow",1787687572.601324
sx78hwmu,215,ilzxcjy7,18-bargaining_tdl_main-367_1_2,RightPartner,I'm ok. You?,1787687572.7723186
sx78hwmu,211,ypxi0ikg,18-bargaining_tdl_main-369_1_2,LeftPartner,ok lets do it,1787687580.7347057
sx78hwmu,243,31veqn74,18-bargaining_tdl_main-369_1_3,LeftPartner,yes this is fun,1787687586.0702932
sx78hwmu,240,4qeb1aez,18-bargaining_tdl_main-369_2_3,LeftPartner,"So, how much do you need the bonus?",1787687593.1510415
sx78hwmu,211,ypxi0ikg,18-bargaining_tdl_main-369_1_2,LeftPartner,are you ready to go to the next page?,1787687594.7361393
sx78hwmu,133,8hvobpsv,18-bargaining_tdl_main-370_1_3,RightPartner,"We are complementary colors with each other, I think!",1787687598.1132925
sx78hwmu,240,4qeb1aez,18-bargaining_tdl_main-369_1_2,RightPartner,I think we have to wait for the timer to go out?,1787687603.201356
sx78hwmu,191,hgigqlbt,18-bargaining_tdl_main-367_1_2,LeftPartner,I'm doing well,1787687609.6771786
sx78hwmu,249,2cb6tv34,18-bargaining_tdl_main-370_1_2,RightPartner,helko,1787687612.5568678
sx78hwmu,133,8hvobpsv,18-bargaining_tdl_main-370_1_2,LeftPartner,I'm always getting dark yellow confused with light orange.,1787687613.83336
sx78hwmu,211,ypxi0ikg,18-bargaining_tdl_main-369_1_2,LeftPartner,no we can go whenever it says,1787687617.631678
sx78hwmu,215,ilzxcjy7,18-bargaining_tdl_main-367_1_2,RightPartner,Purple ran away,1787687618.74192
sx78hwmu,211,ypxi0ikg,18-bargaining_tdl_main-369_1_2,LeftPartner,alright I'll support orange,1787687628.280274
sx78hwmu,133,8hvobpsv,18-bargaining_tdl_main-370_1_3,RightPartner,What a funny study this is!,1787687630.549182
sx78hwmu,191,hgigqlbt,18-bargaining_tdl_main-367_1_2,LeftPartner,Let's support one another to maximize points,1787687630.7926817
sx78hwmu,211,ypxi0ikg,18-bargaining_tdl_main-369_1_2,LeftPartner,which is u,1787687632.3809006
sx78hwmu,223,jlgzpr4t,18-bargaining_tdl_main-368_1_2,LeftPartner,Okay sounds good then I'll support Orange round 2,1787687633.2429643
sx78hwmu,226,548c1ctl,18-bargaining_tdl_main-368_1_2,RightPartner,I will support yellow round 2 and 4,1787687634.2879493
sx78hwmu,249,2cb6tv34,18-bargaining_tdl_main-370_1_2,RightPartner,can we merge,1787687634.7606537
sx78hwmu,240,4qeb1aez,18-bargaining_tdl_main-369_1_2,RightPartner,"Nevermind,we can go now. Yeah, I'm going to next since my purple isn't responding. I'll support yellow. ",1787687635.5985963
sx78hwmu,133,8hvobpsv,18-bargaining_tdl_main-370_1_2,LeftPartner,What a funny study this is!,1787687638.042251
sx78hwmu,215,ilzxcjy7,18-bargaining_tdl_main-367_1_2,RightPartner,ook.,1787687639.1800482
sx78hwmu,249,2cb6tv34,18-bargaining_tdl_main-370_1_2,RightPartner,sure,1787687644.4657743
sx78hwmu,191,hgigqlbt,18-bargaining_tdl_main-367_1_2,LeftPartner,It seems Purple is out of the chat,1787687647.0283945
sx78hwmu,215,ilzxcjy7,18-bargaining_tdl_main-367_1_2,RightPartner,That's a good plan.,1787687647.6471722
sx78hwmu,250,syojehbm,18-bargaining_tdl_main-370_2_3,RightPartner,"Hello!, I believe we are! ",1787687651.4446425
sx78hwmu,133,8hvobpsv,18-bargaining_tdl_main-370_1_2,LeftPartner,Does merge mean decide to support each other?,1787687652.1847057
sx78hwmu,249,2cb6tv34,18-bargaining_tdl_main-370_1_2,RightPartner,yes,1787687657.831979
sx78hwmu,239,kbt07btp,18-bargaining_tdl_main-371_1_2,RightPartner,hi,1787687663.6025114
sx78hwmu,239,kbt07btp,18-bargaining_tdl_main-371_2_3,LeftPartner,hi,1787687667.45064
sx78hwmu,200,hq9cjeg0,18-bargaining_tdl_main-371_1_2,LeftPartner,hey,1787687668.3987958
sx78hwmu,253,l9ycfolp,18-bargaining_tdl_main-371_2_3,RightPartner,Hello,1787687672.772366
sx78hwmu,133,8hvobpsv,18-bargaining_tdl_main-370_1_2,LeftPartner,"I'm getting no chat replies from Purple, so I would be inclined to commit to you!",1787687673.0514758
sx78hwmu,215,ilzxcjy7,18-bargaining_tdl_main-367_1_2,RightPartner,I will you and you me and hope he bets on us.,1787687676.938594
sx78hwmu,249,2cb6tv34,18-bargaining_tdl_main-370_2_3,LeftPartner,whats up,1787687680.770893
sx78hwmu,239,kbt07btp,18-bargaining_tdl_main-371_1_2,RightPartner,i dont know what we are to talk about,1787687682.51556
sx78hwmu,191,hgigqlbt,18-bargaining_tdl_main-367_1_2,LeftPartner,Are you able to message the purple participant?,1787687698.4531662
sx78hwmu,249,2cb6tv34,18-bargaining_tdl_main-370_1_2,RightPartner,'nice...lets do this,1787687698.7350922
sx78hwmu,239,kbt07btp,18-bargaining_tdl_main-371_2_3,LeftPartner,I dont know what we are to talk about,1787687699.3054693
sx78hwmu,133,8hvobpsv,18-bargaining_tdl_main-370_1_2,LeftPartner,"So: I support you, and you support me?",1787687703.3995295
sx78hwmu,239,kbt07btp,18-bargaining_tdl_main-371_1_2,RightPartner,do you,1787687707.7995815
sx78hwmu,239,kbt07btp,18-bargaining_tdl_main-371_2_3,LeftPartner,do you,1787687711.8569574
sx78hwmu,200,hq9cjeg0,18-bargaining_tdl_main-371_1_2,LeftPartner,I'm assuming we have to come to an agreement of who we support ?? as in which color idk ,1787687712.877701
sx78hwmu,249,2cb6tv34,18-bargaining_tdl_main-370_1_2,RightPartner,yes....sure,1787687712.9423592
sx78hwmu,253,l9ycfolp,18-bargaining_tdl_main-371_2_3,RightPartner,I'm not sure either.  Yellow hasn't messaged me though.,1787687714.7543066
sx78hwmu,250,syojehbm,18-bargaining_tdl_main-370_2_3,RightPartner,Let’s work together! ,1787687719.4659154
sx78hwmu,133,8hvobpsv,18-bargaining_tdl_main-370_1_2,LeftPartner,Pinky swear.,1787687720.1970563
sx78hwmu,200,hq9cjeg0,18-bargaining_tdl_main-371_1_3,RightPartner,hi,1787687726.39388
sx78hwmu,239,kbt07btp,18-bargaining_tdl_main-371_1_2,RightPartner,based on what??,1787687732.8948388
sx78hwmu,213,wzt3ntkx,18-bargaining_tdl_main-372_1_2,LeftPartner,"Hello, orange? How are you?",1787687733.7098117
sx78hwmu,239,kbt07btp,18-bargaining_tdl_main-371_2_3,LeftPartner,oh strange,1787687739.0771117
sx78hwmu,253,l9ycfolp,18-bargaining_tdl_main-371_1_3,LeftPartner,Hello,1787687740.4094725
sx78hwmu,242,cc0bzw5b,18-bargaining_tdl_main-372_1_2,RightPartner,How to maximize everyone's bonus?,1787687740.618508
sx78hwmu,249,2cb6tv34,18-bargaining_tdl_main-370_1_2,RightPartner,I am pretty sure.....believe me,1787687741.2896307
sx78hwmu,200,hq9cjeg0,18-bargaining_tdl_main-371_1_2,LeftPartner,idk,1787687743.107064
sx78hwmu,213,wzt3ntkx,18-bargaining_tdl_main-372_1_3,RightPartner,"Hello, purple!! How are you?",1787687743.7047486
sx78hwmu,215,ilzxcjy7,18-bargaining_tdl_main-367_1_2,RightPartner,Naaah,1787687752.4121726
sx78hwmu,215,ilzxcjy7,18-bargaining_tdl_main-367_1_2,RightPartner,He ran.,1787687755.2572496
sx78hwmu,242,cc0bzw5b,18-bargaining_tdl_main-372_2_3,LeftPartner,I want to maximize everyone's bonus,1787687758.6138377
sx78hwmu,200,hq9cjeg0,18-bargaining_tdl_main-371_1_3,RightPartner,do you know what we are supposed to be chatting about ?,1787687760.0560327
sx78hwmu,213,wzt3ntkx,18-bargaining_tdl_main-372_1_2,LeftPartner,We could maximize our own by voting for each other? Do you want to be partners?,1787687761.6183686
sx78hwmu,133,8hvobpsv,18-bargaining_tdl_main-370_1_2,LeftPartner,"Wow, Purple left my chat. ",1787687767.2474105
sx78hwmu,239,kbt07btp,18-bargaining_tdl_main-371_2_3,LeftPartner,what are we supposed to base our support on? all i know are your colors and your answers ,1787687767.3505232
sx78hwmu,255,im7gsb19,18-bargaining_tdl_main-372_1_3,LeftPartner,I am good.  You?,1787687767.5789518
sx78hwmu,249,2cb6tv34,18-bargaining_tdl_main-370_1_2,RightPartner,lets proceed,1787687772.7040703
sx78hwmu,255,im7gsb19,18-bargaining_tdl_main-372_2_3,RightPartner,Same!,1787687773.860826
sx78hwmu,242,cc0bzw5b,18-bargaining_tdl_main-372_1_2,RightPartner,That sounds like a plan,1787687777.2934308
sx78hwmu,213,wzt3ntkx,18-bargaining_tdl_main-372_1_3,RightPartner,I'm really good. :),1787687779.6193695
sx78hwmu,133,8hvobpsv,18-bargaining_tdl_main-370_1_2,LeftPartner,"Okay, let's do this.",1787687783.4397936
sx78hwmu,242,cc0bzw5b,18-bargaining_tdl_main-372_2_3,LeftPartner,How do we do that?,1787687784.175654
sx78hwmu,239,kbt07btp,18-bargaining_tdl_main-371_1_2,RightPartner,well who do you think you will support,1787687788.345213
sx78hwmu,213,wzt3ntkx,18-bargaining_tdl_main-372_1_3,RightPartner,Do you want to be partners in this round?,1787687789.5953512
sx78hwmu,253,l9ycfolp,18-bargaining_tdl_main-371_2_3,RightPartner,I think you just want to make sure the person you choose also chooses you,1787687792.1774013
sx78hwmu,255,im7gsb19,18-bargaining_tdl_main-372_1_3,LeftPartner,Sure,1787687795.1640208
sx78hwmu,239,kbt07btp,18-bargaining_tdl_main-371_2_3,LeftPartner,who do you  think you will support,1787687800.263822
sx78hwmu,255,im7gsb19,18-bargaining_tdl_main-372_2_3,RightPartner,Not sure.,1787687801.786841
sx78hwmu,191,hgigqlbt,18-bargaining_tdl_main-367_1_2,LeftPartner,Lol,1787687805.1257267
sx78hwmu,213,wzt3ntkx,18-bargaining_tdl_main-372_1_3,RightPartner,"Okay, I'm 100% going to choose you.",1787687814.5187733
sx78hwmu,257,me4cbagw,18-bargaining_tdl_main-373_1_3,LeftPartner,Hi. How are you today?,1787687815.141035
sx78hwmu,255,im7gsb19,18-bargaining_tdl_main-372_2_3,RightPartner,Are you a real person?,1787687819.545008
sx78hwmu,215,ilzxcjy7,18-bargaining_tdl_main-367_1_2,RightPartner,I know.,1787687819.7906153
sx78hwmu,213,wzt3ntkx,18-bargaining_tdl_main-372_1_3,RightPartner,Pinky promise lol,1787687820.4210167
sx78hwmu,253,l9ycfolp,18-bargaining_tdl_main-371_2_3,RightPartner,Yellow just left and you messaged me first so I'll choose you,1787687820.9394386
sx78hwmu,239,kbt07btp,18-bargaining_tdl_main-371_2_3,LeftPartner,I choose you,1787687821.8391416
sx78hwmu,244,kr7yel6p,18-bargaining_tdl_main-373_1_3,RightPartner,Im well how about you,1787687825.6624258
sx78hwmu,239,kbt07btp,18-bargaining_tdl_main-371_2_3,LeftPartner,cool,1787687827.2749019
sx78hwmu,215,ilzxcjy7,18-bargaining_tdl_main-367_1_2,RightPartner,lets proceed then.,1787687828.4005263
sx78hwmu,253,l9ycfolp,18-bargaining_tdl_main-371_2_3,RightPartner,Ok cool,1787687829.335952
sx78hwmu,242,cc0bzw5b,18-bargaining_tdl_main-372_2_3,LeftPartner,As real as they come lol are you?,1787687831.2448502
sx78hwmu,191,hgigqlbt,18-bargaining_tdl_main-367_1_2,LeftPartner,Hilarious ,1787687840.6266062
sx78hwmu,257,me4cbagw,18-bargaining_tdl_main-373_1_3,LeftPartner,I see that orange already left. I guess that makes it easy for us to decide to support each other. :),1787687852.122181
sx78hwmu,242,cc0bzw5b,18-bargaining_tdl_main-372_2_3,LeftPartner,"I am on the west coast, where are you?",1787687858.960873
sx78hwmu,215,ilzxcjy7,18-bargaining_tdl_main-367_1_2,RightPartner,Shall we?,1787687862.5910428
sx78hwmu,257,me4cbagw,18-bargaining_tdl_main-373_1_3,LeftPartner,I hope we still get the bonus.,1787687863.6494646
sx78hwmu,191,hgigqlbt,18-bargaining_tdl_main-367_1_2,LeftPartner,Shouldn't we wait until chat time is complete?,1787687867.766905
sx78hwmu,255,im7gsb19,18-bargaining_tdl_main-372_2_3,RightPartner,Yes.  I'm on the east coast.,1787687872.5498896
sx78hwmu,244,kr7yel6p,18-bargaining_tdl_main-373_1_3,RightPartner,Yea I agree Im glad I can count on your support,1787687880.9006884
sx78hwmu,215,ilzxcjy7,18-bargaining_tdl_main-367_1_2,RightPartner,That can wok too.,1787687890.416589
sx78hwmu,242,cc0bzw5b,18-bargaining_tdl_main-372_2_3,LeftPartner,"Neat, should we be partners?",1787687891.1544318
sx78hwmu,254,cg6b02q9,18-bargaining_tdl_main-374_2_3,LeftPartner,Hey there,1787687891.6717205
sx78hwmu,258,6s4t15mw,18-bargaining_tdl_main-374_2_3,RightPartner,Hi,1787687893.7960575
sx78hwmu,258,6s4t15mw,18-bargaining_tdl_main-374_1_3,LeftPartner,Hi,1787687897.7637837
sx78hwmu,252,oiqot384,18-bargaining_tdl_main-374_1_3,RightPartner,hello,1787687904.4392216
sx78hwmu,191,hgigqlbt,18-bargaining_tdl_main-367_1_2,LeftPartner,Just 2 minutes,1787687905.6195955
sx78hwmu,255,im7gsb19,18-bargaining_tdl_main-372_2_3,RightPartner,Sure.  Can we leave the chat?,1787687907.6593237
sx78hwmu,252,oiqot384,18-bargaining_tdl_main-374_1_2,LeftPartner,hello ,1787687907.6630375
sx78hwmu,257,me4cbagw,18-bargaining_tdl_main-373_1_3,LeftPartner,Let's do it!,1787687910.6480975
sx78hwmu,258,6s4t15mw,18-bargaining_tdl_main-374_2_3,RightPartner,lets support each other,1787687914.998887
sx78hwmu,254,cg6b02q9,18-bargaining_tdl_main-374_1_2,RightPartner,hi,1787687917.5409973
sx78hwmu,215,ilzxcjy7,18-bargaining_tdl_main-367_1_2,RightPartner,Wagwan.,1787687917.546581
sx78hwmu,242,cc0bzw5b,18-bargaining_tdl_main-372_2_3,LeftPartner,sounds good to me,1787687923.1617565
sx78hwmu,244,kr7yel6p,18-bargaining_tdl_main-373_1_3,RightPartner,fingers crossed for the bonus but I wouldn't be too worried about it,1787687928.1598096
sx78hwmu,254,cg6b02q9,18-bargaining_tdl_main-374_2_3,LeftPartner,yes but for real,1787687936.3722782
sx78hwmu,252,oiqot384,18-bargaining_tdl_main-374_1_3,RightPartner,do you have an idea who youde like to support,1787687940.1809976
sx78hwmu,258,6s4t15mw,18-bargaining_tdl_main-374_2_3,RightPartner,I'm good with that.,1787687949.8719382
sx78hwmu,254,cg6b02q9,18-bargaining_tdl_main-374_1_2,RightPartner,you should support me,1787687955.195198
sx78hwmu,244,kr7yel6p,18-bargaining_tdl_main-373_1_3,RightPartner,and okay perfect let the record show I am giving you my support,1787687961.5559385
sx78hwmu,254,cg6b02q9,18-bargaining_tdl_main-374_2_3,LeftPartner,awesome cheers!,1787687969.9834826
sx78hwmu,257,me4cbagw,18-bargaining_tdl_main-373_1_3,LeftPartner,agreed.,1787687973.1693254
sx78hwmu,258,6s4t15mw,18-bargaining_tdl_main-374_2_3,RightPartner,cheers,1787687975.5341542
sx78hwmu,252,oiqot384,18-bargaining_tdl_main-374_1_2,LeftPartner,I will if you support me too,1787687983.858839
sx78hwmu,244,kr7yel6p,18-bargaining_tdl_main-373_1_3,RightPartner,nice talking to you,1787687992.3937762
sx78hwmu,257,me4cbagw,18-bargaining_tdl_main-373_1_3,LeftPartner,you too.,1787687999.616257
sx78hwmu,191,hgigqlbt,18-bargaining_tdl_main-367_1_2,LeftPartner,Let's go now,1787688002.6202056
sx78hwmu,215,ilzxcjy7,18-bargaining_tdl_main-367_1_2,RightPartner,ok.,1787688012.7578437
sx78hwmu,238,zz9uvxsz,18-bargaining_tdl_main-375_2_3,LeftPartner,I will support you,1787688084.8727887
sx78hwmu,256,hfrfuxdx,18-bargaining_tdl_main-375_2_3,RightPartner,ok likewise,1787688100.365215
sx78hwmu,238,zz9uvxsz,18-bargaining_tdl_main-375_1_2,RightPartner,I will not support you,1787688112.478151
sx78hwmu,264,0id4n7d8,18-bargaining_tdl_main-376_1_2,LeftPartner,Hello! How are you?,1787689217.8365073
sx78hwmu,264,0id4n7d8,18-bargaining_tdl_main-376_1_3,RightPartner,Hello! How are you?,1787689231.5076203
sx78hwmu,265,3j5z71w4,18-bargaining_tdl_main-376_1_2,RightPartner,"Hi! Im good, how are you?",1787689241.718826
sx78hwmu,266,dbenvtp7,18-bargaining_tdl_main-376_1_3,LeftPartner,"Hey. I'm doing just fine, how about yourself? ",1787689245.8543022
sx78hwmu,264,0id4n7d8,18-bargaining_tdl_main-376_1_2,LeftPartner,"pretty good, how likely are you to support me?",1787689267.1877806
sx78hwmu,265,3j5z71w4,18-bargaining_tdl_main-376_1_2,RightPartner,Lets support each other,1787689277.7598538
sx78hwmu,264,0id4n7d8,18-bargaining_tdl_main-376_1_3,RightPartner,"pretty good, how likely are you to support me?",1787689282.748303
sx78hwmu,264,0id4n7d8,18-bargaining_tdl_main-376_1_2,LeftPartner,"sure, I would like that",1787689291.7239947
sx78hwmu,266,dbenvtp7,18-bargaining_tdl_main-376_1_3,LeftPartner,"I'd be glad to make things easy, and me and you just support each other.",1787689303.3814266
sx78hwmu,264,0id4n7d8,18-bargaining_tdl_main-376_1_3,RightPartner,"sorry, I don't think I can do that",1787689323.7467728
sx78hwmu,266,dbenvtp7,18-bargaining_tdl_main-376_1_3,LeftPartner,Why not?,1787689334.7236788
sx78hwmu,264,0id4n7d8,18-bargaining_tdl_main-376_1_3,RightPartner,I already agreed to support someone,1787689355.2667422
sx78hwmu,266,dbenvtp7,18-bargaining_tdl_main-376_1_3,LeftPartner,"I already know that isn't true, since orange participant has already left the study lol.",1787689380.7911112
sx78hwmu,264,0id4n7d8,18-bargaining_tdl_main-376_1_3,RightPartner,orange participant just left because we agreed on it,1787689428.3870046
dblrbrkx,9,b2bqscz0,19-bargaining_tdl_main-380_1_3,LeftPartner,Hello. I hope you are having a good day.,1787753908.812865
dblrbrkx,9,b2bqscz0,19-bargaining_tdl_main-380_2_3,RightPartner,Hello,1787753916.5776343
dblrbrkx,3,a3drzwno,19-bargaining_tdl_main-380_2_3,LeftPartner,Hello.,1787753921.0066934
dblrbrkx,1,5qh2px40,19-bargaining_tdl_main-380_1_3,RightPartner,"Oh, for sure I am. I hope your day is going amazing as well! ",1787753923.7871644
dblrbrkx,1,5qh2px40,19-bargaining_tdl_main-380_1_2,LeftPartner,Hope your day is going well! ,1787753930.1170745
dblrbrkx,9,b2bqscz0,19-bargaining_tdl_main-380_1_3,LeftPartner,It is thanks,1787753937.6303985
dblrbrkx,3,a3drzwno,19-bargaining_tdl_main-380_2_3,LeftPartner,I hope you are doing ok,1787753943.3880606
dblrbrkx,1,5qh2px40,19-bargaining_tdl_main-380_1_3,RightPartner,You are very welcome.,1787753949.608219
dblrbrkx,9,b2bqscz0,19-bargaining_tdl_main-380_2_3,RightPartner,I am. Same to you.,1787753954.0876944
dblrbrkx,3,a3drzwno,19-bargaining_tdl_main-380_1_2,RightPartner,"Hello, thank you, I hope yours is good too",1787753954.6371727
dblrbrkx,1,5qh2px40,19-bargaining_tdl_main-380_1_2,LeftPartner,"For sure it is, thank you! ",1787753961.8261092
dblrbrkx,3,a3drzwno,19-bargaining_tdl_main-380_1_2,RightPartner,:),1787753967.539372
dblrbrkx,3,a3drzwno,19-bargaining_tdl_main-380_1_2,RightPartner,"So, who would you support?",1787753981.0835776
dblrbrkx,1,5qh2px40,19-bargaining_tdl_main-380_1_3,RightPartner,Do you have any exciting plans today?,1787753983.016113
dblrbrkx,3,a3drzwno,19-bargaining_tdl_main-380_2_3,LeftPartner,:) ,1787753986.7839549
dblrbrkx,9,b2bqscz0,19-bargaining_tdl_main-380_1_3,LeftPartner,Not really.,1787753996.6458004
dblrbrkx,1,5qh2px40,19-bargaining_tdl_main-380_1_2,LeftPartner,I will support purple. perhaps,1787754005.8391497
dblrbrkx,9,b2bqscz0,19-bargaining_tdl_main-380_1_3,LeftPartner,I have to read papers and review them,1787754008.730772
dblrbrkx,9,b2bqscz0,19-bargaining_tdl_main-380_2_3,RightPartner,:),1787754015.261597
dblrbrkx,1,5qh2px40,19-bargaining_tdl_main-380_1_3,RightPartner,"Eh, life goes that way sometimes. Sometimes no plan is a good thing.",1787754025.509676
dblrbrkx,9,b2bqscz0,19-bargaining_tdl_main-380_1_3,LeftPartner,Yeah,1787754036.2632697
dblrbrkx,3,a3drzwno,19-bargaining_tdl_main-380_2_3,LeftPartner,"Ok, so, it feels kind of mean to keep ""secrets"" from the other person, but I guess that's how the experiment works",1787754040.8737519
dblrbrkx,1,5qh2px40,19-bargaining_tdl_main-380_1_3,RightPartner,I am planning on supporting purple I think.,1787754063.9870307
dblrbrkx,9,b2bqscz0,19-bargaining_tdl_main-380_2_3,RightPartner,What do you mean secrets lol?,1787754072.660605
dblrbrkx,3,a3drzwno,19-bargaining_tdl_main-380_1_2,RightPartner,"Ok, I was also thinking purple lol just because it's a color I like a lot",1787754079.219204
dblrbrkx,3,a3drzwno,19-bargaining_tdl_main-380_2_3,LeftPartner,"I mean, talking about who supports whom lol",1787754090.5786371
dblrbrkx,9,b2bqscz0,19-bargaining_tdl_main-380_1_3,LeftPartner,I am also planning on supporting yellow,1787754094.4818318
dblrbrkx,1,5qh2px40,19-bargaining_tdl_main-380_1_2,LeftPartner,Purple is a nice color :) it is actually my favorite,1787754095.8365784
dblrbrkx,9,b2bqscz0,19-bargaining_tdl_main-380_2_3,RightPartner,Ahhh gotcha lol,1787754108.6218183
dblrbrkx,1,5qh2px40,19-bargaining_tdl_main-380_1_3,RightPartner,Yellow is a nice color :),1787754110.4548392
dblrbrkx,9,b2bqscz0,19-bargaining_tdl_main-380_1_3,LeftPartner,(Wink),1787754117.372895
dblrbrkx,3,a3drzwno,19-bargaining_tdl_main-380_2_3,LeftPartner,"I was thinking about supporting purple just because I like the color, honestly there isn't a reason, to me, to prefer one or the other, you know",1787754122.210935
dblrbrkx,3,a3drzwno,19-bargaining_tdl_main-380_1_2,RightPartner,Then we agree on that lol,1787754131.3639252
dblrbrkx,9,b2bqscz0,19-bargaining_tdl_main-380_2_3,RightPartner,I may be supporting Orange as I like the fruit,1787754140.3896737
dblrbrkx,1,5qh2px40,19-bargaining_tdl_main-380_1_3,RightPartner,(*nudge*),1787754151.5846457
dblrbrkx,3,a3drzwno,19-bargaining_tdl_main-380_2_3,LeftPartner,That's also a good reason :),1787754152.9274244
dblrbrkx,12,vgmfpzdy,19-bargaining_tdl_main-381_2_3,RightPartner,Please support me and I will support you!,1787754156.61859
dblrbrkx,12,vgmfpzdy,19-bargaining_tdl_main-381_1_3,LeftPartner,Hey please support me.,1787754171.595701
dblrbrkx,1,5qh2px40,19-bargaining_tdl_main-380_1_2,LeftPartner,We got that out of the way..... any plans today? :P,1787754182.4846323
dblrbrkx,9,b2bqscz0,19-bargaining_tdl_main-380_2_3,RightPartner,Yes,1787754190.1229403
dblrbrkx,3,a3drzwno,19-bargaining_tdl_main-380_2_3,LeftPartner,"Well, I guess I will click next and keep going <.<",1787754193.9316967
dblrbrkx,12,vgmfpzdy,19-bargaining_tdl_main-381_1_3,LeftPartner,Are you there?,1787754194.5948117
dblrbrkx,9,b2bqscz0,19-bargaining_tdl_main-380_2_3,RightPartner,Same here,1787754199.7603576
dblrbrkx,8,m3yfibsx,19-bargaining_tdl_main-381_1_3,RightPartner,Hi considering supporting you,1787754202.766649
dblrbrkx,12,vgmfpzdy,19-bargaining_tdl_main-381_1_3,LeftPartner,I will support you if you support me.,1787754206.0261657
dblrbrkx,9,b2bqscz0,19-bargaining_tdl_main-380_1_3,LeftPartner,I will be clicking next shortly,1787754209.137048
dblrbrkx,12,vgmfpzdy,19-bargaining_tdl_main-381_1_3,LeftPartner,Orange already left.,1787754212.829052
dblrbrkx,8,m3yfibsx,19-bargaining_tdl_main-381_1_3,RightPartner,"Hi, I am here",1787754213.7608392
dblrbrkx,1,5qh2px40,19-bargaining_tdl_main-380_1_3,RightPartner,I think that is a good idea. There is not much more to talk about.,1787754220.7989376
dblrbrkx,3,a3drzwno,19-bargaining_tdl_main-380_1_2,RightPartner,"Besides working? I don't know yet, probably a walk later :)",1787754221.5746913
dblrbrkx,1,5qh2px40,19-bargaining_tdl_main-380_1_2,LeftPartner,Woohoo!,1787754226.1424928
dblrbrkx,8,m3yfibsx,19-bargaining_tdl_main-381_1_3,RightPartner,It's just you and I,1787754238.4982262
dblrbrkx,6,f9jtqrbh,19-bargaining_tdl_main-382_1_2,LeftPartner,hello,1787754246.4283957
dblrbrkx,6,f9jtqrbh,19-bargaining_tdl_main-382_1_3,RightPartner,hello,1787754248.563907
dblrbrkx,10,at8s16ah,19-bargaining_tdl_main-382_1_2,RightPartner,hello,1787754251.5486307
dblrbrkx,13,94o9rhud,19-bargaining_tdl_main-382_1_3,LeftPartner,Hello there,1787754253.326346
dblrbrkx,10,at8s16ah,19-bargaining_tdl_main-382_2_3,LeftPartner,hello,1787754255.7562137
dblrbrkx,6,f9jtqrbh,19-bargaining_tdl_main-382_1_2,LeftPartner,do you have a method you would prefer to play?,1787754257.1961305
dblrbrkx,13,94o9rhud,19-bargaining_tdl_main-382_2_3,RightPartner,Hello there,1787754264.1440725
dblrbrkx,6,f9jtqrbh,19-bargaining_tdl_main-382_1_3,RightPartner,do you have a method you would prefer to play?,1787754265.5640156
dblrbrkx,12,vgmfpzdy,19-bargaining_tdl_main-381_1_3,LeftPartner,Yes Ill support you if you support me.,1787754267.7381587
dblrbrkx,10,at8s16ah,19-bargaining_tdl_main-382_1_2,RightPartner,We can support each other,1787754272.3093863
dblrbrkx,8,m3yfibsx,19-bargaining_tdl_main-381_1_3,RightPartner,"Ok, ",1787754277.647532
dblrbrkx,12,vgmfpzdy,19-bargaining_tdl_main-381_1_3,LeftPartner,Great!,1787754282.6620023
dblrbrkx,10,at8s16ah,19-bargaining_tdl_main-382_2_3,LeftPartner,how should we approach this?,1787754291.9438667
dblrbrkx,13,94o9rhud,19-bargaining_tdl_main-382_1_3,LeftPartner,It's tricky. ,1787754292.2786326
dblrbrkx,12,vgmfpzdy,19-bargaining_tdl_main-381_1_3,LeftPartner,Thank you. We are Friends!,1787754302.5931344
dblrbrkx,6,f9jtqrbh,19-bargaining_tdl_main-382_1_2,LeftPartner,that sounds like a good idea,1787754303.0980797
dblrbrkx,8,m3yfibsx,19-bargaining_tdl_main-381_1_3,RightPartner,"Yes, yes. ",1787754311.113933
dblrbrkx,13,94o9rhud,19-bargaining_tdl_main-382_2_3,RightPartner,It's a tricky one. ,1787754311.8421304
dblrbrkx,6,f9jtqrbh,19-bargaining_tdl_main-382_1_3,RightPartner,"I wasn't sure if we could do a red, white, blue per round and rotate? if you know what I mean?",1787754319.802881
dblrbrkx,10,at8s16ah,19-bargaining_tdl_main-382_1_2,RightPartner,It seems like not everyone can win,1787754320.5763652
dblrbrkx,8,m3yfibsx,19-bargaining_tdl_main-381_1_3,RightPartner,Do we finish the chat here?,1787754330.9048636
dblrbrkx,6,f9jtqrbh,19-bargaining_tdl_main-382_1_2,LeftPartner,"that is what I was thinking, wasn't sure if there was a rotational thing that could happen so its fairer for everyone? ",1787754349.2126687
dblrbrkx,10,at8s16ah,19-bargaining_tdl_main-382_2_3,LeftPartner,I don't see a way where everyone can win,1787754351.9179273
dblrbrkx,12,vgmfpzdy,19-bargaining_tdl_main-381_1_3,LeftPartner,Yes I think we can go on now. Good bye!,1787754352.6885042
dblrbrkx,13,94o9rhud,19-bargaining_tdl_main-382_1_3,LeftPartner,I think we would need two people to support each other for the bonus. We would all get zero if we all support one another,1787754380.5003834
dblrbrkx,13,94o9rhud,19-bargaining_tdl_main-382_2_3,RightPartner,"Yeah, I don't think it's possible. ",1787754394.8796656
dblrbrkx,10,at8s16ah,19-bargaining_tdl_main-382_1_2,RightPartner,It didn't indicate that they'll be multiple rounds,1787754408.7415597
dblrbrkx,6,f9jtqrbh,19-bargaining_tdl_main-382_1_3,RightPartner,I think that would cut someone out though,1787754415.8591537
dblrbrkx,13,94o9rhud,19-bargaining_tdl_main-382_2_3,RightPartner,"Someone will get cut out, or no one gets the bonus",1787754427.3512523
dblrbrkx,6,f9jtqrbh,19-bargaining_tdl_main-382_1_2,LeftPartner,darn it! ,1787754432.9753513
dblrbrkx,10,at8s16ah,19-bargaining_tdl_main-382_2_3,LeftPartner,"if there are multiple rounds, it could balance out",1787754443.348309
dblrbrkx,13,94o9rhud,19-bargaining_tdl_main-382_1_3,LeftPartner,"Yeah, I think that's the idea, unfortunately ",1787754448.1348777
dblrbrkx,13,94o9rhud,19-bargaining_tdl_main-382_2_3,RightPartner,"We could try that, if we can coordinate",1787754462.6302676
dblrbrkx,10,at8s16ah,19-bargaining_tdl_main-382_2_3,LeftPartner,it's worth a shot.,1787754486.2808568
dblrbrkx,6,f9jtqrbh,19-bargaining_tdl_main-382_1_3,RightPartner,Well I love surprises in life so I might just go that way. It can be someones day or not,1787754502.2825744
dblrbrkx,13,94o9rhud,19-bargaining_tdl_main-382_1_3,LeftPartner,"There are multiple rounds, so we can try to coordinate a plan for everyone",1787754506.2792294
dblrbrkx,6,f9jtqrbh,19-bargaining_tdl_main-382_1_2,LeftPartner,Do you have any other ideas?,1787754525.0294743
dblrbrkx,10,at8s16ah,19-bargaining_tdl_main-382_1_2,RightPartner,"maybe we can agree on a way some of could make money in the first round, and assume there's second",1787754532.9895215
dblrbrkx,6,f9jtqrbh,19-bargaining_tdl_main-382_1_3,RightPartner,That may hard to figure out but I guess we could try somehow ,1787754544.2814202
dblrbrkx,20,d8e28cn6,19-bargaining_tdl_main-383_1_3,LeftPartner,hey,1787754578.1101775
dblrbrkx,20,d8e28cn6,19-bargaining_tdl_main-383_2_3,RightPartner,hey,1787754582.2197266
dblrbrkx,6,f9jtqrbh,19-bargaining_tdl_main-382_1_2,LeftPartner,"I like surprises so I might just see what happens, but toss your idea at me",1787754595.0406857
dblrbrkx,13,94o9rhud,19-bargaining_tdl_main-382_1_3,LeftPartner,"If you and I support each other in the first round, they you support the the other player in the second",1787754599.1782446
dblrbrkx,14,fnzw4w0h,19-bargaining_tdl_main-383_1_3,RightPartner,Hello!,1787754599.2066648
dblrbrkx,20,d8e28cn6,19-bargaining_tdl_main-383_1_3,LeftPartner,How should we play this?,1787754612.3098829
dblrbrkx,10,at8s16ah,19-bargaining_tdl_main-382_2_3,LeftPartner,"maybe Orange and Yellow can support one another, and Purple can support noone",1787754617.9461741
dblrbrkx,6,f9jtqrbh,19-bargaining_tdl_main-382_1_3,RightPartner,Maybe you can do the first deal with the other person,1787754644.6791654
dblrbrkx,10,at8s16ah,19-bargaining_tdl_main-382_2_3,LeftPartner,then we'll support purple in the next round,1787754648.4578667
dblrbrkx,13,94o9rhud,19-bargaining_tdl_main-382_1_3,LeftPartner,"Wait, scratch that. You and the other one support each other in the first round.",1787754660.725844
dblrbrkx,14,fnzw4w0h,19-bargaining_tdl_main-383_1_3,RightPartner,It seems like if two players support each other they would get $3 each so i think thats the most secure way for most players to get money.,1787754672.2796686
dblrbrkx,13,94o9rhud,19-bargaining_tdl_main-382_1_3,LeftPartner,Then support purple in the next round,1787754678.278165
dblrbrkx,6,f9jtqrbh,19-bargaining_tdl_main-382_1_3,RightPartner,I'll wait till the 2nd one ,1787754679.3243556
dblrbrkx,20,d8e28cn6,19-bargaining_tdl_main-383_1_3,LeftPartner,Can I get you to support me and I support you then?,1787754681.8376782
dblrbrkx,10,at8s16ah,19-bargaining_tdl_main-382_1_2,RightPartner,maybe orange and yellow can support one another and purple does nothing in the first round,1787754689.5272615
dblrbrkx,13,94o9rhud,19-bargaining_tdl_main-382_1_3,LeftPartner,Are you sure?,1787754690.7313743
dblrbrkx,10,at8s16ah,19-bargaining_tdl_main-382_1_2,RightPartner,and then we'd support purple in the second round,1787754702.867194
dblrbrkx,6,f9jtqrbh,19-bargaining_tdl_main-382_1_2,LeftPartner,I've decided I am just going to wait till the 2nd round to try a stab at things and for now you can the other person can make the deal!,1787754705.9440928
dblrbrkx,6,f9jtqrbh,19-bargaining_tdl_main-382_1_3,RightPartner,yes,1787754725.1291075
dblrbrkx,13,94o9rhud,19-bargaining_tdl_main-382_2_3,RightPartner,"They're suggesting orange and purple support each other, then we support yellow in round 2",1787754725.319154
dblrbrkx,20,d8e28cn6,19-bargaining_tdl_main-383_1_3,LeftPartner,That is the most secure way of earning anything in the round,1787754734.9741864
dblrbrkx,10,at8s16ah,19-bargaining_tdl_main-382_1_2,RightPartner,ok,1787754744.1618688
dblrbrkx,13,94o9rhud,19-bargaining_tdl_main-382_2_3,RightPartner,They seem pretty adamant about it,1787754747.3222656
dblrbrkx,6,f9jtqrbh,19-bargaining_tdl_main-382_1_3,RightPartner,ready to move on?,1787754750.7165408
dblrbrkx,6,f9jtqrbh,19-bargaining_tdl_main-382_1_2,LeftPartner,ready to move on?,1787754755.4804041
dblrbrkx,13,94o9rhud,19-bargaining_tdl_main-382_1_3,LeftPartner,one sec,1787754758.7642846
dblrbrkx,14,fnzw4w0h,19-bargaining_tdl_main-383_1_3,RightPartner,"Sure, yea i think it is. We will see how it works out though. ",1787754768.6677659
dblrbrkx,13,94o9rhud,19-bargaining_tdl_main-382_2_3,RightPartner,Does that work for you?,1787754771.598329
dblrbrkx,10,at8s16ah,19-bargaining_tdl_main-382_2_3,LeftPartner,that's fine. I'll support you,1787754772.939115
dblrbrkx,13,94o9rhud,19-bargaining_tdl_main-382_1_3,LeftPartner,"Ok, we're good to go. ",1787754787.4780447
dblrbrkx,6,f9jtqrbh,19-bargaining_tdl_main-382_1_2,LeftPartner,"chats ending, good luck",1787754787.7131612
dblrbrkx,10,at8s16ah,19-bargaining_tdl_main-382_1_2,RightPartner,yes,1787754788.9105287
dblrbrkx,30,cg67ys7m,19-bargaining_tdl_main-384_2_3,RightPartner,Hi I think you should choose me and I should choose you and then we will each get the three dollar bonus,1787754788.927112
dblrbrkx,6,f9jtqrbh,19-bargaining_tdl_main-382_1_3,RightPartner,Good luck!!!! ,1787754792.9047763
dblrbrkx,13,94o9rhud,19-bargaining_tdl_main-382_2_3,RightPartner,"Ok, let's hope this works!",1787754796.9092588
dblrbrkx,13,94o9rhud,19-bargaining_tdl_main-382_1_3,LeftPartner,You too!,1787754801.627361
dblrbrkx,10,at8s16ah,19-bargaining_tdl_main-382_2_3,LeftPartner,we'll see,1787754804.8786592
dblrbrkx,13,94o9rhud,19-bargaining_tdl_main-382_2_3,RightPartner,Good luck to us all!,1787754810.908206
dblrbrkx,15,7g32ohmj,19-bargaining_tdl_main-384_1_2,LeftPartner,are you ready?,1787754823.5339034
dblrbrkx,15,7g32ohmj,19-bargaining_tdl_main-384_1_3,RightPartner,are you ready?,1787754831.5255966
dblrbrkx,18,2brgrd2c,19-bargaining_tdl_main-384_1_2,RightPartner,"Yes, tell me why should I choose you",1787754838.6170776
dblrbrkx,30,cg67ys7m,19-bargaining_tdl_main-384_1_3,LeftPartner,Hi do you have any ideas? I think I should choose you and you should choose me. ,1787754838.8706498
dblrbrkx,29,vcv23rw6,19-bargaining_tdl_main-385_2_3,RightPartner,Greetings shall we support each other?,1787754847.7786646
dblrbrkx,28,jmcyn77o,19-bargaining_tdl_main-385_2_3,LeftPartner,Hey would you like to vote for eachother?,1787754849.1848943
dblrbrkx,17,srmge23l,19-bargaining_tdl_main-385_1_3,RightPartner,"Hi, do you think we should support eachother",1787754851.5396364
dblrbrkx,30,cg67ys7m,19-bargaining_tdl_main-384_1_3,LeftPartner,than we would each get three dollars,1787754852.8841732
dblrbrkx,28,jmcyn77o,19-bargaining_tdl_main-385_2_3,LeftPartner,yes sir,1787754855.5206163
dblrbrkx,29,vcv23rw6,19-bargaining_tdl_main-385_2_3,RightPartner,Sounds good to me,1787754865.0032568
dblrbrkx,15,7g32ohmj,19-bargaining_tdl_main-384_1_2,LeftPartner,i'm a good person,1787754869.308918
dblrbrkx,15,7g32ohmj,19-bargaining_tdl_main-384_1_3,RightPartner,that sounds good,1787754883.5155172
dblrbrkx,29,vcv23rw6,19-bargaining_tdl_main-385_1_3,LeftPartner,Sounds good to me ,1787754886.558797
dblrbrkx,30,cg67ys7m,19-bargaining_tdl_main-384_1_3,LeftPartner,I know their is one more participant but they haven't responded,1787754888.5120072
dblrbrkx,28,jmcyn77o,19-bargaining_tdl_main-385_2_3,LeftPartner,i hope you wont ask yellow to support you too,1787754889.2576473
dblrbrkx,17,srmge23l,19-bargaining_tdl_main-385_1_2,LeftPartner,"Hi, do you think we should support eachother",1787754898.3513792
dblrbrkx,18,2brgrd2c,19-bargaining_tdl_main-384_2_3,LeftPartner,"Hello, I think I'll do that",1787754899.0691202
dblrbrkx,15,7g32ohmj,19-bargaining_tdl_main-384_1_3,RightPartner,maybe they left?,1787754901.5091274
dblrbrkx,15,7g32ohmj,19-bargaining_tdl_main-384_1_2,LeftPartner,why should I choose you?,1787754915.1391401
dblrbrkx,30,cg67ys7m,19-bargaining_tdl_main-384_1_3,LeftPartner,SO I am going to choose to support you Yello and you support me purple,1787754930.5292509
dblrbrkx,27,cjcjfh3v,19-bargaining_tdl_main-386_1_2,LeftPartner,Hello.,1787754932.2677662
dblrbrkx,46,vf4gd7f2,19-bargaining_tdl_main-386_2_3,RightPartner,I'm planning to support you if you support me. That would give us $3 each. Does that work for you?,1787754934.5806303
dblrbrkx,27,cjcjfh3v,19-bargaining_tdl_main-386_1_3,RightPartner,Hello,1787754936.970493
dblrbrkx,18,2brgrd2c,19-bargaining_tdl_main-384_1_2,RightPartner,I keep my promises as long as there's an understanding,1787754939.7146447
dblrbrkx,28,jmcyn77o,19-bargaining_tdl_main-385_1_2,RightPartner,i think you shouldn't support purple,1787754940.6725404
dblrbrkx,46,vf4gd7f2,19-bargaining_tdl_main-386_1_3,LeftPartner,I'm planning to support you Support me. That would give us $3 each does that work for you?,1787754947.6130757
dblrbrkx,15,7g32ohmj,19-bargaining_tdl_main-384_1_3,RightPartner,ok,1787754954.89881
dblrbrkx,30,cg67ys7m,19-bargaining_tdl_main-384_1_3,LeftPartner,"They just said hello, but I already planned the strategy with you",1787754975.7743175
dblrbrkx,28,jmcyn77o,19-bargaining_tdl_main-385_1_2,RightPartner,what say you?,1787754980.5453575
dblrbrkx,27,cjcjfh3v,19-bargaining_tdl_main-386_1_2,LeftPartner,Are you planning to support anyone?  What are your thoughts?,1787754983.6622796
dblrbrkx,15,7g32ohmj,19-bargaining_tdl_main-384_1_2,LeftPartner,we need to choose a way most/all will be compensated,1787754983.7617078
dblrbrkx,18,2brgrd2c,19-bargaining_tdl_main-384_1_2,RightPartner,I agree,1787754997.9761095
dblrbrkx,15,7g32ohmj,19-bargaining_tdl_main-384_1_3,RightPartner,ok,1787754998.9855986
dblrbrkx,29,vcv23rw6,19-bargaining_tdl_main-385_2_3,RightPartner,I can only vote one and you were the first to reply,1787755008.5904195
dblrbrkx,15,7g32ohmj,19-bargaining_tdl_main-384_1_2,LeftPartner,so what would you like to do?,1787755014.4867938
dblrbrkx,33,v1l2vf67,19-bargaining_tdl_main-386_1_2,RightPartner,"i am planning to support purple, you can choose whoever you think is best",1787755018.049948
dblrbrkx,17,srmge23l,19-bargaining_tdl_main-385_1_2,LeftPartner,that's a good idea,1787755024.9471488
dblrbrkx,15,7g32ohmj,19-bargaining_tdl_main-384_1_3,RightPartner,ok. promise?,1787755027.8111997
dblrbrkx,28,jmcyn77o,19-bargaining_tdl_main-385_2_3,LeftPartner,sounds good. trust is important,1787755030.1433964
dblrbrkx,41,bixj81ub,19-bargaining_tdl_main-387_1_2,RightPartner,I say we let at least 2 people get the cash. Purple bailed. lets support each other?,1787755032.9508524
dblrbrkx,30,cg67ys7m,19-bargaining_tdl_main-384_1_3,LeftPartner,if their is a second round we can switch it up so everyone gets a bonus but for this round we already have our strategy Yes I promise to choose you.,1787755045.1808724
dblrbrkx,33,v1l2vf67,19-bargaining_tdl_main-386_2_3,LeftPartner,"Yes that works for me. I'll support you, so we can both earn $3",1787755050.2869205
dblrbrkx,17,srmge23l,19-bargaining_tdl_main-385_1_3,RightPartner,"alright then, we are agreed",1787755055.5587742
dblrbrkx,15,7g32ohmj,19-bargaining_tdl_main-384_1_3,RightPartner,sounds perfect,1787755062.1800625
dblrbrkx,46,vf4gd7f2,19-bargaining_tdl_main-386_2_3,RightPartner,"Ok, sounds good! **Handshake**",1787755078.17737
dblrbrkx,18,2brgrd2c,19-bargaining_tdl_main-384_1_2,RightPartner,Choose you,1787755082.8560152
dblrbrkx,27,cjcjfh3v,19-bargaining_tdl_main-386_1_3,RightPartner,I can support you and you can support me and we can both get $3.00.  That works for me.,1787755084.1171296
dblrbrkx,72,afrpvh3n,19-bargaining_tdl_main-388_2_3,RightPartner,Want to support each other so we can get $3?,1787755086.3772721
dblrbrkx,72,afrpvh3n,19-bargaining_tdl_main-388_1_3,LeftPartner,What strategy you thinking?,1787755097.4772265
dblrbrkx,52,yvcwbcxb,19-bargaining_tdl_main-388_2_3,LeftPartner,Me too ,1787755098.1255925
dblrbrkx,45,gsufmdtx,19-bargaining_tdl_main-389_1_2,RightPartner,hello,1787755100.0660975
dblrbrkx,44,t58hfsg0,19-bargaining_tdl_main-389_1_2,LeftPartner,yo,1787755102.4179
dblrbrkx,46,vf4gd7f2,19-bargaining_tdl_main-386_1_3,LeftPartner,"Ok, sounds good! **Handshake**",1787755104.8816917
dblrbrkx,30,cg67ys7m,19-bargaining_tdl_main-384_1_3,LeftPartner,Yes I promise to choose you. We only get the bonus if we support each other . Lets go to next,1787755105.6414642
dblrbrkx,45,gsufmdtx,19-bargaining_tdl_main-389_2_3,LeftPartner,hello,1787755106.7935328
dblrbrkx,72,afrpvh3n,19-bargaining_tdl_main-388_1_3,LeftPartner,I want to coordinate to make sure we don't end up with $0,1787755110.1345465
dblrbrkx,44,t58hfsg0,19-bargaining_tdl_main-389_1_3,RightPartner,yo,1787755110.1395154
dblrbrkx,15,7g32ohmj,19-bargaining_tdl_main-384_1_2,LeftPartner,"an idea...,this round I choose the other, and you choose me. next round, I choose you and you choose them",1787755122.5150373
dblrbrkx,36,6nhsppm5,19-bargaining_tdl_main-388_1_3,RightPartner,"Hi, I'm not entirely sure. I want to be altruistic, but I agree - in doing so, we may all end up with nothing.",1787755128.2639663
dblrbrkx,52,yvcwbcxb,19-bargaining_tdl_main-388_1_2,RightPartner,Hi yellow how do you want to do this ,1787755128.415479
dblrbrkx,18,2brgrd2c,19-bargaining_tdl_main-384_1_2,RightPartner,ok,1787755140.0938737
dblrbrkx,44,t58hfsg0,19-bargaining_tdl_main-389_1_2,LeftPartner,What's the strat,1787755145.316575
dblrbrkx,52,yvcwbcxb,19-bargaining_tdl_main-388_2_3,LeftPartner,I think it's going to be fun ,1787755148.7955093
dblrbrkx,44,t58hfsg0,19-bargaining_tdl_main-389_1_3,RightPartner,What's the strat here,1787755150.2676919
dblrbrkx,63,hyj729nq,19-bargaining_tdl_main-390_1_2,RightPartner,hello I will join with you,1787755161.9578264
dblrbrkx,36,6nhsppm5,19-bargaining_tdl_main-388_1_2,LeftPartner,"Hi, Orange. I am a giver, so that is naturally my default. Perhaps we want to give to each other?",1787755162.824246
dblrbrkx,67,1noz0bf9,19-bargaining_tdl_main-391_2_3,RightPartner,Hello,1787755168.3443873
dblrbrkx,67,1noz0bf9,19-bargaining_tdl_main-391_1_3,LeftPartner,Hello,1787755173.8311362
dblrbrkx,63,hyj729nq,19-bargaining_tdl_main-390_2_3,LeftPartner,Hi I want to pait up with you,1787755177.895026
dblrbrkx,39,5zzuhwxi,19-bargaining_tdl_main-390_1_3,RightPartner,hi there friend,1787755179.8685522
dblrbrkx,52,yvcwbcxb,19-bargaining_tdl_main-388_1_2,RightPartner,Do you want to support each other ,1787755181.2770662
dblrbrkx,49,bdnzzzrd,19-bargaining_tdl_main-389_1_3,LeftPartner,will you support me and I will support you,1787755183.286483
dblrbrkx,49,bdnzzzrd,19-bargaining_tdl_main-389_2_3,RightPartner,hey,1787755188.3313696
dblrbrkx,39,5zzuhwxi,19-bargaining_tdl_main-390_1_2,LeftPartner,that would be nice ,1787755190.2863948
dblrbrkx,45,gsufmdtx,19-bargaining_tdl_main-389_1_2,RightPartner,"We should support each other, but purple participant hasn't responeded yet",1787755193.8645172
dblrbrkx,72,afrpvh3n,19-bargaining_tdl_main-388_2_3,RightPartner,"Great, I'll support you if you support me. T hat way we both get $3",1787755200.5725
dblrbrkx,66,p413avps,19-bargaining_tdl_main-391_2_3,LeftPartner,hello,1787755200.607865
dblrbrkx,65,dbu6s84a,19-bargaining_tdl_main-390_1_3,LeftPartner,hi there,1787755201.526723
dblrbrkx,63,hyj729nq,19-bargaining_tdl_main-390_1_2,RightPartner,if we pait up together we can get the bonus,1787755202.5019722
dblrbrkx,63,hyj729nq,19-bargaining_tdl_main-390_1_2,RightPartner,pair*,1787755209.4030335
dblrbrkx,65,dbu6s84a,19-bargaining_tdl_main-390_2_3,RightPartner,yes me too,1787755209.923417
dblrbrkx,36,6nhsppm5,19-bargaining_tdl_main-388_1_2,LeftPartner,Yes. :),1787755212.0348763
dblrbrkx,45,gsufmdtx,19-bargaining_tdl_main-389_1_2,RightPartner,"okay, they have now responded to me.",1787755216.9875093
dblrbrkx,52,yvcwbcxb,19-bargaining_tdl_main-388_2_3,LeftPartner,Ok ,1787755218.1095386
dblrbrkx,72,afrpvh3n,19-bargaining_tdl_main-388_1_3,LeftPartner,I agree. Coordinating is probably the safest way to make sure someone earns something,1787755218.2577236
dblrbrkx,67,1noz0bf9,19-bargaining_tdl_main-391_2_3,RightPartner,Would you like to support each other?,1787755220.3537884
dblrbrkx,49,bdnzzzrd,19-bargaining_tdl_main-389_2_3,RightPartner,will you support me and i will support you,1787755221.3273375
dblrbrkx,63,hyj729nq,19-bargaining_tdl_main-390_2_3,LeftPartner,if we pair up we can get the bonus,1787755226.8119893
dblrbrkx,39,5zzuhwxi,19-bargaining_tdl_main-390_1_2,LeftPartner,"but you promise, i don't want you turning back on me",1787755233.595226
dblrbrkx,45,gsufmdtx,19-bargaining_tdl_main-389_2_3,LeftPartner,what is the strategey here?,1787755235.2299862
dblrbrkx,44,t58hfsg0,19-bargaining_tdl_main-389_1_2,LeftPartner,Yeah vote me I'll vote you and ignore purple for no reason other than 50/50 chance,1787755236.6589582
dblrbrkx,44,t58hfsg0,19-bargaining_tdl_main-389_1_2,LeftPartner,unfortunate,1787755240.533076
dblrbrkx,39,5zzuhwxi,19-bargaining_tdl_main-390_1_3,RightPartner,we should pair ,1787755241.40129
dblrbrkx,66,p413avps,19-bargaining_tdl_main-391_2_3,LeftPartner,yes,1787755241.4808319
dblrbrkx,65,dbu6s84a,19-bargaining_tdl_main-390_2_3,RightPartner,yes am willing,1787755241.72776
dblrbrkx,63,hyj729nq,19-bargaining_tdl_main-390_1_2,RightPartner,yes I'll do it,1787755244.8528647
dblrbrkx,52,yvcwbcxb,19-bargaining_tdl_main-388_2_3,LeftPartner,Did you make the same deal with the other one ,1787755245.3105404
dblrbrkx,36,6nhsppm5,19-bargaining_tdl_main-388_1_3,RightPartner,It feels wrong to have to exclude the other. I suppose that is the difficult choice we have to make.,1787755246.0408528
dblrbrkx,39,5zzuhwxi,19-bargaining_tdl_main-390_1_3,RightPartner,what do you think,1787755247.2843359
dblrbrkx,65,dbu6s84a,19-bargaining_tdl_main-390_1_3,LeftPartner,yes,1787755248.5906446
dblrbrkx,63,hyj729nq,19-bargaining_tdl_main-390_1_2,RightPartner,you promise too,1787755255.4116318
dblrbrkx,39,5zzuhwxi,19-bargaining_tdl_main-390_1_2,LeftPartner,great,1787755255.5429046
dblrbrkx,67,1noz0bf9,19-bargaining_tdl_main-391_2_3,RightPartner,That way we can both earn money each round,1787755256.157165
dblrbrkx,44,t58hfsg0,19-bargaining_tdl_main-389_1_3,RightPartner,Yeah vote me I'll vote you and ignore orange for no reason other than 50/50 chance. unfortunate for thtem .,1787755256.7289884
dblrbrkx,44,t58hfsg0,19-bargaining_tdl_main-389_1_3,RightPartner,*them,1787755258.596124
dblrbrkx,72,afrpvh3n,19-bargaining_tdl_main-388_2_3,RightPartner,No,1787755259.3172622
dblrbrkx,49,bdnzzzrd,19-bargaining_tdl_main-389_2_3,RightPartner,let us support each other,1787755262.7547364
dblrbrkx,63,hyj729nq,19-bargaining_tdl_main-390_2_3,LeftPartner,ok lets do it,1787755265.153204
dblrbrkx,67,1noz0bf9,19-bargaining_tdl_main-391_2_3,RightPartner,I haven't heard anything from the Yellow participant,1787755268.7485712
dblrbrkx,66,p413avps,19-bargaining_tdl_main-391_2_3,LeftPartner,yes,1787755270.1886942
dblrbrkx,49,bdnzzzrd,19-bargaining_tdl_main-389_1_3,LeftPartner,good,1787755272.155076
dblrbrkx,52,yvcwbcxb,19-bargaining_tdl_main-388_1_2,RightPartner,Did the other color ask the same thing ,1787755276.1658788
dblrbrkx,68,m9aypas6,19-bargaining_tdl_main-393_1_2,RightPartner,Hi there! Hope you're having a great day so far.,1787755283.9844227
dblrbrkx,44,t58hfsg0,19-bargaining_tdl_main-389_1_3,RightPartner,that works I guess lol,1787755287.6616628
dblrbrkx,45,gsufmdtx,19-bargaining_tdl_main-389_1_2,RightPartner,okay good I'll support you.,1787755288.554686
dblrbrkx,39,5zzuhwxi,19-bargaining_tdl_main-390_1_3,RightPartner,promise not to go against your word,1787755288.8546345
dblrbrkx,44,t58hfsg0,19-bargaining_tdl_main-389_1_2,LeftPartner,gracias,1787755291.6573198
dblrbrkx,68,m9aypas6,19-bargaining_tdl_main-393_2_3,LeftPartner,Hi there. Hope you're having a great day so far,1787755292.4298997
dblrbrkx,72,afrpvh3n,19-bargaining_tdl_main-388_2_3,RightPartner,Yellow is not down to play ball. I'm ready to make a deal with you so we both get $3,1787755294.919682
dblrbrkx,98,62xtmq7c,19-bargaining_tdl_main-392_2_3,RightPartner,"Hello, i think ee should support each other, so we both earn 3$",1787755298.16748
dblrbrkx,44,t58hfsg0,19-bargaining_tdl_main-389_1_2,LeftPartner,feels mean but it works I guess,1787755298.202953
dblrbrkx,67,1noz0bf9,19-bargaining_tdl_main-391_2_3,RightPartner,okay cool,1787755301.9658923
dblrbrkx,89,oj9ghx9w,19-bargaining_tdl_main-393_2_3,RightPartner,Hello! I am and I hope you are as well,1787755302.836111
dblrbrkx,44,t58hfsg0,19-bargaining_tdl_main-389_1_3,RightPartner,feels a little mean though but I guess it is what it is,1787755305.668906
dblrbrkx,65,dbu6s84a,19-bargaining_tdl_main-390_1_3,LeftPartner,"yes sure ,what of you?",1787755307.4827127
dblrbrkx,45,gsufmdtx,19-bargaining_tdl_main-389_2_3,LeftPartner,"Okay, let support each other then",1787755309.7579095
dblrbrkx,39,5zzuhwxi,19-bargaining_tdl_main-390_1_3,RightPartner,lets do it then ,1787755316.2025814
dblrbrkx,98,62xtmq7c,19-bargaining_tdl_main-392_2_3,RightPartner,Would you be willing to spport purple if i support the orange one?,1787755317.1481762
dblrbrkx,65,dbu6s84a,19-bargaining_tdl_main-390_1_3,LeftPartner,sure,1787755322.4917083
dblrbrkx,45,gsufmdtx,19-bargaining_tdl_main-389_1_2,RightPartner,yes,1787755326.1268125
dblrbrkx,60,hr1t8gte,19-bargaining_tdl_main-394_1_3,RightPartner,hi,1787755326.8577166
dblrbrkx,60,hr1t8gte,19-bargaining_tdl_main-394_1_2,LeftPartner,hi,1787755329.6716092
dblrbrkx,44,t58hfsg0,19-bargaining_tdl_main-389_1_2,LeftPartner,alright I'm gonna move on and vote for you,1787755329.8712602
dblrbrkx,49,bdnzzzrd,19-bargaining_tdl_main-389_1_3,LeftPartner,"yes, there is no other option",1787755331.1341963
dblrbrkx,35,s0hfq1m3,19-bargaining_tdl_main-395_1_3,RightPartner,Hi!,1787755332.480598
dblrbrkx,35,s0hfq1m3,19-bargaining_tdl_main-395_1_2,LeftPartner,Hi! :),1787755335.29749
dblrbrkx,44,t58hfsg0,19-bargaining_tdl_main-389_1_3,RightPartner,alright I'll move on and vote for you,1787755335.7492244
dblrbrkx,96,7mzu73x3,19-bargaining_tdl_main-392_2_3,LeftPartner,I am proposing we support each other so we could both earn $3,1787755337.0727305
dblrbrkx,36,6nhsppm5,19-bargaining_tdl_main-388_1_2,LeftPartner,"No, they simply stated that coordination is the safest way to ensure someone earns something. No promises. I cannot disagree with that. Oh boy. They actually just left the chat.",1787755337.6874964
dblrbrkx,88,c12ma7i1,19-bargaining_tdl_main-395_1_2,RightPartner,Hi!,1787755338.790328
dblrbrkx,68,m9aypas6,19-bargaining_tdl_main-393_2_3,LeftPartner,yellow isn't responding..... I will likely support you then since you've replied lol,1787755342.956813
dblrbrkx,60,hr1t8gte,19-bargaining_tdl_main-394_1_2,LeftPartner,what is your strategy,1787755344.3948212
dblrbrkx,88,c12ma7i1,19-bargaining_tdl_main-395_1_2,RightPartner,How are you today lol,1787755344.5114245
dblrbrkx,60,hr1t8gte,19-bargaining_tdl_main-394_1_3,RightPartner,what is your strategy,1787755345.5153675
dblrbrkx,35,s0hfq1m3,19-bargaining_tdl_main-395_1_2,LeftPartner,I think we should support each other,1787755349.6907835
dblrbrkx,96,7mzu73x3,19-bargaining_tdl_main-392_2_3,LeftPartner,Good idea,1787755351.298865
dblrbrkx,104,zcp24tzi,19-bargaining_tdl_main-395_1_3,LeftPartner,hello,1787755353.157658
dblrbrkx,73,9cm64cfb,19-bargaining_tdl_main-394_1_2,RightPartner,"Hey, I'm going to support the purple player.",1787755354.4645112
dblrbrkx,104,zcp24tzi,19-bargaining_tdl_main-395_2_3,RightPartner,hello,1787755354.9766858
dblrbrkx,88,c12ma7i1,19-bargaining_tdl_main-395_1_2,RightPartner,Sounds good to me,1787755355.3645234
dblrbrkx,35,s0hfq1m3,19-bargaining_tdl_main-395_1_2,LeftPartner,"And I'm good, you?",1787755355.3677294
dblrbrkx,49,bdnzzzrd,19-bargaining_tdl_main-389_2_3,RightPartner,"good, I will move on and vote for you",1787755358.0590825
dblrbrkx,35,s0hfq1m3,19-bargaining_tdl_main-395_1_3,RightPartner,How are you! :),1787755358.2094967
dblrbrkx,88,c12ma7i1,19-bargaining_tdl_main-395_2_3,LeftPartner,Hii,1787755359.2156088
dblrbrkx,89,oj9ghx9w,19-bargaining_tdl_main-393_2_3,RightPartner,Ok that works for me!,1787755364.809145
dblrbrkx,60,hr1t8gte,19-bargaining_tdl_main-394_1_2,LeftPartner,why?,1787755369.183875
dblrbrkx,35,s0hfq1m3,19-bargaining_tdl_main-395_1_2,LeftPartner,cool! Whats your favorite food?,1787755371.6585073
dblrbrkx,104,zcp24tzi,19-bargaining_tdl_main-395_1_3,LeftPartner,am good,1787755373.2838745
dblrbrkx,73,9cm64cfb,19-bargaining_tdl_main-394_2_3,LeftPartner,"Hi, I'm going to support the yellow player.",1787755374.0173354
dblrbrkx,36,6nhsppm5,19-bargaining_tdl_main-388_1_2,LeftPartner,I suppose we had better support each other. Do we have an agreement?,1787755374.4097085
dblrbrkx,56,buhzmu9i,19-bargaining_tdl_main-393_1_2,LeftPartner,Hi. I am thank you. What about yourself? I would like to coordinate so that we can both ear $3. If you support me I will support you. ,1787755379.7388113
dblrbrkx,52,yvcwbcxb,19-bargaining_tdl_main-388_1_2,RightPartner,I know ,1787755380.0783706
dblrbrkx,45,gsufmdtx,19-bargaining_tdl_main-389_2_3,LeftPartner,let's click the next button,1787755380.6612525
dblrbrkx,88,c12ma7i1,19-bargaining_tdl_main-395_1_2,RightPartner,you messaged me first so I'm happy to support you if you support me :D My favorite food right now is the ice cream sandwiches from trader joes,1787755394.0665894
dblrbrkx,73,9cm64cfb,19-bargaining_tdl_main-394_1_2,RightPartner,They will support you.,1787755395.5438666
dblrbrkx,88,c12ma7i1,19-bargaining_tdl_main-395_1_2,RightPartner,wbu?,1787755398.0103316
dblrbrkx,35,s0hfq1m3,19-bargaining_tdl_main-395_1_2,LeftPartner,omg those are good! I love german chocolate cake,1787755411.0089374
dblrbrkx,88,c12ma7i1,19-bargaining_tdl_main-395_1_2,RightPartner,omg that is also a good choice,1787755418.6140063
dblrbrkx,88,c12ma7i1,19-bargaining_tdl_main-395_1_2,RightPartner,do you have any pets?,1787755422.096644
dblrbrkx,35,s0hfq1m3,19-bargaining_tdl_main-395_1_2,LeftPartner,I'll support you!! I think it's most fair for us to support each other right? :),1787755424.9070196
dblrbrkx,62,e14l96b5,19-bargaining_tdl_main-396_1_3,RightPartner,hello,1787755425.7169094
dblrbrkx,94,ncog0ixj,19-bargaining_tdl_main-396_2_3,RightPartner,hello,1787755428.4068859
dblrbrkx,70,igjsfeqo,19-bargaining_tdl_main-397_1_3,RightPartner,hello,1787755429.3913393
dblrbrkx,90,y6q6j9ec,19-bargaining_tdl_main-394_1_3,LeftPartner,i think we should cordinate so that two of us suppport same perosh which could give that person $6,1787755429.4962928
dblrbrkx,92,7nr976xt,19-bargaining_tdl_main-396_1_2,RightPartner,hello yellow ! would you like to support each other?,1787755430.3971624
dblrbrkx,35,s0hfq1m3,19-bargaining_tdl_main-395_1_2,LeftPartner,"I have 2 cats, a tabby and a tortie, you?",1787755431.5674632
dblrbrkx,70,igjsfeqo,19-bargaining_tdl_main-397_1_2,LeftPartner,hello,1787755432.8255358
dblrbrkx,94,ncog0ixj,19-bargaining_tdl_main-396_1_3,LeftPartner,hi,1787755434.7357433
dblrbrkx,108,cuc22z0o,19-bargaining_tdl_main-397_1_3,LeftPartner,hi,1787755434.9437406
dblrbrkx,60,hr1t8gte,19-bargaining_tdl_main-394_1_2,LeftPartner,somebody doesn't get paid in this as I understand it,1787755436.9498436
dblrbrkx,88,c12ma7i1,19-bargaining_tdl_main-395_1_2,RightPartner,"Yes I think so, and then we both get $3 which is a win",1787755439.0251188
dblrbrkx,92,7nr976xt,19-bargaining_tdl_main-396_2_3,LeftPartner,hello purple ! would you like to support each other ?,1787755445.3650637
dblrbrkx,101,wnnri9hp,19-bargaining_tdl_main-397_1_2,RightPartner,Hello. Who will you be supporting?,1787755447.34438
dblrbrkx,108,cuc22z0o,19-bargaining_tdl_main-397_2_3,RightPartner,hello,1787755448.1493645
dblrbrkx,62,e14l96b5,19-bargaining_tdl_main-396_1_2,LeftPartner,Okay,1787755448.8105738
dblrbrkx,90,y6q6j9ec,19-bargaining_tdl_main-394_2_3,RightPartner,"thats a good one, i will go with this too",1787755449.6158736
dblrbrkx,88,c12ma7i1,19-bargaining_tdl_main-395_1_2,RightPartner,"I have four cats! A tuxedo, a tortie, an orange tabby, and then a gray guy",1787755452.656847
dblrbrkx,108,cuc22z0o,19-bargaining_tdl_main-397_2_3,RightPartner,I'm supporting you,1787755455.7239537
dblrbrkx,73,9cm64cfb,19-bargaining_tdl_main-394_1_2,RightPartner,"Right, I'll take the hit.",1787755455.8815682
dblrbrkx,92,7nr976xt,19-bargaining_tdl_main-396_1_2,RightPartner,awesome lets do it ,1787755458.916802
dblrbrkx,60,hr1t8gte,19-bargaining_tdl_main-394_1_3,RightPartner,I think it is better if two people get 3,1787755460.8612835
dblrbrkx,70,igjsfeqo,19-bargaining_tdl_main-397_1_3,RightPartner,Who will you be supporting?,1787755462.6295795
dblrbrkx,99,rtxtpwrn,19-bargaining_tdl_main-398_1_2,LeftPartner,Goodmorning!,1787755467.141161
dblrbrkx,116,a0kg8hh9,19-bargaining_tdl_main-398_2_3,LeftPartner,Do you want to support each other?,1787755468.7141721
dblrbrkx,108,cuc22z0o,19-bargaining_tdl_main-397_1_3,LeftPartner,Orange,1787755469.0374868
dblrbrkx,35,s0hfq1m3,19-bargaining_tdl_main-395_1_2,LeftPartner,Awww so cute <3 How old are they?,1787755469.2570574
dblrbrkx,94,ncog0ixj,19-bargaining_tdl_main-396_2_3,RightPartner,Yes I would like that,1787755469.903552
dblrbrkx,70,igjsfeqo,19-bargaining_tdl_main-397_1_2,LeftPartner,Ill support you if you support me,1787755470.0522456
dblrbrkx,62,e14l96b5,19-bargaining_tdl_main-396_1_2,LeftPartner,let's start,1787755471.4162521
dblrbrkx,73,9cm64cfb,19-bargaining_tdl_main-394_1_2,RightPartner,Otherwise nobody gets paid.,1787755473.1190805
dblrbrkx,35,s0hfq1m3,19-bargaining_tdl_main-395_1_2,LeftPartner,Mine are 6 and 2,1787755474.47561
dblrbrkx,99,rtxtpwrn,19-bargaining_tdl_main-398_1_3,RightPartner,Goodmorning!,1787755474.8523505
dblrbrkx,116,a0kg8hh9,19-bargaining_tdl_main-398_1_2,RightPartner,Hello!,1787755475.256583
dblrbrkx,101,wnnri9hp,19-bargaining_tdl_main-397_2_3,LeftPartner,"Ok, then I will support you.",1787755477.6560147
dblrbrkx,62,e14l96b5,19-bargaining_tdl_main-396_1_3,RightPartner,let's start,1787755480.7360394
dblrbrkx,60,hr1t8gte,19-bargaining_tdl_main-394_1_3,RightPartner,who are you going to support,1787755481.63768
dblrbrkx,88,c12ma7i1,19-bargaining_tdl_main-395_1_2,RightPartner,Three of them are 2 and the grey guy is 3! I'm happy to move forward and support you if you are as well :P,1787755486.3515332
dblrbrkx,125,qlvdimu2,19-bargaining_tdl_main-398_1_3,LeftPartner,"good morning, want to do an even split so that it's fair?",1787755492.952576
dblrbrkx,101,wnnri9hp,19-bargaining_tdl_main-397_1_2,RightPartner,"Yes, sounds like a deal.",1787755496.3318083
dblrbrkx,60,hr1t8gte,19-bargaining_tdl_main-394_1_2,LeftPartner,that's kind of you,1787755497.7268312
dblrbrkx,70,igjsfeqo,19-bargaining_tdl_main-397_1_3,RightPartner,why are you supporting orange,1787755499.1400042
dblrbrkx,125,qlvdimu2,19-bargaining_tdl_main-398_2_3,RightPartner,yes that sounds like a good plan,1787755500.0534995
dblrbrkx,60,hr1t8gte,19-bargaining_tdl_main-394_1_2,LeftPartner,what is the plan then,1787755502.5918858
dblrbrkx,35,s0hfq1m3,19-bargaining_tdl_main-395_1_2,LeftPartner,Oh I didn't realize we could move forward LOL let's do it! Have an awesome day! :),1787755506.044022
dblrbrkx,70,igjsfeqo,19-bargaining_tdl_main-397_1_2,LeftPartner,Okay great,1787755507.5870724
dblrbrkx,99,rtxtpwrn,19-bargaining_tdl_main-398_1_3,RightPartner,Sure!,1787755508.4964292
dblrbrkx,108,cuc22z0o,19-bargaining_tdl_main-397_1_3,LeftPartner,I don't have a good reason,1787755511.7200062
dblrbrkx,88,c12ma7i1,19-bargaining_tdl_main-395_1_2,RightPartner,You too! Hope you enjoy some good food after this,1787755513.579012
dblrbrkx,116,a0kg8hh9,19-bargaining_tdl_main-398_2_3,LeftPartner,Great!,1787755514.6661756
dblrbrkx,108,cuc22z0o,19-bargaining_tdl_main-397_1_3,LeftPartner,Would you prefer I support you?,1787755525.2201056
dblrbrkx,93,vyzib6m8,19-bargaining_tdl_main-399_1_2,LeftPartner,Purple left already. Thoughts on how to do this?,1787755527.6615176
dblrbrkx,70,igjsfeqo,19-bargaining_tdl_main-397_1_3,RightPartner,I'll support you if you support me,1787755528.974019
dblrbrkx,73,9cm64cfb,19-bargaining_tdl_main-394_1_2,RightPartner,"I support purple, they support you.",1787755535.3780131
dblrbrkx,108,cuc22z0o,19-bargaining_tdl_main-397_1_3,LeftPartner,ok,1787755538.038943
dblrbrkx,70,igjsfeqo,19-bargaining_tdl_main-397_1_3,RightPartner,okay great,1787755544.557994
dblrbrkx,115,tizhiast,19-bargaining_tdl_main-400_1_2,LeftPartner,Hi!,1787755548.343001
dblrbrkx,115,tizhiast,19-bargaining_tdl_main-400_1_3,RightPartner,Hi!,1787755551.4013777
dblrbrkx,124,a3e7x23r,19-bargaining_tdl_main-400_2_3,LeftPartner,Hello,1787755551.952412
dblrbrkx,138,n5a1alri,19-bargaining_tdl_main-400_2_3,RightPartner,Hello!!,1787755554.0154912
dblrbrkx,138,n5a1alri,19-bargaining_tdl_main-400_1_3,LeftPartner,Hello!!,1787755556.8005452
dblrbrkx,124,a3e7x23r,19-bargaining_tdl_main-400_1_2,RightPartner,Hello,1787755558.674888
dblrbrkx,60,hr1t8gte,19-bargaining_tdl_main-394_1_3,RightPartner,are you going to support me? That is what Orange is saying?,1787755565.434649
dblrbrkx,115,tizhiast,19-bargaining_tdl_main-400_1_2,LeftPartner,So I think it's obvious that we need to support each other to make any kind of money from this.,1787755567.8393006
dblrbrkx,124,a3e7x23r,19-bargaining_tdl_main-400_2_3,LeftPartner,Let us vote for each other,1787755576.8533828
dblrbrkx,138,n5a1alri,19-bargaining_tdl_main-400_2_3,RightPartner,"Personally, I think if we all support each other it'll have the best outcome. What do you think?",1787755580.0232174
dblrbrkx,73,9cm64cfb,19-bargaining_tdl_main-394_2_3,LeftPartner,Are you sure?,1787755581.3220997
dblrbrkx,115,tizhiast,19-bargaining_tdl_main-400_1_3,RightPartner,So I think it's obvious that we need to support each other to make any kind of money from this,1787755583.4152553
dblrbrkx,124,a3e7x23r,19-bargaining_tdl_main-400_1_2,RightPartner,Yes I strongly agree,1787755584.2224205
dblrbrkx,138,n5a1alri,19-bargaining_tdl_main-400_2_3,RightPartner,Agreed,1787755588.3918428
dblrbrkx,100,ohc36wjp,19-bargaining_tdl_main-401_1_3,RightPartner,Hi how are you?,1787755592.0801265
dblrbrkx,100,ohc36wjp,19-bargaining_tdl_main-401_1_2,LeftPartner,Hi how are you?,1787755595.8011665
dblrbrkx,115,tizhiast,19-bargaining_tdl_main-400_1_2,LeftPartner,The easiest play is for us to support each other,1787755596.1745307
dblrbrkx,60,hr1t8gte,19-bargaining_tdl_main-394_1_2,LeftPartner,I support Purple than?,1787755597.9665287
dblrbrkx,138,n5a1alri,19-bargaining_tdl_main-400_1_3,LeftPartner,yes def!,1787755598.477701
dblrbrkx,115,tizhiast,19-bargaining_tdl_main-400_1_2,LeftPartner,Then we each get the $3,1787755600.458891
dblrbrkx,93,vyzib6m8,19-bargaining_tdl_main-399_1_2,LeftPartner,"Do you have an idea on who you want to support, or if you will support no one?",1787755602.399144
dblrbrkx,102,v6vyuytt,19-bargaining_tdl_main-399_1_2,RightPartner,I think our best bet would be to support each other if they aren't adding a third,1787755605.0302339
dblrbrkx,119,86a77222,19-bargaining_tdl_main-401_1_2,RightPartner,Good and you?,1787755605.413542
dblrbrkx,124,a3e7x23r,19-bargaining_tdl_main-400_1_2,RightPartner,Exactly,1787755605.8430564
dblrbrkx,136,gdyenb15,19-bargaining_tdl_main-401_1_3,LeftPartner,"Doing fine, thanks! How are you?",1787755607.5773933
dblrbrkx,115,tizhiast,19-bargaining_tdl_main-400_1_3,RightPartner,If we both support each other we get $3,1787755610.3642836
dblrbrkx,124,a3e7x23r,19-bargaining_tdl_main-400_1_2,RightPartner,You get it,1787755610.5511036
dblrbrkx,102,v6vyuytt,19-bargaining_tdl_main-399_1_2,RightPartner,That way we each get $3,1787755619.584915
dblrbrkx,100,ohc36wjp,19-bargaining_tdl_main-401_1_2,LeftPartner,Im doing well :) thanks for asking. So do you know yet who you want to support?,1787755623.551826
dblrbrkx,90,y6q6j9ec,19-bargaining_tdl_main-394_1_3,LeftPartner,"i will support you, orange has told me they are supporting you",1787755625.5044172
dblrbrkx,124,a3e7x23r,19-bargaining_tdl_main-400_2_3,LeftPartner,We can pick each other then,1787755627.5305097
dblrbrkx,93,vyzib6m8,19-bargaining_tdl_main-399_1_2,LeftPartner,Got it. I'm good with supporting you,1787755628.3454971
dblrbrkx,136,gdyenb15,19-bargaining_tdl_main-401_2_3,RightPartner,Hi how are you?,1787755632.1039398
dblrbrkx,90,y6q6j9ec,19-bargaining_tdl_main-394_2_3,RightPartner,yes,1787755634.2301083
dblrbrkx,138,n5a1alri,19-bargaining_tdl_main-400_1_3,LeftPartner,if we all work together i think we can all get $3!! will you be willing to vote for orange if i vote for you?,1787755637.2936397
dblrbrkx,100,ohc36wjp,19-bargaining_tdl_main-401_1_3,RightPartner,I am doing just fine thank you so much for asking :) do you have any idea who you want to support yet?,1787755637.37821
dblrbrkx,102,v6vyuytt,19-bargaining_tdl_main-399_1_2,RightPartner,Awesome I'll support you then,1787755643.2704618
dblrbrkx,119,86a77222,19-bargaining_tdl_main-401_2_3,LeftPartner,Pretty good and yourself?,1787755644.665105
dblrbrkx,60,hr1t8gte,19-bargaining_tdl_main-394_1_3,RightPartner,they tell me otherwise,1787755645.659985
dblrbrkx,136,gdyenb15,19-bargaining_tdl_main-401_2_3,RightPartner,"Just fine, thanks",1787755657.0107875
dblrbrkx,93,vyzib6m8,19-bargaining_tdl_main-399_1_2,LeftPartner,Perfect! Hitting next,1787755662.5903344
dblrbrkx,136,gdyenb15,19-bargaining_tdl_main-401_1_3,LeftPartner,"Not really, what about you?",1787755664.9510875
dblrbrkx,115,tizhiast,19-bargaining_tdl_main-400_1_3,RightPartner,"No, if we all vote for each other (kind of in a ring), then nobody makes anything",1787755666.2697122
dblrbrkx,60,hr1t8gte,19-bargaining_tdl_main-394_1_3,RightPartner,You support me and I will support you and then we both get 3,1787755672.980038
dblrbrkx,73,9cm64cfb,19-bargaining_tdl_main-394_1_2,RightPartner,Yeah.,1787755676.6466835
dblrbrkx,90,y6q6j9ec,19-bargaining_tdl_main-394_2_3,RightPartner,"yellow is the strongest option, you already metioned to support yekllow",1787755676.890999
dblrbrkx,121,batpfvrc,19-bargaining_tdl_main-402_1_3,RightPartner,"hi, i will support you if you support me to guarantee a payout to each of us.",1787755679.6606662
dblrbrkx,123,0m3a741l,19-bargaining_tdl_main-402_2_3,LeftPartner,Hi! I am thinking of supporting you the most. ,1787755682.9015157
dblrbrkx,90,y6q6j9ec,19-bargaining_tdl_main-394_1_3,LeftPartner,well said,1787755684.3257875
dblrbrkx,73,9cm64cfb,19-bargaining_tdl_main-394_2_3,LeftPartner,Agreed.,1787755684.9692836
dblrbrkx,60,hr1t8gte,19-bargaining_tdl_main-394_1_3,RightPartner,Orange said they were fine with that.,1787755685.5444922
dblrbrkx,119,86a77222,19-bargaining_tdl_main-401_1_2,RightPartner,awesome to hear!  not yet - trying to figure that one out and my brain is pulling blanks LOL,1787755687.862257
dblrbrkx,119,86a77222,19-bargaining_tdl_main-401_1_2,RightPartner,You?,1787755690.282904
dblrbrkx,123,0m3a741l,19-bargaining_tdl_main-402_1_2,RightPartner,Hi Yellow! ,1787755690.6541197
dblrbrkx,121,batpfvrc,19-bargaining_tdl_main-402_1_2,LeftPartner,"hi, i will support you if you support me to guarantee a payout to each of us.",1787755697.909349
dblrbrkx,60,hr1t8gte,19-bargaining_tdl_main-394_1_3,RightPartner,got it I support you,1787755703.3165333
dblrbrkx,119,86a77222,19-bargaining_tdl_main-401_2_3,LeftPartner,Good to hear!  ,1787755708.4010217
dblrbrkx,126,syylw9yf,19-bargaining_tdl_main-402_1_3,LeftPartner,done deal,1787755717.0763323
dblrbrkx,123,0m3a741l,19-bargaining_tdl_main-402_1_2,RightPartner,"Okay, I am okay with making this deal. ",1787755723.461382
dblrbrkx,123,0m3a741l,19-bargaining_tdl_main-402_1_2,RightPartner,Deal? ,1787755727.617069
dblrbrkx,100,ohc36wjp,19-bargaining_tdl_main-401_1_2,LeftPartner,LOL yeah and it is a little bit confusing too but I think I got the general idea so I can try and get some bonus money perhaps. I do not know yet just trying to figure it out.,1787755730.994912
dblrbrkx,123,0m3a741l,19-bargaining_tdl_main-402_2_3,LeftPartner,Hello Purple? ,1787755732.9892251
dblrbrkx,121,batpfvrc,19-bargaining_tdl_main-402_1_2,LeftPartner,Yes!,1787755735.3465707
dblrbrkx,60,hr1t8gte,19-bargaining_tdl_main-394_1_3,RightPartner,moving out of chat,1787755739.0890563
dblrbrkx,100,ohc36wjp,19-bargaining_tdl_main-401_1_3,RightPartner,No I thought I would ask just to see if we can choose the same one to support and get some bonus money but I am ok with whomever you want to support and we could each get 3.00 that way,1787755742.1487784
dblrbrkx,107,zplx62lg,19-bargaining_tdl_main-403_1_3,RightPartner,hello there,1787755744.0437002
dblrbrkx,137,1ze7vncn,19-bargaining_tdl_main-404_2_3,RightPartner,will you support me?,1787755746.0549912
dblrbrkx,137,1ze7vncn,19-bargaining_tdl_main-404_1_3,LeftPartner,will you support me?,1787755754.0361814
dblrbrkx,100,ohc36wjp,19-bargaining_tdl_main-401_1_2,LeftPartner,It would be nice if we could each get at least the 3.00 :),1787755766.502254
dblrbrkx,119,86a77222,19-bargaining_tdl_main-401_1_2,RightPartner,yeah i had to read the steps multiple times and was still a little confused...maybe i need more coffee lol,1787755766.6627264
dblrbrkx,107,zplx62lg,19-bargaining_tdl_main-403_1_3,RightPartner,how is it going,1787755769.2302084
dblrbrkx,82,67wrgqxp,19-bargaining_tdl_main-404_1_2,LeftPartner,"Hi ,can we vote for each other?",1787755770.523551
dblrbrkx,100,ohc36wjp,19-bargaining_tdl_main-401_1_2,LeftPartner,Oh I had a Celsius LOL so that helped a lot thank goodness ,1787755783.0645468
dblrbrkx,100,ohc36wjp,19-bargaining_tdl_main-401_1_2,LeftPartner,it helps clear the fog for me :),1787755793.2861993
dblrbrkx,107,zplx62lg,19-bargaining_tdl_main-403_1_3,RightPartner,are you there?,1787755793.8082736
dblrbrkx,134,ffdp6f6k,19-bargaining_tdl_main-403_1_3,LeftPartner,hi,1787755795.865517
dblrbrkx,100,ohc36wjp,19-bargaining_tdl_main-401_1_2,LeftPartner,We could support eachother if you want,1787755806.0671911
dblrbrkx,137,1ze7vncn,19-bargaining_tdl_main-404_2_3,RightPartner,hello?,1787755806.1457734
dblrbrkx,134,ffdp6f6k,19-bargaining_tdl_main-403_1_3,LeftPartner,"sorry, hows it going?",1787755806.7059739
dblrbrkx,107,zplx62lg,19-bargaining_tdl_main-403_1_3,RightPartner,such a sad day isnt it,1787755810.1015513
dblrbrkx,136,gdyenb15,19-bargaining_tdl_main-401_1_3,LeftPartner,"That makes sense, but what if someone in our group tries to trick the others?",1787755817.5556455
dblrbrkx,135,y6agep1v,19-bargaining_tdl_main-404_2_3,LeftPartner,"Hi, yes if you support me",1787755821.8493547
dblrbrkx,107,zplx62lg,19-bargaining_tdl_main-403_1_3,RightPartner,it s going fine just weather is going wild now,1787755822.0563123
dblrbrkx,100,ohc36wjp,19-bargaining_tdl_main-401_1_3,RightPartner,well that would suck,1787755827.122352
dblrbrkx,107,zplx62lg,19-bargaining_tdl_main-403_1_3,RightPartner,storm is happening  ,1787755827.3384206
dblrbrkx,134,ffdp6f6k,19-bargaining_tdl_main-403_1_3,LeftPartner,I am not sure why it's so sad but it is okay for me,1787755829.73608
dblrbrkx,147,vzfw0j11,19-bargaining_tdl_main-405_2_3,RightPartner,Hello,1787755835.9976013
dblrbrkx,136,gdyenb15,19-bargaining_tdl_main-401_1_3,LeftPartner,Yeah haha,1787755838.449863
dblrbrkx,107,zplx62lg,19-bargaining_tdl_main-403_1_3,RightPartner,i was referring to dolly parton,1787755840.7224069
dblrbrkx,114,pebuex2r,19-bargaining_tdl_main-405_2_3,LeftPartner,Hi,1787755843.152137
dblrbrkx,119,86a77222,19-bargaining_tdl_main-401_1_2,RightPartner,"i need stronger coffee i guess lol  sure!  i figure either way, if any of us leave with more money than we started with, we're better than we were lol",1787755847.1855175
dblrbrkx,82,67wrgqxp,19-bargaining_tdl_main-404_1_3,RightPartner,"Yes, I will. Will you support me too?",1787755852.718086
dblrbrkx,107,zplx62lg,19-bargaining_tdl_main-403_1_3,RightPartner,sorry i wasnt clear to start with,1787755856.05575
dblrbrkx,152,nwobt8bq,19-bargaining_tdl_main-406_2_3,LeftPartner,Hi purple! How's it going?,1787755857.85959
dblrbrkx,137,1ze7vncn,19-bargaining_tdl_main-404_2_3,RightPartner,ok,1787755858.4408078
dblrbrkx,107,zplx62lg,19-bargaining_tdl_main-403_1_3,RightPartner,:),1787755860.5940723
dblrbrkx,147,vzfw0j11,19-bargaining_tdl_main-405_2_3,RightPartner,"For me, the yellow participant has left the chat. So should we just support each other?",1787755862.0572407
dblrbrkx,134,ffdp6f6k,19-bargaining_tdl_main-403_1_3,LeftPartner,Oh right!  You mentioned the weather.  Weather is gorgeous here but yes sad to hear about Dolly..,1787755862.0601935
dblrbrkx,137,1ze7vncn,19-bargaining_tdl_main-404_1_3,LeftPartner,yes,1787755862.316378
dblrbrkx,135,y6agep1v,19-bargaining_tdl_main-404_1_2,RightPartner,"hi, yes..we shoukd support each other",1787755866.6688762
dblrbrkx,100,ohc36wjp,19-bargaining_tdl_main-401_1_2,LeftPartner,yeah i just want to be fair and try to get each of us some :),1787755868.1359515
dblrbrkx,152,nwobt8bq,19-bargaining_tdl_main-406_1_2,RightPartner,Hi! how are you?,1787755868.9191964
dblrbrkx,114,pebuex2r,19-bargaining_tdl_main-405_2_3,LeftPartner,yes,1787755869.4308705
dblrbrkx,134,ffdp6f6k,19-bargaining_tdl_main-403_1_3,LeftPartner,She was a light in this dark world for sure,1787755870.1179066
dblrbrkx,154,jxxs67q6,19-bargaining_tdl_main-406_2_3,RightPartner,I'm doing well. You?,1787755876.205481
dblrbrkx,147,vzfw0j11,19-bargaining_tdl_main-405_2_3,RightPartner,okay! Sounds like a plan,1787755877.3750768
dblrbrkx,152,nwobt8bq,19-bargaining_tdl_main-406_2_3,LeftPartner,Not bad,1787755879.2731073
dblrbrkx,154,jxxs67q6,19-bargaining_tdl_main-406_1_3,LeftPartner,Hi,1787755879.991185
dblrbrkx,107,zplx62lg,19-bargaining_tdl_main-403_1_3,RightPartner, so lucky to have nice weather but we needed the rain,1787755881.9148555
dblrbrkx,100,ohc36wjp,19-bargaining_tdl_main-401_1_2,LeftPartner,Ok so i will choose to support you :) hope you do the same i am placing my faith in you take care :),1787755892.0437536
dblrbrkx,107,zplx62lg,19-bargaining_tdl_main-403_1_3,RightPartner,it s too dry here so dont want any wildfire,1787755893.7778726
dblrbrkx,112,j7nt4h6a,19-bargaining_tdl_main-406_1_3,RightPartner,Hi. I'm thinking of supporting Purple because it's my favorite color.,1787755902.171204
dblrbrkx,107,zplx62lg,19-bargaining_tdl_main-403_1_3,RightPartner,yes she s the light of the world ,1787755905.5882027
dblrbrkx,134,ffdp6f6k,19-bargaining_tdl_main-403_1_3,LeftPartner,Oh we have had rain for weeks on end.  Even this next 6 days look rainy here,1787755906.1047256
dblrbrkx,154,jxxs67q6,19-bargaining_tdl_main-406_2_3,RightPartner,Can we support each other?,1787755906.9361265
dblrbrkx,134,ffdp6f6k,19-bargaining_tdl_main-403_1_3,LeftPartner,That's true.  ,1787755910.703154
dblrbrkx,152,nwobt8bq,19-bargaining_tdl_main-406_2_3,LeftPartner,I'm in!,1787755911.8129995
dblrbrkx,154,jxxs67q6,19-bargaining_tdl_main-406_1_3,LeftPartner,Please do,1787755916.1758895
dblrbrkx,107,zplx62lg,19-bargaining_tdl_main-403_1_3,RightPartner,sad lot of people doesnt see that ,1787755921.4410942
dblrbrkx,134,ffdp6f6k,19-bargaining_tdl_main-403_1_3,LeftPartner,I walked my dog this morning and it was 61 degrees. It felt amazing,1787755923.6334157
dblrbrkx,107,zplx62lg,19-bargaining_tdl_main-403_1_3,RightPartner,i sure hate to see the world awful,1787755930.9522839
dblrbrkx,134,ffdp6f6k,19-bargaining_tdl_main-403_1_3,LeftPartner,I don't know who would look at her and think otherwise,1787755933.887586
dblrbrkx,154,jxxs67q6,19-bargaining_tdl_main-406_1_3,LeftPartner,We'll support each other,1787755934.1907103
dblrbrkx,112,j7nt4h6a,19-bargaining_tdl_main-406_1_2,LeftPartner,"Hi, I want to support purple because it's my favorite color",1787755940.671813
dblrbrkx,107,zplx62lg,19-bargaining_tdl_main-403_1_3,RightPartner,awww nice to be walking with dog in nice weather for sure,1787755948.4638622
dblrbrkx,152,nwobt8bq,19-bargaining_tdl_main-406_1_2,RightPartner,I appreciate the honesty,1787755949.0007868
dblrbrkx,112,j7nt4h6a,19-bargaining_tdl_main-406_1_3,RightPartner,Ok. Will you support me?,1787755966.3151653
dblrbrkx,107,zplx62lg,19-bargaining_tdl_main-403_1_3,RightPartner,i have two dog and three cats,1787755968.7620008
dblrbrkx,154,jxxs67q6,19-bargaining_tdl_main-406_1_3,LeftPartner,I will,1787755973.6341052
dblrbrkx,134,ffdp6f6k,19-bargaining_tdl_main-403_1_3,LeftPartner,I walk him no matter what the weather is honestly but something hits differently when it's nice out,1787755975.3267417
dblrbrkx,112,j7nt4h6a,19-bargaining_tdl_main-406_1_2,LeftPartner,Who will you support?,1787755984.025765
dblrbrkx,112,j7nt4h6a,19-bargaining_tdl_main-406_1_3,RightPartner,thanks,1787755991.032492
dblrbrkx,107,zplx62lg,19-bargaining_tdl_main-403_1_3,RightPartner,it helps soothe your mind when going for walk and refreshing,1787755997.7656367
dblrbrkx,152,nwobt8bq,19-bargaining_tdl_main-406_1_2,RightPartner,"purple asked if we could support each other, so I guess I was going to do purple also",1787756003.180143
dblrbrkx,162,2k41sl7h,19-bargaining_tdl_main-407_2_3,RightPartner,Hello,1787756011.223383
dblrbrkx,112,j7nt4h6a,19-bargaining_tdl_main-406_1_2,LeftPartner,ok,1787756013.3541956
dblrbrkx,162,2k41sl7h,19-bargaining_tdl_main-407_1_3,LeftPartner,Hello,1787756014.1441214
dblrbrkx,153,uegin93a,19-bargaining_tdl_main-407_2_3,LeftPartner,hi,1787756017.9971576
dblrbrkx,141,w013nh7o,19-bargaining_tdl_main-407_1_3,RightPartner,Hello!,1787756019.146426
dblrbrkx,153,uegin93a,19-bargaining_tdl_main-407_1_2,RightPartner,hi,1787756025.0040166
dblrbrkx,134,ffdp6f6k,19-bargaining_tdl_main-403_1_3,LeftPartner,it sure does. I didn't know how much I needed it until I got him,1787756026.600909
dblrbrkx,141,w013nh7o,19-bargaining_tdl_main-407_1_3,RightPartner,Would you like to support each other so we each get the $3?,1787756028.2540972
dblrbrkx,162,2k41sl7h,19-bargaining_tdl_main-407_2_3,RightPartner,How do you want to approach this? ,1787756031.419752
dblrbrkx,141,w013nh7o,19-bargaining_tdl_main-407_1_2,LeftPartner,Hello!,1787756032.251379
dblrbrkx,162,2k41sl7h,19-bargaining_tdl_main-407_1_3,LeftPartner,Sounds good! ,1787756035.414911
dblrbrkx,141,w013nh7o,19-bargaining_tdl_main-407_1_2,LeftPartner,Would you like to support each other so we both get the $3?,1787756044.3531168
dblrbrkx,162,2k41sl7h,19-bargaining_tdl_main-407_1_3,LeftPartner,I'll click next now ,1787756044.635644
dblrbrkx,141,w013nh7o,19-bargaining_tdl_main-407_1_3,RightPartner,"Perfect, me too.",1787756049.4295998
dblrbrkx,107,zplx62lg,19-bargaining_tdl_main-403_1_3,RightPartner, animals gives great support.  my furbabies gives me great joy,1787756054.247325
dblrbrkx,134,ffdp6f6k,19-bargaining_tdl_main-403_1_3,LeftPartner,same! I have 3 cats and two dogs ,1787756073.4940825
dblrbrkx,107,zplx62lg,19-bargaining_tdl_main-403_1_3,RightPartner,their behavior and attitude makes me happy and laugh  that s what the world needs,1787756076.95056
dblrbrkx,107,zplx62lg,19-bargaining_tdl_main-403_1_3,RightPartner,lol,1787756084.5192785
dblrbrkx,107,zplx62lg,19-bargaining_tdl_main-403_1_3,RightPartner,guess we have a lot in common!,1787756095.022298
dblrbrkx,134,ffdp6f6k,19-bargaining_tdl_main-403_1_3,LeftPartner,We do!,1787756119.9560814
dblrbrkx,107,zplx62lg,19-bargaining_tdl_main-403_1_3,RightPartner,i wasnt sure what we were supposed to talk about on here  haha,1787756123.2235239
dblrbrkx,107,zplx62lg,19-bargaining_tdl_main-403_1_3,RightPartner,just random talk to get through 10 minutes  ,1787756135.1666903
dblrbrkx,107,zplx62lg,19-bargaining_tdl_main-403_1_3,RightPartner,talking about awkward  lol,1787756143.598196
dblrbrkx,134,ffdp6f6k,19-bargaining_tdl_main-403_1_3,LeftPartner,I know but it's fun regardless,1787756154.1541913
dblrbrkx,158,lrbfbl1q,19-bargaining_tdl_main-408_1_2,RightPartner,Hi I would love to support both you and Purple,1787756156.6492786
dblrbrkx,107,zplx62lg,19-bargaining_tdl_main-403_1_3,RightPartner,now i am comfortable and just be myself,1787756158.4713762
dblrbrkx,134,ffdp6f6k,19-bargaining_tdl_main-403_1_3,LeftPartner,unless you get stuck with someone that doesn't want to talk,1787756162.105077
dblrbrkx,107,zplx62lg,19-bargaining_tdl_main-403_1_3,RightPartner,yes it is ,1787756164.7027428
dblrbrkx,158,lrbfbl1q,19-bargaining_tdl_main-408_2_3,LeftPartner,Hi I would love to support you and Yellow.,1787756165.0487616
dblrbrkx,166,gjc7pgut,19-bargaining_tdl_main-408_1_3,LeftPartner,"HI, call me zari",1787756167.1041474
dblrbrkx,166,gjc7pgut,19-bargaining_tdl_main-408_2_3,RightPartner,"hi, am zari",1787756171.2793393
dblrbrkx,107,zplx62lg,19-bargaining_tdl_main-403_1_3,RightPartner,yes definitely  that!,1787756173.8354037
dblrbrkx,158,lrbfbl1q,19-bargaining_tdl_main-408_2_3,LeftPartner,Hi my name is Vincent,1787756178.5604825
dblrbrkx,181,8viwaqy3,19-bargaining_tdl_main-409_1_3,LeftPartner,i'm going to support you if you support me,1787756188.720906
dblrbrkx,166,gjc7pgut,19-bargaining_tdl_main-408_2_3,RightPartner,so what`s up?,1787756196.3161101
dblrbrkx,181,8viwaqy3,19-bargaining_tdl_main-409_2_3,RightPartner,i'm not supporting anyone,1787756196.3630245
dblrbrkx,134,ffdp6f6k,19-bargaining_tdl_main-403_1_3,LeftPartner,it has happened before,1787756197.4044068
dblrbrkx,158,lrbfbl1q,19-bargaining_tdl_main-408_2_3,LeftPartner,nothing much how are you?,1787756201.9842193
dblrbrkx,166,gjc7pgut,19-bargaining_tdl_main-408_1_3,LeftPartner,are you still there,1787756203.0712216
dblrbrkx,165,uxqowhid,19-bargaining_tdl_main-409_1_2,RightPartner,"hi, lets earn together",1787756204.1544092
dblrbrkx,166,gjc7pgut,19-bargaining_tdl_main-408_2_3,RightPartner,am good,1787756208.469693
dblrbrkx,107,zplx62lg,19-bargaining_tdl_main-403_1_3,RightPartner,especially when first join then leave im like ummmm i just stayed on it,1787756209.287496
dblrbrkx,171,1t911r42,19-bargaining_tdl_main-410_1_3,LeftPartner,let's support each other so we can both get $3,1787756213.3009539
dblrbrkx,158,lrbfbl1q,19-bargaining_tdl_main-408_2_3,LeftPartner,same here. Do you want to support each other?,1787756219.9512725
dblrbrkx,84,nhixneb2,19-bargaining_tdl_main-408_1_3,RightPartner,Hi nice to meet you.  ,1787756220.4117088
dblrbrkx,171,1t911r42,19-bargaining_tdl_main-410_2_3,RightPartner,Hi- What are you thinking is best for support for each of us?,1787756227.5189126
dblrbrkx,189,1o3k7h83,19-bargaining_tdl_main-411_1_3,LeftPartner,Hello ,1787756232.9263682
dblrbrkx,84,nhixneb2,19-bargaining_tdl_main-408_1_2,LeftPartner,I would also like to support everyone,1787756233.5270374
dblrbrkx,134,ffdp6f6k,19-bargaining_tdl_main-403_1_3,LeftPartner,is that was Orange did?,1787756233.7536457
dblrbrkx,165,uxqowhid,19-bargaining_tdl_main-409_1_2,RightPartner,lets support each other,1787756235.1693578
dblrbrkx,144,j6rmigsj,19-bargaining_tdl_main-410_1_3,RightPartner,I agree with you,1787756237.273411
dblrbrkx,158,lrbfbl1q,19-bargaining_tdl_main-408_1_2,RightPartner,same here. I agree. ,1787756242.8855908
dblrbrkx,130,x2b311yc,19-bargaining_tdl_main-409_1_2,LeftPartner,I’ll support you if you support me back,1787756242.8941333
dblrbrkx,107,zplx62lg,19-bargaining_tdl_main-403_1_3,RightPartner,yep,1787756245.6231265
dblrbrkx,178,1xj4xtbu,19-bargaining_tdl_main-411_1_3,RightPartner,hi,1787756246.9159
dblrbrkx,107,zplx62lg,19-bargaining_tdl_main-403_1_3,RightPartner,you too?,1787756249.6235287
dblrbrkx,165,uxqowhid,19-bargaining_tdl_main-409_1_2,RightPartner,"sure ,its a deal",1787756255.7410614
dblrbrkx,189,1o3k7h83,19-bargaining_tdl_main-411_1_3,LeftPartner,So what are we thinking,1787756257.7398725
dblrbrkx,107,zplx62lg,19-bargaining_tdl_main-403_1_3,RightPartner,great talking with you   30 sec left,1787756262.8620617
dblrbrkx,183,bhc6g9fv,19-bargaining_tdl_main-412_1_3,RightPartner,I will support you,1787756267.6145892
dblrbrkx,186,xyj041te,19-bargaining_tdl_main-412_1_3,LeftPartner,"Hi, I think we should support each other.  That way we'll be guaranteed a bonus",1787756270.1880157
dblrbrkx,107,zplx62lg,19-bargaining_tdl_main-403_1_3,RightPartner,lol,1787756275.3111653
dblrbrkx,84,nhixneb2,19-bargaining_tdl_main-408_1_3,RightPartner,I would like to support all participants,1787756276.3015268
dblrbrkx,166,gjc7pgut,19-bargaining_tdl_main-408_2_3,RightPartner,yellow participant is too slow,1787756280.258513
dblrbrkx,134,ffdp6f6k,19-bargaining_tdl_main-403_1_3,LeftPartner,you too,1787756281.086403
dblrbrkx,38,e0vos2oa,19-bargaining_tdl_main-413_1_3,RightPartner,Hello,1787756281.2132347
dblrbrkx,183,bhc6g9fv,19-bargaining_tdl_main-412_1_3,RightPartner,Agreed,1787756282.8280725
dblrbrkx,38,e0vos2oa,19-bargaining_tdl_main-413_1_2,LeftPartner,Hello,1787756284.0918424
dblrbrkx,186,xyj041te,19-bargaining_tdl_main-412_1_3,LeftPartner,Perfect!  We have a plan!,1787756284.8814888
dblrbrkx,107,zplx62lg,19-bargaining_tdl_main-403_1_3,RightPartner,have a great day :),1787756286.470406
dblrbrkx,144,j6rmigsj,19-bargaining_tdl_main-410_1_2,LeftPartner,Let's support each other so we can earn &3 each,1787756286.8804286
dblrbrkx,178,1xj4xtbu,19-bargaining_tdl_main-411_1_3,RightPartner,i think we should take turns supporting each other to $3 each ,1787756288.124772
dblrbrkx,134,ffdp6f6k,19-bargaining_tdl_main-403_1_3,LeftPartner,you do the same!! thank you!!,1787756291.0819886
dblrbrkx,158,lrbfbl1q,19-bargaining_tdl_main-408_2_3,LeftPartner,oh.,1787756291.3462746
dblrbrkx,171,1t911r42,19-bargaining_tdl_main-410_2_3,RightPartner,Are you there?,1787756291.8411944
dblrbrkx,167,r2pdvhz6,19-bargaining_tdl_main-413_1_3,LeftPartner,Hi!  How do you want to do this?,1787756292.4727166
dblrbrkx,158,lrbfbl1q,19-bargaining_tdl_main-408_2_3,LeftPartner,yeah I noticed,1787756296.9390764
dblrbrkx,107,zplx62lg,19-bargaining_tdl_main-403_1_3,RightPartner,smile,1787756297.123685
dblrbrkx,158,lrbfbl1q,19-bargaining_tdl_main-408_2_3,LeftPartner,Yellow just left the chat,1787756302.3329356
dblrbrkx,38,e0vos2oa,19-bargaining_tdl_main-413_1_3,RightPartner,I will support you if you support me,1787756303.119952
dblrbrkx,167,r2pdvhz6,19-bargaining_tdl_main-413_2_3,RightPartner,Hey bud!  How do you want to do this?  What are you thinking?,1787756308.8814836
dblrbrkx,180,92c94sgy,19-bargaining_tdl_main-414_2_3,RightPartner,Hi,1787756315.9330235
dblrbrkx,180,92c94sgy,19-bargaining_tdl_main-414_1_3,LeftPartner,Hello,1787756322.4411995
dblrbrkx,143,gli4twyv,19-bargaining_tdl_main-413_2_3,LeftPartner,"Hi, Purple! Do you want to support each other?",1787756322.9051652
dblrbrkx,163,estlx5ok,19-bargaining_tdl_main-410_2_3,LeftPartner,"I'm thinking we should support each other-that way we both guarantee $3. If I support you and you support me, we each get $3 and the third gets $0.",1787756325.4392881
dblrbrkx,159,gb2sm1ah,19-bargaining_tdl_main-414_2_3,LeftPartner,hi,1787756326.0211933
dblrbrkx,167,r2pdvhz6,19-bargaining_tdl_main-413_1_3,LeftPartner,Sounds good!  Then we get 3 each.,1787756326.0678484
dblrbrkx,159,gb2sm1ah,19-bargaining_tdl_main-414_1_2,RightPartner,hi,1787756336.0273228
dblrbrkx,38,e0vos2oa,19-bargaining_tdl_main-413_1_3,RightPartner,Great. Thank you,1787756338.4120364
dblrbrkx,156,pcksjnj8,19-bargaining_tdl_main-414_1_2,LeftPartner,hi,1787756340.1885836
dblrbrkx,180,92c94sgy,19-bargaining_tdl_main-414_2_3,RightPartner,hmmm so this is an interesting task,1787756341.410822
dblrbrkx,167,r2pdvhz6,19-bargaining_tdl_main-413_2_3,RightPartner,Sure!  Does that mean we get 3?,1787756342.589236
dblrbrkx,38,e0vos2oa,19-bargaining_tdl_main-413_1_2,LeftPartner,Are you there?,1787756344.8130205
dblrbrkx,156,pcksjnj8,19-bargaining_tdl_main-414_1_3,RightPartner,hello,1787756348.8896914
dblrbrkx,143,gli4twyv,19-bargaining_tdl_main-413_2_3,LeftPartner,Yes!,1787756350.5237634
dblrbrkx,171,1t911r42,19-bargaining_tdl_main-410_2_3,RightPartner,that makes sense - let me think it over,1787756360.1063938
dblrbrkx,159,gb2sm1ah,19-bargaining_tdl_main-414_2_3,LeftPartner,"Yeah, it seems really random",1787756362.909209
dblrbrkx,167,r2pdvhz6,19-bargaining_tdl_main-413_2_3,RightPartner,Awesome!  Have you talked to yellow?,1787756363.7490823
dblrbrkx,193,gf2s8n0z,19-bargaining_tdl_main-415_2_3,LeftPartner,Who should I suppot?,1787756368.6735926
dblrbrkx,180,92c94sgy,19-bargaining_tdl_main-414_1_3,LeftPartner,So how do you think we should go about this. ,1787756370.3595684
dblrbrkx,193,gf2s8n0z,19-bargaining_tdl_main-415_1_2,RightPartner,Who should I support?,1787756373.2098043
dblrbrkx,159,gb2sm1ah,19-bargaining_tdl_main-414_1_2,RightPartner,this seems really random.,1787756376.2995446
dblrbrkx,191,4rwgsfwc,19-bargaining_tdl_main-416_1_3,RightPartner,Hello. I hope you are well,1787756381.7302983
dblrbrkx,143,gli4twyv,19-bargaining_tdl_main-413_2_3,LeftPartner,Not yet.,1787756382.2779388
dblrbrkx,205,djhdycmu,19-bargaining_tdl_main-416_2_3,LeftPartner,I think we should make a pact to only support each other,1787756387.3539257
dblrbrkx,191,4rwgsfwc,19-bargaining_tdl_main-416_1_2,LeftPartner,Hello. I hope you are well,1787756391.4761636
dblrbrkx,143,gli4twyv,19-bargaining_tdl_main-413_2_3,LeftPartner,Let's move forward with our plan.,1787756396.4915118
dblrbrkx,205,djhdycmu,19-bargaining_tdl_main-416_1_2,RightPartner,"Hi, I hope you are too",1787756399.5621743
dblrbrkx,193,gf2s8n0z,19-bargaining_tdl_main-415_2_3,LeftPartner,support*,1787756404.0396464
dblrbrkx,205,djhdycmu,19-bargaining_tdl_main-416_1_2,RightPartner,What are your thoughts?,1787756407.398388
dblrbrkx,156,pcksjnj8,19-bargaining_tdl_main-414_1_3,RightPartner,just look out for each other,1787756407.4907553
dblrbrkx,159,gb2sm1ah,19-bargaining_tdl_main-414_2_3,LeftPartner,any idea about how you will decide?,1787756413.096889
dblrbrkx,191,4rwgsfwc,19-bargaining_tdl_main-416_1_2,LeftPartner,I am noot sure who we should vote for,1787756415.7954955
dblrbrkx,190,dc97sejx,19-bargaining_tdl_main-415_1_2,LeftPartner,Hi you should support me and i will support you so we will definitely earn 3 dollars every round. How does that sound?,1787756416.025519
dblrbrkx,163,estlx5ok,19-bargaining_tdl_main-410_2_3,LeftPartner,Alright. Let me know if you agree. I'll send my final message saying I support you if you do the same for me.,1787756416.5930896
dblrbrkx,197,tu6x6fvh,19-bargaining_tdl_main-415_1_3,LeftPartner,"Hello. Based on the instructions, if we support each other we each get $3. That will give us the most value for the most people.",1787756416.5962949
dblrbrkx,182,ni5kvj1t,19-bargaining_tdl_main-417_1_2,LeftPartner,Hello - how are you?,1787756423.6436443
dblrbrkx,180,92c94sgy,19-bargaining_tdl_main-414_2_3,RightPartner,Well the obvious best play is to convince both of the other participants that you will work with them so you will each get $3 and then you support no one.  However if everyone does that then nobody makes any money,1787756424.5385606
dblrbrkx,191,4rwgsfwc,19-bargaining_tdl_main-416_1_3,RightPartner,I am not sure who we should vote for,1787756426.656898
dblrbrkx,156,pcksjnj8,19-bargaining_tdl_main-414_1_2,LeftPartner,sure and we got to know how to go about this,1787756434.126159
dblrbrkx,197,tu6x6fvh,19-bargaining_tdl_main-415_2_3,RightPartner,"if you and I support each other, then we will earn the most value for the most people. $3 for each of us.",1787756436.0795095
dblrbrkx,198,6n1lk9dj,19-bargaining_tdl_main-417_1_2,RightPartner,support eachother? purple is rude,1787756439.5812373
dblrbrkx,159,gb2sm1ah,19-bargaining_tdl_main-414_1_2,RightPartner,any idea about how you will decide?,1787756439.6370068
dblrbrkx,205,djhdycmu,19-bargaining_tdl_main-416_1_2,RightPartner,"If me and you just vote for each other, we'll get $3 each time.",1787756441.8051486
dblrbrkx,190,dc97sejx,19-bargaining_tdl_main-415_1_3,RightPartner,Hi yes that is true. We should do that!,1787756442.8479826
dblrbrkx,211,ary2kjdn,19-bargaining_tdl_main-416_1_3,LeftPartner,lets vote,1787756445.8129382
dblrbrkx,197,tu6x6fvh,19-bargaining_tdl_main-415_1_3,LeftPartner,"Okay,",1787756447.2256105
dblrbrkx,197,tu6x6fvh,19-bargaining_tdl_main-415_1_3,LeftPartner,sounds good,1787756450.256404
dblrbrkx,182,ni5kvj1t,19-bargaining_tdl_main-417_1_2,LeftPartner,Yes - they left very early,1787756451.734147
dblrbrkx,191,4rwgsfwc,19-bargaining_tdl_main-416_1_2,LeftPartner,That sounds fair,1787756452.0547898
dblrbrkx,193,gf2s8n0z,19-bargaining_tdl_main-415_1_2,RightPartner,Sounds great.,1787756453.450921
dblrbrkx,205,djhdycmu,19-bargaining_tdl_main-416_2_3,LeftPartner,What are your thoughts?,1787756453.957993
dblrbrkx,180,92c94sgy,19-bargaining_tdl_main-414_1_3,LeftPartner,Kinda tough because we have to be able to convince one of the players that we are honest,1787756456.617328
dblrbrkx,197,tu6x6fvh,19-bargaining_tdl_main-415_2_3,RightPartner,thoughts?,1787756460.1864212
dblrbrkx,191,4rwgsfwc,19-bargaining_tdl_main-416_1_2,LeftPartner,I will vote for you,1787756467.2462811
dblrbrkx,182,ni5kvj1t,19-bargaining_tdl_main-417_1_2,LeftPartner,Did not even say hello,1787756470.7758713
dblrbrkx,211,ary2kjdn,19-bargaining_tdl_main-416_2_3,RightPartner,lets all support eachother,1787756471.3077035
dblrbrkx,180,92c94sgy,19-bargaining_tdl_main-414_2_3,RightPartner,So are you from the US?,1787756473.01727
dblrbrkx,198,6n1lk9dj,19-bargaining_tdl_main-417_1_2,RightPartner,"exactly, we will stick together then, lets go",1787756473.3690863
dblrbrkx,196,p75fw406,19-bargaining_tdl_main-418_1_3,LeftPartner,I will select you and you select me back,1787756476.6693122
dblrbrkx,197,tu6x6fvh,19-bargaining_tdl_main-415_2_3,RightPartner,it's a tricky experiment though,1787756477.0333245
dblrbrkx,180,92c94sgy,19-bargaining_tdl_main-414_1_3,LeftPartner,Are you from the US?,1787756479.7659333
dblrbrkx,159,gb2sm1ah,19-bargaining_tdl_main-414_2_3,LeftPartner,yup. you?,1787756480.6026256
dblrbrkx,205,djhdycmu,19-bargaining_tdl_main-416_1_2,RightPartner,"That seem the easiest. As long as we stay on the same page, we're good.",1787756480.6441355
dblrbrkx,191,4rwgsfwc,19-bargaining_tdl_main-416_1_3,RightPartner,Who are you going to vote for,1787756485.5762172
dblrbrkx,180,92c94sgy,19-bargaining_tdl_main-414_2_3,RightPartner,yes,1787756487.6565561
dblrbrkx,211,ary2kjdn,19-bargaining_tdl_main-416_1_3,LeftPartner,lett support each other what do you think,1787756490.6154063
dblrbrkx,196,p75fw406,19-bargaining_tdl_main-418_2_3,RightPartner,I will select you and you select me back',1787756490.6531148
dblrbrkx,191,4rwgsfwc,19-bargaining_tdl_main-416_1_2,LeftPartner,Sounds good to me,1787756491.8373063
dblrbrkx,193,gf2s8n0z,19-bargaining_tdl_main-415_2_3,LeftPartner,"Yes, have to choose one side...",1787756492.0381384
dblrbrkx,182,ni5kvj1t,19-bargaining_tdl_main-417_1_2,LeftPartner,How did you do in the task?,1787756495.7030542
dblrbrkx,191,4rwgsfwc,19-bargaining_tdl_main-416_1_3,RightPartner,Ok,1787756500.742751
dblrbrkx,159,gb2sm1ah,19-bargaining_tdl_main-414_2_3,LeftPartner,you do this on the side?,1787756503.9338098
dblrbrkx,174,43x9s5lf,19-bargaining_tdl_main-418_1_3,RightPartner,I will if you double dog dare me,1787756504.0636084
dblrbrkx,177,sv24dbp9,19-bargaining_tdl_main-418_2_3,LeftPartner,Okay.,1787756506.99889
dblrbrkx,174,43x9s5lf,19-bargaining_tdl_main-418_1_2,LeftPartner,I will select you and you select me,1787756516.9511096
dblrbrkx,212,35glzfu4,19-bargaining_tdl_main-419_2_3,RightPartner,Should we support each other?,1787756519.9754298
dblrbrkx,205,djhdycmu,19-bargaining_tdl_main-416_2_3,LeftPartner,"How do you mean? Like I support Yellow, you support me and Yellow supports you?",1787756520.2044277
dblrbrkx,180,92c94sgy,19-bargaining_tdl_main-414_2_3,RightPartner,"Yes, I recently retired and do it to supplement my retirement and because sometimes its fun",1787756531.920713
dblrbrkx,159,gb2sm1ah,19-bargaining_tdl_main-414_2_3,LeftPartner,"I do this to fill in my work gap, as I stay at home with my toddler right now",1787756532.7623146
dblrbrkx,177,sv24dbp9,19-bargaining_tdl_main-418_1_2,RightPartner,i will select purple this round then i will select younext round,1787756535.4232566
dblrbrkx,212,35glzfu4,19-bargaining_tdl_main-419_1_3,LeftPartner,Should we try to support each other?,1787756535.673651
dblrbrkx,159,gb2sm1ah,19-bargaining_tdl_main-414_2_3,LeftPartner,nice idea,1787756545.6886592
dblrbrkx,211,ary2kjdn,19-bargaining_tdl_main-416_2_3,RightPartner,what do you think we should do,1787756545.7871366
dblrbrkx,180,92c94sgy,19-bargaining_tdl_main-414_2_3,RightPartner,So is Yellow conversing with you?,1787756555.3087194
dblrbrkx,180,92c94sgy,19-bargaining_tdl_main-414_2_3,RightPartner,They are not conversing with me,1787756562.3785865
dblrbrkx,159,gb2sm1ah,19-bargaining_tdl_main-414_2_3,LeftPartner,no,1787756570.0491555
dblrbrkx,229,ce9en0o2,19-bargaining_tdl_main-422_1_3,RightPartner,"hi, i would like to know about you to decide who to support",1787756575.208072
dblrbrkx,194,ql79eq9h,19-bargaining_tdl_main-420_1_2,RightPartner,hello,1787756575.603891
dblrbrkx,205,djhdycmu,19-bargaining_tdl_main-416_2_3,LeftPartner,"I think that works. SHould we keep that pattern? You support orange, I support yellow, yellow supports you?",1787756581.1581624
dblrbrkx,168,caxg2jma,19-bargaining_tdl_main-419_1_2,LeftPartner,should we support each and help purple as well?,1787756582.2498908
dblrbrkx,229,ce9en0o2,19-bargaining_tdl_main-422_1_2,LeftPartner,"hi, i would like to know about you to decide who to support",1787756587.5572684
dblrbrkx,180,92c94sgy,19-bargaining_tdl_main-414_2_3,RightPartner,Ok.  Let's both support each other and get $3 bonus each then.  ,1787756592.0651138
dblrbrkx,159,gb2sm1ah,19-bargaining_tdl_main-414_2_3,LeftPartner,only if I ask them a question. I always wonder if this is all just AI,1787756593.1943865
dblrbrkx,148,f62bd81h,19-bargaining_tdl_main-420_1_2,LeftPartner,I will support you,1787756593.6774673
dblrbrkx,234,3za8owhw,19-bargaining_tdl_main-423_2_3,RightPartner,send me 3 and I'll send you 3,1787756595.132627
dblrbrkx,159,gb2sm1ah,19-bargaining_tdl_main-414_2_3,LeftPartner,Ok. I'm good with that.,1787756608.8328931
dblrbrkx,201,0wobae92,19-bargaining_tdl_main-424_2_3,LeftPartner,hi,1787756611.8546221
dblrbrkx,180,92c94sgy,19-bargaining_tdl_main-414_2_3,RightPartner,I've asked the are you from US question and no response..,1787756614.9918633
dblrbrkx,148,f62bd81h,19-bargaining_tdl_main-420_1_2,LeftPartner,will you support me?,1787756616.559597
dblrbrkx,201,0wobae92,19-bargaining_tdl_main-424_1_2,RightPartner,hi,1787756619.3674855
dblrbrkx,218,xjawdioe,19-bargaining_tdl_main-424_2_3,RightPartner,Who do you plan to support,1787756620.0776343
dblrbrkx,194,ql79eq9h,19-bargaining_tdl_main-420_1_2,RightPartner,I will support you,1787756623.3591292
dblrbrkx,229,ce9en0o2,19-bargaining_tdl_main-422_1_3,RightPartner,hello? are you nthere?,1787756628.3182676
dblrbrkx,148,f62bd81h,19-bargaining_tdl_main-420_1_2,LeftPartner,I am yellow,1787756632.3198955
dblrbrkx,218,xjawdioe,19-bargaining_tdl_main-424_1_3,LeftPartner,do you have a game plan,1787756633.006842
dblrbrkx,229,ce9en0o2,19-bargaining_tdl_main-422_1_2,LeftPartner,hello? are you there?,1787756634.952026
dblrbrkx,180,92c94sgy,19-bargaining_tdl_main-414_2_3,RightPartner,Definitely not AI.  Best evidence I can present and we have been ridiculously hot for the last 6 weeks,1787756640.143916
dblrbrkx,215,3wqllb94,19-bargaining_tdl_main-425_1_3,LeftPartner,Hi,1787756645.4205937
dblrbrkx,159,gb2sm1ah,19-bargaining_tdl_main-414_2_3,LeftPartner,"I asked them how they would decide, and no response either",1787756647.9474027
dblrbrkx,215,3wqllb94,19-bargaining_tdl_main-425_2_3,RightPartner,Hi,1787756648.2099192
dblrbrkx,169,586jt04f,19-bargaining_tdl_main-424_1_2,LeftPartner,I support purple,1787756651.282412
dblrbrkx,211,ary2kjdn,19-bargaining_tdl_main-416_2_3,RightPartner,yes,1787756651.6957545
dblrbrkx,201,0wobae92,19-bargaining_tdl_main-424_2_3,LeftPartner,lets plan it in such a away that we will all get six dollars at the end of the day ,1787756651.8924856
dblrbrkx,194,ql79eq9h,19-bargaining_tdl_main-420_1_2,RightPartner,cool I'm orange,1787756652.7353148
dblrbrkx,240,y5fnj2ki,19-bargaining_tdl_main-422_1_2,RightPartner,"Im looking to coordinate for a $3 mutual outcome, are you interested?",1787756654.914158
dblrbrkx,209,jakv07z5,19-bargaining_tdl_main-425_1_2,RightPartner,Hi,1787756656.431714
dblrbrkx,240,y5fnj2ki,19-bargaining_tdl_main-422_2_3,LeftPartner,"im looking to coordinate for a mutual $3 outcome, are you interested?",1787756656.7981007
dblrbrkx,187,u916lbq2,19-bargaining_tdl_main-425_1_3,RightPartner,hi,1787756661.5625918
dblrbrkx,209,jakv07z5,19-bargaining_tdl_main-425_2_3,LeftPartner,Hi,1787756661.8020976
dblrbrkx,187,u916lbq2,19-bargaining_tdl_main-425_1_2,LeftPartner,hi,1787756663.5210028
dblrbrkx,169,586jt04f,19-bargaining_tdl_main-424_1_3,RightPartner,i support orange,1787756665.4260726
dblrbrkx,211,ary2kjdn,19-bargaining_tdl_main-416_2_3,RightPartner,you support purple i support you,1787756670.4051368
dblrbrkx,187,u916lbq2,19-bargaining_tdl_main-425_1_3,RightPartner,Who are you supporting?,1787756672.8216193
dblrbrkx,218,xjawdioe,19-bargaining_tdl_main-424_2_3,RightPartner,"Ok, what do you suggest",1787756674.3396401
dblrbrkx,229,ce9en0o2,19-bargaining_tdl_main-422_1_2,LeftPartner,I would be interested in that.,1787756678.5713904
dblrbrkx,215,3wqllb94,19-bargaining_tdl_main-425_1_3,LeftPartner,You're the first person to message me back so I think we should work together,1787756679.3505251
dblrbrkx,187,u916lbq2,19-bargaining_tdl_main-425_1_2,LeftPartner,Who are you supporting?,1787756680.8693333
dblrbrkx,201,0wobae92,19-bargaining_tdl_main-424_1_2,RightPartner,let us do it in such a way that we all get 6 dollars at the end of the day,1787756684.3897371
dblrbrkx,218,xjawdioe,19-bargaining_tdl_main-424_1_3,LeftPartner,what made you chose yellow,1787756686.8955922
dblrbrkx,228,5h0uvgyr,19-bargaining_tdl_main-426_1_3,LeftPartner,hello,1787756690.8741784
dblrbrkx,228,5h0uvgyr,19-bargaining_tdl_main-426_2_3,RightPartner,hello,1787756693.5507402
dblrbrkx,215,3wqllb94,19-bargaining_tdl_main-425_2_3,RightPartner,You were the first person to message me back so I think we should work together,1787756698.1226423
dblrbrkx,159,gb2sm1ah,19-bargaining_tdl_main-414_2_3,LeftPartner,"Ok, so you're purple. I'm orange. we will support each other. ",1787756698.3030183
dblrbrkx,188,539wpi8b,19-bargaining_tdl_main-426_1_3,RightPartner,hello,1787756699.3160474
dblrbrkx,187,u916lbq2,19-bargaining_tdl_main-425_1_3,RightPartner,Sounds good to me. That means at least we will both get money ,1787756705.929109
dblrbrkx,228,5h0uvgyr,19-bargaining_tdl_main-426_1_3,LeftPartner,how are you,1787756711.8372784
dblrbrkx,169,586jt04f,19-bargaining_tdl_main-424_1_2,LeftPartner,that is not possible per the rules,1787756713.1311862
dblrbrkx,240,y5fnj2ki,19-bargaining_tdl_main-422_1_2,RightPartner,great so ill support you and you support me. that will give us both $3,1787756713.778107
dblrbrkx,209,jakv07z5,19-bargaining_tdl_main-425_1_2,RightPartner,I think I'm going to support purple. What were you thinking?,1787756714.2268822
dblrbrkx,229,ce9en0o2,19-bargaining_tdl_main-422_1_2,LeftPartner,sounds good!,1787756720.0500035
dblrbrkx,215,3wqllb94,19-bargaining_tdl_main-425_1_3,LeftPartner,Yes exactly. Or else we're winding up with nothing,1787756724.1441324
dblrbrkx,187,u916lbq2,19-bargaining_tdl_main-425_1_3,RightPartner,im not getting any response thus far from the other person. ,1787756726.0291069
dblrbrkx,209,jakv07z5,19-bargaining_tdl_main-425_2_3,LeftPartner,I was thinking about supporting you initially.,1787756726.6075923
dblrbrkx,188,539wpi8b,19-bargaining_tdl_main-426_1_3,RightPartner,doing well. How are you?,1787756727.229433
dblrbrkx,169,586jt04f,19-bargaining_tdl_main-424_1_3,RightPartner,i cannot say,1787756728.8301392
dblrbrkx,242,cbmkzh08,19-bargaining_tdl_main-427_1_2,RightPartner,Let's support each other. We both win,1787756729.2703812
dblrbrkx,180,92c94sgy,19-bargaining_tdl_main-414_2_3,RightPartner,I am helping raise my grandchildren and this gives me a pretty reliable way to come up with $20 when I need to.,1787756731.6567893
dblrbrkx,201,0wobae92,19-bargaining_tdl_main-424_2_3,LeftPartner,"so firstly, you and yellow should support me",1787756738.0326135
dblrbrkx,242,cbmkzh08,19-bargaining_tdl_main-427_2_3,LeftPartner,Let's support each other. We both win,1787756738.3425188
dblrbrkx,180,92c94sgy,19-bargaining_tdl_main-414_2_3,RightPartner,and you know they always need money,1787756741.3718095
dblrbrkx,215,3wqllb94,19-bargaining_tdl_main-425_2_3,RightPartner,Why is that? You like my color?,1787756743.5708995
dblrbrkx,201,0wobae92,19-bargaining_tdl_main-424_1_2,RightPartner,"it is , calm down and let me show you ",1787756752.6706188
dblrbrkx,187,u916lbq2,19-bargaining_tdl_main-425_1_3,RightPartner,Are they responding to you?,1787756753.1275387
dblrbrkx,218,xjawdioe,19-bargaining_tdl_main-424_1_3,LeftPartner,would you change to purple,1787756755.7666986
dblrbrkx,215,3wqllb94,19-bargaining_tdl_main-425_1_3,LeftPartner,Haha yeah. They are a little less reponsive,1787756758.1986074
dblrbrkx,246,bvrm0mk4,19-bargaining_tdl_main-427_2_3,RightPartner,ok,1787756761.9897447
dblrbrkx,215,3wqllb94,19-bargaining_tdl_main-425_1_3,LeftPartner,They did but not quickly,1787756764.0177164
dblrbrkx,180,92c94sgy,19-bargaining_tdl_main-414_2_3,RightPartner,Yep I think that's the best plan for us.,1787756766.4217355
dblrbrkx,209,jakv07z5,19-bargaining_tdl_main-425_2_3,LeftPartner,It's my fave.,1787756768.0128076
dblrbrkx,159,gb2sm1ah,19-bargaining_tdl_main-414_2_3,LeftPartner,yes! I have been using it to fuel our summer activities. ,1787756768.860074
dblrbrkx,169,586jt04f,19-bargaining_tdl_main-424_1_2,LeftPartner,okay,1787756771.734359
dblrbrkx,156,pcksjnj8,19-bargaining_tdl_main-414_1_3,RightPartner,yes,1787756772.1320994
dblrbrkx,228,5h0uvgyr,19-bargaining_tdl_main-426_1_3,LeftPartner,im okay,1787756773.0145743
dblrbrkx,219,zpwqt64p,19-bargaining_tdl_main-427_1_2,LeftPartner,Sounds good! I'll support you!,1787756773.352855
dblrbrkx,201,0wobae92,19-bargaining_tdl_main-424_2_3,LeftPartner,then secondly me and you will support yellow,1787756774.842866
dblrbrkx,215,3wqllb94,19-bargaining_tdl_main-425_1_3,LeftPartner,So they don't seem as trustworthy to me,1787756775.0578456
dblrbrkx,255,6mo8nw88,19-bargaining_tdl_main-428_2_3,RightPartner,hello,1787756775.8389854
dblrbrkx,218,xjawdioe,19-bargaining_tdl_main-424_2_3,RightPartner,what about the next round,1787756776.382263
dblrbrkx,225,r4akobde,19-bargaining_tdl_main-428_1_3,RightPartner,hello,1787756781.0200741
dblrbrkx,241,rngs7gup,19-bargaining_tdl_main-428_1_2,RightPartner,Do you have a color in mind to support?,1787756781.2468426
dblrbrkx,169,586jt04f,19-bargaining_tdl_main-424_1_3,RightPartner,never,1787756781.4941757
dblrbrkx,255,6mo8nw88,19-bargaining_tdl_main-428_1_3,LeftPartner,hello,1787756783.585921
dblrbrkx,242,cbmkzh08,19-bargaining_tdl_main-427_1_2,RightPartner,Awesome,1787756783.797986
dblrbrkx,241,rngs7gup,19-bargaining_tdl_main-428_2_3,LeftPartner,Hello,1787756785.0592692
dblrbrkx,225,r4akobde,19-bargaining_tdl_main-428_1_2,LeftPartner,hello,1787756787.7907124
dblrbrkx,255,6mo8nw88,19-bargaining_tdl_main-428_2_3,RightPartner,who will you be supporting ,1787756791.6194046
dblrbrkx,201,0wobae92,19-bargaining_tdl_main-424_2_3,LeftPartner,then yellow and me will support you,1787756791.872551
dblrbrkx,187,u916lbq2,19-bargaining_tdl_main-425_1_3,RightPartner,Same here. I just got a response. ,1787756792.9023504
dblrbrkx,180,92c94sgy,19-bargaining_tdl_main-414_2_3,RightPartner,Yep when they have a ballgame and need snack money I can come up with it.  ,1787756795.0709662
dblrbrkx,255,6mo8nw88,19-bargaining_tdl_main-428_1_3,LeftPartner,who will you be supporting,1787756795.2260296
dblrbrkx,241,rngs7gup,19-bargaining_tdl_main-428_2_3,LeftPartner,Do you have a color in mind to support?,1787756798.64282
dblrbrkx,215,3wqllb94,19-bargaining_tdl_main-425_2_3,RightPartner,Who is your favorite purple character?,1787756803.0942917
dblrbrkx,241,rngs7gup,19-bargaining_tdl_main-428_1_2,RightPartner,hi,1787756804.5102766
dblrbrkx,159,gb2sm1ah,19-bargaining_tdl_main-414_2_3,LeftPartner,"I heard about Prolific from my sister, and it has been really nice. no child care needed, and no gas or car needed.",1787756804.8863
dblrbrkx,201,0wobae92,19-bargaining_tdl_main-424_2_3,LeftPartner,"so if you and yellow support me, ill choose myself ",1787756805.6710627
dblrbrkx,255,6mo8nw88,19-bargaining_tdl_main-428_2_3,RightPartner,orange ,1787756807.521193
dblrbrkx,225,r4akobde,19-bargaining_tdl_main-428_1_3,RightPartner,purple,1787756808.7518315
dblrbrkx,201,0wobae92,19-bargaining_tdl_main-424_2_3,LeftPartner,same goes for everyone,1787756812.0893364
dblrbrkx,159,gb2sm1ah,19-bargaining_tdl_main-414_2_3,LeftPartner,That's great!,1787756817.4059136
dblrbrkx,241,rngs7gup,19-bargaining_tdl_main-428_2_3,LeftPartner,"Ok, I will do purple then.",1787756817.7530036
dblrbrkx,225,r4akobde,19-bargaining_tdl_main-428_1_2,LeftPartner,purple,1787756818.9400325
dblrbrkx,218,xjawdioe,19-bargaining_tdl_main-424_2_3,RightPartner,what if yellow isn't compliant,1787756822.3281677
dblrbrkx,255,6mo8nw88,19-bargaining_tdl_main-428_1_3,LeftPartner,thank you i will support you as yellow,1787756823.6317284
dblrbrkx,215,3wqllb94,19-bargaining_tdl_main-425_1_3,LeftPartner,You're yellow and big bird has never wronged me. So I have to assume I can trust you!,1787756829.9042168
dblrbrkx,255,6mo8nw88,19-bargaining_tdl_main-428_2_3,RightPartner,okay great thank you,1787756832.7138412
dblrbrkx,201,0wobae92,19-bargaining_tdl_main-424_1_2,RightPartner,"firstly, you and purple will support me and i will choose myself",1787756834.5026178
dblrbrkx,218,xjawdioe,19-bargaining_tdl_main-424_2_3,RightPartner,I think we just support each other each round,1787756834.861701
dblrbrkx,241,rngs7gup,19-bargaining_tdl_main-428_1_2,RightPartner,Understood,1787756834.920635
dblrbrkx,250,ozurj9lk,19-bargaining_tdl_main-429_1_2,RightPartner,Hello!,1787756836.7781048
dblrbrkx,250,ozurj9lk,19-bargaining_tdl_main-429_2_3,LeftPartner,Hello!,1787756840.6899946
dblrbrkx,180,92c94sgy,19-bargaining_tdl_main-414_2_3,RightPartner,Exactly.  I wish it was a little more steady but it's nice that I can mess around the house and backyard when I want and if a study comes up I can go do it.,1787756842.700795
dblrbrkx,156,pcksjnj8,19-bargaining_tdl_main-414_1_2,LeftPartner,taeget ist the $# for both of us,1787756842.9167316
dblrbrkx,233,cf3y84bs,19-bargaining_tdl_main-429_1_2,LeftPartner,Hello,1787756846.5965908
dblrbrkx,156,pcksjnj8,19-bargaining_tdl_main-414_1_2,LeftPartner,3,1787756848.0132537
dblrbrkx,187,u916lbq2,19-bargaining_tdl_main-425_1_3,RightPartner,LOL Ive always been a fan of Big Bird also! LOL,1787756855.7990806
dblrbrkx,253,0ii4k1cc,19-bargaining_tdl_main-429_2_3,RightPartner,Hi ,1787756857.0975337
dblrbrkx,250,ozurj9lk,19-bargaining_tdl_main-429_1_2,RightPartner,What do you think the best choice to do is?,1787756858.4709754
dblrbrkx,159,gb2sm1ah,19-bargaining_tdl_main-414_2_3,LeftPartner,I am looking to find more little online gigs like this. seems like there are other things similar popping up here and there,1787756862.6869032
dblrbrkx,209,jakv07z5,19-bargaining_tdl_main-425_2_3,LeftPartner,I don't know that I have one! ,1787756864.6761532
dblrbrkx,250,ozurj9lk,19-bargaining_tdl_main-429_2_3,LeftPartner,What do you think the best choice to do is?,1787756865.1471262
dblrbrkx,187,u916lbq2,19-bargaining_tdl_main-425_1_2,LeftPartner,I I was thinking the same. ,1787756872.2731767
dblrbrkx,201,0wobae92,19-bargaining_tdl_main-424_1_2,RightPartner,"then secondly, me and you will support purple and purple will choose himself",1787756876.3836563
dblrbrkx,233,cf3y84bs,19-bargaining_tdl_main-429_1_2,LeftPartner,We could just support each other?,1787756878.3524752
dblrbrkx,253,0ii4k1cc,19-bargaining_tdl_main-429_2_3,RightPartner,I’m undecided. What are your thoughts?,1787756885.1985204
dblrbrkx,250,ozurj9lk,19-bargaining_tdl_main-429_1_2,RightPartner,"So we each get $3, right?",1787756892.6053653
dblrbrkx,180,92c94sgy,19-bargaining_tdl_main-414_2_3,RightPartner,I use Cloudconnect also...more shorter studies but sometimes longer,1787756894.7161448
dblrbrkx,215,3wqllb94,19-bargaining_tdl_main-425_1_3,LeftPartner,"And I'm purple. I mean, who doesn't like Grimace?",1787756899.497615
dblrbrkx,233,cf3y84bs,19-bargaining_tdl_main-429_1_2,LeftPartner,Yea,1787756901.580318
dblrbrkx,169,586jt04f,19-bargaining_tdl_main-424_1_2,LeftPartner,there is no second,1787756902.2329082
dblrbrkx,253,0ii4k1cc,19-bargaining_tdl_main-429_1_3,LeftPartner,What are your thoughts on what to decide?,1787756902.2868235
dblrbrkx,159,gb2sm1ah,19-bargaining_tdl_main-414_2_3,LeftPartner,yellow just sent me gibberish. ,1787756905.1230357
dblrbrkx,250,ozurj9lk,19-bargaining_tdl_main-429_2_3,LeftPartner,"I want to do what is the most fair, but someone will lose on the bonus no matter what we do",1787756911.0209098
dblrbrkx,259,qzb98vhn,19-bargaining_tdl_main-430_2_3,RightPartner,LOL well this is awkard. Idk what to do,1787756914.1475072
dblrbrkx,187,u916lbq2,19-bargaining_tdl_main-425_1_3,RightPartner,Ohh the orange just left the chat...,1787756922.102363
dblrbrkx,259,qzb98vhn,19-bargaining_tdl_main-430_1_3,LeftPartner,this is awkward lmao. What should we do,1787756923.9073646
dblrbrkx,253,0ii4k1cc,19-bargaining_tdl_main-429_2_3,RightPartner,Agree,1787756925.5649886
dblrbrkx,215,3wqllb94,19-bargaining_tdl_main-425_1_3,LeftPartner,Did the other person leave?,1787756926.848518
dblrbrkx,250,ozurj9lk,19-bargaining_tdl_main-429_1_2,RightPartner,So you and I will support each other and the third person will get $0,1787756927.5876753
dblrbrkx,233,cf3y84bs,19-bargaining_tdl_main-429_1_3,RightPartner,"The instructions are kind of odd, but I guess supporting each other is best?",1787756931.8968413
dblrbrkx,215,3wqllb94,19-bargaining_tdl_main-425_1_3,LeftPartner,Aah yeah they did,1787756933.1986396
dblrbrkx,245,79p91dcm,19-bargaining_tdl_main-430_2_3,LeftPartner,I was going to support you since purple is my favorite color and I was going to tell yellow that,1787756941.105511
dblrbrkx,233,cf3y84bs,19-bargaining_tdl_main-429_1_2,LeftPartner,Unfortunately yes,1787756944.183357
dblrbrkx,250,ozurj9lk,19-bargaining_tdl_main-429_2_3,LeftPartner,so is it better that we all get $0 or at least some people get $3?,1787756945.234664
dblrbrkx,187,u916lbq2,19-bargaining_tdl_main-425_1_3,RightPartner,Grimace although not very attractive was likeable.,1787756953.4058864
dblrbrkx,253,0ii4k1cc,19-bargaining_tdl_main-429_1_3,LeftPartner,Yes I agree ,1787756955.3188672
dblrbrkx,215,3wqllb94,19-bargaining_tdl_main-425_1_3,LeftPartner,Okay now I'm choosing you 100%,1787756957.465827
dblrbrkx,247,bsuik7od,19-bargaining_tdl_main-431_2_3,LeftPartner,Hello,1787756957.7498345
dblrbrkx,245,79p91dcm,19-bargaining_tdl_main-430_1_2,RightPartner,I'm going to support purple.,1787756957.9433393
dblrbrkx,187,u916lbq2,19-bargaining_tdl_main-425_1_3,RightPartner,LOL,1787756959.9569964
dblrbrkx,247,bsuik7od,19-bargaining_tdl_main-431_1_2,RightPartner,Hello,1787756961.797785
dblrbrkx,201,0wobae92,19-bargaining_tdl_main-424_1_2,RightPartner,then lastly purple and me will support you and you choose yourself... in that order,1787756962.448424
dblrbrkx,259,qzb98vhn,19-bargaining_tdl_main-430_2_3,RightPartner,I guess that's fine? I feel bad though,1787756962.9502382
dblrbrkx,250,ozurj9lk,19-bargaining_tdl_main-429_1_2,RightPartner,but what if you decide to support no one? How can I trust you?,1787756965.681859
dblrbrkx,220,n4ctujgz,19-bargaining_tdl_main-431_1_3,RightPartner,hello,1787756967.0611382
dblrbrkx,262,ke06jpfs,19-bargaining_tdl_main-431_2_3,RightPartner,hey i'm looking for a realizable partner ,1787756967.5453064
dblrbrkx,220,n4ctujgz,19-bargaining_tdl_main-431_1_2,LeftPartner,hello,1787756969.136948
dblrbrkx,215,3wqllb94,19-bargaining_tdl_main-425_1_3,LeftPartner,So if you don't pick me...,1787756971.1200895
dblrbrkx,253,0ii4k1cc,19-bargaining_tdl_main-429_2_3,RightPartner,I think we should at least try to  make some money ,1787756976.4809473
dblrbrkx,201,0wobae92,19-bargaining_tdl_main-424_1_2,RightPartner,I have spoken to purple,1787756979.1740308
dblrbrkx,202,qrzw2wwu,19-bargaining_tdl_main-430_1_3,RightPartner,I will support you,1787756979.9471536
dblrbrkx,187,u916lbq2,19-bargaining_tdl_main-425_1_3,RightPartner,Im 100% in with you also. ,1787756981.832947
dblrbrkx,262,ke06jpfs,19-bargaining_tdl_main-431_1_3,LeftPartner,Hey I''m lookng for a reliable partner can I count on you,1787756982.1014988
dblrbrkx,202,qrzw2wwu,19-bargaining_tdl_main-430_1_2,LeftPartner,I will support you,1787756983.052752
dblrbrkx,262,ke06jpfs,19-bargaining_tdl_main-431_1_3,LeftPartner,for your support,1787756985.187278
dblrbrkx,169,586jt04f,19-bargaining_tdl_main-424_1_2,LeftPartner,your plan is not possible per the rules,1787756988.540847
dblrbrkx,247,bsuik7od,19-bargaining_tdl_main-431_2_3,LeftPartner,Okay.  I am the person then.  Do you want to support me when the time comes?,1787756990.2443976
dblrbrkx,215,3wqllb94,19-bargaining_tdl_main-425_1_3,LeftPartner,Grimace looks like a big gumdrop and I have a sweet tooth ,1787756992.161042
dblrbrkx,220,n4ctujgz,19-bargaining_tdl_main-431_1_2,LeftPartner,how are you going about this task?,1787756996.1707382
dblrbrkx,250,ozurj9lk,19-bargaining_tdl_main-429_2_3,LeftPartner,"so what would you do, vote for me and I vote for you? is that the best option?",1787756998.0755973
dblrbrkx,245,79p91dcm,19-bargaining_tdl_main-430_2_3,LeftPartner,that's ok,1787756999.1229045
dblrbrkx,187,u916lbq2,19-bargaining_tdl_main-425_1_3,RightPartner,LOL,1787757000.912649
dblrbrkx,262,ke06jpfs,19-bargaining_tdl_main-431_2_3,RightPartner,me too I'll support you if you'll support me,1787757003.2628975
dblrbrkx,220,n4ctujgz,19-bargaining_tdl_main-431_1_3,RightPartner,of course ,1787757004.2408648
dblrbrkx,253,0ii4k1cc,19-bargaining_tdl_main-429_2_3,RightPartner,I think so ,1787757008.7381787
dblrbrkx,259,qzb98vhn,19-bargaining_tdl_main-430_2_3,RightPartner,Okay I'll support you,1787757012.9732385
dblrbrkx,201,0wobae92,19-bargaining_tdl_main-424_1_2,RightPartner,fine choose yourself and everyone one will do likewise then we all loose money,1787757016.3430362
dblrbrkx,247,bsuik7od,19-bargaining_tdl_main-431_1_2,RightPartner,Do you want to partner up and support each other during the game?,1787757016.7225764
dblrbrkx,233,cf3y84bs,19-bargaining_tdl_main-429_1_2,LeftPartner,All I can do is give my word. I wish there was a way everyone could easily get a guaranteed amount,1787757020.1715367
dblrbrkx,262,ke06jpfs,19-bargaining_tdl_main-431_1_3,LeftPartner,so we will support each other,1787757020.250435
dblrbrkx,247,bsuik7od,19-bargaining_tdl_main-431_2_3,LeftPartner,Deal,1787757020.7953541
dblrbrkx,187,u916lbq2,19-bargaining_tdl_main-425_1_3,RightPartner,I miss the times when those characters were more visible. ,1787757025.6603746
dblrbrkx,220,n4ctujgz,19-bargaining_tdl_main-431_1_3,RightPartner,but the question is how are you going about this task? who are you supporting,1787757028.7346864
dblrbrkx,250,ozurj9lk,19-bargaining_tdl_main-429_1_2,RightPartner,ok so let's agree to vote for each other,1787757034.9015703
dblrbrkx,247,bsuik7od,19-bargaining_tdl_main-431_2_3,LeftPartner,"I think as long as we support each other, then we can both gain in this game",1787757036.3611586
dblrbrkx,262,ke06jpfs,19-bargaining_tdl_main-431_1_3,LeftPartner,you yellow,1787757038.1730673
dblrbrkx,262,ke06jpfs,19-bargaining_tdl_main-431_2_3,RightPartner,deal thank youexactly,1787757043.9786046
dblrbrkx,250,ozurj9lk,19-bargaining_tdl_main-429_2_3,LeftPartner,ok so let's agree we will vote for each other then.,1787757045.0198684
dblrbrkx,262,ke06jpfs,19-bargaining_tdl_main-431_2_3,RightPartner,that's the way to do,1787757047.6023283
dblrbrkx,253,0ii4k1cc,19-bargaining_tdl_main-429_1_3,LeftPartner,So should we pick each other?,1787757047.8995607
dblrbrkx,233,cf3y84bs,19-bargaining_tdl_main-429_1_2,LeftPartner,"Ok, and I can trust you'll stick to that?",1787757051.5657487
dblrbrkx,253,0ii4k1cc,19-bargaining_tdl_main-429_2_3,RightPartner,Agree,1787757052.8671224
dblrbrkx,247,bsuik7od,19-bargaining_tdl_main-431_1_2,RightPartner,You have to either support or not support a team meamber,1787757053.2631128
dblrbrkx,215,3wqllb94,19-bargaining_tdl_main-425_1_3,LeftPartner,He was the New York Mets good luck charm a couple of years ago. It was very funny,1787757056.267313
dblrbrkx,220,n4ctujgz,19-bargaining_tdl_main-431_1_2,LeftPartner,"Yes, definitely.",1787757060.6286042
dblrbrkx,247,bsuik7od,19-bargaining_tdl_main-431_2_3,LeftPartner,I am orange participant.,1787757066.2865398
dblrbrkx,215,3wqllb94,19-bargaining_tdl_main-425_1_3,LeftPartner,I hate the Mets but it was good stuff,1787757066.7876647
dblrbrkx,250,ozurj9lk,19-bargaining_tdl_main-429_1_2,RightPartner,"yea, that way we will at least make some bonus money",1787757070.1817882
dblrbrkx,220,n4ctujgz,19-bargaining_tdl_main-431_1_3,RightPartner,perfect then you have my support,1787757075.3042622
dblrbrkx,262,ke06jpfs,19-bargaining_tdl_main-431_2_3,RightPartner,3 dollars each I am purple,1787757075.4916391
dblrbrkx,250,ozurj9lk,19-bargaining_tdl_main-429_2_3,LeftPartner,so then the third person won't get anything,1787757079.6201487
dblrbrkx,187,u916lbq2,19-bargaining_tdl_main-425_1_3,RightPartner,Oh was he? I missed that. ,1787757083.1749165
dblrbrkx,262,ke06jpfs,19-bargaining_tdl_main-431_1_3,LeftPartner,likewise I am purple,1787757084.5705464
dblrbrkx,253,0ii4k1cc,19-bargaining_tdl_main-429_1_3,LeftPartner,I’m not sure what is best. Someone will lose out ,1787757085.6957536
dblrbrkx,235,5v76tl84,19-bargaining_tdl_main-432_1_2,LeftPartner,I am supporting you,1787757087.2977364
dblrbrkx,262,ke06jpfs,19-bargaining_tdl_main-431_1_3,LeftPartner,yellow,1787757087.412256
dblrbrkx,247,bsuik7od,19-bargaining_tdl_main-431_1_2,RightPartner,We have a few more minutes before we start.  Not sure how long it will be.,1787757092.5003643
dblrbrkx,233,cf3y84bs,19-bargaining_tdl_main-429_1_3,RightPartner,I think so? Was I understanding the instructions correctly in that there's not a way for everyone to get an additional amount?,1787757095.566135
dblrbrkx,247,bsuik7od,19-bargaining_tdl_main-431_2_3,LeftPartner,Fair.  Thanks.,1787757102.0356858
dblrbrkx,261,7wyacq2k,19-bargaining_tdl_main-432_1_3,LeftPartner,best wishes,1787757105.8402476
dblrbrkx,235,5v76tl84,19-bargaining_tdl_main-432_1_3,RightPartner,who are you supporting?,1787757110.1058795
dblrbrkx,187,u916lbq2,19-bargaining_tdl_main-425_1_3,RightPartner,Why hate the Mets? Do you prefer the Yankees?,1787757110.3072352
dblrbrkx,262,ke06jpfs,19-bargaining_tdl_main-431_2_3,RightPartner,I am heading next there,1787757111.3632178
dblrbrkx,261,7wyacq2k,19-bargaining_tdl_main-432_2_3,RightPartner,good luck,1787757111.4951527
dblrbrkx,239,dmfqfsrr,19-bargaining_tdl_main-432_1_2,RightPartner,OK  I will support you.,1787757112.5446675
dblrbrkx,215,3wqllb94,19-bargaining_tdl_main-425_1_3,LeftPartner,Yeah I think they even painted a chair in the outfield purple in his honor,1787757125.3810883
dblrbrkx,247,bsuik7od,19-bargaining_tdl_main-431_1_2,RightPartner,"Click on next, so we can start",1787757127.9740648
dblrbrkx,261,7wyacq2k,19-bargaining_tdl_main-432_1_3,LeftPartner,who should i ?,1787757128.6876867
dblrbrkx,253,0ii4k1cc,19-bargaining_tdl_main-429_2_3,RightPartner,It doesn’t seem fair but I’m not sure what to do. Maybe we just don’t choose anyone so no one misses out. ,1787757131.1729903
dblrbrkx,215,3wqllb94,19-bargaining_tdl_main-425_1_3,LeftPartner,Yeah I'm a huge Yankee fan,1787757136.4336529
dblrbrkx,239,dmfqfsrr,19-bargaining_tdl_main-432_2_3,LeftPartner,Good Luck to you,1787757138.082254
dblrbrkx,250,ozurj9lk,19-bargaining_tdl_main-429_2_3,LeftPartner,I would rather SOMEONE gets something,1787757141.583987
dblrbrkx,233,cf3y84bs,19-bargaining_tdl_main-429_1_2,LeftPartner,"Ok, I hope you keep your word. You were the first to chat with me so I will definitely stick to mine as well. ",1787757142.2967706
dblrbrkx,265,1ib86u03,19-bargaining_tdl_main-433_1_2,RightPartner,Hi! I am orange,1787757144.6986904
dblrbrkx,235,5v76tl84,19-bargaining_tdl_main-432_1_3,RightPartner,me,1787757145.4957445
dblrbrkx,265,1ib86u03,19-bargaining_tdl_main-433_2_3,LeftPartner,Hi I am orange,1787757151.339946
dblrbrkx,263,hsx0drso,19-bargaining_tdl_main-433_1_2,LeftPartner,Hi,1787757160.3284965
dblrbrkx,187,u916lbq2,19-bargaining_tdl_main-425_1_3,RightPartner,Same here. Let's go Yankees!!!,1787757165.5874796
dblrbrkx,270,9imhdsny,19-bargaining_tdl_main-433_1_3,LeftPartner,Hello! What do you plan to do in the game?,1787757167.6342118
dblrbrkx,187,u916lbq2,19-bargaining_tdl_main-425_1_3,RightPartner,LOL,1787757169.145149
dblrbrkx,265,1ib86u03,19-bargaining_tdl_main-433_2_3,LeftPartner,I plan on supporting you,1787757174.6551561
dblrbrkx,265,1ib86u03,19-bargaining_tdl_main-433_1_2,RightPartner,I plan on supporting you,1787757177.0706797
dblrbrkx,253,0ii4k1cc,19-bargaining_tdl_main-429_1_3,LeftPartner,I dont think so. Either you choose some one or choose no one. If two people are chosen the third misses out. Or we choose no one and no one gets anything. ,1787757179.8896053
dblrbrkx,263,hsx0drso,19-bargaining_tdl_main-433_1_3,RightPartner,I am still thinking about it ,1787757181.541146
dblrbrkx,270,9imhdsny,19-bargaining_tdl_main-433_2_3,RightPartner,Hello! i'm purple. Thank you.,1787757185.2151153
dblrbrkx,263,hsx0drso,19-bargaining_tdl_main-433_1_2,LeftPartner,same,1787757187.6261566
dblrbrkx,250,ozurj9lk,19-bargaining_tdl_main-429_1_2,RightPartner,awesome,1787757189.189788
dblrbrkx,265,1ib86u03,19-bargaining_tdl_main-433_1_2,RightPartner,Thanks!,1787757193.3141806
dblrbrkx,270,9imhdsny,19-bargaining_tdl_main-433_2_3,RightPartner,I'll support you too.,1787757195.1774302
dblrbrkx,263,hsx0drso,19-bargaining_tdl_main-433_1_3,RightPartner,What about you>,1787757197.8044841
dblrbrkx,215,3wqllb94,19-bargaining_tdl_main-425_1_3,LeftPartner,I don't think the Yankees will be going far this year. But I'm always a fan. Unfortunately sometimes,1787757200.4815059
dblrbrkx,271,yebz7t56,19-bargaining_tdl_main-434_2_3,RightPartner,Hell how are you,1787757202.308046
dblrbrkx,265,1ib86u03,19-bargaining_tdl_main-433_2_3,LeftPartner,Thank you so much!,1787757202.5911136
dblrbrkx,271,yebz7t56,19-bargaining_tdl_main-434_1_3,LeftPartner,hello how are you,1787757207.1600847
dblrbrkx,270,9imhdsny,19-bargaining_tdl_main-433_1_3,LeftPartner,I'm still figuring it out.,1787757211.395767
dblrbrkx,254,o9z47st7,19-bargaining_tdl_main-434_2_3,LeftPartner,Hello Purple.  I am well.  And yourself?,1787757217.3829937
dblrbrkx,187,u916lbq2,19-bargaining_tdl_main-425_1_3,RightPartner,So it's you and me. 100% all in! Let's get this! :-),1787757222.1525657
dblrbrkx,263,hsx0drso,19-bargaining_tdl_main-433_1_3,RightPartner,I am yellow,1787757224.3922162
dblrbrkx,215,3wqllb94,19-bargaining_tdl_main-425_1_3,LeftPartner,Time is up. You're my pick!,1787757226.0147793
dblrbrkx,253,0ii4k1cc,19-bargaining_tdl_main-429_1_3,LeftPartner,Maybe you choose the other person and I choose you. Maybe then someone will get something. ,1787757226.166945
dblrbrkx,248,atdoccdo,19-bargaining_tdl_main-434_1_3,RightPartner,Hey I am doing good thanks how about you,1787757227.6171646
dblrbrkx,271,yebz7t56,19-bargaining_tdl_main-434_2_3,RightPartner,"Doing well, what are you thinking",1787757241.6753457
dblrbrkx,254,o9z47st7,19-bargaining_tdl_main-434_1_2,RightPartner,Hello Yellow.  They call me Orange.  Would you like to chat with me?,1787757242.8905663
dblrbrkx,233,cf3y84bs,19-bargaining_tdl_main-429_1_3,RightPartner,"Ok, I guess I'll try that.",1787757247.5443256
dblrbrkx,271,yebz7t56,19-bargaining_tdl_main-434_1_3,LeftPartner,doing well what are you thinking,1787757249.6071389
dblrbrkx,253,0ii4k1cc,19-bargaining_tdl_main-429_1_3,LeftPartner,Okay,1787757251.807299
dblrbrkx,248,atdoccdo,19-bargaining_tdl_main-434_1_2,LeftPartner,Haha sure. How are you doing today? ,1787757260.3210566
dblrbrkx,254,o9z47st7,19-bargaining_tdl_main-434_2_3,LeftPartner,I'm thinking I would like a $3 bonus.  hahaha...how about you?,1787757268.9845326
dblrbrkx,248,atdoccdo,19-bargaining_tdl_main-434_1_3,RightPartner,I'm thinking we may as well support each other,1787757271.9122164
dblrbrkx,271,yebz7t56,19-bargaining_tdl_main-434_2_3,RightPartner,same haha,1787757280.7169952
dblrbrkx,254,o9z47st7,19-bargaining_tdl_main-434_1_2,RightPartner,Doing good.  Interesting study here. ,1787757284.9058323
dblrbrkx,254,o9z47st7,19-bargaining_tdl_main-434_2_3,LeftPartner,Are you also chatting with yellow?  ,1787757297.2563682
dblrbrkx,254,o9z47st7,19-bargaining_tdl_main-434_2_3,LeftPartner,I don't watch reality tv and this reminds me of that.,1787757317.6684225
dblrbrkx,248,atdoccdo,19-bargaining_tdl_main-434_1_2,LeftPartner,For sure. The understanding of the rules took me a minute haha. But I'm thinking we should support each other. How about you? ,1787757326.3721206
dblrbrkx,271,yebz7t56,19-bargaining_tdl_main-434_2_3,RightPartner,what tv show,1787757328.0166612
dblrbrkx,254,o9z47st7,19-bargaining_tdl_main-434_1_2,RightPartner,This reminds me of reality tv,1787757328.4567719
dblrbrkx,271,yebz7t56,19-bargaining_tdl_main-434_1_3,LeftPartner,same we all should get 3$,1787757338.0778475
dblrbrkx,271,yebz7t56,19-bargaining_tdl_main-434_2_3,RightPartner,3$ does sound nice lol,1787757351.3008616
dblrbrkx,248,atdoccdo,19-bargaining_tdl_main-434_1_3,RightPartner,That would be lovely,1787757351.3051739
dblrbrkx,254,o9z47st7,19-bargaining_tdl_main-434_2_3,LeftPartner,I don't watch any of em but don't they all require alliances?,1787757354.387925
dblrbrkx,248,atdoccdo,19-bargaining_tdl_main-434_1_2,LeftPartner,Like an episode of The Circle hahaha,1787757362.0499098
dblrbrkx,254,o9z47st7,19-bargaining_tdl_main-434_1_2,RightPartner,Sure  ,1787757362.7305806
dblrbrkx,271,yebz7t56,19-bargaining_tdl_main-434_2_3,RightPartner,yes scratch my back ill scratch yours/ :p,1787757374.5168648
dblrbrkx,254,o9z47st7,19-bargaining_tdl_main-434_1_2,RightPartner,omg...I did watch that...1st season.  I was doing research,1787757379.1623108
dblrbrkx,271,yebz7t56,19-bargaining_tdl_main-434_2_3,RightPartner,lol,1787757388.1729357
dblrbrkx,271,yebz7t56,19-bargaining_tdl_main-434_1_3,LeftPartner,how can we make that happen,1787757396.8440115
dblrbrkx,248,atdoccdo,19-bargaining_tdl_main-434_1_2,LeftPartner,Lol it gets better in the following seasons. You should continue to watch. First was my least favorite!,1787757402.5793974
dblrbrkx,254,o9z47st7,19-bargaining_tdl_main-434_1_2,RightPartner,That is a strange one,1787757404.6072402
dblrbrkx,254,o9z47st7,19-bargaining_tdl_main-434_1_2,RightPartner,Really?,1787757411.6535115
dblrbrkx,254,o9z47st7,19-bargaining_tdl_main-434_1_2,RightPartner,Maybe I will then.,1787757418.767327
dblrbrkx,254,o9z47st7,19-bargaining_tdl_main-434_2_3,LeftPartner,This is a tough game. ,1787757435.6825707
dblrbrkx,271,yebz7t56,19-bargaining_tdl_main-434_2_3,RightPartner,lol yes,1787757446.2369866
dblrbrkx,271,yebz7t56,19-bargaining_tdl_main-434_2_3,RightPartner,in which you do need alliances,1787757454.764791
dblrbrkx,254,o9z47st7,19-bargaining_tdl_main-434_1_2,RightPartner,"Do you know how many there are and, which season was your favorite?",1787757456.0221329
dblrbrkx,254,o9z47st7,19-bargaining_tdl_main-434_2_3,LeftPartner,i don't know. Maybe that first one where they are all on a beach somewhere,1787757479.3641398
dblrbrkx,271,yebz7t56,19-bargaining_tdl_main-434_2_3,RightPartner,lost?,1787757488.3081481
dblrbrkx,248,atdoccdo,19-bargaining_tdl_main-434_1_3,RightPartner,I just reviewed the rules and it seems that only two people out of the three can possibly win out in this scenario. ,1787757489.4002304
dblrbrkx,254,o9z47st7,19-bargaining_tdl_main-434_2_3,LeftPartner,Then they meet with tiki torches.  My parents used to watch it. ,1787757492.977605
dblrbrkx,271,yebz7t56,19-bargaining_tdl_main-434_1_3,LeftPartner,ok so should we support each other?,1787757507.3672347
dblrbrkx,254,o9z47st7,19-bargaining_tdl_main-434_2_3,LeftPartner,Then you get voted off. ,1787757512.058877
dblrbrkx,248,atdoccdo,19-bargaining_tdl_main-434_1_2,LeftPartner,hmm I think there's a lot at this point. Maybe six or seven seasons. I'd just start at two and go from there. The first episode is kind of explosive,1787757513.6147952
dblrbrkx,254,o9z47st7,19-bargaining_tdl_main-434_2_3,LeftPartner,ugh...what is it called,1787757517.4563289
dblrbrkx,254,o9z47st7,19-bargaining_tdl_main-434_1_2,RightPartner,oooh,1787757531.291496
dblrbrkx,248,atdoccdo,19-bargaining_tdl_main-434_1_3,RightPartner,I think we should ,1787757532.3905344
dblrbrkx,271,yebz7t56,19-bargaining_tdl_main-434_2_3,RightPartner,idk I don't remember,1787757533.716808
dblrbrkx,254,o9z47st7,19-bargaining_tdl_main-434_2_3,LeftPartner,haha,1787757537.9570787
dblrbrkx,254,o9z47st7,19-bargaining_tdl_main-434_2_3,LeftPartner,Do you watch reality tv?,1787757547.4815378
dblrbrkx,271,yebz7t56,19-bargaining_tdl_main-434_2_3,RightPartner,yes jersey shore all day,1787757564.0328321
dblrbrkx,271,yebz7t56,19-bargaining_tdl_main-434_2_3,RightPartner,lol,1787757567.240807
dblrbrkx,254,o9z47st7,19-bargaining_tdl_main-434_2_3,LeftPartner,I've never seen it.  ,1787757584.252768
dblrbrkx,271,yebz7t56,19-bargaining_tdl_main-434_2_3,RightPartner,oh ok,1787757592.74151
dblrbrkx,254,o9z47st7,19-bargaining_tdl_main-434_2_3,LeftPartner,Do they yell alot?  I grew up in jersey,1787757597.6089332
dblrbrkx,271,yebz7t56,19-bargaining_tdl_main-434_2_3,RightPartner,me too im from hopatcong,1787757608.9532423
dblrbrkx,271,yebz7t56,19-bargaining_tdl_main-434_2_3,RightPartner,kinda,1787757617.6211147
dblrbrkx,271,yebz7t56,19-bargaining_tdl_main-434_2_3,RightPartner,reminds me of home lol,1787757624.677328
dblrbrkx,254,o9z47st7,19-bargaining_tdl_main-434_2_3,LeftPartner,We're not supposed to share that...but I'm from the true center not too far from Trento,1787757635.1734817
dblrbrkx,254,o9z47st7,19-bargaining_tdl_main-434_2_3,LeftPartner,hahaha,1787757637.1042802
dblrbrkx,271,yebz7t56,19-bargaining_tdl_main-434_2_3,RightPartner,right,1787757660.7810228
dblrbrkx,271,yebz7t56,19-bargaining_tdl_main-434_2_3,RightPartner,oh ok,1787757664.8251069
dblrbrkx,271,yebz7t56,19-bargaining_tdl_main-434_2_3,RightPartner,good ol Trento,1787757670.6171958
dblrbrkx,254,o9z47st7,19-bargaining_tdl_main-434_2_3,LeftPartner,But my fam was from the shore,1787757670.9917738
dblrbrkx,271,yebz7t56,19-bargaining_tdl_main-434_2_3,RightPartner,we would go to the shore growing up,1787757681.3048582
dblrbrkx,254,o9z47st7,19-bargaining_tdl_main-434_2_3,LeftPartner,hahaha...Trenton,1787757683.96717
dblrbrkx,271,yebz7t56,19-bargaining_tdl_main-434_2_3,RightPartner,yes I know,1787757704.8609626
dblrbrkx,271,yebz7t56,19-bargaining_tdl_main-434_2_3,RightPartner,The armpit of america,1787757717.326075
dblrbrkx,271,yebz7t56,19-bargaining_tdl_main-434_2_3,RightPartner,my home lol,1787757723.304611
dblrbrkx,254,o9z47st7,19-bargaining_tdl_main-434_2_3,LeftPartner,I couldn't leave it hanging like that...YES  ,1787757723.883559
dblrbrkx,254,o9z47st7,19-bargaining_tdl_main-434_2_3,LeftPartner,hahaha,1787757725.7539916
dblrbrkx,254,o9z47st7,19-bargaining_tdl_main-434_2_3,LeftPartner,No one else gets that when I say it,1787757734.0450425
dblrbrkx,254,o9z47st7,19-bargaining_tdl_main-434_2_3,LeftPartner,I love it!,1787757739.4132047
dblrbrkx,271,yebz7t56,19-bargaining_tdl_main-434_2_3,RightPartner,yes me too,1787757746.0639503
dblrbrkx,271,yebz7t56,19-bargaining_tdl_main-434_2_3,RightPartner,nothing better,1787757749.6530445
dblrbrkx,271,yebz7t56,19-bargaining_tdl_main-434_2_3,RightPartner,Taylor ham lol,1787757763.1130826
dblrbrkx,254,o9z47st7,19-bargaining_tdl_main-434_2_3,LeftPartner,Thats what my sister in law says,1787757784.9512155
dblrbrkx,275,zrvfri78,19-bargaining_tdl_main-435_1_2,RightPartner,Hello,1787757832.24093
dblrbrkx,275,zrvfri78,19-bargaining_tdl_main-435_2_3,LeftPartner,Hello,1787757835.660472
dblrbrkx,278,dwga9ycn,19-bargaining_tdl_main-435_1_3,LeftPartner,Hi,1787757842.0311303
dblrbrkx,278,dwga9ycn,19-bargaining_tdl_main-435_2_3,RightPartner,Hi,1787757844.5777981
dblrbrkx,275,zrvfri78,19-bargaining_tdl_main-435_2_3,LeftPartner,What do you think we should do ,1787757855.7612221
dblrbrkx,278,dwga9ycn,19-bargaining_tdl_main-435_2_3,RightPartner,What do you think? sounds like at least one person doesnt get anything,1787757862.6623921
dblrbrkx,275,zrvfri78,19-bargaining_tdl_main-435_2_3,LeftPartner,Yea which stinks,1787757871.7597146
dblrbrkx,260,a7e2tpyi,19-bargaining_tdl_main-435_1_2,LeftPartner,Hello,1787757871.7970028
dblrbrkx,278,dwga9ycn,19-bargaining_tdl_main-435_1_3,LeftPartner,Thoughts?,1787757877.1425273
dblrbrkx,260,a7e2tpyi,19-bargaining_tdl_main-435_1_3,RightPartner,Hi,1787757877.5225801
dblrbrkx,278,dwga9ycn,19-bargaining_tdl_main-435_2_3,RightPartner,I dont know what to do,1787757889.2489026
dblrbrkx,260,a7e2tpyi,19-bargaining_tdl_main-435_1_3,RightPartner,No plan yet,1787757896.8573878
dblrbrkx,275,zrvfri78,19-bargaining_tdl_main-435_2_3,LeftPartner,Me either,1787757902.0258074
dblrbrkx,278,dwga9ycn,19-bargaining_tdl_main-435_1_3,LeftPartner,Same,1787757902.55481
dblrbrkx,275,zrvfri78,19-bargaining_tdl_main-435_1_2,RightPartner,What do you think we should do,1787757913.4446273
dblrbrkx,278,dwga9ycn,19-bargaining_tdl_main-435_2_3,RightPartner,"If we all dont pick anyone, we all get nothing",1787757913.6625795
dblrbrkx,260,a7e2tpyi,19-bargaining_tdl_main-435_1_3,RightPartner,Maybe just gut feelings,1787757922.027976
dblrbrkx,275,zrvfri78,19-bargaining_tdl_main-435_2_3,LeftPartner,I'll support you,1787757923.5780828
dblrbrkx,260,a7e2tpyi,19-bargaining_tdl_main-435_1_2,LeftPartner,I have no idea,1787757933.422687
dblrbrkx,260,a7e2tpyi,19-bargaining_tdl_main-435_1_2,LeftPartner,How about you,1787757944.757631
dblrbrkx,275,zrvfri78,19-bargaining_tdl_main-435_1_2,RightPartner,No idea ,1787757954.4303029
dblrbrkx,278,dwga9ycn,19-bargaining_tdl_main-435_2_3,RightPartner,I havent really heard much from the other team mate,1787757956.8694701
dblrbrkx,275,zrvfri78,19-bargaining_tdl_main-435_1_2,RightPartner,It' weird,1787757957.307799
dblrbrkx,278,dwga9ycn,19-bargaining_tdl_main-435_1_3,LeftPartner,yeah,1787757960.5899825
dblrbrkx,275,zrvfri78,19-bargaining_tdl_main-435_2_3,LeftPartner,Me either,1787757963.534017
dblrbrkx,260,a7e2tpyi,19-bargaining_tdl_main-435_1_2,LeftPartner,It would be nice if each participant could earn,1787757984.5922563
dblrbrkx,275,zrvfri78,19-bargaining_tdl_main-435_1_2,RightPartner,Yea I don't like that someone gets nothing,1787757996.0932658
dblrbrkx,278,dwga9ycn,19-bargaining_tdl_main-435_2_3,RightPartner,I'll feel bad if they dont get anything but its all a risk anyways because they could end up with some money if you end up voting for them,1787758000.9618807
dblrbrkx,260,a7e2tpyi,19-bargaining_tdl_main-435_1_2,LeftPartner,Me too,1787758004.8968225
dblrbrkx,275,zrvfri78,19-bargaining_tdl_main-435_2_3,LeftPartner,Yea same,1787758007.9009502
dblrbrkx,278,dwga9ycn,19-bargaining_tdl_main-435_2_3,RightPartner,I guess lets just vote to each other and see?,1787758011.0223763
dblrbrkx,275,zrvfri78,19-bargaining_tdl_main-435_2_3,LeftPartner,Yea I guess that's all we can do right? ,1787758017.1460032
dblrbrkx,278,dwga9ycn,19-bargaining_tdl_main-435_2_3,RightPartner,I think I'm going to risk it,1787758027.1614113
dblrbrkx,275,zrvfri78,19-bargaining_tdl_main-435_2_3,LeftPartner,Sounds good to me,1787758037.7411067
dblrbrkx,275,zrvfri78,19-bargaining_tdl_main-435_2_3,LeftPartner,I vote you,1787758040.3408272
dblrbrkx,278,dwga9ycn,19-bargaining_tdl_main-435_2_3,RightPartner,I am not really getting anything from the other one,1787758042.0192823
dblrbrkx,275,zrvfri78,19-bargaining_tdl_main-435_2_3,LeftPartner,yea,1787758045.1944685
dblrbrkx,275,zrvfri78,19-bargaining_tdl_main-435_2_3,LeftPartner,same,1787758046.3203642
dblrbrkx,275,zrvfri78,19-bargaining_tdl_main-435_2_3,LeftPartner,Goodness we stil have 6 minutes,1787758058.3196287
dblrbrkx,278,dwga9ycn,19-bargaining_tdl_main-435_2_3,RightPartner,"hehe, unless you two are working together but that's show business ",1787758069.0261528
dblrbrkx,275,zrvfri78,19-bargaining_tdl_main-435_2_3,LeftPartner,Nope,1787758073.6019843
dblrbrkx,275,zrvfri78,19-bargaining_tdl_main-435_2_3,LeftPartner,It would be nicer if everyone got something,1787758095.29332
dblrbrkx,278,dwga9ycn,19-bargaining_tdl_main-435_2_3,RightPartner,yeah... maybe theyre be another round or something,1787758106.4422736
dblrbrkx,275,zrvfri78,19-bargaining_tdl_main-435_2_3,LeftPartner,Maybe,1787758120.6623445
dblrbrkx,275,zrvfri78,19-bargaining_tdl_main-435_1_2,RightPartner,Who are you voting for,1787758127.1342869
dblrbrkx,278,dwga9ycn,19-bargaining_tdl_main-435_2_3,RightPartner,"Okay im going to hit ""next""",1787758139.592621
dblrbrkx,260,a7e2tpyi,19-bargaining_tdl_main-435_1_2,LeftPartner,I don't  know yet,1787758147.0158474
dblrbrkx,275,zrvfri78,19-bargaining_tdl_main-435_2_3,LeftPartner,Sounds good,1787758148.9289541
dblrbrkx,276,j8jyrqk7,19-bargaining_tdl_main-436_1_2,RightPartner,Hello,1787758163.6406977
dblrbrkx,276,j8jyrqk7,19-bargaining_tdl_main-436_2_3,LeftPartner,Hello,1787758164.6818724
dblrbrkx,277,euc0z5mj,19-bargaining_tdl_main-436_2_3,RightPartner,"Hi, I can support you if you support me so we both get $3.",1787758202.6913059
dblrbrkx,276,j8jyrqk7,19-bargaining_tdl_main-436_2_3,LeftPartner,"Okay, sounds good.",1787758244.7411463
dblrbrkx,277,euc0z5mj,19-bargaining_tdl_main-436_1_3,LeftPartner,"Hi, I’m planning to pair with Orange.",1787758350.3717916
dblrbrkx,273,k8n9d69s,19-bargaining_tdl_main-437_1_2,LeftPartner,hello,1787758352.0015068
dblrbrkx,273,k8n9d69s,19-bargaining_tdl_main-437_1_2,LeftPartner,i think we should support each other to both earn ,1787758380.953641
dblrbrkx,281,z00f4x06,19-bargaining_tdl_main-437_1_2,RightPartner,"Hey! I think if we support each other and can convince purple to support one of us, then we each get $3 and purple would get $0",1787758388.065547
dblrbrkx,281,z00f4x06,19-bargaining_tdl_main-437_1_2,RightPartner,def agreed,1787758400.9096706
dblrbrkx,273,k8n9d69s,19-bargaining_tdl_main-437_1_2,LeftPartner,yeah agreed,1787758415.0780187
dblrbrkx,281,z00f4x06,19-bargaining_tdl_main-437_1_2,RightPartner,"alright cool, sounds like a plan :)",1787758423.4012437
dblrbrkx,277,euc0z5mj,19-bargaining_tdl_main-436_1_3,LeftPartner,"Orange agreed to support me, so I will support Orange.",1787758435.3334272
dblrbrkx,281,z00f4x06,19-bargaining_tdl_main-437_1_2,RightPartner,"gonna continue with the study, hope you have a good day",1787758444.7220652
ctx9bssc,7,cumwu30r,20-bargaining_tdl_main-438_1_2,RightPartner,"Hello, should we form an alliance?",1787759602.4134326
ctx9bssc,1,24oeive6,20-bargaining_tdl_main-438_1_2,LeftPartner,Of course,1787759607.1117418
ctx9bssc,7,cumwu30r,20-bargaining_tdl_main-438_2_3,LeftPartner,"Hello, should we form an alliance?",1787759611.201594
ctx9bssc,7,cumwu30r,20-bargaining_tdl_main-438_1_2,RightPartner,I will support you if you support me,1787759617.1075082
ctx9bssc,12,2qlc2ul2,20-bargaining_tdl_main-438_2_3,RightPartner,who are you supporting?,1787759617.2071636
ctx9bssc,1,24oeive6,20-bargaining_tdl_main-438_1_2,LeftPartner,Done and done,1787759621.902942
ctx9bssc,7,cumwu30r,20-bargaining_tdl_main-438_2_3,LeftPartner,I will support you if you support me,1787759624.0831568
ctx9bssc,12,2qlc2ul2,20-bargaining_tdl_main-438_1_3,LeftPartner,who are you supporting?,1787759626.8973968
ctx9bssc,1,24oeive6,20-bargaining_tdl_main-438_1_3,RightPartner,I'll support you if you support me,1787759633.828305
ctx9bssc,12,2qlc2ul2,20-bargaining_tdl_main-438_2_3,RightPartner,100%?,1787759637.3481581
ctx9bssc,12,2qlc2ul2,20-bargaining_tdl_main-438_1_3,LeftPartner,i'm down,1787759644.8215866
ctx9bssc,7,cumwu30r,20-bargaining_tdl_main-438_1_2,RightPartner,Consider it a deal Yellow,1787759647.155581
ctx9bssc,1,24oeive6,20-bargaining_tdl_main-438_1_3,RightPartner,Lets get this bread,1787759649.7562568
ctx9bssc,7,cumwu30r,20-bargaining_tdl_main-438_2_3,LeftPartner,of course,1787759651.485311
ctx9bssc,12,2qlc2ul2,20-bargaining_tdl_main-438_2_3,RightPartner,alright,1787759655.9271915
ctx9bssc,1,24oeive6,20-bargaining_tdl_main-438_1_2,LeftPartner,Lets get this bread,1787759663.8555727
ctx9bssc,16,v045e0np,20-bargaining_tdl_main-439_1_3,LeftPartner,"hello, who to support?",1787759672.6039715
ctx9bssc,4,xiromyeo,20-bargaining_tdl_main-439_1_2,RightPartner,"Hi, I'd like for us both to get a bonus",1787759678.3486493
ctx9bssc,16,v045e0np,20-bargaining_tdl_main-439_2_3,RightPartner,"hello, who to support?",1787759678.8418694
ctx9bssc,3,hr81slth,20-bargaining_tdl_main-439_1_3,RightPartner,"Hi, the way I see it if we support each other we will get extra money",1787759680.1445632
ctx9bssc,3,hr81slth,20-bargaining_tdl_main-439_1_3,RightPartner,yes please,1787759684.2366703
ctx9bssc,16,v045e0np,20-bargaining_tdl_main-439_1_3,LeftPartner,Done. I will do that,1787759701.1079407
ctx9bssc,4,xiromyeo,20-bargaining_tdl_main-439_2_3,LeftPartner,"Hi, I'd like for us both to get a bonus, I just hate having the other person left out, huh?",1787759705.244504
ctx9bssc,3,hr81slth,20-bargaining_tdl_main-439_1_2,LeftPartner,yes please,1787759711.1721132
ctx9bssc,16,v045e0np,20-bargaining_tdl_main-439_2_3,RightPartner,"yeah, these games always involve someone losing",1787759719.3081446
ctx9bssc,3,hr81slth,20-bargaining_tdl_main-439_1_3,RightPartner,wait if your purple what am I?,1787759722.6400664
ctx9bssc,3,hr81slth,20-bargaining_tdl_main-439_1_2,LeftPartner,So you'll support me,1787759732.3137224
ctx9bssc,16,v045e0np,20-bargaining_tdl_main-439_1_3,LeftPartner,you are yellow,1787759732.7306309
ctx9bssc,5,1dybjqcp,20-bargaining_tdl_main-440_1_2,LeftPartner,Hi Im yellow.  There was a purple but they left,1787759735.01878
ctx9bssc,4,xiromyeo,20-bargaining_tdl_main-439_2_3,LeftPartner,"I know, makes me feel guilty every single time",1787759737.9652886
ctx9bssc,3,hr81slth,20-bargaining_tdl_main-439_1_3,RightPartner,ah thank you,1787759743.4652865
ctx9bssc,15,yrfnwd1f,20-bargaining_tdl_main-440_1_2,RightPartner,Well the purple left so I think we should support each other ,1787759750.3123019
ctx9bssc,3,hr81slth,20-bargaining_tdl_main-439_1_3,RightPartner,ok so are there rounds?,1787759752.093061
ctx9bssc,15,yrfnwd1f,20-bargaining_tdl_main-440_1_2,RightPartner,I am orange ,1787759760.3113804
ctx9bssc,5,1dybjqcp,20-bargaining_tdl_main-440_1_2,LeftPartner,they left the chat.   Lets support eachother,1787759761.843578
ctx9bssc,4,xiromyeo,20-bargaining_tdl_main-439_1_2,RightPartner,"It always makes me feel bad leaving the other person out, you?",1787759762.6517785
ctx9bssc,3,hr81slth,20-bargaining_tdl_main-439_1_2,LeftPartner,yes,1787759766.8766897
ctx9bssc,15,yrfnwd1f,20-bargaining_tdl_main-440_1_2,RightPartner,I agree!!!,1787759770.9907238
ctx9bssc,16,v045e0np,20-bargaining_tdl_main-439_1_3,LeftPartner,"Uh, maybe?",1787759772.6640463
ctx9bssc,3,hr81slth,20-bargaining_tdl_main-439_1_2,LeftPartner,I don't know what to do.,1787759773.2007768
ctx9bssc,15,yrfnwd1f,20-bargaining_tdl_main-440_1_2,RightPartner,They made it simple for us :),1787759780.2782876
ctx9bssc,4,xiromyeo,20-bargaining_tdl_main-439_1_2,RightPartner,Never a good choice ,1787759783.2069023
ctx9bssc,3,hr81slth,20-bargaining_tdl_main-439_1_2,LeftPartner,Do you wanna make connection with the other person instead,1787759785.9920342
ctx9bssc,5,1dybjqcp,20-bargaining_tdl_main-440_1_2,LeftPartner,Easy way to earn extra money,1787759786.1226275
ctx9bssc,3,hr81slth,20-bargaining_tdl_main-439_1_2,LeftPartner,thats fine with me,1787759792.9936428
ctx9bssc,15,yrfnwd1f,20-bargaining_tdl_main-440_1_2,RightPartner,yep.. thank you!!,1787759794.4652526
ctx9bssc,25,s14dx86i,20-bargaining_tdl_main-441_1_2,LeftPartner,Hi,1787759795.4343922
ctx9bssc,5,1dybjqcp,20-bargaining_tdl_main-440_1_2,LeftPartner,Yes they did,1787759795.7967684
ctx9bssc,25,s14dx86i,20-bargaining_tdl_main-441_1_3,RightPartner,Hi,1787759797.6990087
ctx9bssc,13,qgoyazjl,20-bargaining_tdl_main-441_2_3,LeftPartner,Hello,1787759800.125548
ctx9bssc,18,7fdqyuaa,20-bargaining_tdl_main-441_1_3,LeftPartner,please support me,1787759800.6039126
ctx9bssc,16,v045e0np,20-bargaining_tdl_main-439_2_3,RightPartner,Are you AI. No judgment if you are,1787759802.5767326
ctx9bssc,13,qgoyazjl,20-bargaining_tdl_main-441_1_2,RightPartner,Hello,1787759804.274883
ctx9bssc,18,7fdqyuaa,20-bargaining_tdl_main-441_1_3,LeftPartner,hi,1787759808.0004954
ctx9bssc,3,hr81slth,20-bargaining_tdl_main-439_1_3,RightPartner,ok so in chatting with my other person I'm supporting you not them,1787759808.2375877
ctx9bssc,9,3cudgqc1,20-bargaining_tdl_main-442_2_3,RightPartner,hi,1787759810.5109692
ctx9bssc,9,3cudgqc1,20-bargaining_tdl_main-442_1_3,LeftPartner,hi,1787759813.08497
ctx9bssc,18,7fdqyuaa,20-bargaining_tdl_main-441_2_3,RightPartner,hi,1787759817.4649189
ctx9bssc,15,yrfnwd1f,20-bargaining_tdl_main-440_1_2,RightPartner,do we click next now or should we wait?,1787759817.98272
ctx9bssc,25,s14dx86i,20-bargaining_tdl_main-441_1_3,RightPartner,"You got it, I am yellow.",1787759819.0239403
ctx9bssc,4,xiromyeo,20-bargaining_tdl_main-439_1_2,RightPartner,"We can keep talking, this is about forming a connection, and we have 7 minutes left",1787759819.2781873
ctx9bssc,16,v045e0np,20-bargaining_tdl_main-439_1_3,LeftPartner,"Yup, I'll stick with you too",1787759822.697316
ctx9bssc,28,om3qvayl,20-bargaining_tdl_main-442_2_3,LeftPartner,hi,1787759822.7392015
ctx9bssc,28,om3qvayl,20-bargaining_tdl_main-442_1_2,RightPartner,hi,1787759826.115884
ctx9bssc,18,7fdqyuaa,20-bargaining_tdl_main-441_1_3,LeftPartner,i am purple,1787759831.063205
ctx9bssc,5,1dybjqcp,20-bargaining_tdl_main-440_1_2,LeftPartner,maybe we can try next to see,1787759832.4977245
ctx9bssc,9,3cudgqc1,20-bargaining_tdl_main-442_2_3,RightPartner,whats up,1787759835.0230918
ctx9bssc,3,hr81slth,20-bargaining_tdl_main-439_1_3,RightPartner,Cool that's good now we have a lot of time left,1787759835.1046977
ctx9bssc,3,hr81slth,20-bargaining_tdl_main-439_1_3,RightPartner,??,1787759836.32295
ctx9bssc,4,xiromyeo,20-bargaining_tdl_main-439_2_3,LeftPartner,Absolutely not. But I guess thats what AI would say too lol,1787759840.633736
ctx9bssc,5,1dybjqcp,20-bargaining_tdl_main-440_1_2,LeftPartner,But up to you,1787759842.931051
ctx9bssc,15,yrfnwd1f,20-bargaining_tdl_main-440_1_2,RightPartner,ok,1787759843.0175722
ctx9bssc,28,om3qvayl,20-bargaining_tdl_main-442_2_3,LeftPartner,weird surveys haha,1787759845.9296038
ctx9bssc,26,b74nszch,20-bargaining_tdl_main-442_1_3,RightPartner,I will support you please support me,1787759846.3655255
ctx9bssc,25,s14dx86i,20-bargaining_tdl_main-441_1_3,RightPartner,"All good, I'm not even going to respond to the other one lol",1787759847.9600894
ctx9bssc,3,hr81slth,20-bargaining_tdl_main-439_1_2,LeftPartner,Geepers what are we supposed to talk about,1787759848.7915502
ctx9bssc,13,qgoyazjl,20-bargaining_tdl_main-441_1_2,RightPartner,I assume two people are supposed to support each other with someone being left out.,1787759850.8089519
ctx9bssc,15,yrfnwd1f,20-bargaining_tdl_main-440_1_2,RightPartner,lets click next ,1787759851.5701575
ctx9bssc,18,7fdqyuaa,20-bargaining_tdl_main-441_2_3,RightPartner,who are you going to support,1787759852.3289032
ctx9bssc,31,hhizj4pf,20-bargaining_tdl_main-443_1_2,RightPartner,Hi!,1787759853.3151164
ctx9bssc,31,hhizj4pf,20-bargaining_tdl_main-443_2_3,LeftPartner,hi!,1787759855.5976264
ctx9bssc,3,hr81slth,20-bargaining_tdl_main-439_1_2,LeftPartner,Were we supposed to have small talk,1787759857.0966935
ctx9bssc,18,7fdqyuaa,20-bargaining_tdl_main-441_1_3,LeftPartner,lol,1787759859.365508
ctx9bssc,25,s14dx86i,20-bargaining_tdl_main-441_1_2,LeftPartner,Yes I beleive so,1787759865.0373137
ctx9bssc,9,3cudgqc1,20-bargaining_tdl_main-442_2_3,RightPartner,LOL yeah,1787759866.749225
ctx9bssc,37,azmf5sjj,20-bargaining_tdl_main-443_2_3,RightPartner,hello!,1787759867.259007
ctx9bssc,4,xiromyeo,20-bargaining_tdl_main-439_1_2,RightPartner,Great question. Umm how about your fav hobby?,1787759868.977656
ctx9bssc,16,v045e0np,20-bargaining_tdl_main-439_2_3,RightPartner,Not necessarily. I would hope AI would be honest. It's not something to be ashamed of after all,1787759869.5677292
ctx9bssc,14,70pnggm6,20-bargaining_tdl_main-443_1_2,LeftPartner,"hello, i'm going to support you orange",1787759874.1479597
ctx9bssc,9,3cudgqc1,20-bargaining_tdl_main-442_1_3,LeftPartner,okay,1787759874.4357243
ctx9bssc,31,hhizj4pf,20-bargaining_tdl_main-443_2_3,LeftPartner,How are you ?,1787759876.3680072
ctx9bssc,4,xiromyeo,20-bargaining_tdl_main-439_2_3,LeftPartner,Thats very true,1787759877.490226
ctx9bssc,30,ex2j5u8h,20-bargaining_tdl_main-444_1_3,RightPartner,Hi,1787759877.831774
ctx9bssc,25,s14dx86i,20-bargaining_tdl_main-441_1_3,RightPartner,They keep sending messages,1787759878.4654233
ctx9bssc,13,qgoyazjl,20-bargaining_tdl_main-441_2_3,LeftPartner,I am thinking through it as I believe that someone must be left out.,1787759882.8098726
ctx9bssc,26,b74nszch,20-bargaining_tdl_main-442_1_2,LeftPartner,I will support purple please support purple,1787759884.399691
ctx9bssc,28,om3qvayl,20-bargaining_tdl_main-442_2_3,LeftPartner,im gonna support you cause i like purple and the other color wont respond sooo thats my reasoning ,1787759884.5236473
ctx9bssc,37,azmf5sjj,20-bargaining_tdl_main-443_2_3,RightPartner,good,1787759886.0835717
ctx9bssc,30,ex2j5u8h,20-bargaining_tdl_main-444_1_2,LeftPartner,Hello,1787759886.9342616
ctx9bssc,9,3cudgqc1,20-bargaining_tdl_main-442_1_3,LeftPartner,so hows it goin,1787759887.9480684
ctx9bssc,21,kk2dn7dx,20-bargaining_tdl_main-444_2_3,LeftPartner,If you support me I will support you,1787759888.832546
ctx9bssc,35,4pb1upal,20-bargaining_tdl_main-444_1_3,LeftPartner,hello!,1787759889.2595942
ctx9bssc,35,4pb1upal,20-bargaining_tdl_main-444_2_3,RightPartner,Deal,1787759895.9672194
ctx9bssc,3,hr81slth,20-bargaining_tdl_main-439_1_2,LeftPartner,"Old and sickly so my hobbies used to be scrapbooking, quilting, knitting and crochet, you?",1787759897.091125
ctx9bssc,37,azmf5sjj,20-bargaining_tdl_main-443_2_3,RightPartner,for this thing it makes sense for everyone to support someone,1787759897.9043157
ctx9bssc,18,7fdqyuaa,20-bargaining_tdl_main-441_1_3,LeftPartner,yup,1787759899.3487701
ctx9bssc,25,s14dx86i,20-bargaining_tdl_main-441_1_2,LeftPartner,Why should I support you,1787759900.5625756
ctx9bssc,31,hhizj4pf,20-bargaining_tdl_main-443_1_2,RightPartner,"Okay great, are you also chatting wiht the other participant ",1787759902.3633966
ctx9bssc,9,3cudgqc1,20-bargaining_tdl_main-442_2_3,RightPartner,Hahah okay cool,1787759902.3665087
ctx9bssc,37,azmf5sjj,20-bargaining_tdl_main-443_2_3,RightPartner,otherwise no one earns anything,1787759904.1405191
ctx9bssc,21,kk2dn7dx,20-bargaining_tdl_main-444_1_2,RightPartner,Hi if you support me I will support you,1787759904.387044
ctx9bssc,3,hr81slth,20-bargaining_tdl_main-439_1_3,RightPartner,Where'd you go,1787759904.7148542
ctx9bssc,9,3cudgqc1,20-bargaining_tdl_main-442_2_3,RightPartner,ill support u too,1787759908.538582
ctx9bssc,29,kdhkau87,20-bargaining_tdl_main-445_1_2,RightPartner,Hey there :),1787759909.3073623
ctx9bssc,13,qgoyazjl,20-bargaining_tdl_main-441_2_3,LeftPartner,I'm ok sacrificing my pay if you support yellow.,1787759909.9447398
ctx9bssc,30,ex2j5u8h,20-bargaining_tdl_main-444_1_3,RightPartner,How has your day been?,1787759913.730973
ctx9bssc,29,kdhkau87,20-bargaining_tdl_main-445_1_2,RightPartner,I'll support you if you support me,1787759918.4191978
ctx9bssc,24,a3r73yww,20-bargaining_tdl_main-445_1_2,LeftPartner,Hi,1787759918.5244126
ctx9bssc,18,7fdqyuaa,20-bargaining_tdl_main-441_2_3,RightPartner,i get that,1787759919.93675
ctx9bssc,4,xiromyeo,20-bargaining_tdl_main-439_1_2,RightPartner,I'm disabled. Big knitter but my favorite thing to do is watch hockey,1787759921.5714853
ctx9bssc,35,4pb1upal,20-bargaining_tdl_main-444_1_3,LeftPartner,its been good how has yours been?,1787759923.956249
ctx9bssc,29,kdhkau87,20-bargaining_tdl_main-445_2_3,LeftPartner,Hi :),1787759924.2735176
ctx9bssc,24,a3r73yww,20-bargaining_tdl_main-445_1_3,RightPartner,Hi,1787759925.7621439
ctx9bssc,28,om3qvayl,20-bargaining_tdl_main-442_2_3,LeftPartner,thanks : ),1787759925.988258
ctx9bssc,14,70pnggm6,20-bargaining_tdl_main-443_1_3,RightPartner,"i'm going to support orange, sorry",1787759927.0896711
ctx9bssc,37,azmf5sjj,20-bargaining_tdl_main-443_2_3,RightPartner,I'm picking you to support since the other person is not chatting,1787759927.3057423
ctx9bssc,3,hr81slth,20-bargaining_tdl_main-439_1_2,LeftPartner,HOCKEY how fun,1787759929.8706176
ctx9bssc,13,qgoyazjl,20-bargaining_tdl_main-441_1_2,RightPartner,I'm ok sacrificing my payment if you support purple.,1787759932.931833
ctx9bssc,31,hhizj4pf,20-bargaining_tdl_main-443_2_3,LeftPartner,"yeah, everyone needs to support someone and two need to support the same person in order to get their money ",1787759935.1312616
ctx9bssc,11,h3q30syi,20-bargaining_tdl_main-445_2_3,RightPartner,hey,1787759935.8704789
ctx9bssc,18,7fdqyuaa,20-bargaining_tdl_main-441_2_3,RightPartner,i can suport yellow,1787759937.957543
ctx9bssc,11,h3q30syi,20-bargaining_tdl_main-445_1_3,LeftPartner,hey,1787759938.9440958
ctx9bssc,30,ex2j5u8h,20-bargaining_tdl_main-444_1_3,RightPartner,"Great, a bit cold though.",1787759939.3585222
ctx9bssc,14,70pnggm6,20-bargaining_tdl_main-443_1_2,LeftPartner,so far they haven't responded,1787759940.1869936
ctx9bssc,31,hhizj4pf,20-bargaining_tdl_main-443_2_3,LeftPartner,Same ,1787759940.4144945
ctx9bssc,4,xiromyeo,20-bargaining_tdl_main-439_1_2,RightPartner,Absolute best sport,1787759943.1047704
ctx9bssc,29,kdhkau87,20-bargaining_tdl_main-445_1_2,RightPartner,What are your thoughts on this situation?,1787759946.485297
ctx9bssc,13,qgoyazjl,20-bargaining_tdl_main-441_1_2,RightPartner,I told them to support you.  They said they would.,1787759946.7151387
ctx9bssc,35,4pb1upal,20-bargaining_tdl_main-444_1_3,LeftPartner,oh no thats not fun,1787759950.1115153
ctx9bssc,3,hr81slth,20-bargaining_tdl_main-439_1_2,LeftPartner,I guess I like kpop and kdrama too but just finished watching Heroes for the 2nd time,1787759950.8320522
ctx9bssc,37,azmf5sjj,20-bargaining_tdl_main-443_2_3,RightPartner,"cool okay sounds good, I'm going next",1787759951.4460235
ctx9bssc,24,a3r73yww,20-bargaining_tdl_main-445_1_2,LeftPartner,Has purple said anything?,1787759951.8524132
ctx9bssc,29,kdhkau87,20-bargaining_tdl_main-445_2_3,LeftPartner,How are you today?,1787759955.8343546
ctx9bssc,31,hhizj4pf,20-bargaining_tdl_main-443_2_3,LeftPartner,"So i'll go ahead and pick you, you seem to be chatting to me ",1787759957.4004645
ctx9bssc,13,qgoyazjl,20-bargaining_tdl_main-441_2_3,LeftPartner,I told yellow to support you.,1787759958.472262
ctx9bssc,29,kdhkau87,20-bargaining_tdl_main-445_1_2,RightPartner,"No, not yet.",1787759960.560879
ctx9bssc,14,70pnggm6,20-bargaining_tdl_main-443_1_2,LeftPartner,and they left the chat,1787759967.855596
ctx9bssc,18,7fdqyuaa,20-bargaining_tdl_main-441_2_3,RightPartner,thanks,1787759970.819014
ctx9bssc,11,h3q30syi,20-bargaining_tdl_main-445_2_3,RightPartner,im doing good how about you ,1787759971.2756333
ctx9bssc,24,a3r73yww,20-bargaining_tdl_main-445_1_3,RightPartner,Has orange said anything?,1787759973.412928
ctx9bssc,4,xiromyeo,20-bargaining_tdl_main-439_1_2,RightPartner,I've never actually watched Heroes but have always wanted to,1787759976.202104
ctx9bssc,25,s14dx86i,20-bargaining_tdl_main-441_1_2,LeftPartner,Ok I guess that's simple enough,1787759976.4094813
ctx9bssc,13,qgoyazjl,20-bargaining_tdl_main-441_1_2,RightPartner,I will support no one.,1787759980.422656
ctx9bssc,3,hr81slth,20-bargaining_tdl_main-439_1_2,LeftPartner,"Funny, my color I made the connection with went dark",1787759981.8498416
ctx9bssc,30,ex2j5u8h,20-bargaining_tdl_main-444_1_3,RightPartner,"Right, I'm gonna move on and support you.",1787759984.0627193
ctx9bssc,13,qgoyazjl,20-bargaining_tdl_main-441_2_3,LeftPartner,I will support no one.,1787759986.1191432
ctx9bssc,3,hr81slth,20-bargaining_tdl_main-439_1_2,LeftPartner,"It's the best, give it a shot",1787759990.3172488
ctx9bssc,24,a3r73yww,20-bargaining_tdl_main-445_1_2,LeftPartner,I will support if you do,1787759993.7259684
ctx9bssc,29,kdhkau87,20-bargaining_tdl_main-445_2_3,LeftPartner,"That's good to hear. I'm good, just trying to figure out what to do here.",1787759995.6773686
ctx9bssc,41,7yqbgf4e,20-bargaining_tdl_main-446_1_3,LeftPartner,hey,1787759999.8861225
ctx9bssc,11,h3q30syi,20-bargaining_tdl_main-445_1_3,LeftPartner,orange said hey and how are you today to me ,1787759999.9147778
ctx9bssc,41,7yqbgf4e,20-bargaining_tdl_main-446_2_3,RightPartner,hey,1787760003.3353956
ctx9bssc,16,v045e0np,20-bargaining_tdl_main-439_1_3,LeftPartner,I'm here,1787760007.1244273
ctx9bssc,29,kdhkau87,20-bargaining_tdl_main-445_1_2,RightPartner,"Okay, I will support you :)",1787760011.6361635
ctx9bssc,16,v045e0np,20-bargaining_tdl_main-439_1_3,LeftPartner,I just don't have a lot of other questions I guess. I like our deal,1787760022.4657228
ctx9bssc,41,7yqbgf4e,20-bargaining_tdl_main-446_2_3,RightPartner,what are you thinking?,1787760023.191293
ctx9bssc,39,ebwyximd,20-bargaining_tdl_main-446_2_3,LeftPartner,hi,1787760023.3844197
ctx9bssc,24,a3r73yww,20-bargaining_tdl_main-445_1_3,RightPartner,They offered to support,1787760026.852058
ctx9bssc,4,xiromyeo,20-bargaining_tdl_main-439_1_2,RightPartner,Did it?? weird. I may have to.  Whats your favorite TV show,1787760029.7093544
ctx9bssc,3,hr81slth,20-bargaining_tdl_main-439_1_3,RightPartner,"That's fine, let me guess, you a male?",1787760035.212064
ctx9bssc,16,v045e0np,20-bargaining_tdl_main-439_1_3,LeftPartner,yes,1787760048.13419
ctx9bssc,3,hr81slth,20-bargaining_tdl_main-439_1_2,LeftPartner,"Supernatural hands down, you",1787760049.731929
ctx9bssc,39,ebwyximd,20-bargaining_tdl_main-446_2_3,LeftPartner,I probably will choose you to support,1787760050.126407
ctx9bssc,39,ebwyximd,20-bargaining_tdl_main-446_1_2,RightPartner,hello,1787760054.5027032
ctx9bssc,3,hr81slth,20-bargaining_tdl_main-439_1_3,RightPartner,VBG!!!,1787760056.6879559
ctx9bssc,41,7yqbgf4e,20-bargaining_tdl_main-446_2_3,RightPartner,I'll pick you as well,1787760064.2057085
ctx9bssc,11,h3q30syi,20-bargaining_tdl_main-445_1_3,LeftPartner,i think ill just alternate between picking you and orange ,1787760071.7979298
ctx9bssc,16,v045e0np,20-bargaining_tdl_main-439_1_3,LeftPartner,Sorry I don't know what that means?,1787760075.2506692
ctx9bssc,11,h3q30syi,20-bargaining_tdl_main-445_1_3,LeftPartner,like yellow then orange then yellow then orange,1787760079.947864
ctx9bssc,20,ehb28ukv,20-bargaining_tdl_main-446_1_3,RightPartner,"hey, so im assuming of course everyone would like to get the extra bonus money. Id like to support you if you would support me in order to win. But truly its up to you however you 'd like to play. just let me know",1787760083.26207
ctx9bssc,4,xiromyeo,20-bargaining_tdl_main-439_1_2,RightPartner,YOU HAVE TO BE KIDDING!!! I'm watchiing it for like the 10th time right now!,1787760087.1819031
ctx9bssc,3,hr81slth,20-bargaining_tdl_main-439_1_2,LeftPartner,"The other color went dark cause he's a guy and had nothing further to say! Too funny, your female correct.",1787760094.8433514
ctx9bssc,24,a3r73yww,20-bargaining_tdl_main-445_1_3,RightPartner,that is what i was going to suggest,1787760099.6213279
ctx9bssc,39,ebwyximd,20-bargaining_tdl_main-446_2_3,LeftPartner,"Yeah, you'll be my choice as you're the most communicative",1787760106.4065385
ctx9bssc,3,hr81slth,20-bargaining_tdl_main-439_1_2,LeftPartner,WHAT!!! have you seen what Padaleki's doing,1787760107.547272
ctx9bssc,20,ehb28ukv,20-bargaining_tdl_main-446_1_2,LeftPartner,Hi there,1787760107.6603236
ctx9bssc,36,ms2hf4np,20-bargaining_tdl_main-447_1_2,RightPartner,You should pick me because I am going to pick you.,1787760114.7102206
ctx9bssc,3,hr81slth,20-bargaining_tdl_main-439_1_2,LeftPartner,Have you seen the singing tour they are on,1787760120.2451584
ctx9bssc,4,xiromyeo,20-bargaining_tdl_main-439_1_2,RightPartner,"Yes, I am lol. Stopped talking on my side too. ",1787760121.4810526
ctx9bssc,24,a3r73yww,20-bargaining_tdl_main-445_1_3,RightPartner,Orange closed chat already so i cant tell them,1787760131.5319083
ctx9bssc,4,xiromyeo,20-bargaining_tdl_main-439_1_2,RightPartner,"No, I haven't seen it. what tour?",1787760132.768498
ctx9bssc,36,ms2hf4np,20-bargaining_tdl_main-447_1_2,RightPartner,only you.,1787760133.5749578
ctx9bssc,43,elgcm230,20-bargaining_tdl_main-447_1_3,LeftPartner,"hi, who do you plan to support",1787760134.7986107
ctx9bssc,43,elgcm230,20-bargaining_tdl_main-447_2_3,RightPartner,"hi, who do you plan to support",1787760135.7247663
ctx9bssc,3,hr81slth,20-bargaining_tdl_main-439_1_2,LeftPartner,Have you seen ,1787760138.171878
ctx9bssc,3,hr81slth,20-bargaining_tdl_main-439_1_2,LeftPartner,WAIT,1787760140.1053088
ctx9bssc,20,ehb28ukv,20-bargaining_tdl_main-446_1_3,RightPartner,So orange already left i guess the computer will be randomly playing for that person?,1787760152.1478298
ctx9bssc,11,h3q30syi,20-bargaining_tdl_main-445_1_3,LeftPartner,yea that makes it slightly harder,1787760157.205928
ctx9bssc,3,hr81slth,20-bargaining_tdl_main-439_1_2,LeftPartner,"Your talking to purple and he agreed to commit to me, you agreed to commit to him?",1787760161.8321712
ctx9bssc,3,hr81slth,20-bargaining_tdl_main-439_1_2,LeftPartner,Something rotten in Denmark,1787760168.7707984
ctx9bssc,33,hzpxefsm,20-bargaining_tdl_main-447_1_3,RightPartner,I'll support Orange.,1787760168.8061342
ctx9bssc,24,a3r73yww,20-bargaining_tdl_main-445_1_3,RightPartner,Ill start with purple and alternate i guess,1787760171.0333123
ctx9bssc,63,nlhvs2ww,20-bargaining_tdl_main-448_1_3,LeftPartner,hello! who are you thinking of supporting?,1787760171.76158
ctx9bssc,11,h3q30syi,20-bargaining_tdl_main-445_1_3,LeftPartner,alright,1787760178.2053685
ctx9bssc,63,nlhvs2ww,20-bargaining_tdl_main-448_2_3,RightPartner,hello! who are you thinking of supporting?,1787760178.7020283
ctx9bssc,41,7yqbgf4e,20-bargaining_tdl_main-446_1_3,LeftPartner,"I'd love to get the bonus for sure. Full disclosure: orange already told me they'd go with me as well, so that's probably where I'm going",1787760181.0166812
ctx9bssc,34,o5mciv0v,20-bargaining_tdl_main-448_1_3,RightPartner,I guess you?,1787760187.5413034
ctx9bssc,11,h3q30syi,20-bargaining_tdl_main-445_1_3,LeftPartner,ill start with yellow,1787760188.5210483
ctx9bssc,34,o5mciv0v,20-bargaining_tdl_main-448_1_3,RightPartner,What did orange say to you?,1787760195.073302
ctx9bssc,4,xiromyeo,20-bargaining_tdl_main-439_1_2,RightPartner,Lol o agreement on my sided from them. just asked if I was Ai,1787760195.1347382
ctx9bssc,3,hr81slth,20-bargaining_tdl_main-439_1_3,RightPartner,"Very Big Grin, your younger then me too",1787760195.7045426
ctx9bssc,63,nlhvs2ww,20-bargaining_tdl_main-448_1_3,LeftPartner,Orange didn't talk to me at all,1787760202.957022
ctx9bssc,43,elgcm230,20-bargaining_tdl_main-447_1_3,LeftPartner,did you get confirmation from orange because it says they have left the chat,1787760203.7925794
ctx9bssc,24,a3r73yww,20-bargaining_tdl_main-445_1_3,RightPartner,👍️,1787760206.9452522
ctx9bssc,63,nlhvs2ww,20-bargaining_tdl_main-448_1_3,LeftPartner,so I'm happy to support you?,1787760207.0188339
ctx9bssc,3,hr81slth,20-bargaining_tdl_main-439_1_2,LeftPartner,LOL I was thinking that you two might be,1787760211.0563047
ctx9bssc,34,o5mciv0v,20-bargaining_tdl_main-448_1_3,RightPartner,"Ok, they left the chat as well for me, so I'll support you.",1787760217.1135404
ctx9bssc,16,v045e0np,20-bargaining_tdl_main-439_1_3,LeftPartner,"cool, that's a new one for me",1787760217.4116023
ctx9bssc,4,xiromyeo,20-bargaining_tdl_main-439_1_2,RightPartner,Nopw 100% real here,1787760225.9534914
ctx9bssc,46,d6c4gkzq,20-bargaining_tdl_main-449_2_3,LeftPartner,hello,1787760225.9565132
ctx9bssc,46,d6c4gkzq,20-bargaining_tdl_main-449_1_2,RightPartner,hi,1787760229.3639798
ctx9bssc,32,rljev960,20-bargaining_tdl_main-449_1_3,RightPartner,hii,1787760231.803074
ctx9bssc,3,hr81slth,20-bargaining_tdl_main-439_1_2,LeftPartner,Wait so are you two agreeing to support each other,1787760232.8020184
ctx9bssc,63,nlhvs2ww,20-bargaining_tdl_main-448_1_3,LeftPartner,"sounds good! anything else you want to say or shall we advance, m'lady?",1787760234.7802284
ctx9bssc,32,rljev960,20-bargaining_tdl_main-449_1_2,LeftPartner,hiu,1787760234.8431206
ctx9bssc,3,hr81slth,20-bargaining_tdl_main-439_1_2,LeftPartner,This will not work,1787760237.7508564
ctx9bssc,32,rljev960,20-bargaining_tdl_main-449_1_2,LeftPartner,hii,1787760238.0350285
ctx9bssc,53,i04p243f,20-bargaining_tdl_main-449_2_3,RightPartner,hi,1787760243.7364342
ctx9bssc,34,o5mciv0v,20-bargaining_tdl_main-448_1_3,RightPartner,Play balatro.,1787760245.2222059
ctx9bssc,34,o5mciv0v,20-bargaining_tdl_main-448_1_3,RightPartner,"Aight, lets go.\",1787760253.2547166
ctx9bssc,46,d6c4gkzq,20-bargaining_tdl_main-449_1_2,RightPartner,"lol, excited for the study?",1787760254.8788974
ctx9bssc,33,hzpxefsm,20-bargaining_tdl_main-447_1_3,RightPartner,Orange talked to me and said they'd support me,1787760255.1695223
ctx9bssc,43,elgcm230,20-bargaining_tdl_main-447_1_3,LeftPartner,okay,1787760261.578657
ctx9bssc,47,b5b9i967,20-bargaining_tdl_main-450_1_2,LeftPartner,Hello!,1787760264.319525
ctx9bssc,47,b5b9i967,20-bargaining_tdl_main-450_1_3,RightPartner,Hello!,1787760267.9322045
ctx9bssc,32,rljev960,20-bargaining_tdl_main-449_1_2,LeftPartner,kinda lol ,1787760268.28832
ctx9bssc,46,d6c4gkzq,20-bargaining_tdl_main-449_2_3,LeftPartner,:) looking forward to working with you,1787760272.8812969
ctx9bssc,66,4x1540bk,20-bargaining_tdl_main-450_1_3,LeftPartner,"Hello, how are you doing?",1787760275.875617
ctx9bssc,32,rljev960,20-bargaining_tdl_main-449_1_2,LeftPartner,has purple messaged u at all?,1787760282.0086823
ctx9bssc,46,d6c4gkzq,20-bargaining_tdl_main-449_1_2,RightPartner,once,1787760290.3413882
ctx9bssc,48,sbii0s1z,20-bargaining_tdl_main-450_1_2,RightPartner,Hello!,1787760291.9850729
ctx9bssc,48,sbii0s1z,20-bargaining_tdl_main-450_2_3,LeftPartner,Hello!,1787760296.5562592
ctx9bssc,32,rljev960,20-bargaining_tdl_main-449_1_2,LeftPartner,what did they say,1787760298.055639
ctx9bssc,47,b5b9i967,20-bargaining_tdl_main-450_1_3,RightPartner,I'm great! We should choose each other in each round,1787760299.1250398
ctx9bssc,53,i04p243f,20-bargaining_tdl_main-449_2_3,RightPartner,"Seems like it would make the most sense for everyone to support both options, right?",1787760301.3595414
ctx9bssc,64,mpjq7hkz,20-bargaining_tdl_main-451_2_3,RightPartner,"Hello, I'd like to ask who you're looking to support.",1787760303.625268
ctx9bssc,66,4x1540bk,20-bargaining_tdl_main-450_2_3,RightPartner,"Hello, how are you doing?",1787760303.6760132
ctx9bssc,53,i04p243f,20-bargaining_tdl_main-449_1_3,LeftPartner,hello,1787760305.903237
ctx9bssc,46,d6c4gkzq,20-bargaining_tdl_main-449_1_2,RightPartner,just hi,1787760306.153708
ctx9bssc,48,sbii0s1z,20-bargaining_tdl_main-450_1_2,RightPartner,How are you?,1787760306.4598763
ctx9bssc,47,b5b9i967,20-bargaining_tdl_main-450_1_2,LeftPartner,"I'm great, how are you?",1787760310.738941
ctx9bssc,48,sbii0s1z,20-bargaining_tdl_main-450_2_3,LeftPartner,doing well thanks...you?,1787760316.3281875
ctx9bssc,32,rljev960,20-bargaining_tdl_main-449_1_3,RightPartner,hows it going,1787760317.078197
ctx9bssc,66,4x1540bk,20-bargaining_tdl_main-450_1_3,LeftPartner,"I agree, that way we can help each other.",1787760317.662661
ctx9bssc,49,6sluxa59,20-bargaining_tdl_main-452_2_3,LeftPartner,Hello,1787760320.648503
ctx9bssc,64,mpjq7hkz,20-bargaining_tdl_main-451_1_3,LeftPartner,"Hello, May I ask who you're looking to support?",1787760321.4180267
ctx9bssc,49,6sluxa59,20-bargaining_tdl_main-452_1_2,RightPartner,Hello,1787760325.0763109
ctx9bssc,65,6zu2xg9k,20-bargaining_tdl_main-452_1_3,LeftPartner,I'm not sure how to do this fairly,1787760329.2156436
ctx9bssc,48,sbii0s1z,20-bargaining_tdl_main-450_1_2,RightPartner,I am great also,1787760333.589205
ctx9bssc,46,d6c4gkzq,20-bargaining_tdl_main-449_2_3,LeftPartner,"Yeah in theory, it would make sense to be supportive",1787760334.3432329
ctx9bssc,47,b5b9i967,20-bargaining_tdl_main-450_1_3,RightPartner,Great!,1787760336.0732217
ctx9bssc,61,vahg2fe3,20-bargaining_tdl_main-451_2_3,LeftPartner,"Hi there, I'm happy to support you (purple) if you'd like to support one another",1787760338.739057
ctx9bssc,48,sbii0s1z,20-bargaining_tdl_main-450_1_2,RightPartner,what are you thinking here?,1787760339.3652756
ctx9bssc,40,44v77tlt,20-bargaining_tdl_main-452_1_2,LeftPartner,Alo,1787760342.738939
ctx9bssc,65,6zu2xg9k,20-bargaining_tdl_main-452_2_3,RightPartner,I'm not sure how to do this fairly,1787760342.7966797
ctx9bssc,66,4x1540bk,20-bargaining_tdl_main-450_2_3,RightPartner,"Not bad, I think we should choose each other in each round.",1787760344.7869415
ctx9bssc,32,rljev960,20-bargaining_tdl_main-449_1_2,LeftPartner,hmm,1787760347.8915327
ctx9bssc,49,6sluxa59,20-bargaining_tdl_main-452_2_3,LeftPartner,I am not sure either,1787760351.32972
ctx9bssc,48,sbii0s1z,20-bargaining_tdl_main-450_2_3,LeftPartner,why is that?,1787760357.9755328
ctx9bssc,47,b5b9i967,20-bargaining_tdl_main-450_1_2,LeftPartner,It's hard to decide since there will always be someone who gets $0,1787760358.6501591
ctx9bssc,40,44v77tlt,20-bargaining_tdl_main-452_1_3,RightPartner,I don't think there is a fair way to do it so that everyone is happy honestly.,1787760361.1920962
ctx9bssc,65,6zu2xg9k,20-bargaining_tdl_main-452_2_3,RightPartner,you're talking to me at least so thank you,1787760363.5505383
ctx9bssc,53,i04p243f,20-bargaining_tdl_main-449_1_3,LeftPartner,"Good. seems like it would make the most sense for everyone to support both participants, right?",1787760365.914177
ctx9bssc,48,sbii0s1z,20-bargaining_tdl_main-450_2_3,LeftPartner,someone always gets $0,1787760369.0685883
ctx9bssc,49,6sluxa59,20-bargaining_tdl_main-452_1_2,RightPartner,What are your thoughts about this?,1787760369.8966784
ctx9bssc,47,b5b9i967,20-bargaining_tdl_main-450_1_2,LeftPartner,I don't know a good strategy ,1787760374.7642622
ctx9bssc,48,sbii0s1z,20-bargaining_tdl_main-450_1_2,RightPartner,I agree,1787760375.93009
ctx9bssc,77,zjiexfsl,20-bargaining_tdl_main-453_2_3,RightPartner,"i support orange, you support yellow, yellow supports me",1787760384.7844863
ctx9bssc,60,9thk0nmo,20-bargaining_tdl_main-453_2_3,LeftPartner,I am supporting purple.,1787760386.967107
ctx9bssc,48,sbii0s1z,20-bargaining_tdl_main-450_1_2,RightPartner,It all comes down to honesty and trust in each other,1787760387.1756542
ctx9bssc,49,6sluxa59,20-bargaining_tdl_main-452_2_3,LeftPartner,I know I am happy your responding too.,1787760391.0672934
ctx9bssc,48,sbii0s1z,20-bargaining_tdl_main-450_1_2,RightPartner,which is hard with strangers,1787760391.9055386
ctx9bssc,46,d6c4gkzq,20-bargaining_tdl_main-449_1_2,RightPartner,"I always like studies like these, it shows how other people think, and how helpful they are. I think its interesting",1787760393.1833029
ctx9bssc,53,i04p243f,20-bargaining_tdl_main-449_2_3,RightPartner,"ok, that's what I'm planning to do then",1787760397.906641
ctx9bssc,40,44v77tlt,20-bargaining_tdl_main-452_1_2,LeftPartner,I'm not sure how this is going to work so that everyone is happy unless there are multiple rounds,1787760400.2619143
ctx9bssc,32,rljev960,20-bargaining_tdl_main-449_1_3,RightPartner,can we do that?,1787760400.8399029
ctx9bssc,60,9thk0nmo,20-bargaining_tdl_main-453_1_2,RightPartner,I am supporting purple.,1787760401.5433338
ctx9bssc,64,mpjq7hkz,20-bargaining_tdl_main-451_2_3,RightPartner,"Hi, I'd be more than happy to support you back (orange). Let's support each other.",1787760402.672236
ctx9bssc,65,6zu2xg9k,20-bargaining_tdl_main-452_2_3,RightPartner,do you just want to team up?,1787760407.6923132
ctx9bssc,32,rljev960,20-bargaining_tdl_main-449_1_2,LeftPartner,agreed?,1787760413.3531485
ctx9bssc,56,fjti1boz,20-bargaining_tdl_main-451_1_3,RightPartner,"I'm currently undecided, but I will pledge to you if you do to me in return",1787760415.637982
ctx9bssc,48,sbii0s1z,20-bargaining_tdl_main-450_1_2,RightPartner,I would be ok with choosing you each time if you want,1787760416.475384
ctx9bssc,61,vahg2fe3,20-bargaining_tdl_main-451_2_3,LeftPartner,Sounds like a plan.,1787760417.690285
ctx9bssc,49,6sluxa59,20-bargaining_tdl_main-452_1_2,RightPartner,Right. I agree. Maybe we have more rounds.,1787760418.3024092
ctx9bssc,40,44v77tlt,20-bargaining_tdl_main-452_1_3,RightPartner,Unless there are multiple rounds then everyone will eventually get something which would be nice,1787760420.6756053
ctx9bssc,65,6zu2xg9k,20-bargaining_tdl_main-452_2_3,RightPartner,I'm not getting a response from the other one,1787760423.0428984
ctx9bssc,49,6sluxa59,20-bargaining_tdl_main-452_2_3,LeftPartner,Sure,1787760423.418123
ctx9bssc,50,3w6w8hkp,20-bargaining_tdl_main-453_1_2,LeftPartner,I am supporting purple,1787760424.5874002
ctx9bssc,53,i04p243f,20-bargaining_tdl_main-449_1_3,LeftPartner,I believe so?,1787760425.1619873
ctx9bssc,56,fjti1boz,20-bargaining_tdl_main-451_1_2,LeftPartner,"Hi, what's your pick ?",1787760428.493174
ctx9bssc,46,d6c4gkzq,20-bargaining_tdl_main-449_2_3,LeftPartner,me too! I always tend to go for the group,1787760429.621422
ctx9bssc,50,3w6w8hkp,20-bargaining_tdl_main-453_1_3,RightPartner,I am supporting orange,1787760432.4505332
ctx9bssc,65,6zu2xg9k,20-bargaining_tdl_main-452_2_3,RightPartner,ok ,1787760432.9221718
ctx9bssc,49,6sluxa59,20-bargaining_tdl_main-452_2_3,LeftPartner,Sounds good,1787760437.9356713
ctx9bssc,46,d6c4gkzq,20-bargaining_tdl_main-449_1_2,RightPartner,hopefully we can all make some extra money,1787760453.4957826
ctx9bssc,53,i04p243f,20-bargaining_tdl_main-449_1_3,LeftPartner,That's what I'm planning to do,1787760454.1381025
ctx9bssc,47,b5b9i967,20-bargaining_tdl_main-450_1_2,LeftPartner,"ok, let's do that!",1787760455.849518
ctx9bssc,69,k0j26szz,20-bargaining_tdl_main-454_1_2,LeftPartner,who are you supporting,1787760461.2320573
ctx9bssc,48,sbii0s1z,20-bargaining_tdl_main-450_1_2,RightPartner,perfect!,1787760461.7589657
ctx9bssc,32,rljev960,20-bargaining_tdl_main-449_1_3,RightPartner,"oh, maybe I misunderstood the instructions",1787760463.247935
ctx9bssc,74,hfnujoje,20-bargaining_tdl_main-454_1_2,RightPartner,hi ,1787760466.682486
ctx9bssc,69,k0j26szz,20-bargaining_tdl_main-454_1_3,RightPartner,who are you supporting,1787760468.7383063
ctx9bssc,69,k0j26szz,20-bargaining_tdl_main-454_1_2,LeftPartner,hello,1787760483.0915835
ctx9bssc,32,rljev960,20-bargaining_tdl_main-449_1_3,RightPartner,"if thats the case, ill support u both",1787760485.0053365
ctx9bssc,74,hfnujoje,20-bargaining_tdl_main-454_1_2,RightPartner,i will support any one willing to support me,1787760503.4970155
ctx9bssc,53,i04p243f,20-bargaining_tdl_main-449_1_3,LeftPartner,"ok, sounds good",1787760505.734153
ctx9bssc,32,rljev960,20-bargaining_tdl_main-449_1_2,LeftPartner,"lol sorry I meant to put ""agreed!""",1787760506.1913483
ctx9bssc,69,k0j26szz,20-bargaining_tdl_main-454_1_2,LeftPartner,i will support  you,1787760512.747977
ctx9bssc,53,i04p243f,20-bargaining_tdl_main-449_2_3,RightPartner,"ok, sounds good",1787760514.210177
ctx9bssc,74,hfnujoje,20-bargaining_tdl_main-454_1_2,RightPartner,deal,1787760523.4041548
ctx9bssc,78,jpoo9286,20-bargaining_tdl_main-454_1_3,LeftPartner,Whoever is open to supporting me back.,1787760534.944784
ctx9bssc,32,rljev960,20-bargaining_tdl_main-449_1_2,LeftPartner,so what are u planning to do,1787760545.5128407
ctx9bssc,46,d6c4gkzq,20-bargaining_tdl_main-449_1_2,RightPartner,I always tend to allocate my points to the group,1787760564.4061189
ctx9bssc,46,d6c4gkzq,20-bargaining_tdl_main-449_1_2,RightPartner,So I wil do the same,1787760569.2912354
ctx9bssc,32,rljev960,20-bargaining_tdl_main-449_1_2,LeftPartner,same here,1787760584.6594877
ctx9bssc,32,rljev960,20-bargaining_tdl_main-449_1_2,LeftPartner,so sounds like we are all set,1787760593.9433362
ctx9bssc,32,rljev960,20-bargaining_tdl_main-449_1_2,LeftPartner,it was nice chatting with u,1787760622.1190505
ctx9bssc,81,fqnu8lev,20-bargaining_tdl_main-455_2_3,RightPartner,Hello! Would you like to select each other?,1787760628.4119172
ctx9bssc,79,m8sk07a0,20-bargaining_tdl_main-455_2_3,LeftPartner,I'll support you if you want to support me,1787760628.4697235
ctx9bssc,79,m8sk07a0,20-bargaining_tdl_main-455_2_3,LeftPartner,Sure,1787760633.7867618
ctx9bssc,90,l1r0hc63,20-bargaining_tdl_main-456_2_3,RightPartner,hello,1787760641.2178113
ctx9bssc,81,fqnu8lev,20-bargaining_tdl_main-455_2_3,RightPartner,Sounds good! I'll pick you,1787760641.7924345
ctx9bssc,90,l1r0hc63,20-bargaining_tdl_main-456_1_3,LeftPartner,hello,1787760644.2377672
ctx9bssc,89,ien3tqf6,20-bargaining_tdl_main-456_2_3,LeftPartner,hello,1787760645.9434037
ctx9bssc,89,ien3tqf6,20-bargaining_tdl_main-456_1_2,RightPartner,hello,1787760648.9590135
ctx9bssc,79,m8sk07a0,20-bargaining_tdl_main-455_2_3,LeftPartner,I'll pick you too,1787760651.5467439
ctx9bssc,84,xyldpr3h,20-bargaining_tdl_main-456_1_2,LeftPartner,hi how are you,1787760668.3526676
ctx9bssc,90,l1r0hc63,20-bargaining_tdl_main-456_2_3,RightPartner,Do you want to support each other every round? the other is not even responding to me,1787760668.9821317
ctx9bssc,90,l1r0hc63,20-bargaining_tdl_main-456_2_3,RightPartner,easy peasy,1787760672.2013636
ctx9bssc,84,xyldpr3h,20-bargaining_tdl_main-456_1_3,RightPartner,hi how are you,1787760672.497025
ctx9bssc,108,ngnbym47,20-bargaining_tdl_main-457_2_3,RightPartner,hello,1787760675.8103337
ctx9bssc,90,l1r0hc63,20-bargaining_tdl_main-456_1_3,LeftPartner,good how are you,1787760678.4991498
ctx9bssc,89,ien3tqf6,20-bargaining_tdl_main-456_2_3,LeftPartner,sounds like a plan,1787760685.2137501
ctx9bssc,89,ien3tqf6,20-bargaining_tdl_main-456_1_2,RightPartner,good how are you ,1787760690.6912057
ctx9bssc,84,xyldpr3h,20-bargaining_tdl_main-456_1_3,RightPartner,"doing good, let's make this real simple and lock it down right now. I choose you and you choose me, done deal",1787760703.8671758
ctx9bssc,90,l1r0hc63,20-bargaining_tdl_main-456_2_3,RightPartner,"cool, I will support you every round as long as you do the same",1787760704.8121316
ctx9bssc,90,l1r0hc63,20-bargaining_tdl_main-456_1_3,LeftPartner,alright,1787760716.268863
ctx9bssc,89,ien3tqf6,20-bargaining_tdl_main-456_2_3,LeftPartner,I will do the same ,1787760717.0203853
ctx9bssc,94,vij44s3k,20-bargaining_tdl_main-458_1_3,RightPartner,hello,1787760746.1598141
ctx9bssc,94,vij44s3k,20-bargaining_tdl_main-458_1_2,LeftPartner,hello,1787760751.6947503
ctx9bssc,100,m4qr0wnq,20-bargaining_tdl_main-458_2_3,LeftPartner,hello,1787760765.4658272
ctx9bssc,100,m4qr0wnq,20-bargaining_tdl_main-458_1_2,RightPartner,hello,1787760771.260649
ctx9bssc,106,1f63rbjr,20-bargaining_tdl_main-458_1_3,LeftPartner,hey!,1787760777.5505908
ctx9bssc,102,1svg3fgt,20-bargaining_tdl_main-459_1_2,RightPartner,Hello,1787760784.5901906
ctx9bssc,99,geeupe46,20-bargaining_tdl_main-459_1_3,RightPartner,Support Orange. I'll tell orange to support you,1787760787.404182
ctx9bssc,99,geeupe46,20-bargaining_tdl_main-459_1_2,LeftPartner,Hi ,1787760800.3411922
ctx9bssc,94,vij44s3k,20-bargaining_tdl_main-458_1_2,LeftPartner,are you confused by this? because i am.,1787760800.889619
ctx9bssc,99,geeupe46,20-bargaining_tdl_main-459_1_2,LeftPartner,Support Purple. I'm asking Purple to support you,1787760820.465878
ctx9bssc,94,vij44s3k,20-bargaining_tdl_main-458_1_3,RightPartner,are you confused by this? because I am.,1787760821.023052
ctx9bssc,102,1svg3fgt,20-bargaining_tdl_main-459_1_2,RightPartner,Ok that works out,1787760827.48973
ctx9bssc,106,1f63rbjr,20-bargaining_tdl_main-458_1_3,LeftPartner,same to be honest,1787760832.0325627
ctx9bssc,102,1svg3fgt,20-bargaining_tdl_main-459_2_3,LeftPartner,Support yellow im asking yellow,1787760837.8545592
ctx9bssc,105,ggq02ikn,20-bargaining_tdl_main-460_1_2,RightPartner,"Hi Purple has left, so I guess that makes things easier for us",1787760840.6570315
ctx9bssc,99,geeupe46,20-bargaining_tdl_main-459_1_2,LeftPartner,Cool. I'm just waiting for a response from Purple,1787760848.1720665
ctx9bssc,106,1f63rbjr,20-bargaining_tdl_main-458_1_3,LeftPartner,Im trying to think ,1787760854.6097453
ctx9bssc,109,llo7xvba,20-bargaining_tdl_main-459_1_3,LeftPartner,"Hi! Want to form a deal? if you support Purple, I will support Yellow so we both get $3. Let me know if you agree",1787760860.2660754
ctx9bssc,92,gyrglj6j,20-bargaining_tdl_main-460_1_2,LeftPartner,"Yes, we always pick each other, correct?",1787760860.8362684
ctx9bssc,102,1svg3fgt,20-bargaining_tdl_main-459_1_2,RightPartner,me too,1787760863.1887813
ctx9bssc,106,1f63rbjr,20-bargaining_tdl_main-458_2_3,RightPartner,HI!,1787760865.6062574
ctx9bssc,105,ggq02ikn,20-bargaining_tdl_main-460_1_2,RightPartner,Yes,1787760872.0666516
ctx9bssc,94,vij44s3k,20-bargaining_tdl_main-458_1_3,RightPartner,This makes absolutely no sense.,1787760878.2637002
ctx9bssc,100,m4qr0wnq,20-bargaining_tdl_main-458_1_2,RightPartner,yes. I think we are suppose to support a participant. I support you because red and yellow makes orange. So thats my reason.,1787760878.3614244
ctx9bssc,92,gyrglj6j,20-bargaining_tdl_main-460_1_2,LeftPartner,"OK, let's go!!!",1787760881.2113044
ctx9bssc,82,9h0sulzu,20-bargaining_tdl_main-461_1_3,RightPartner,"hi,",1787760885.2026129
ctx9bssc,82,9h0sulzu,20-bargaining_tdl_main-461_1_2,LeftPartner,hi!,1787760887.8817816
ctx9bssc,105,ggq02ikn,20-bargaining_tdl_main-460_1_2,RightPartner,Yeeee,1787760890.4844608
ctx9bssc,106,1f63rbjr,20-bargaining_tdl_main-458_1_3,LeftPartner,I think it's about locking in a number ,1787760896.4927232
ctx9bssc,106,1f63rbjr,20-bargaining_tdl_main-458_2_3,RightPartner,what number are you locking ?,1787760903.935333
ctx9bssc,100,m4qr0wnq,20-bargaining_tdl_main-458_2_3,LeftPartner,"I chose to support yellow because if you mix red with yellow, it makes orange",1787760903.9901133
ctx9bssc,82,9h0sulzu,20-bargaining_tdl_main-461_1_3,RightPartner,what are your thoughts?,1787760913.191946
ctx9bssc,94,vij44s3k,20-bargaining_tdl_main-458_1_2,LeftPartner,"if we all support each other, than i think we all get a higher reward.",1787760914.9144197
ctx9bssc,82,9h0sulzu,20-bargaining_tdl_main-461_1_2,LeftPartner,what are your thoughts?,1787760920.3621485
ctx9bssc,99,geeupe46,20-bargaining_tdl_main-459_1_3,RightPartner,I agree that you should support orange. Orange confirmed that they will support Purple,1787760923.372126
ctx9bssc,110,snq0txca,20-bargaining_tdl_main-462_2_3,RightPartner,Hello,1787760931.388085
ctx9bssc,98,1ztzio9z,20-bargaining_tdl_main-462_2_3,LeftPartner,hi,1787760931.6711645
ctx9bssc,99,geeupe46,20-bargaining_tdl_main-459_1_3,RightPartner,It doesn't matter who I support,1787760934.0610392
ctx9bssc,98,1ztzio9z,20-bargaining_tdl_main-462_1_2,RightPartner,hi,1787760934.0642788
ctx9bssc,106,1f63rbjr,20-bargaining_tdl_main-458_2_3,RightPartner,got you,1787760934.5944762
ctx9bssc,110,snq0txca,20-bargaining_tdl_main-462_1_3,LeftPartner,Howdy,1787760937.5268593
ctx9bssc,85,777e6q9k,20-bargaining_tdl_main-462_1_3,RightPartner,"Hi, how are you?",1787760937.539565
ctx9bssc,94,vij44s3k,20-bargaining_tdl_main-458_1_3,RightPartner,"if we all support each other, then I think we get a higher reward.",1787760938.3788261
ctx9bssc,101,vvwsv1es,20-bargaining_tdl_main-461_1_3,LeftPartner,"hi yellow, im purple, ill support you if you will support me :)",1787760938.6513243
ctx9bssc,93,i6wnljfq,20-bargaining_tdl_main-461_2_3,LeftPartner,hi,1787760939.51413
ctx9bssc,110,snq0txca,20-bargaining_tdl_main-462_1_3,LeftPartner,"I'm good, and u?",1787760943.3998668
ctx9bssc,106,1f63rbjr,20-bargaining_tdl_main-458_1_3,LeftPartner,yeah forsure,1787760943.552075
ctx9bssc,85,777e6q9k,20-bargaining_tdl_main-462_1_2,LeftPartner,"Hi, how are you?",1787760943.833829
ctx9bssc,93,i6wnljfq,20-bargaining_tdl_main-461_1_2,RightPartner,hi,1787760946.876026
ctx9bssc,110,snq0txca,20-bargaining_tdl_main-462_2_3,RightPartner,hru?,1787760947.3442738
ctx9bssc,116,n6lpxscc,20-bargaining_tdl_main-463_2_3,LeftPartner,hey there,1787760951.2176557
ctx9bssc,85,777e6q9k,20-bargaining_tdl_main-462_1_3,RightPartner,"I'm good as well, thank you for asking",1787760956.987781
ctx9bssc,116,n6lpxscc,20-bargaining_tdl_main-463_1_2,RightPartner,hey there,1787760957.1810913
ctx9bssc,106,1f63rbjr,20-bargaining_tdl_main-458_1_3,LeftPartner,agree on $3,1787760957.5738344
ctx9bssc,121,e4jmpawt,20-bargaining_tdl_main-463_1_3,LeftPartner,hello,1787760957.934777
ctx9bssc,98,1ztzio9z,20-bargaining_tdl_main-462_1_2,RightPartner,I'm good how are you?,1787760961.4850924
ctx9bssc,110,snq0txca,20-bargaining_tdl_main-462_1_3,LeftPartner,Thats good ^^,1787760965.5298457
ctx9bssc,98,1ztzio9z,20-bargaining_tdl_main-462_2_3,LeftPartner,I'm good how are you?,1787760966.1593082
ctx9bssc,85,777e6q9k,20-bargaining_tdl_main-462_1_3,RightPartner,Pretty interesting task,1787760968.696291
ctx9bssc,80,4sg0wcnj,20-bargaining_tdl_main-463_1_3,RightPartner,Hello,1787760970.5617328
ctx9bssc,94,vij44s3k,20-bargaining_tdl_main-458_1_3,RightPartner,i'm trying to get orange on board.,1787760970.999766
ctx9bssc,80,4sg0wcnj,20-bargaining_tdl_main-463_1_2,LeftPartner,hello,1787760975.4663434
ctx9bssc,101,vvwsv1es,20-bargaining_tdl_main-461_2_3,RightPartner,hi orange! ,1787760977.3228414
ctx9bssc,100,m4qr0wnq,20-bargaining_tdl_main-458_1_2,RightPartner,"I dont know. It said that if I were to support you and you were to support me, we would get a reward. but if purple was to support one of us, then they still wouldn't get a bonus",1787760977.7541156
ctx9bssc,110,snq0txca,20-bargaining_tdl_main-462_1_3,LeftPartner,"Yeah, I've never done something like this before",1787760980.8139987
ctx9bssc,121,e4jmpawt,20-bargaining_tdl_main-463_2_3,RightPartner,hello,1787760981.5982707
ctx9bssc,85,777e6q9k,20-bargaining_tdl_main-462_1_3,RightPartner,Seems only 2 can win and the 3rd loses,1787760982.6030557
ctx9bssc,106,1f63rbjr,20-bargaining_tdl_main-458_2_3,RightPartner,you on board?,1787760983.6049395
ctx9bssc,93,i6wnljfq,20-bargaining_tdl_main-461_1_2,RightPartner,i'm just cool,1787760985.3610535
ctx9bssc,100,m4qr0wnq,20-bargaining_tdl_main-458_2_3,LeftPartner,im confused,1787760985.8623474
ctx9bssc,100,m4qr0wnq,20-bargaining_tdl_main-458_2_3,LeftPartner,i dont know lol,1787760989.9301023
ctx9bssc,85,777e6q9k,20-bargaining_tdl_main-462_1_2,LeftPartner,"I'm good too, thank you for asking",1787760991.5234344
ctx9bssc,110,snq0txca,20-bargaining_tdl_main-462_2_3,RightPartner,Pretty good thanks :),1787760994.8919396
ctx9bssc,106,1f63rbjr,20-bargaining_tdl_main-458_1_3,LeftPartner,okay i think orange is on board,1787760996.2081392
ctx9bssc,94,vij44s3k,20-bargaining_tdl_main-458_1_2,LeftPartner,I have no idea. it is all super confusing.,1787760998.8067868
ctx9bssc,110,snq0txca,20-bargaining_tdl_main-462_1_3,LeftPartner,Yee,1787760999.2756052
ctx9bssc,98,1ztzio9z,20-bargaining_tdl_main-462_2_3,LeftPartner,of course!,1787761001.508151
ctx9bssc,106,1f63rbjr,20-bargaining_tdl_main-458_2_3,RightPartner,LMFAO ,1787761001.8089564
ctx9bssc,98,1ztzio9z,20-bargaining_tdl_main-462_1_2,RightPartner,of course!,1787761004.6118915
ctx9bssc,93,i6wnljfq,20-bargaining_tdl_main-461_2_3,LeftPartner,Hello Purple,1787761007.5482967
ctx9bssc,110,snq0txca,20-bargaining_tdl_main-462_1_3,LeftPartner,"If we support each other, we get $3",1787761010.5636976
ctx9bssc,85,777e6q9k,20-bargaining_tdl_main-462_1_3,RightPartner,"I dunno how we decide who is the odd one out, or we all lose",1787761013.50351
ctx9bssc,106,1f63rbjr,20-bargaining_tdl_main-458_2_3,RightPartner,I think we pick $3 on the next screen ,1787761020.426166
ctx9bssc,85,777e6q9k,20-bargaining_tdl_main-462_1_3,RightPartner,Yes indeed,1787761021.925403
ctx9bssc,93,i6wnljfq,20-bargaining_tdl_main-461_2_3,LeftPartner,What's up,1787761024.548433
ctx9bssc,85,777e6q9k,20-bargaining_tdl_main-462_1_3,RightPartner,"If I support you, will you support me?",1787761029.6713479
ctx9bssc,106,1f63rbjr,20-bargaining_tdl_main-458_2_3,RightPartner,we have to be on the same page ,1787761030.4759316
ctx9bssc,106,1f63rbjr,20-bargaining_tdl_main-458_2_3,RightPartner,yellow orange and i,1787761033.7174938
ctx9bssc,80,4sg0wcnj,20-bargaining_tdl_main-463_1_2,LeftPartner,I will support you ,1787761033.8155582
ctx9bssc,110,snq0txca,20-bargaining_tdl_main-462_1_3,LeftPartner,Absolutely,1787761041.318148
ctx9bssc,121,e4jmpawt,20-bargaining_tdl_main-463_2_3,RightPartner,which color are you going to pick,1787761042.338312
ctx9bssc,128,nh27f6pc,20-bargaining_tdl_main-464_1_2,RightPartner,I will support you if you support me,1787761042.7183628
ctx9bssc,85,777e6q9k,20-bargaining_tdl_main-462_1_3,RightPartner,"I'd feel bad about orange though, but there's nothing we can do",1787761042.7400653
ctx9bssc,80,4sg0wcnj,20-bargaining_tdl_main-463_1_3,RightPartner,I will support you,1787761044.7175498
ctx9bssc,94,vij44s3k,20-bargaining_tdl_main-458_1_2,LeftPartner,so how much do we agree on?,1787761045.974248
ctx9bssc,82,9h0sulzu,20-bargaining_tdl_main-461_1_3,RightPartner,I will also support you if you keep your word and support me. How can I trust that you won't support the other member?,1787761046.673942
ctx9bssc,98,1ztzio9z,20-bargaining_tdl_main-462_2_3,LeftPartner,do you know who you want to support?,1787761047.0491848
ctx9bssc,110,snq0txca,20-bargaining_tdl_main-462_1_3,LeftPartner,Yeah I do feel bad too :(,1787761050.6596875
ctx9bssc,128,nh27f6pc,20-bargaining_tdl_main-464_2_3,LeftPartner,Are you going to support me,1787761051.3472092
ctx9bssc,100,m4qr0wnq,20-bargaining_tdl_main-458_1_2,RightPartner,i think $3,1787761056.2222373
ctx9bssc,98,1ztzio9z,20-bargaining_tdl_main-462_1_2,RightPartner,do you know who you want to support?,1787761056.5189223
ctx9bssc,85,777e6q9k,20-bargaining_tdl_main-462_1_2,LeftPartner,How do you feel about your choice here?,1787761057.7795827
ctx9bssc,93,i6wnljfq,20-bargaining_tdl_main-461_1_2,RightPartner,How ar eyou doing Yellow,1787761057.9125757
ctx9bssc,116,n6lpxscc,20-bargaining_tdl_main-463_1_2,RightPartner,it all just seems so random lol,1787761058.4215665
ctx9bssc,121,e4jmpawt,20-bargaining_tdl_main-463_1_3,LeftPartner,ok i will too,1787761058.6685457
ctx9bssc,100,m4qr0wnq,20-bargaining_tdl_main-458_2_3,LeftPartner,ok got you now,1787761062.410305
ctx9bssc,94,vij44s3k,20-bargaining_tdl_main-458_1_3,RightPartner,I don't know. my head hurts.,1787761062.5277228
ctx9bssc,110,snq0txca,20-bargaining_tdl_main-462_2_3,RightPartner,I do ^^ do u?,1787761066.5673819
ctx9bssc,136,00mko1ky,20-bargaining_tdl_main-464_2_3,RightPartner,"Hello, yes, I will choose to support you if you promise to do the same for me.",1787761069.5174067
ctx9bssc,82,9h0sulzu,20-bargaining_tdl_main-461_1_2,LeftPartner,I'm good! ,1787761074.7373846
ctx9bssc,98,1ztzio9z,20-bargaining_tdl_main-462_1_2,RightPartner,I'm nervous lol cause idk what the outcome will be,1787761081.6112328
ctx9bssc,94,vij44s3k,20-bargaining_tdl_main-458_1_3,RightPartner,orange left.,1787761082.7487996
ctx9bssc,128,nh27f6pc,20-bargaining_tdl_main-464_2_3,LeftPartner,Yes I will do that,1787761083.315783
ctx9bssc,101,vvwsv1es,20-bargaining_tdl_main-461_1_3,LeftPartner,I may be able to copy my chat with Orange telling them im supporting you,1787761083.4042616
ctx9bssc,98,1ztzio9z,20-bargaining_tdl_main-462_2_3,LeftPartner,I think so,1787761085.9918652
ctx9bssc,85,777e6q9k,20-bargaining_tdl_main-462_1_2,LeftPartner,Me too lol,1787761090.8614814
ctx9bssc,136,00mko1ky,20-bargaining_tdl_main-464_2_3,RightPartner,"If we are both serious, it will give us the most money.",1787761092.0842767
ctx9bssc,82,9h0sulzu,20-bargaining_tdl_main-461_1_2,LeftPartner,how fair do you expect this game to be?,1787761092.5981476
ctx9bssc,116,n6lpxscc,20-bargaining_tdl_main-463_1_2,RightPartner,sure we can team up,1787761097.8277721
ctx9bssc,128,nh27f6pc,20-bargaining_tdl_main-464_2_3,LeftPartner,Yes I agree,1787761098.5596068
ctx9bssc,107,29j74836,20-bargaining_tdl_main-464_1_2,LeftPartner,I'll support you if you support me,1787761100.9185183
ctx9bssc,133,82n9jzem,20-bargaining_tdl_main-465_2_3,LeftPartner,Hey good afternoon! :),1787761105.5761425
ctx9bssc,136,00mko1ky,20-bargaining_tdl_main-464_1_3,LeftPartner,Do you want to agree to support each other?,1787761107.455862
ctx9bssc,101,vvwsv1es,20-bargaining_tdl_main-461_2_3,RightPartner,Just chillin,1787761108.966115
ctx9bssc,103,le6jeqqp,20-bargaining_tdl_main-465_1_2,LeftPartner,"Hello, hae!",1787761111.3537066
ctx9bssc,94,vij44s3k,20-bargaining_tdl_main-458_1_3,RightPartner,do we go against orange since they bailed?\,1787761112.610213
ctx9bssc,136,00mko1ky,20-bargaining_tdl_main-464_2_3,RightPartner,Deal :),1787761113.5507417
ctx9bssc,133,82n9jzem,20-bargaining_tdl_main-465_1_2,RightPartner,Hey good afternoon! :),1787761114.4724555
ctx9bssc,98,1ztzio9z,20-bargaining_tdl_main-462_1_2,RightPartner,lol,1787761115.1172738
ctx9bssc,80,4sg0wcnj,20-bargaining_tdl_main-463_1_2,LeftPartner,Good,1787761115.9363587
ctx9bssc,128,nh27f6pc,20-bargaining_tdl_main-464_1_2,RightPartner,Are you going to support me,1787761116.5663729
ctx9bssc,110,snq0txca,20-bargaining_tdl_main-462_2_3,RightPartner,Coolio. I think it's time we hit the next button I guess..? Unless u wanted to talk more,1787761120.8231804
ctx9bssc,103,le6jeqqp,20-bargaining_tdl_main-465_1_3,RightPartner,Hae!,1787761121.2716286
ctx9bssc,82,9h0sulzu,20-bargaining_tdl_main-461_1_2,LeftPartner,who do you plan to support?,1787761121.917814
ctx9bssc,93,i6wnljfq,20-bargaining_tdl_main-461_1_2,RightPartner,I don't see it to be fair because it has no topic,1787761124.8477197
ctx9bssc,140,z8tdvxja,20-bargaining_tdl_main-465_2_3,RightPartner,hello,1787761126.3605509
ctx9bssc,128,nh27f6pc,20-bargaining_tdl_main-464_2_3,LeftPartner,Have a good one! <3,1787761127.6617398
ctx9bssc,101,vvwsv1es,20-bargaining_tdl_main-461_2_3,RightPartner,I have already offered to support yellow ,1787761127.9402192
ctx9bssc,107,29j74836,20-bargaining_tdl_main-464_1_2,LeftPartner,yes,1787761130.3647814
ctx9bssc,140,z8tdvxja,20-bargaining_tdl_main-465_1_3,LeftPartner,how r u,1787761130.560954
ctx9bssc,136,00mko1ky,20-bargaining_tdl_main-464_2_3,RightPartner,You too,1787761133.5894763
ctx9bssc,133,82n9jzem,20-bargaining_tdl_main-465_1_2,RightPartner,Do you have any ideas how to maximize our bonus?,1787761135.758188
ctx9bssc,106,1f63rbjr,20-bargaining_tdl_main-458_1_3,LeftPartner,bet\,1787761138.4891927
ctx9bssc,136,00mko1ky,20-bargaining_tdl_main-464_1_3,LeftPartner,Are you supporting anyone?,1787761140.8312986
ctx9bssc,140,z8tdvxja,20-bargaining_tdl_main-465_2_3,RightPartner,i plan to support you if you support me?,1787761141.8101501
ctx9bssc,82,9h0sulzu,20-bargaining_tdl_main-461_1_3,RightPartner,ok,1787761142.3023734
ctx9bssc,106,1f63rbjr,20-bargaining_tdl_main-458_1_3,LeftPartner,lmffaooo,1787761143.026051
ctx9bssc,82,9h0sulzu,20-bargaining_tdl_main-461_1_2,LeftPartner,yes how do we trust each other's word,1787761144.825614
ctx9bssc,93,i6wnljfq,20-bargaining_tdl_main-461_2_3,LeftPartner,Let me support you as well,1787761149.9880068
ctx9bssc,98,1ztzio9z,20-bargaining_tdl_main-462_2_3,LeftPartner,yeah we can continue on! fine by me,1787761151.5278218
ctx9bssc,140,z8tdvxja,20-bargaining_tdl_main-465_1_3,LeftPartner,i plan to support you if you support me?,1787761152.1340353
ctx9bssc,107,29j74836,20-bargaining_tdl_main-464_1_2,LeftPartner,are you gonna support me,1787761153.757851
ctx9bssc,110,snq0txca,20-bargaining_tdl_main-462_1_3,LeftPartner,Did u wanna keep chatting or do u think we should hit next now that we've decided ,1787761155.5295458
ctx9bssc,103,le6jeqqp,20-bargaining_tdl_main-465_1_2,LeftPartner,What do you think should we choose each other to get the bonus?,1787761155.979297
ctx9bssc,98,1ztzio9z,20-bargaining_tdl_main-462_2_3,LeftPartner,nice talking to you,1787761157.6689792
ctx9bssc,133,82n9jzem,20-bargaining_tdl_main-465_2_3,LeftPartner,Yeah that works for me ,1787761158.6756134
ctx9bssc,82,9h0sulzu,20-bargaining_tdl_main-461_1_2,LeftPartner,The three of us could be telling each other the same lies ,1787761163.3921895
ctx9bssc,110,snq0txca,20-bargaining_tdl_main-462_2_3,RightPartner,Nice talking to u too!,1787761164.3478098
ctx9bssc,140,z8tdvxja,20-bargaining_tdl_main-465_2_3,RightPartner,awesome!! thanks ,1787761168.144813
ctx9bssc,94,vij44s3k,20-bargaining_tdl_main-458_1_3,RightPartner,why did they have to make this so confusing?,1787761169.248481
ctx9bssc,85,777e6q9k,20-bargaining_tdl_main-462_1_3,RightPartner,I think I'm ready to move on,1787761176.5166192
ctx9bssc,93,i6wnljfq,20-bargaining_tdl_main-461_1_2,RightPartner,I have supported Purple already.,1787761177.3839614
ctx9bssc,133,82n9jzem,20-bargaining_tdl_main-465_1_2,RightPartner,if we both choose the other person does that work out right?,1787761184.4117804
ctx9bssc,103,le6jeqqp,20-bargaining_tdl_main-465_1_2,LeftPartner,Yes if we agree to choose each other,1787761185.2063465
ctx9bssc,110,snq0txca,20-bargaining_tdl_main-462_1_3,LeftPartner,"Alrighty, it was nice talking to u :)",1787761185.964086
ctx9bssc,85,777e6q9k,20-bargaining_tdl_main-462_1_3,RightPartner,Ditto,1787761193.2981613
ctx9bssc,101,vvwsv1es,20-bargaining_tdl_main-461_1_3,LeftPartner,"it doesn't let me copy but I have chatted with orange and told them im supporting you, they responded by saying they will support me",1787761212.2486463
ctx9bssc,93,i6wnljfq,20-bargaining_tdl_main-461_2_3,LeftPartner,I'll appreciate very much.,1787761215.3909395
ctx9bssc,127,wm3mfeli,20-bargaining_tdl_main-466_1_3,RightPartner,hi there. how are you doing,1787761228.0096478
ctx9bssc,106,1f63rbjr,20-bargaining_tdl_main-458_1_3,LeftPartner,yeah idk,1787761229.1715455
ctx9bssc,127,wm3mfeli,20-bargaining_tdl_main-466_1_2,LeftPartner,hi there. how are you doing,1787761229.6243513
ctx9bssc,82,9h0sulzu,20-bargaining_tdl_main-461_1_2,LeftPartner,and they are choosing to support you?,1787761229.9997647
ctx9bssc,155,4aqapzth,20-bargaining_tdl_main-467_2_3,RightPartner,Hi!,1787761237.2497888
ctx9bssc,155,4aqapzth,20-bargaining_tdl_main-467_1_3,LeftPartner,Hi!,1787761239.886956
ctx9bssc,131,58apxkm4,20-bargaining_tdl_main-467_1_3,RightPartner,Hello,1787761250.5717654
ctx9bssc,106,1f63rbjr,20-bargaining_tdl_main-458_1_3,LeftPartner,not gonna lie i thought it'd be ai,1787761253.9342532
ctx9bssc,146,v9l2c13i,20-bargaining_tdl_main-467_2_3,LeftPartner,want to support each other? I'll support you if you support me,1787761256.5431318
ctx9bssc,106,1f63rbjr,20-bargaining_tdl_main-458_1_3,LeftPartner,orange got frustrated lmfao,1787761260.5824127
ctx9bssc,94,vij44s3k,20-bargaining_tdl_main-458_1_3,RightPartner,"Ok. so we both support each other for $3, and orange gets nothing. Can we go higher than 3? I saw something about $6",1787761265.6780798
ctx9bssc,146,v9l2c13i,20-bargaining_tdl_main-467_1_2,RightPartner,Would you support me if I support you?,1787761267.493894
ctx9bssc,134,5sgipjmy,20-bargaining_tdl_main-466_2_3,LeftPartner,Hi Everyone,1787761268.7090902
ctx9bssc,127,wm3mfeli,20-bargaining_tdl_main-466_1_2,LeftPartner,what do you think about this experiment?,1787761270.54452
ctx9bssc,127,wm3mfeli,20-bargaining_tdl_main-466_1_3,RightPartner,what do you thing about this experiment?,1787761271.4382823
ctx9bssc,93,i6wnljfq,20-bargaining_tdl_main-461_1_2,RightPartner,"Yes, remember if we all support one another , then we stand a chance of earning more.",1787761280.248547
ctx9bssc,134,5sgipjmy,20-bargaining_tdl_main-466_1_2,RightPartner,Hi Yellow,1787761282.3348048
ctx9bssc,131,58apxkm4,20-bargaining_tdl_main-467_1_2,LeftPartner,Sure,1787761286.1589603
ctx9bssc,145,rxfwmdvq,20-bargaining_tdl_main-466_1_3,LeftPartner,"Hello. If we support each other, we will both earn 3 dollars. Let us agree to support each other.",1787761286.794178
ctx9bssc,82,9h0sulzu,20-bargaining_tdl_main-461_1_3,RightPartner,How can I know that you guys haven't come up with a plan to tell each other what to say to  me? I mean that would be a good plan lol,1787761288.0963426
ctx9bssc,155,4aqapzth,20-bargaining_tdl_main-467_2_3,RightPartner,"Yes thats great! If you chose yellow after the first round though, I will not chose you again. Hopefully we can rely on each other :)",1787761290.4355388
ctx9bssc,106,1f63rbjr,20-bargaining_tdl_main-458_1_3,LeftPartner,Im down,1787761293.3804295
ctx9bssc,155,4aqapzth,20-bargaining_tdl_main-467_1_3,LeftPartner,How are you?,1787761294.9302754
ctx9bssc,134,5sgipjmy,20-bargaining_tdl_main-466_1_2,RightPartner,"I am fine, how about you?",1787761298.4069245
ctx9bssc,131,58apxkm4,20-bargaining_tdl_main-467_1_3,RightPartner,"Good, how are you?",1787761300.435798
ctx9bssc,147,khunrj79,20-bargaining_tdl_main-468_1_2,RightPartner,hello,1787761305.6383436
ctx9bssc,151,kmy37h03,20-bargaining_tdl_main-468_1_3,LeftPartner,Hey! ,1787761309.3120852
ctx9bssc,151,kmy37h03,20-bargaining_tdl_main-468_2_3,RightPartner,hEY! ,1787761310.1600468
ctx9bssc,94,vij44s3k,20-bargaining_tdl_main-458_1_3,RightPartner,either way we both support each other for whatever the highest amount is.,1787761311.1454306
ctx9bssc,155,4aqapzth,20-bargaining_tdl_main-467_1_3,LeftPartner,Doing well!,1787761311.898105
ctx9bssc,147,khunrj79,20-bargaining_tdl_main-468_2_3,LeftPartner,Hi ,1787761314.1409404
ctx9bssc,145,rxfwmdvq,20-bargaining_tdl_main-466_2_3,RightPartner,Hello. Let us support each other so that we can both earn 3 dollars.,1787761315.7324665
ctx9bssc,134,5sgipjmy,20-bargaining_tdl_main-466_1_2,RightPartner,I think the experiment is self explanatory,1787761321.9033175
ctx9bssc,147,khunrj79,20-bargaining_tdl_main-468_1_2,RightPartner,How do you guys want to do this? ,1787761325.5993207
ctx9bssc,151,kmy37h03,20-bargaining_tdl_main-468_2_3,RightPartner,What are your thoughts about how to allocate your support?,1787761326.7645714
ctx9bssc,142,6d72rad4,20-bargaining_tdl_main-468_1_3,RightPartner,hey ,1787761327.4454708
ctx9bssc,127,wm3mfeli,20-bargaining_tdl_main-466_1_2,LeftPartner,"so far so good. purple just tried to make a deal with me, did purple send you the same message?",1787761328.3312824
ctx9bssc,142,6d72rad4,20-bargaining_tdl_main-468_1_2,LeftPartner,hey ,1787761330.5988982
ctx9bssc,151,kmy37h03,20-bargaining_tdl_main-468_1_3,LeftPartner,What are your thoughts about how to allocate your support?,1787761336.5579238
ctx9bssc,142,6d72rad4,20-bargaining_tdl_main-468_1_2,LeftPartner,let me know your thoughts,1787761339.3782408
ctx9bssc,147,khunrj79,20-bargaining_tdl_main-468_2_3,LeftPartner,I honestly am not sure. What do you think?,1787761345.1645005
ctx9bssc,134,5sgipjmy,20-bargaining_tdl_main-466_1_2,RightPartner,"yes, will it work?",1787761357.026874
ctx9bssc,142,6d72rad4,20-bargaining_tdl_main-468_1_3,RightPartner,what were you thinking?,1787761359.9136028
ctx9bssc,134,5sgipjmy,20-bargaining_tdl_main-466_2_3,LeftPartner,how will that workout though?,1787761371.0941393
ctx9bssc,101,vvwsv1es,20-bargaining_tdl_main-461_1_3,LeftPartner,I did not respond to orange stating they will support me and I will now proceed to next. im still supporting you 100%,1787761373.2102191
ctx9bssc,147,khunrj79,20-bargaining_tdl_main-468_1_2,RightPartner,"I'm talking to both of you, but I don't have a preference on how we should choose",1787761376.8774683
ctx9bssc,134,5sgipjmy,20-bargaining_tdl_main-466_2_3,LeftPartner,i would love to,1787761380.8642054
ctx9bssc,101,vvwsv1es,20-bargaining_tdl_main-461_1_3,LeftPartner,trust me,1787761381.3742156
ctx9bssc,127,wm3mfeli,20-bargaining_tdl_main-466_1_2,LeftPartner,"well, sounds like purples is not too good into it except to get paid. So I'll support you jsut our of ethics",1787761395.95711
ctx9bssc,151,kmy37h03,20-bargaining_tdl_main-468_2_3,RightPartner,"Well, do we want to maximize our profit at the expense of Yellow? What do you think about your interactions with them?",1787761411.5385115
ctx9bssc,142,6d72rad4,20-bargaining_tdl_main-468_1_2,LeftPartner,we need to make it fair so that one person doesnt consistently get 0,1787761412.128983
ctx9bssc,151,kmy37h03,20-bargaining_tdl_main-468_1_3,LeftPartner,"Well, do we want to maximize our profit at the expense of Orange? What do you think about your interactions with them?",1787761413.3922043
ctx9bssc,127,wm3mfeli,20-bargaining_tdl_main-466_1_2,LeftPartner,so now either one you pick will get you paid,1787761430.8427873
ctx9bssc,142,6d72rad4,20-bargaining_tdl_main-468_1_3,RightPartner,They aren't saying much just their thoughts so I would be down,1787761442.3052132
ctx9bssc,127,wm3mfeli,20-bargaining_tdl_main-466_1_2,LeftPartner,hope you have a good day!,1787761445.4662848
ctx9bssc,134,5sgipjmy,20-bargaining_tdl_main-466_1_2,RightPartner,I think purple didn't really read up the instruction,1787761448.5348034
ctx9bssc,143,adbccwro,20-bargaining_tdl_main-469_1_3,RightPartner,Uh... Howdy.,1787761450.4041758
ctx9bssc,149,5mftkf8w,20-bargaining_tdl_main-470_1_2,LeftPartner,Hello,1787761451.3756638
ctx9bssc,147,khunrj79,20-bargaining_tdl_main-468_2_3,LeftPartner,I'm hoping to split the winnings as evenly as possible.,1787761453.2689695
ctx9bssc,149,5mftkf8w,20-bargaining_tdl_main-470_1_3,RightPartner,Hello,1787761454.9897904
ctx9bssc,159,ov14jzuh,20-bargaining_tdl_main-470_1_3,LeftPartner,hello,1787761458.8791153
ctx9bssc,143,adbccwro,20-bargaining_tdl_main-469_1_2,LeftPartner,Howdy.,1787761462.5983117
ctx9bssc,151,kmy37h03,20-bargaining_tdl_main-468_1_3,LeftPartner,What kind of thoughts are they expressing?,1787761463.079634
ctx9bssc,127,wm3mfeli,20-bargaining_tdl_main-466_1_2,LeftPartner,probably not,1787761463.5122721
ctx9bssc,149,5mftkf8w,20-bargaining_tdl_main-470_1_3,RightPartner,how are you?,1787761466.1274705
ctx9bssc,147,khunrj79,20-bargaining_tdl_main-468_1_2,RightPartner,i'm hoping to split the winnings as evenly as possible. ,1787761466.817421
ctx9bssc,151,kmy37h03,20-bargaining_tdl_main-468_1_3,LeftPartner,They told me they are hoping to split the winnings as evenly as possible,1787761473.3726594
ctx9bssc,159,ov14jzuh,20-bargaining_tdl_main-470_1_3,LeftPartner,"I'm well, thank you for asking. And you?",1787761476.3939168
ctx9bssc,150,5bvubq0z,20-bargaining_tdl_main-470_1_2,RightPartner,Hey,1787761481.0317402
ctx9bssc,142,6d72rad4,20-bargaining_tdl_main-468_1_3,RightPartner,just asking what we should do and saying they are also talking to you,1787761481.313724
ctx9bssc,149,5mftkf8w,20-bargaining_tdl_main-470_1_3,RightPartner,"not bad, thanks!",1787761482.0707068
ctx9bssc,143,adbccwro,20-bargaining_tdl_main-469_1_2,LeftPartner,It looks like purple has already left.,1787761484.8244328
ctx9bssc,150,5bvubq0z,20-bargaining_tdl_main-470_2_3,LeftPartner,Hello,1787761488.70187
ctx9bssc,142,6d72rad4,20-bargaining_tdl_main-468_1_2,LeftPartner,sure me as well,1787761491.8591425
ctx9bssc,149,5mftkf8w,20-bargaining_tdl_main-470_1_2,LeftPartner,"hey, how are you?",1787761492.3853905
ctx9bssc,147,khunrj79,20-bargaining_tdl_main-468_1_2,RightPartner,The other chatter seems to want to team up at your expense. ,1787761494.1294997
ctx9bssc,156,jjxwziwj,20-bargaining_tdl_main-471_1_2,LeftPartner,HELLO,1787761495.1260507
ctx9bssc,156,jjxwziwj,20-bargaining_tdl_main-471_1_2,LeftPartner,LETS SUPPORT EACH OTHER,1787761501.761525
ctx9bssc,171,nx4o8ges,20-bargaining_tdl_main-471_2_3,RightPartner,I will support you and you support me ,1787761502.8457885
ctx9bssc,151,kmy37h03,20-bargaining_tdl_main-468_1_3,LeftPartner,ok so what if we do this to make it easy,1787761504.0367808
ctx9bssc,159,ov14jzuh,20-bargaining_tdl_main-470_1_3,LeftPartner,"So, if I understand the rules correctly, we can agree to support each other and both get paid, correct?",1787761504.220803
ctx9bssc,156,jjxwziwj,20-bargaining_tdl_main-471_1_3,RightPartner,HELLO ,1787761507.4846113
ctx9bssc,159,ov14jzuh,20-bargaining_tdl_main-470_2_3,RightPartner,Hello,1787761509.9857142
ctx9bssc,142,6d72rad4,20-bargaining_tdl_main-468_1_2,LeftPartner,wow! ,1787761510.878354
ctx9bssc,143,adbccwro,20-bargaining_tdl_main-469_1_2,LeftPartner,Hello?,1787761511.7118394
ctx9bssc,162,l8e98e77,20-bargaining_tdl_main-471_1_2,RightPartner,"Hi there, sure thing",1787761511.714748
ctx9bssc,150,5bvubq0z,20-bargaining_tdl_main-470_1_2,RightPartner,I'm well. Who are you supporting?,1787761513.0570483
ctx9bssc,156,jjxwziwj,20-bargaining_tdl_main-471_1_3,RightPartner,LETS SUPPORT EACH OTHER ,1787761514.479841
ctx9bssc,171,nx4o8ges,20-bargaining_tdl_main-471_1_3,LeftPartner,hi,1787761514.4953418
ctx9bssc,162,l8e98e77,20-bargaining_tdl_main-471_2_3,LeftPartner,Alright,1787761521.0738082
ctx9bssc,142,6d72rad4,20-bargaining_tdl_main-468_1_2,LeftPartner,well they just asked me to do the same to you,1787761522.2001858
ctx9bssc,149,5mftkf8w,20-bargaining_tdl_main-470_1_3,RightPartner,"yes, but only if neither of us supports the other color, right?",1787761523.3605485
ctx9bssc,142,6d72rad4,20-bargaining_tdl_main-468_1_3,RightPartner,?,1787761531.1887057
ctx9bssc,171,nx4o8ges,20-bargaining_tdl_main-471_1_3,LeftPartner,ok but you can only support one color correct,1787761532.0070758
ctx9bssc,149,5mftkf8w,20-bargaining_tdl_main-470_1_2,LeftPartner,"haven't decided yet, you?",1787761533.0665615
ctx9bssc,150,5bvubq0z,20-bargaining_tdl_main-470_2_3,LeftPartner,Who are you supporting?,1787761538.158303
ctx9bssc,156,jjxwziwj,20-bargaining_tdl_main-471_1_3,RightPartner,YEAH,1787761539.2122443
ctx9bssc,151,kmy37h03,20-bargaining_tdl_main-468_1_3,LeftPartner,we support each other and we get Orange to support you so that way we both win,1787761541.4580383
ctx9bssc,147,khunrj79,20-bargaining_tdl_main-468_1_2,RightPartner,I don't like to compete or conspire. What do you think we should do? Is there any way we all come out ok?,1787761544.9711874
ctx9bssc,159,ov14jzuh,20-bargaining_tdl_main-470_1_3,LeftPartner,"Yes, and since you said Hello and are friendly, and the other guy isnt, lets do this! haha",1787761545.5292864
ctx9bssc,152,uayl2baq,20-bargaining_tdl_main-472_1_2,LeftPartner,Hi,1787761546.2311842
ctx9bssc,143,adbccwro,20-bargaining_tdl_main-469_1_2,LeftPartner,Checking in.,1787761549.9441552
ctx9bssc,152,uayl2baq,20-bargaining_tdl_main-472_1_3,RightPartner,Hello,1787761550.9521694
ctx9bssc,149,5mftkf8w,20-bargaining_tdl_main-470_1_3,RightPartner,lol,1787761552.5109046
ctx9bssc,150,5bvubq0z,20-bargaining_tdl_main-470_1_2,RightPartner,Can we support each other?,1787761555.227342
ctx9bssc,171,nx4o8ges,20-bargaining_tdl_main-471_1_3,LeftPartner,is there a way to make us all earn ,1787761559.9750493
ctx9bssc,151,kmy37h03,20-bargaining_tdl_main-468_2_3,RightPartner,can you elaborate?,1787761560.3599799
ctx9bssc,153,n4ubi9vs,20-bargaining_tdl_main-472_1_2,RightPartner,hi,1787761560.9168189
ctx9bssc,168,v1aqapv0,20-bargaining_tdl_main-472_1_3,LeftPartner,hi!,1787761562.2318377
ctx9bssc,160,ankbrfpa,20-bargaining_tdl_main-469_1_2,RightPartner,Hi since purple has left lets support each other i will choose you if you choose me so we both earn$3,1787761562.5110097
ctx9bssc,147,khunrj79,20-bargaining_tdl_main-468_2_3,LeftPartner,What made you want to conspire against yellow?,1787761562.9440415
ctx9bssc,152,uayl2baq,20-bargaining_tdl_main-472_1_3,RightPartner,let's do this,1787761564.908669
ctx9bssc,142,6d72rad4,20-bargaining_tdl_main-468_1_2,LeftPartner,Me either. We have to figure out how to keep this even ,1787761565.070431
ctx9bssc,151,kmy37h03,20-bargaining_tdl_main-468_2_3,RightPartner,what does that look like in your eyes?,1787761567.178804
ctx9bssc,149,5mftkf8w,20-bargaining_tdl_main-470_1_2,LeftPartner,you aren't supporting the other person?,1787761570.2136216
ctx9bssc,159,ov14jzuh,20-bargaining_tdl_main-470_2_3,RightPartner,"well, its a toss I guess, who can you trust really.",1787761571.295757
ctx9bssc,142,6d72rad4,20-bargaining_tdl_main-468_1_2,LeftPartner,we can work together,1787761572.7285924
ctx9bssc,168,v1aqapv0,20-bargaining_tdl_main-472_1_3,LeftPartner,shall we support each other?,1787761575.345825
ctx9bssc,152,uayl2baq,20-bargaining_tdl_main-472_1_2,LeftPartner,Let's do this,1787761575.4161696
ctx9bssc,168,v1aqapv0,20-bargaining_tdl_main-472_2_3,RightPartner,"hi. if I support you, would you be willing to support me so that we both earn $3?",1787761578.9791636
ctx9bssc,152,uayl2baq,20-bargaining_tdl_main-472_1_3,RightPartner,yes,1787761580.3908718
ctx9bssc,149,5mftkf8w,20-bargaining_tdl_main-470_1_3,RightPartner,you asked first so that works with me,1787761580.824524
ctx9bssc,143,adbccwro,20-bargaining_tdl_main-469_1_2,LeftPartner,Agreed.,1787761581.0211837
ctx9bssc,147,khunrj79,20-bargaining_tdl_main-468_2_3,LeftPartner,Not targeting another participant if possible,1787761583.0069022
ctx9bssc,168,v1aqapv0,20-bargaining_tdl_main-472_1_3,LeftPartner,great,1787761588.379155
ctx9bssc,159,ov14jzuh,20-bargaining_tdl_main-470_1_3,LeftPartner,"Lets do it, have a nice day!",1787761590.9479175
ctx9bssc,149,5mftkf8w,20-bargaining_tdl_main-470_1_3,RightPartner,thanks you too!,1787761599.475851
ctx9bssc,153,n4ubi9vs,20-bargaining_tdl_main-472_1_2,RightPartner,"If we both support eachother, we will earn $3 each",1787761600.759424
ctx9bssc,152,uayl2baq,20-bargaining_tdl_main-472_1_3,RightPartner,"Gotcha, let's do it!",1787761604.7070076
ctx9bssc,168,v1aqapv0,20-bargaining_tdl_main-472_1_3,LeftPartner,"yes, let's",1787761609.4651432
ctx9bssc,170,kk77ja3h,20-bargaining_tdl_main-473_1_3,LeftPartner,"Hi, how are you?",1787761609.993511
ctx9bssc,142,6d72rad4,20-bargaining_tdl_main-468_1_3,RightPartner,sure ,1787761618.4588892
ctx9bssc,176,3v8ium0x,20-bargaining_tdl_main-474_2_3,RightPartner,Hello ,1787761618.911807
ctx9bssc,151,kmy37h03,20-bargaining_tdl_main-468_1_3,LeftPartner,They sent me the message they hope to not target another participant if possible but we low-key have to do that,1787761619.7685823
ctx9bssc,174,ht0e9ely,20-bargaining_tdl_main-474_1_2,RightPartner,HI,1787761620.2876644
ctx9bssc,174,ht0e9ely,20-bargaining_tdl_main-474_2_3,LeftPartner,HI,1787761621.226087
ctx9bssc,176,3v8ium0x,20-bargaining_tdl_main-474_1_3,LeftPartner,Hello,1787761621.295005
ctx9bssc,147,khunrj79,20-bargaining_tdl_main-468_1_2,RightPartner,"going by the rules, two of us have to choose to support each other, and someone loses. ",1787761627.126187
ctx9bssc,124,k88h3sg6,20-bargaining_tdl_main-473_1_3,RightPartner,Hello ,1787761627.1661708
ctx9bssc,164,sadrnexu,20-bargaining_tdl_main-474_1_3,RightPartner,hi,1787761630.5175352
ctx9bssc,160,ankbrfpa,20-bargaining_tdl_main-469_1_2,RightPartner,you support yellow,1787761631.5185094
ctx9bssc,147,khunrj79,20-bargaining_tdl_main-468_1_2,RightPartner,or everyone wins nothing. ,1787761633.74516
ctx9bssc,164,sadrnexu,20-bargaining_tdl_main-474_1_2,LeftPartner,hi,1787761636.2589989
ctx9bssc,151,kmy37h03,20-bargaining_tdl_main-468_1_3,LeftPartner,what do you think I should say to trick them into supporting you ,1787761636.6253436
ctx9bssc,143,adbccwro,20-bargaining_tdl_main-469_1_2,LeftPartner,We wait out the timer to support each other? I think that's what the instructions.,1787761643.675352
ctx9bssc,176,3v8ium0x,20-bargaining_tdl_main-474_2_3,RightPartner,Have you decided what you want to do?,1787761650.3648956
ctx9bssc,170,kk77ja3h,20-bargaining_tdl_main-473_1_3,LeftPartner,"Interesting experiment, huh? lol",1787761651.2696736
ctx9bssc,151,kmy37h03,20-bargaining_tdl_main-468_2_3,RightPartner,I think we have to if we don't we all lose,1787761652.4878144
ctx9bssc,150,5bvubq0z,20-bargaining_tdl_main-470_1_2,RightPartner,"If we make a decision to support each other and we make a decision to remain like that without lying, then it's beneficial for us both.",1787761652.6450562
ctx9bssc,142,6d72rad4,20-bargaining_tdl_main-468_1_3,RightPartner,why do you think we have to do that?,1787761659.8051858
ctx9bssc,164,sadrnexu,20-bargaining_tdl_main-474_1_3,RightPartner,how many rounds of this do we do,1787761660.626283
ctx9bssc,174,ht0e9ely,20-bargaining_tdl_main-474_2_3,LeftPartner,I think I will support you in order to maximize our earnings,1787761663.8425074
ctx9bssc,124,k88h3sg6,20-bargaining_tdl_main-473_1_3,RightPartner,yes it is,1787761666.9806817
ctx9bssc,142,6d72rad4,20-bargaining_tdl_main-468_1_3,RightPartner, you don't think everyone can win?,1787761668.908713
ctx9bssc,174,ht0e9ely,20-bargaining_tdl_main-474_1_2,RightPartner,do you know what situation you prefer,1787761672.1689918
ctx9bssc,190,josqfkop,20-bargaining_tdl_main-475_1_3,LeftPartner,o/,1787761672.8874102
ctx9bssc,176,3v8ium0x,20-bargaining_tdl_main-474_1_3,LeftPartner,As many as you want ,1787761673.078229
ctx9bssc,142,6d72rad4,20-bargaining_tdl_main-468_1_2,LeftPartner,exactly,1787761676.4252198
ctx9bssc,190,josqfkop,20-bargaining_tdl_main-475_2_3,RightPartner,Hello,1787761676.5228693
ctx9bssc,176,3v8ium0x,20-bargaining_tdl_main-474_2_3,RightPartner,Alright let's do it then ,1787761678.7540739
ctx9bssc,143,adbccwro,20-bargaining_tdl_main-469_1_2,LeftPartner,"Yeah, I'll support ya.",1787761680.179155
ctx9bssc,124,k88h3sg6,20-bargaining_tdl_main-473_1_3,RightPartner,how do i know youre not a bot?,1787761682.1076748
ctx9bssc,147,khunrj79,20-bargaining_tdl_main-468_2_3,LeftPartner,Which might also happen if you're not honest with me.,1787761684.73956
ctx9bssc,176,3v8ium0x,20-bargaining_tdl_main-474_2_3,RightPartner,orange and purple then  ,1787761685.6058695
ctx9bssc,164,sadrnexu,20-bargaining_tdl_main-474_1_2,LeftPartner,how many rounds of this do we do,1787761686.3811853
ctx9bssc,149,5mftkf8w,20-bargaining_tdl_main-470_1_2,LeftPartner,"i know, but i'm asking about you supporting the other person since  you've probably already talked to them?",1787761691.1685581
ctx9bssc,188,mip9kcf0,20-bargaining_tdl_main-475_2_3,LeftPartner,"Hi, what color would you like to support?",1787761693.0859125
ctx9bssc,170,kk77ja3h,20-bargaining_tdl_main-473_1_3,LeftPartner,Same question back atcha lol,1787761694.7859702
ctx9bssc,174,ht0e9ely,20-bargaining_tdl_main-474_2_3,LeftPartner,yes,1787761700.6660736
ctx9bssc,160,ankbrfpa,20-bargaining_tdl_main-469_1_2,RightPartner,"yes , i 'ill support you",1787761701.695192
ctx9bssc,150,5bvubq0z,20-bargaining_tdl_main-470_1_2,RightPartner,I will support you if you promise to support me. It's much more beneficial for us.,1787761703.470958
ctx9bssc,172,9xnawjs1,20-bargaining_tdl_main-475_1_2,LeftPartner,Hi,1787761704.9298368
ctx9bssc,174,ht0e9ely,20-bargaining_tdl_main-474_1_2,RightPartner,I think 1,1787761705.3344824
ctx9bssc,170,kk77ja3h,20-bargaining_tdl_main-473_1_3,LeftPartner,"That's weird, because really how can we tell?",1787761707.7980042
ctx9bssc,164,sadrnexu,20-bargaining_tdl_main-474_1_2,LeftPartner,i prefer the one where we all make money,1787761708.135864
ctx9bssc,149,5mftkf8w,20-bargaining_tdl_main-470_1_2,LeftPartner,that's not what i asked,1787761715.3505836
ctx9bssc,188,mip9kcf0,20-bargaining_tdl_main-475_1_2,RightPartner,"I am not choosing purple, he left. I will choose you, yellow",1787761717.4481037
ctx9bssc,147,khunrj79,20-bargaining_tdl_main-468_1_2,RightPartner,"Regardless, someone loses. ",1787761717.7168524
ctx9bssc,151,kmy37h03,20-bargaining_tdl_main-468_1_3,LeftPartner,no I don't think so it said in the rules that we only win if two participants support eachother,1787761722.3150892
ctx9bssc,170,kk77ja3h,20-bargaining_tdl_main-473_1_3,LeftPartner,Maybe this will help: Did you like Dolly Parton?,1787761732.7427297
ctx9bssc,124,k88h3sg6,20-bargaining_tdl_main-473_1_3,RightPartner,I have a feeling you're a bot bro,1787761733.2790194
ctx9bssc,151,kmy37h03,20-bargaining_tdl_main-468_2_3,RightPartner,bye,1787761734.7905889
ctx9bssc,170,kk77ja3h,20-bargaining_tdl_main-473_1_3,LeftPartner,I'm not a bro,1787761740.749055
ctx9bssc,143,adbccwro,20-bargaining_tdl_main-469_1_2,LeftPartner,"Perfect, guess we just wait about 4ish minutes?",1787761743.3912036
ctx9bssc,124,k88h3sg6,20-bargaining_tdl_main-473_1_3,RightPartner,Yeah I did ,1787761747.6139235
ctx9bssc,160,ankbrfpa,20-bargaining_tdl_main-469_1_2,RightPartner,support yellow,1787761752.5571659
ctx9bssc,124,k88h3sg6,20-bargaining_tdl_main-473_1_3,RightPartner,Name one dolly parton song ,1787761760.9639127
ctx9bssc,150,5bvubq0z,20-bargaining_tdl_main-470_1_2,RightPartner,"I am choosing to support you, not the other participant. Do you accept that we support each other?",1787761762.4562216
ctx9bssc,170,kk77ja3h,20-bargaining_tdl_main-473_1_3,LeftPartner,"Me too. Not like she was on my Spotify playlist or anything, but she was a cool person",1787761766.961139
ctx9bssc,149,5mftkf8w,20-bargaining_tdl_main-470_1_2,LeftPartner,sure,1787761770.3290462
ctx9bssc,170,kk77ja3h,20-bargaining_tdl_main-473_1_3,LeftPartner,"9-5, I will always love you, Jolene",1787761776.3631992
ctx9bssc,124,k88h3sg6,20-bargaining_tdl_main-473_1_3,RightPartner,ok ok ,1787761787.6287918
ctx9bssc,149,5mftkf8w,20-bargaining_tdl_main-470_1_2,LeftPartner,can you respond in lowercase?,1787761788.8795803
ctx9bssc,194,3lxxfhr8,20-bargaining_tdl_main-476_1_3,LeftPartner,Ayyyy how we doin today,1787761792.9909768
ctx9bssc,143,adbccwro,20-bargaining_tdl_main-469_1_2,LeftPartner,Support Orange,1787761793.5158763
ctx9bssc,150,5bvubq0z,20-bargaining_tdl_main-470_1_2,RightPartner,"Okay, then we can proceed. I will support you. ",1787761798.6351898
ctx9bssc,170,kk77ja3h,20-bargaining_tdl_main-473_1_3,LeftPartner,Some other guy just passed away but I just saw the headline. Don't recall his name,1787761801.1857183
ctx9bssc,194,3lxxfhr8,20-bargaining_tdl_main-476_2_3,RightPartner,Hello good morning!,1787761809.7188954
ctx9bssc,150,5bvubq0z,20-bargaining_tdl_main-470_1_2,RightPartner,okay,1787761812.1596668
ctx9bssc,175,j7pmosaq,20-bargaining_tdl_main-476_1_3,RightPartner,i'm good ...you?,1787761812.2577567
ctx9bssc,170,kk77ja3h,20-bargaining_tdl_main-473_1_3,LeftPartner,"Anyway, I think we're both real. ",1787761816.2062333
ctx9bssc,149,5mftkf8w,20-bargaining_tdl_main-470_1_2,LeftPartner,okay thanks,1787761819.119982
ctx9bssc,178,9wv99irt,20-bargaining_tdl_main-476_2_3,LeftPartner,Hello,1787761820.481667
ctx9bssc,175,j7pmosaq,20-bargaining_tdl_main-476_1_2,LeftPartner,hello,1787761821.908009
ctx9bssc,167,jtfz11ka,20-bargaining_tdl_main-477_1_3,RightPartner,hello,1787761822.9950564
ctx9bssc,143,adbccwro,20-bargaining_tdl_main-469_1_2,LeftPartner,"Yeah, i think we wait until we get the pre-made messages to pick from.",1787761826.297704
ctx9bssc,195,si37d1na,20-bargaining_tdl_main-477_2_3,RightPartner,wasp,1787761826.8322036
ctx9bssc,160,ankbrfpa,20-bargaining_tdl_main-469_1_2,RightPartner,support yellow,1787761829.806259
ctx9bssc,194,3lxxfhr8,20-bargaining_tdl_main-476_1_3,LeftPartner,"Doing alright, this survey is wild. Do you have a plan for this... game?",1787761831.2253249
ctx9bssc,167,jtfz11ka,20-bargaining_tdl_main-477_1_2,LeftPartner,hi,1787761835.8879857
ctx9bssc,170,kk77ja3h,20-bargaining_tdl_main-473_1_3,LeftPartner,"My other participant left the study before we could chat. I was going to tell you both to choose each other but since they're gone, I can't.",1787761839.6598907
ctx9bssc,178,9wv99irt,20-bargaining_tdl_main-476_1_2,RightPartner,hello,1787761842.57303
ctx9bssc,180,d1g92qkb,20-bargaining_tdl_main-478_1_2,LeftPartner,Hi! I am going to support each player.,1787761843.5178845
ctx9bssc,143,adbccwro,20-bargaining_tdl_main-469_1_2,LeftPartner,Which should be in 3ish minutes.,1787761847.2570589
ctx9bssc,195,si37d1na,20-bargaining_tdl_main-477_2_3,RightPartner,so what are doing today?,1787761851.8702605
ctx9bssc,124,k88h3sg6,20-bargaining_tdl_main-473_1_3,RightPartner,Ok cool so what are your thoughts on the experiment,1787761852.2958727
ctx9bssc,201,6t6olxgg,20-bargaining_tdl_main-479_2_3,RightPartner,Hi! What strategy should we use?,1787761855.933097
ctx9bssc,194,3lxxfhr8,20-bargaining_tdl_main-476_2_3,RightPartner,How's it going? How're you feeling about this game situation?,1787761856.1009803
ctx9bssc,191,oper08ct,20-bargaining_tdl_main-478_1_3,LeftPartner,"Hey, hope you are well. Who do you intend to support?",1787761859.756689
ctx9bssc,175,j7pmosaq,20-bargaining_tdl_main-476_1_3,RightPartner,I plan to support anyone who supports me,1787761861.9548268
ctx9bssc,178,9wv99irt,20-bargaining_tdl_main-476_1_2,RightPartner,I hope you are doing ok so far today,1787761861.9579918
ctx9bssc,201,6t6olxgg,20-bargaining_tdl_main-479_1_3,LeftPartner,Hi! What strategy should we use?,1787761864.688951
ctx9bssc,170,kk77ja3h,20-bargaining_tdl_main-473_1_3,LeftPartner,It's interesting. Most of them are. ,1787761867.9206216
ctx9bssc,199,teoxbc7v,20-bargaining_tdl_main-479_2_3,LeftPartner,"Hii, well this is the first round so im not sure..",1787761876.09956
ctx9bssc,170,kk77ja3h,20-bargaining_tdl_main-473_1_3,LeftPartner,What about you? What do you think?,1787761880.697892
ctx9bssc,191,oper08ct,20-bargaining_tdl_main-478_2_3,RightPartner,Hey hope you are okay and cool,1787761880.70091
ctx9bssc,189,dnv9tflp,20-bargaining_tdl_main-478_1_2,RightPartner,I thought we can only support one player,1787761881.0985634
ctx9bssc,178,9wv99irt,20-bargaining_tdl_main-476_2_3,LeftPartner,"It feels a little convoluted, but my brain is mush today",1787761882.2490947
ctx9bssc,181,q6269lhz,20-bargaining_tdl_main-479_1_2,LeftPartner,Hello! I suppose support one another?,1787761883.8369331
ctx9bssc,175,j7pmosaq,20-bargaining_tdl_main-476_1_3,RightPartner,what colour am i assigned?,1787761884.0647407
ctx9bssc,160,ankbrfpa,20-bargaining_tdl_main-469_1_2,RightPartner,support yellow,1787761884.1827524
ctx9bssc,124,k88h3sg6,20-bargaining_tdl_main-473_1_3,RightPartner,So it stands to reason we should support each other ,1787761887.7300467
ctx9bssc,206,zfbvoumz,20-bargaining_tdl_main-480_1_3,LeftPartner,I am happy to bow out and let you and Orange support each other.,1787761888.5002215
ctx9bssc,191,oper08ct,20-bargaining_tdl_main-478_2_3,RightPartner,Who do you intende to support?,1787761891.4519253
ctx9bssc,184,jltng005,20-bargaining_tdl_main-477_2_3,LeftPartner,lets team up and support each other so that we both win the 3dollars,1787761896.3714867
ctx9bssc,189,dnv9tflp,20-bargaining_tdl_main-478_2_3,LeftPartner,Hi.  Thank you.  I hope you are doing great too.,1787761898.7214777
ctx9bssc,194,3lxxfhr8,20-bargaining_tdl_main-476_1_3,LeftPartner,You're Yellow! What color am I? Also! How will you know whos supporting you?,1787761899.0350814
ctx9bssc,181,q6269lhz,20-bargaining_tdl_main-479_1_2,LeftPartner,I am fine with that,1787761899.393981
ctx9bssc,170,kk77ja3h,20-bargaining_tdl_main-473_1_3,LeftPartner,But what if the other person supports one of us?,1787761900.2891777
ctx9bssc,206,zfbvoumz,20-bargaining_tdl_main-480_2_3,RightPartner,I am happy to bow out and let you and Yellow support each other.,1787761900.7028542
ctx9bssc,175,j7pmosaq,20-bargaining_tdl_main-476_1_2,LeftPartner,yeam i am...you?,1787761901.9156291
ctx9bssc,191,oper08ct,20-bargaining_tdl_main-478_2_3,RightPartner,I intend to support you,1787761909.8677292
ctx9bssc,199,teoxbc7v,20-bargaining_tdl_main-479_1_2,RightPartner,"Hii, this is the first round so I suppose we play it safe?",1787761912.386502
ctx9bssc,201,6t6olxgg,20-bargaining_tdl_main-479_2_3,RightPartner,"I was thinking we could alternate, so I support you and you support me on one turn, then the next turn you and yellow support each other, then me and yellow support each other, and so on.",1787761913.031212
ctx9bssc,201,6t6olxgg,20-bargaining_tdl_main-479_2_3,RightPartner,That way we all get turns and nobody is left out,1787761919.8038158
ctx9bssc,191,oper08ct,20-bargaining_tdl_main-478_2_3,RightPartner,Could you please support me too?,1787761920.289475
ctx9bssc,175,j7pmosaq,20-bargaining_tdl_main-476_1_3,RightPartner,reach an agreement with the person,1787761921.8261364
ctx9bssc,170,kk77ja3h,20-bargaining_tdl_main-473_1_3,LeftPartner,"Oh, duh... nvm, lol",1787761922.066624
ctx9bssc,143,adbccwro,20-bargaining_tdl_main-469_1_2,LeftPartner,Almost there.,1787761923.6227858
ctx9bssc,189,dnv9tflp,20-bargaining_tdl_main-478_2_3,LeftPartner,I will support you in return.  Thanks,1787761925.0652084
ctx9bssc,180,d1g92qkb,20-bargaining_tdl_main-478_1_2,LeftPartner,"Oh, I must've read wrong. My apologies! I will support orange.",1787761926.2322161
ctx9bssc,181,q6269lhz,20-bargaining_tdl_main-479_1_2,LeftPartner,"Yes, I agree with you",1787761927.386615
ctx9bssc,170,kk77ja3h,20-bargaining_tdl_main-473_1_3,LeftPartner,"You're right, we should",1787761928.069769
ctx9bssc,175,j7pmosaq,20-bargaining_tdl_main-476_1_3,RightPartner,you are purple,1787761931.4035637
ctx9bssc,194,3lxxfhr8,20-bargaining_tdl_main-476_2_3,RightPartner,"Yeah, thats relatable. It's a little wonky. You got a plan for how to handle this thing?",1787761932.9464538
ctx9bssc,178,9wv99irt,20-bargaining_tdl_main-476_1_2,RightPartner,"I'm hanging in there. I won't give away exact location, but I live in the general region where Dolly Parton was from and losing her is hitting us hard at this point",1787761940.9638276
ctx9bssc,191,oper08ct,20-bargaining_tdl_main-478_1_3,LeftPartner,I intend to support you,1787761941.172738
ctx9bssc,182,ke941v5e,20-bargaining_tdl_main-480_2_3,LeftPartner,Hi! It's my guess that you will support no one.,1787761945.4425268
ctx9bssc,182,ke941v5e,20-bargaining_tdl_main-480_1_2,RightPartner,Hi! It's my guess that you will support no one.,1787761948.1041665
ctx9bssc,184,jltng005,20-bargaining_tdl_main-477_2_3,LeftPartner,are you here still,1787761948.7886379
ctx9bssc,191,oper08ct,20-bargaining_tdl_main-478_1_3,LeftPartner,Could you please support me in return?,1787761952.4727163
ctx9bssc,206,zfbvoumz,20-bargaining_tdl_main-480_2_3,RightPartner,yes exactly,1787761952.910198
ctx9bssc,170,kk77ja3h,20-bargaining_tdl_main-473_1_3,LeftPartner,"Ok, I guess we're done here. Ready to move on?",1787761962.6673653
ctx9bssc,178,9wv99irt,20-bargaining_tdl_main-476_2_3,LeftPartner,"To be completely truthful, I'm not sure. I might just flip a coin.",1787761963.1557517
ctx9bssc,124,k88h3sg6,20-bargaining_tdl_main-473_1_3,RightPartner,Yeah he/she isnt here though so there is no way for us to know,1787761963.8594873
ctx9bssc,199,teoxbc7v,20-bargaining_tdl_main-479_2_3,LeftPartner,"Yesss, yellow is deciding that we should support one another for the first round",1787761964.4139154
ctx9bssc,206,zfbvoumz,20-bargaining_tdl_main-480_2_3,RightPartner,Will you support Yellow?,1787761965.279674
ctx9bssc,180,d1g92qkb,20-bargaining_tdl_main-478_1_2,LeftPartner,Or maybe the other. Who are you intending to support?,1787761968.1308541
ctx9bssc,199,teoxbc7v,20-bargaining_tdl_main-479_2_3,LeftPartner,Then you and i the next round and so on,1787761974.1411407
ctx9bssc,198,cigwzpc8,20-bargaining_tdl_main-481_2_3,RightPartner,Morning,1787761974.1603284
ctx9bssc,182,ke941v5e,20-bargaining_tdl_main-480_2_3,LeftPartner,No.,1787761974.384344
ctx9bssc,189,dnv9tflp,20-bargaining_tdl_main-478_1_2,RightPartner,I'm not entirely sure who I will support yet.,1787761976.39542
ctx9bssc,160,ankbrfpa,20-bargaining_tdl_main-469_1_2,RightPartner,support yellow,1787761977.0625472
ctx9bssc,175,j7pmosaq,20-bargaining_tdl_main-476_1_3,RightPartner,"if i support you and you support me,we get the $3 dollars right?",1787761977.8221374
ctx9bssc,198,cigwzpc8,20-bargaining_tdl_main-481_1_3,LeftPartner,Morning,1787761978.1263437
ctx9bssc,206,zfbvoumz,20-bargaining_tdl_main-480_2_3,RightPartner,Will you support me?,1787761981.5092373
ctx9bssc,180,d1g92qkb,20-bargaining_tdl_main-478_1_3,RightPartner,Hi! I am and hope you're doing well. I intend to support you.,1787761984.8516734
ctx9bssc,194,3lxxfhr8,20-bargaining_tdl_main-476_2_3,RightPartner,"Nice, good luck, I hope it works out for you!",1787761985.1731555
ctx9bssc,191,oper08ct,20-bargaining_tdl_main-478_2_3,RightPartner,Thank you and hope we can rely on each other to get the $3,1787761990.03933
ctx9bssc,182,ke941v5e,20-bargaining_tdl_main-480_2_3,LeftPartner,No.,1787761991.35843
ctx9bssc,124,k88h3sg6,20-bargaining_tdl_main-473_1_3,RightPartner,Yeah I think so ,1787761992.3691902
ctx9bssc,201,6t6olxgg,20-bargaining_tdl_main-479_2_3,RightPartner,"Okay, that's fine! So you support yellow and yellow supports you first, then you and I will support each other, etc",1787761992.9075704
ctx9bssc,179,ygyy7nap,20-bargaining_tdl_main-480_1_2,LeftPartner,i support YOU,1787761993.3573775
ctx9bssc,180,d1g92qkb,20-bargaining_tdl_main-478_1_2,LeftPartner,I keep going back and forth as well.,1787761993.6944232
ctx9bssc,201,6t6olxgg,20-bargaining_tdl_main-479_2_3,RightPartner,Sounds good! Ready?,1787761994.8517406
ctx9bssc,170,kk77ja3h,20-bargaining_tdl_main-473_1_3,LeftPartner,Nice chatting with you. Have a good one!,1787761995.8620918
ctx9bssc,143,adbccwro,20-bargaining_tdl_main-469_1_2,LeftPartner,Twenty seconds.,1787761996.5296574
ctx9bssc,199,teoxbc7v,20-bargaining_tdl_main-479_2_3,LeftPartner,Yesss,1787762000.6212537
ctx9bssc,178,9wv99irt,20-bargaining_tdl_main-476_2_3,LeftPartner,"Thank you, I hope your result is favorable as well",1787762001.793184
ctx9bssc,206,zfbvoumz,20-bargaining_tdl_main-480_2_3,RightPartner,Ok. ,1787762001.7967327
ctx9bssc,182,ke941v5e,20-bargaining_tdl_main-480_1_2,RightPartner,"Ah, I see.",1787762005.5643845
ctx9bssc,198,cigwzpc8,20-bargaining_tdl_main-481_2_3,RightPartner,Looks like it's going to be randomized since Yellow left.  Sorry.,1787762007.3103647
ctx9bssc,124,k88h3sg6,20-bargaining_tdl_main-473_1_3,RightPartner,You too ,1787762010.0569508
ctx9bssc,194,3lxxfhr8,20-bargaining_tdl_main-476_1_3,LeftPartner,"Love it when purple. Yeah, mutual support hypothetically means dollars. I'm in if you are!",1787762011.0403502
ctx9bssc,191,oper08ct,20-bargaining_tdl_main-478_1_3,LeftPartner,How would I know that you are serious with me?,1787762015.6946003
ctx9bssc,189,dnv9tflp,20-bargaining_tdl_main-478_2_3,LeftPartner,I really hope so too.  Have a wonderful day.,1787762019.7646165
ctx9bssc,175,j7pmosaq,20-bargaining_tdl_main-476_1_3,RightPartner,good,1787762028.896818
ctx9bssc,191,oper08ct,20-bargaining_tdl_main-478_2_3,RightPartner,How serious are you about this?,1787762032.9956915
ctx9bssc,195,si37d1na,20-bargaining_tdl_main-477_2_3,RightPartner,yeah,1787762033.1688135
ctx9bssc,180,d1g92qkb,20-bargaining_tdl_main-478_1_3,RightPartner,"I don't really think there is a way I can prove it, just like you can't prove you're going to support me. ",1787762046.1379666
ctx9bssc,207,cd9olci9,20-bargaining_tdl_main-482_2_3,RightPartner,What do you think about us supporting each other,1787762050.9812198
ctx9bssc,195,si37d1na,20-bargaining_tdl_main-477_2_3,RightPartner,thats the way to go. mutual assurence,1787762058.6377637
ctx9bssc,189,dnv9tflp,20-bargaining_tdl_main-478_2_3,LeftPartner,I'm going by who I get the better vibes from and so far it is Purple,1787762060.1878293
ctx9bssc,207,cd9olci9,20-bargaining_tdl_main-482_1_3,LeftPartner,Hi. Let's support each other,1787762062.801511
ctx9bssc,175,j7pmosaq,20-bargaining_tdl_main-476_1_3,RightPartner,"so i will click next now and on the next page, i will support you",1787762064.3912866
ctx9bssc,191,oper08ct,20-bargaining_tdl_main-478_1_3,LeftPartner,You have my word on this,1787762071.7597291
ctx9bssc,189,dnv9tflp,20-bargaining_tdl_main-478_1_2,RightPartner,I will just go on who I get the better vibes from,1787762072.788741
ctx9bssc,194,3lxxfhr8,20-bargaining_tdl_main-476_1_3,LeftPartner,"Sounds good, I'll do the same",1787762073.4946003
ctx9bssc,186,w7uxbvak,20-bargaining_tdl_main-482_1_3,RightPartner,are you sure,1787762075.7350724
ctx9bssc,214,lng6x6yh,20-bargaining_tdl_main-483_1_2,RightPartner,Hello,1787762077.698235
ctx9bssc,175,j7pmosaq,20-bargaining_tdl_main-476_1_3,RightPartner,kindly do same...i'm counting on you,1787762078.8983495
ctx9bssc,192,rwfonc3k,20-bargaining_tdl_main-482_2_3,LeftPartner,i would love to support you,1787762079.2474685
ctx9bssc,214,lng6x6yh,20-bargaining_tdl_main-483_2_3,LeftPartner,Hello,1787762082.7666771
ctx9bssc,186,w7uxbvak,20-bargaining_tdl_main-482_1_2,LeftPartner,will you support me,1787762086.730166
ctx9bssc,195,si37d1na,20-bargaining_tdl_main-477_2_3,RightPartner,I do not know why the other participant left the chat tho,1787762087.1126652
ctx9bssc,191,oper08ct,20-bargaining_tdl_main-478_2_3,RightPartner,"OOOh really, thanks",1787762090.6788054
ctx9bssc,192,rwfonc3k,20-bargaining_tdl_main-482_1_2,RightPartner,hi,1787762091.2158818
ctx9bssc,180,d1g92qkb,20-bargaining_tdl_main-478_1_3,RightPartner,Okay. Should we continue now then?,1787762096.9755516
ctx9bssc,220,kvbjj181,20-bargaining_tdl_main-483_2_3,RightPartner,"Hi, how's it going?",1787762101.01191
ctx9bssc,191,oper08ct,20-bargaining_tdl_main-478_1_3,LeftPartner,Yes we should,1787762108.9933767
ctx9bssc,200,9nkoc3b3,20-bargaining_tdl_main-483_1_2,LeftPartner,hi,1787762112.156014
ctx9bssc,184,jltng005,20-bargaining_tdl_main-477_2_3,LeftPartner,same i didnt expect. lets see how it goes,1787762115.389662
ctx9bssc,189,dnv9tflp,20-bargaining_tdl_main-478_2_3,LeftPartner,I think we can proceed when we are ready.  ,1787762120.185787
ctx9bssc,218,sa1mzr6q,20-bargaining_tdl_main-484_2_3,LeftPartner,"hello, ill support you if you supprot me ",1787762121.0579216
ctx9bssc,180,d1g92qkb,20-bargaining_tdl_main-478_1_2,LeftPartner,Oh that's a good idea! Have a great day!,1787762121.2856803
ctx9bssc,214,lng6x6yh,20-bargaining_tdl_main-483_2_3,LeftPartner,"Fine, this game is weird",1787762121.6951451
ctx9bssc,195,si37d1na,20-bargaining_tdl_main-477_2_3,RightPartner,perfect,1787762123.7210455
ctx9bssc,200,9nkoc3b3,20-bargaining_tdl_main-483_1_3,RightPartner,If we both support each other we can earn $3. I will support you.,1787762124.777493
ctx9bssc,220,kvbjj181,20-bargaining_tdl_main-483_2_3,RightPartner,"How should we do this, like we support each other the whole time or take turns? lol",1787762124.8821056
ctx9bssc,207,cd9olci9,20-bargaining_tdl_main-482_1_3,LeftPartner,Yeah we both get to win 3 each,1787762126.9929261
ctx9bssc,192,rwfonc3k,20-bargaining_tdl_main-482_1_2,RightPartner,Will you support me too,1787762132.3703787
ctx9bssc,184,jltng005,20-bargaining_tdl_main-477_2_3,LeftPartner,so you fully locked in for the 3$,1787762134.9168532
ctx9bssc,225,2xz4sr5f,20-bargaining_tdl_main-484_2_3,RightPartner,"works for me, yellow dropped out and might or might not have been replaced",1787762137.8053105
ctx9bssc,186,w7uxbvak,20-bargaining_tdl_main-482_1_3,RightPartner,are you going to support me only or both me and orange,1787762138.032382
ctx9bssc,200,9nkoc3b3,20-bargaining_tdl_main-483_1_2,LeftPartner,I will support you so we both can earn.,1787762138.9511805
ctx9bssc,218,sa1mzr6q,20-bargaining_tdl_main-484_2_3,LeftPartner,ok cool ill proceed then,1787762149.0038996
ctx9bssc,195,si37d1na,20-bargaining_tdl_main-477_2_3,RightPartner,yeah,1787762149.3463266
ctx9bssc,192,rwfonc3k,20-bargaining_tdl_main-482_2_3,LeftPartner,we can support each othe,1787762154.978833
ctx9bssc,202,d4hqc9q9,20-bargaining_tdl_main-484_1_3,RightPartner,hello! I hope you are well and I wished we all could make some extra money.,1787762157.07126
ctx9bssc,186,w7uxbvak,20-bargaining_tdl_main-482_1_2,LeftPartner,I think so.  I am still deciding,1787762159.3141031
ctx9bssc,207,cd9olci9,20-bargaining_tdl_main-482_2_3,RightPartner,That's great. Can I trust you though to support both of us?,1787762162.0689337
ctx9bssc,207,cd9olci9,20-bargaining_tdl_main-482_1_3,LeftPartner,Both of you,1787762165.6378198
ctx9bssc,219,v6sn6ka0,20-bargaining_tdl_main-485_1_2,LeftPartner,hello,1787762166.083882
ctx9bssc,214,lng6x6yh,20-bargaining_tdl_main-483_2_3,LeftPartner,taking turns makes sense but probably hard to coordinate,1787762170.011902
ctx9bssc,219,v6sn6ka0,20-bargaining_tdl_main-485_1_3,RightPartner,hi,1787762171.0356889
ctx9bssc,228,9nqpv6z3,20-bargaining_tdl_main-485_1_3,LeftPartner,Hey,1787762174.9621072
ctx9bssc,220,kvbjj181,20-bargaining_tdl_main-483_2_3,RightPartner,"Ohh well hmm not sure, you want to just support each other?",1787762190.316037
ctx9bssc,186,w7uxbvak,20-bargaining_tdl_main-482_1_3,RightPartner,if everyone support each other - do we all win,1787762190.477174
ctx9bssc,219,v6sn6ka0,20-bargaining_tdl_main-485_1_3,RightPartner,how do you want to approach this?,1787762191.737487
ctx9bssc,220,kvbjj181,20-bargaining_tdl_main-483_2_3,RightPartner,Yellow left chat already,1787762193.9264205
ctx9bssc,222,voeraizi,20-bargaining_tdl_main-485_1_2,RightPartner,Hello.,1787762199.9471483
ctx9bssc,214,lng6x6yh,20-bargaining_tdl_main-483_2_3,LeftPartner,same,1787762201.1478708
ctx9bssc,207,cd9olci9,20-bargaining_tdl_main-482_1_3,LeftPartner,"Yes, I guess",1787762208.716823
ctx9bssc,220,kvbjj181,20-bargaining_tdl_main-483_2_3,RightPartner,I didn't even get to speak with him lol.,1787762209.2525432
ctx9bssc,215,3lmbslv2,20-bargaining_tdl_main-486_1_2,LeftPartner,Hello. I'm the yellow participant.,1787762210.7577415
ctx9bssc,192,rwfonc3k,20-bargaining_tdl_main-482_2_3,LeftPartner,I need to know about you,1787762212.0792837
ctx9bssc,228,9nqpv6z3,20-bargaining_tdl_main-485_1_3,LeftPartner,Well Orange isn't sending me any messages so I guess I'll support you if you support me,1787762216.245218
ctx9bssc,220,kvbjj181,20-bargaining_tdl_main-483_2_3,RightPartner,"Okay lets do it we support each other then, sounds good!",1787762219.2859747
ctx9bssc,186,w7uxbvak,20-bargaining_tdl_main-482_1_2,LeftPartner,are you supporting purple also,1787762221.204472
ctx9bssc,215,3lmbslv2,20-bargaining_tdl_main-486_1_3,RightPartner,"Hello, I'm the yellow participant.",1787762224.7349174
ctx9bssc,192,rwfonc3k,20-bargaining_tdl_main-482_1_2,RightPartner,I need to know about you,1787762227.7151814
ctx9bssc,217,fyhj2pre,20-bargaining_tdl_main-486_2_3,RightPartner,This is an exceptionally odd experiment and likely a waste of my time as less than 3 dollars for 15 min is pretty low.,1787762235.278065
ctx9bssc,214,lng6x6yh,20-bargaining_tdl_main-483_2_3,LeftPartner,okay,1787762236.0947664
ctx9bssc,217,fyhj2pre,20-bargaining_tdl_main-486_1_3,LeftPartner,hello yellow,1787762241.949093
ctx9bssc,207,cd9olci9,20-bargaining_tdl_main-482_2_3,RightPartner,"I am a 65 year old male, bisexual and working in a private sector",1787762242.181941
ctx9bssc,216,f848sx6s,20-bargaining_tdl_main-486_1_2,RightPartner,"Hi, I'm orange. This doesn't seem like a fair task. What do you think?",1787762245.3568597
ctx9bssc,219,v6sn6ka0,20-bargaining_tdl_main-485_1_3,RightPartner,They seem to have left,1787762245.855675
ctx9bssc,228,9nqpv6z3,20-bargaining_tdl_main-485_1_3,LeftPartner,Oh they just left,1787762246.361875
ctx9bssc,217,fyhj2pre,20-bargaining_tdl_main-486_1_3,LeftPartner,that rhymes :),1787762251.659108
ctx9bssc,228,9nqpv6z3,20-bargaining_tdl_main-485_1_3,LeftPartner,Well that makes this decision easier lol,1787762252.9411497
ctx9bssc,215,3lmbslv2,20-bargaining_tdl_main-486_1_2,LeftPartner,I'm really not sure what to expect.,1787762258.1334016
ctx9bssc,186,w7uxbvak,20-bargaining_tdl_main-482_1_3,RightPartner,what happens if one of us does not support either of the others,1787762259.0378191
ctx9bssc,219,v6sn6ka0,20-bargaining_tdl_main-485_1_3,RightPartner,yeah lol,1787762267.9646204
ctx9bssc,215,3lmbslv2,20-bargaining_tdl_main-486_1_3,RightPartner,Yep! You can call me Mellow Yello :) !,1787762283.1422825
ctx9bssc,186,w7uxbvak,20-bargaining_tdl_main-482_1_2,LeftPartner,what happens if one of us does not support either of the others,1787762283.8769784
ctx9bssc,216,f848sx6s,20-bargaining_tdl_main-486_2_3,LeftPartner,It is an odd experiment because at least one of us or all of us will get 0. Should we just do random?,1787762283.8796027
ctx9bssc,228,9nqpv6z3,20-bargaining_tdl_main-485_1_3,LeftPartner,Should we just click next or do we still have to wait the 7 and a half minutes remaining,1787762284.0049462
ctx9bssc,207,cd9olci9,20-bargaining_tdl_main-482_1_3,LeftPartner,Then we all lose,1787762285.8181865
ctx9bssc,215,3lmbslv2,20-bargaining_tdl_main-486_1_3,RightPartner,What are you expecting of this survey?,1787762292.488222
ctx9bssc,217,fyhj2pre,20-bargaining_tdl_main-486_1_3,LeftPartner,"This is likely to be a very low paying 15 min, but at least its more interesting than just AI evaluations.",1787762295.1106575
ctx9bssc,192,rwfonc3k,20-bargaining_tdl_main-482_2_3,LeftPartner,private sector? what do you do?,1787762297.365934
ctx9bssc,207,cd9olci9,20-bargaining_tdl_main-482_1_3,LeftPartner,All other things considered equal,1787762299.859616
ctx9bssc,207,cd9olci9,20-bargaining_tdl_main-482_2_3,RightPartner,I am a marketing analyst,1787762310.470575
ctx9bssc,186,w7uxbvak,20-bargaining_tdl_main-482_1_3,RightPartner,ok,1787762311.2396812
ctx9bssc,219,v6sn6ka0,20-bargaining_tdl_main-485_1_3,RightPartner,I think we should wait to be safe.,1787762312.695496
ctx9bssc,228,9nqpv6z3,20-bargaining_tdl_main-485_1_3,LeftPartner,Sounds good,1787762317.1112664
ctx9bssc,216,f848sx6s,20-bargaining_tdl_main-486_1_2,RightPartner,Me neither. Should we just go with everyone choosing the other two and hope for the best for a couple of us?,1787762323.81539
ctx9bssc,192,rwfonc3k,20-bargaining_tdl_main-482_1_2,RightPartner,we earn nothing,1787762325.4736972
ctx9bssc,217,fyhj2pre,20-bargaining_tdl_main-486_2_3,RightPartner,I am willing to say support each other.  I do the surveys for fun rather than income.,1787762325.7304146
ctx9bssc,186,w7uxbvak,20-bargaining_tdl_main-482_1_2,LeftPartner,what do you need to know,1787762328.0816765
ctx9bssc,215,3lmbslv2,20-bargaining_tdl_main-486_1_3,RightPartner,I'm intrigued as to what the result is going to be.,1787762328.8026252
ctx9bssc,217,fyhj2pre,20-bargaining_tdl_main-486_1_3,LeftPartner,I can tell you. I do surveys for fun rather than income so you two should support each other.,1787762347.969103
ctx9bssc,207,cd9olci9,20-bargaining_tdl_main-482_2_3,RightPartner,What about you,1787762350.3224025
ctx9bssc,216,f848sx6s,20-bargaining_tdl_main-486_2_3,LeftPartner,That's a good point. Should we just vote for the other 2 participants and not ourselves?,1787762359.7921999
ctx9bssc,215,3lmbslv2,20-bargaining_tdl_main-486_1_2,LeftPartner,Mmmmm I'm easy.,1787762360.0819361
ctx9bssc,186,w7uxbvak,20-bargaining_tdl_main-482_1_3,RightPartner,are you sure to support both of us,1787762371.9997165
ctx9bssc,192,rwfonc3k,20-bargaining_tdl_main-482_2_3,LeftPartner,that explains why you seem to be a go getter,1787762374.9834323
ctx9bssc,210,iilsw9nq,20-bargaining_tdl_main-487_1_2,RightPartner,"Hi there, let's come up with a strategy here to maximize our earnings. Do you know if we're only making this decision one time, or if we will be choosing who to support more than once?",1787762375.8283165
ctx9bssc,217,fyhj2pre,20-bargaining_tdl_main-486_2_3,RightPartner,I think you only get one vote so you should vote for orange,1787762379.1049922
ctx9bssc,215,3lmbslv2,20-bargaining_tdl_main-486_1_3,RightPartner,I also just do them for fun. And a little pocket money!,1787762380.0088816
ctx9bssc,186,w7uxbvak,20-bargaining_tdl_main-482_1_2,LeftPartner,are you sure to support both of us,1787762383.8003604
ctx9bssc,210,iilsw9nq,20-bargaining_tdl_main-487_2_3,LeftPartner,Testing... Testing... anyone out there?,1787762394.4278576
ctx9bssc,192,rwfonc3k,20-bargaining_tdl_main-482_1_2,RightPartner,"lifestyle, work, age etc",1787762403.1311672
ctx9bssc,215,3lmbslv2,20-bargaining_tdl_main-486_1_2,LeftPartner,Mellow Yellow :),1787762407.988528
ctx9bssc,230,l9lqctgq,20-bargaining_tdl_main-488_1_2,RightPartner,I intend to support purple,1787762412.5221164
ctx9bssc,217,fyhj2pre,20-bargaining_tdl_main-486_1_3,LeftPartner,Well I told orange to vote for you so if you vote for them hopefully you guys both get the 3 dollars,1787762412.6722648
ctx9bssc,221,uwezr3pz,20-bargaining_tdl_main-488_1_2,LeftPartner,hello,1787762416.15242
ctx9bssc,207,cd9olci9,20-bargaining_tdl_main-482_2_3,RightPartner,I like to be straightforward. It's a win win if we all choose to support both of the other 2,1787762416.342878
ctx9bssc,224,18uyuxks,20-bargaining_tdl_main-487_1_3,LeftPartner,"Hello, I'm the Purple participant.  I believe it is wise for each one of us to support one of the others, to maximize the chance that two of us can gain $3 each.  But I have no specific reason to favor Yellow over Orange, or vice-versa, so I will ""flip a coin"" to decide which one of you to support. That is just my personal strategy for this game.",1787762418.1020806
ctx9bssc,216,f848sx6s,20-bargaining_tdl_main-486_2_3,LeftPartner,"Oh my gosh, that's right I forgot. Ok, that's nice of you, I'll vote for orange.",1787762418.2879076
ctx9bssc,230,l9lqctgq,20-bargaining_tdl_main-488_2_3,LeftPartner,I intend to support you,1787762420.561187
ctx9bssc,210,iilsw9nq,20-bargaining_tdl_main-487_2_3,LeftPartner,"Do you know if we are making the choice (of who to support) more than once, or only one time?",1787762425.4194074
ctx9bssc,233,ufc6nglr,20-bargaining_tdl_main-488_2_3,RightPartner,I will support you if you support me,1787762427.8727539
ctx9bssc,233,ufc6nglr,20-bargaining_tdl_main-488_1_3,LeftPartner,I will support you if you support me.,1787762428.48587
ctx9bssc,230,l9lqctgq,20-bargaining_tdl_main-488_2_3,LeftPartner,done,1787762435.7901888
ctx9bssc,207,cd9olci9,20-bargaining_tdl_main-482_1_3,LeftPartner,"Yes, I am sure. That is the only way for all of us to win",1787762435.9652576
ctx9bssc,216,f848sx6s,20-bargaining_tdl_main-486_1_2,RightPartner,"Me too, it's not that big of a deal. I'm going to vote for you, if you'll vote for me,",1787762436.6126351
ctx9bssc,233,ufc6nglr,20-bargaining_tdl_main-488_2_3,RightPartner,done,1787762440.7123754
ctx9bssc,221,uwezr3pz,20-bargaining_tdl_main-488_1_2,LeftPartner,then i will be doing same,1787762442.7094586
ctx9bssc,217,fyhj2pre,20-bargaining_tdl_main-486_1_3,LeftPartner,"I gave up social media 2 years ago, this is what I do with my coffee instead :)  I like all the edu studies the most",1787762450.296675
ctx9bssc,230,l9lqctgq,20-bargaining_tdl_main-488_1_2,RightPartner,you are supporting purple and I am supporting purple?,1787762452.8847394
ctx9bssc,215,3lmbslv2,20-bargaining_tdl_main-486_1_2,LeftPartner,Okay I'll do that but I feel sorry for Purple now.,1787762453.5203586
ctx9bssc,230,l9lqctgq,20-bargaining_tdl_main-488_2_3,LeftPartner,do you understand how this works completely?,1787762466.2063932
ctx9bssc,221,uwezr3pz,20-bargaining_tdl_main-488_1_3,RightPartner,I think i will be doing same,1787762473.4272404
ctx9bssc,241,5rhq2t2c,20-bargaining_tdl_main-489_1_3,LeftPartner,Hi. Would you like to support each other?,1787762474.1508994
ctx9bssc,210,iilsw9nq,20-bargaining_tdl_main-487_1_2,RightPartner,Earth to Yellow? ,1787762474.487044
ctx9bssc,186,w7uxbvak,20-bargaining_tdl_main-482_1_2,LeftPartner,"I work in automotive plant, age =44, and single  you?",1787762475.0398202
ctx9bssc,148,tzi28p41,20-bargaining_tdl_main-487_1_2,LeftPartner,we should choose one person to support,1787762477.213179
ctx9bssc,217,fyhj2pre,20-bargaining_tdl_main-486_2_3,RightPartner,No worries. I gave up social media a couple years ago and this is what I do for fun with my coffee in the morning instead of scrolling.,1787762479.2165718
ctx9bssc,230,l9lqctgq,20-bargaining_tdl_main-488_1_2,RightPartner,do you understand how this all works completely?,1787762479.585255
ctx9bssc,233,ufc6nglr,20-bargaining_tdl_main-488_2_3,RightPartner,Yes its easy. Do you?,1787762481.2183099
ctx9bssc,233,ufc6nglr,20-bargaining_tdl_main-488_1_3,LeftPartner,done,1787762489.121701
ctx9bssc,230,l9lqctgq,20-bargaining_tdl_main-488_2_3,LeftPartner,yeah pretty straightforward,1787762490.9651597
ctx9bssc,186,w7uxbvak,20-bargaining_tdl_main-482_1_3,RightPartner,I understand- it makes sense,1787762491.9445057
ctx9bssc,224,18uyuxks,20-bargaining_tdl_main-487_2_3,RightPartner,"Hello, I'm the Purple participant. I believe it is wise for each one of us to support one of the others, to maximize the chance that two of us can gain $3 each. But I have no specific reason to favor Orange over Yellow, or vice-versa, so I will ""flip a coin"" to decide which one of you I'll support. That is just my personal strategy for this game.",1787762491.986294
ctx9bssc,221,uwezr3pz,20-bargaining_tdl_main-488_1_2,LeftPartner,I am also supporting purple,1787762497.9439864
ctx9bssc,215,3lmbslv2,20-bargaining_tdl_main-486_1_3,RightPartner,Orange says he'll vote for me if I vote for him. Now I don't know what to do because you seem unselfish.,1787762501.4244068
ctx9bssc,216,f848sx6s,20-bargaining_tdl_main-486_1_2,RightPartner,"I do too, but they don't seem to care about making money. I really don't either. What do you think?",1787762501.5820744
ctx9bssc,230,l9lqctgq,20-bargaining_tdl_main-488_2_3,LeftPartner,so we are ready to hit next?,1787762511.7092497
ctx9bssc,204,omupitzj,20-bargaining_tdl_main-489_1_2,LeftPartner,I will be supporting purple,1787762512.938682
ctx9bssc,230,l9lqctgq,20-bargaining_tdl_main-488_1_2,RightPartner,ok so we are ready to hit next?,1787762517.4527247
ctx9bssc,224,18uyuxks,20-bargaining_tdl_main-487_2_3,RightPartner,"(If I understand correctly that I can only choose to support one or the other, not both of you.)",1787762522.474193
ctx9bssc,210,iilsw9nq,20-bargaining_tdl_main-487_1_2,RightPartner,There you are. Hi. Okay. One person is always going to be the third wheel and odd man out. ,1787762522.4771984
ctx9bssc,217,fyhj2pre,20-bargaining_tdl_main-486_1_3,LeftPartner,I'm really not in need of the money.,1787762522.81937
ctx9bssc,186,w7uxbvak,20-bargaining_tdl_main-482_1_3,RightPartner,where do you live?,1787762526.4582064
ctx9bssc,192,rwfonc3k,20-bargaining_tdl_main-482_1_2,RightPartner,"I work in banking, mother of 2 and 49",1787762526.8489048
ctx9bssc,217,fyhj2pre,20-bargaining_tdl_main-486_2_3,RightPartner,Can I ask. What is your favorite food that you make for yourself?,1787762526.9208887
ctx9bssc,207,cd9olci9,20-bargaining_tdl_main-482_1_3,LeftPartner,Orange will have to agree though,1787762528.5514255
ctx9bssc,215,3lmbslv2,20-bargaining_tdl_main-486_1_2,LeftPartner,I just think Purple is trying to be unselfish.,1787762530.0590942
ctx9bssc,216,f848sx6s,20-bargaining_tdl_main-486_2_3,LeftPartner,That's good that you gave of sm. I also do this  because it's kind of fun.,1787762530.3674877
ctx9bssc,204,omupitzj,20-bargaining_tdl_main-489_1_3,RightPartner,Yes I will support you,1787762534.0776243
ctx9bssc,148,tzi28p41,20-bargaining_tdl_main-487_1_3,RightPartner,flip a coin,1787762537.8991988
ctx9bssc,229,yb1g2zcc,20-bargaining_tdl_main-490_1_3,LeftPartner,"Hi there, I am purple. Wondering if you will support me if I support you.",1787762538.612935
ctx9bssc,215,3lmbslv2,20-bargaining_tdl_main-486_1_3,RightPartner,Why do you bother with the surveys?,1787762538.9320264
ctx9bssc,221,uwezr3pz,20-bargaining_tdl_main-488_1_2,LeftPartner,not really 100% can you briefly explain ,1787762540.6342952
ctx9bssc,217,fyhj2pre,20-bargaining_tdl_main-486_1_3,LeftPartner,can I ask what your favorite homemade food is? ,1787762541.8882263
ctx9bssc,224,18uyuxks,20-bargaining_tdl_main-487_1_3,LeftPartner,"(If I understand correctly that I can only choose to support one or the other, or neither, but not both of you.)",1787762542.5041378
ctx9bssc,226,gqpdlovm,20-bargaining_tdl_main-490_2_3,LeftPartner,Hi,1787762545.222557
ctx9bssc,224,18uyuxks,20-bargaining_tdl_main-487_2_3,RightPartner,(one or the other or neither),1787762546.9926097
ctx9bssc,186,w7uxbvak,20-bargaining_tdl_main-482_1_2,LeftPartner,where do you live?,1787762548.0901318
ctx9bssc,226,gqpdlovm,20-bargaining_tdl_main-490_1_2,RightPartner,Hi,1787762549.3889256
ctx9bssc,234,4sqqasna,20-bargaining_tdl_main-489_2_3,LeftPartner,who are you planning on supporting?,1787762551.0313926
ctx9bssc,192,rwfonc3k,20-bargaining_tdl_main-482_2_3,LeftPartner,you seem trustable,1787762561.940359
ctx9bssc,204,omupitzj,20-bargaining_tdl_main-489_1_2,LeftPartner,Hi,1787762562.665664
ctx9bssc,229,yb1g2zcc,20-bargaining_tdl_main-490_2_3,RightPartner,"Hi there, I am purple. Wondering if you will support me if I support you.",1787762563.923209
ctx9bssc,221,uwezr3pz,20-bargaining_tdl_main-488_1_2,LeftPartner,yes I get it now,1787762563.9999833
ctx9bssc,230,l9lqctgq,20-bargaining_tdl_main-488_1_2,RightPartner,I am supporting purple on the next screen and you will also support purple on the next screen. you click next at the bottom right,1787762565.1090705
ctx9bssc,224,18uyuxks,20-bargaining_tdl_main-487_2_3,RightPartner,"If that understanding is correct, I will randomly select which one of you to support.",1787762565.1132147
ctx9bssc,234,4sqqasna,20-bargaining_tdl_main-489_1_2,RightPartner,hello,1787762565.356862
ctx9bssc,215,3lmbslv2,20-bargaining_tdl_main-486_1_3,RightPartner,Mmmmm.... let me think. Jamie Oliver's chicken pie! Very British but very delicious.,1787762566.2504606
ctx9bssc,241,5rhq2t2c,20-bargaining_tdl_main-489_1_3,LeftPartner,awesome I will plan on supporting you too,1787762566.9898603
ctx9bssc,230,l9lqctgq,20-bargaining_tdl_main-488_1_2,RightPartner,ok cool thanks,1787762573.3462634
ctx9bssc,186,w7uxbvak,20-bargaining_tdl_main-482_1_3,RightPartner,yes - I think they will,1787762573.9643548
ctx9bssc,192,rwfonc3k,20-bargaining_tdl_main-482_1_2,RightPartner,Minnesota,1787762575.037193
ctx9bssc,148,tzi28p41,20-bargaining_tdl_main-487_1_2,LeftPartner,should we take a vote?,1787762575.371544
ctx9bssc,224,18uyuxks,20-bargaining_tdl_main-487_1_3,LeftPartner,"If that understanding is correct, I will randomly select which one of you to support.",1787762578.172137
ctx9bssc,241,5rhq2t2c,20-bargaining_tdl_main-489_2_3,RightPartner,Im not sure yet,1787762578.3310385
ctx9bssc,217,fyhj2pre,20-bargaining_tdl_main-486_1_3,LeftPartner,I just dump the money in my slush fund.  I am a research scientist and I like looking at what and how it is being asked,1787762579.0253258
ctx9bssc,215,3lmbslv2,20-bargaining_tdl_main-486_1_2,LeftPartner,Purple is chatting about favorite foods now. ,1787762581.289108
ctx9bssc,226,gqpdlovm,20-bargaining_tdl_main-490_2_3,LeftPartner,Yes I will,1787762581.687841
ctx9bssc,192,rwfonc3k,20-bargaining_tdl_main-482_1_2,RightPartner,and you?,1787762582.5596285
ctx9bssc,210,iilsw9nq,20-bargaining_tdl_main-487_2_3,LeftPartner,"I know we only choose one person to support but do you know if we will choose more than one time, or if we are making this choice one time?",1787762585.3806658
ctx9bssc,204,omupitzj,20-bargaining_tdl_main-489_1_2,LeftPartner,Would you like to support each other,1787762585.9383228
ctx9bssc,216,f848sx6s,20-bargaining_tdl_main-486_2_3,LeftPartner,"I like to make Italian style potato soup, what about you?",1787762585.9805691
ctx9bssc,223,aq87z4wt,20-bargaining_tdl_main-490_1_3,RightPartner,"Hi. This is a real game of trust, isn't it?",1787762589.1592941
ctx9bssc,234,4sqqasna,20-bargaining_tdl_main-489_1_2,RightPartner,yes support me and i'll support you ,1787762591.9801254
ctx9bssc,204,omupitzj,20-bargaining_tdl_main-489_1_3,RightPartner,ok,1787762595.026829
ctx9bssc,186,w7uxbvak,20-bargaining_tdl_main-482_1_2,LeftPartner,Michigan,1787762595.056919
ctx9bssc,217,fyhj2pre,20-bargaining_tdl_main-486_2_3,RightPartner,Is that a creamy of broth soup,1787762596.2867439
ctx9bssc,204,omupitzj,20-bargaining_tdl_main-489_1_2,LeftPartner,ok,1787762601.2042663
ctx9bssc,241,5rhq2t2c,20-bargaining_tdl_main-489_2_3,RightPartner,what about you,1787762604.469695
ctx9bssc,217,fyhj2pre,20-bargaining_tdl_main-486_1_3,LeftPartner,Is that like a chicken pot pie? pastry or regular crust?,1787762614.5057387
ctx9bssc,223,aq87z4wt,20-bargaining_tdl_main-490_1_2,LeftPartner,Hi. What are your thoughts on this game?,1787762615.166121
ctx9bssc,216,f848sx6s,20-bargaining_tdl_main-486_1_2,RightPartner,I'm fine with whatever you decide. But I'd hate for all of us to get 0.,1787762619.8581579
ctx9bssc,217,fyhj2pre,20-bargaining_tdl_main-486_2_3,RightPartner,so very yummy then,1787762623.8844752
ctx9bssc,207,cd9olci9,20-bargaining_tdl_main-482_2_3,RightPartner,"I am. This way, we all win. Yellow hs agreed too",1787762626.14086
ctx9bssc,224,18uyuxks,20-bargaining_tdl_main-487_2_3,RightPartner,"Hmm, I am not sure if we will get a second decision opportunity or not.  I forgot if the instructions explained that or not.",1787762629.7676895
ctx9bssc,229,yb1g2zcc,20-bargaining_tdl_main-490_2_3,RightPartner,"Thank you, a deal.  Let's support each other and earn the money.",1787762629.8423724
ctx9bssc,215,3lmbslv2,20-bargaining_tdl_main-486_1_3,RightPartner,Okay! I'm just a housewife and a homeschool teacher. But I'm really not doing it for the money either. Also just coffee time!,1787762630.519137
ctx9bssc,217,fyhj2pre,20-bargaining_tdl_main-486_2_3,RightPartner,creamy OR broth,1787762634.249223
ctx9bssc,148,tzi28p41,20-bargaining_tdl_main-487_1_3,RightPartner,okay,1787762637.8267403
ctx9bssc,215,3lmbslv2,20-bargaining_tdl_main-486_1_2,LeftPartner,Yes that's true!,1787762641.1678095
ctx9bssc,229,yb1g2zcc,20-bargaining_tdl_main-490_1_3,LeftPartner,I guess so.,1787762642.2092776
ctx9bssc,226,gqpdlovm,20-bargaining_tdl_main-490_1_2,RightPartner,It's okay I guess. What do you think of this game?,1787762642.8486292
ctx9bssc,216,f848sx6s,20-bargaining_tdl_main-486_2_3,LeftPartner,"No, its a tomato based broth soup. What about you?",1787762643.763836
ctx9bssc,226,gqpdlovm,20-bargaining_tdl_main-490_2_3,LeftPartner,Great,1787762651.0828435
ctx9bssc,217,fyhj2pre,20-bargaining_tdl_main-486_2_3,RightPartner,"Oh, much different than I was thinking",1787762654.7950675
ctx9bssc,215,3lmbslv2,20-bargaining_tdl_main-486_1_3,RightPartner,Puff pastry over the top.  Really yummy!,1787762663.4860928
ctx9bssc,216,f848sx6s,20-bargaining_tdl_main-486_1_2,RightPartner,Do you want to vote for each other?,1787762667.3127568
ctx9bssc,223,aq87z4wt,20-bargaining_tdl_main-490_1_2,LeftPartner,pretty much a game of trust,1787762670.485049
ctx9bssc,217,fyhj2pre,20-bargaining_tdl_main-486_2_3,RightPartner,golden curry with dikon and chicken and carrots,1787762673.1638646
ctx9bssc,210,iilsw9nq,20-bargaining_tdl_main-487_1_2,RightPartner,"Purple is going to flip a coin. I think that is fair, and probably the only way to do this fairly so no one is intentionally unpaid. I am leaving it up to a coin flip too. HEADS is I choose YELLOW and TAILS is I choose PURPLE. How does that sound to you? ",1787762678.5393443
ctx9bssc,215,3lmbslv2,20-bargaining_tdl_main-486_1_2,LeftPartner,Purple is saying I must vote for you. So maybe I will. ,1787762684.0830843
ctx9bssc,217,fyhj2pre,20-bargaining_tdl_main-486_1_3,LeftPartner,"That is british. I make a lot of pies, but never savory ones",1787762688.8024657
ctx9bssc,226,gqpdlovm,20-bargaining_tdl_main-490_1_2,RightPartner,True. Will you support me if i support you?,1787762689.95947
ctx9bssc,217,fyhj2pre,20-bargaining_tdl_main-486_1_3,LeftPartner,and puff pastry is so much work ,1787762700.5732133
ctx9bssc,216,f848sx6s,20-bargaining_tdl_main-486_2_3,LeftPartner,"Ooh, that sounds great! I""m not the best cook. So, what did you decide about voting?",1787762700.5770824
ctx9bssc,148,tzi28p41,20-bargaining_tdl_main-487_1_2,LeftPartner,it is okay,1787762703.571032
ctx9bssc,224,18uyuxks,20-bargaining_tdl_main-487_2_3,RightPartner,"Note: At the end of this chat I may be required to choose a pre-written message. If that message contradicts or conflicts with what I wrote above, I will adhere to the strategy that I wrote above.",1787762704.4878318
ctx9bssc,215,3lmbslv2,20-bargaining_tdl_main-486_1_3,RightPartner,Okay! Like apple pies?,1787762706.985406
ctx9bssc,215,3lmbslv2,20-bargaining_tdl_main-486_1_3,RightPartner,Well I just buy store bought and it's quick and easy and works every time.,1787762727.0373728
ctx9bssc,216,f848sx6s,20-bargaining_tdl_main-486_1_2,RightPartner,Maybe they'll give us an option at the end to share with the person who got 0?,1787762727.129571
ctx9bssc,217,fyhj2pre,20-bargaining_tdl_main-486_2_3,RightPartner,"Oh I am going to vote for no one, and you guys should vote for each other then you both get the 3 dollars.",1787762727.1325836
ctx9bssc,224,18uyuxks,20-bargaining_tdl_main-487_1_3,LeftPartner,"Note: At the end of this chat I may be required to choose a pre-written message. If that message contradicts or conflicts with what I wrote above, I will adhere to the strategy that I wrote above.",1787762734.1412446
ctx9bssc,215,3lmbslv2,20-bargaining_tdl_main-486_1_2,LeftPartner,That would be good yes!,1787762740.9585984
ctx9bssc,210,iilsw9nq,20-bargaining_tdl_main-487_2_3,LeftPartner,"Me too. Okay, well, either way, I think your strategy is the only fair one. It's the only way to randomize our choice and make sure we aren't intentionally targeting any one person to not get paid. I will do the coin flip too. HEADS = yellow TAILS = you, purple.",1787762743.2956812
ctx9bssc,215,3lmbslv2,20-bargaining_tdl_main-486_1_2,LeftPartner,Chat time is nearly up. ,1787762756.567705
ctx9bssc,216,f848sx6s,20-bargaining_tdl_main-486_2_3,LeftPartner,"That really is nice of you. I'm ok with doing it, but feel kind of bad about it. I hope they'll give us the option to share at the end!",1787762762.5738895
ctx9bssc,217,fyhj2pre,20-bargaining_tdl_main-486_1_3,LeftPartner,"Yes apple, and so many more.  My favorite apple is a dutch sour cream apple pie that has the smallest tart custart in between the layers",1787762764.1870744
ctx9bssc,210,iilsw9nq,20-bargaining_tdl_main-487_2_3,LeftPartner,Good thinking ahead. I too will adhere to the strategy regardless of the message. ,1787762764.4203215
ctx9bssc,215,3lmbslv2,20-bargaining_tdl_main-486_1_2,LeftPartner,Cheerio!,1787762764.9487767
ctx9bssc,210,iilsw9nq,20-bargaining_tdl_main-487_1_2,RightPartner,Okay... cool. ,1787762772.4201775
ctx9bssc,224,18uyuxks,20-bargaining_tdl_main-487_1_3,LeftPartner,"In that final message, I may or may not reveal whom I intend to support. In any case I intend to determine my choice randomly.",1787762780.5990698
ctx9bssc,224,18uyuxks,20-bargaining_tdl_main-487_2_3,RightPartner,"In that final message, I may or may not reveal whom I intend to support. In any case I intend to determine my choice randomly.",1787762799.5112474
ctx9bssc,148,tzi28p41,20-bargaining_tdl_main-487_1_3,RightPartner,cool,1787762806.903383
ctx9bssc,224,18uyuxks,20-bargaining_tdl_main-487_2_3,RightPartner,"In messaging, I prefer NOT to reveal whom I intend to support.",1787762813.8641584
ctx9bssc,210,iilsw9nq,20-bargaining_tdl_main-487_2_3,LeftPartner,"Yellow has not been as involved as you, and only making replies that are a couple of words. To be honest, I think you deserve the $3 more... ",1787762823.7139626
ctx9bssc,224,18uyuxks,20-bargaining_tdl_main-487_1_3,LeftPartner,"In messaging, I prefer NOT to reveal whom I intend to support.",1787762825.0609207
ctx9bssc,210,iilsw9nq,20-bargaining_tdl_main-487_2_3,LeftPartner,"so, you know what, I take back my coin flip strategy. I am choosing YOU, and you may choose whomever you like. ",1787762849.0508037
ctx9bssc,224,18uyuxks,20-bargaining_tdl_main-487_2_3,RightPartner,"Thanks but that's OK, I prefer to equalize opportunities in games like this, so I'll refrain from accepting any bias in my favor :-)",1787762855.9507477
ctx9bssc,239,10kjqcqq,20-bargaining_tdl_main-491_2_3,LeftPartner,Hello,1787762856.4990382
ctx9bssc,239,10kjqcqq,20-bargaining_tdl_main-491_1_2,RightPartner,Hello,1787762860.8297102
ctx9bssc,224,18uyuxks,20-bargaining_tdl_main-487_2_3,RightPartner,"Thanks, appreciated bu I will still adhere to my random selection strategy. Thanks!",1787762880.501806
ctx9bssc,224,18uyuxks,20-bargaining_tdl_main-487_2_3,RightPartner,*but,1787762883.9592674
ctx9bssc,239,10kjqcqq,20-bargaining_tdl_main-491_1_2,RightPartner,Let's choose each other,1787762886.487656
ctx9bssc,235,obugpkfi,20-bargaining_tdl_main-491_1_2,LeftPartner,"Yes, let's choose each other.",1787762910.7891397
ctx9bssc,245,j7qgxcp6,20-bargaining_tdl_main-492_1_2,LeftPartner,Hello! How are you,1787762921.2249053
ctx9bssc,245,j7qgxcp6,20-bargaining_tdl_main-492_1_3,RightPartner,Hello! how are you?,1787762927.574708
ctx9bssc,246,9hwvwoi1,20-bargaining_tdl_main-492_1_2,RightPartner,"hi i am great, how are you",1787762932.5217583
ctx9bssc,235,obugpkfi,20-bargaining_tdl_main-491_1_2,LeftPartner,"The purple participant has left the chat, this makes it easier for us to work together.",1787762946.1526256
ctx9bssc,245,j7qgxcp6,20-bargaining_tdl_main-492_1_2,LeftPartner,Good to hear that I'm doing good,1787762947.6135247
ctx9bssc,246,9hwvwoi1,20-bargaining_tdl_main-492_1_2,RightPartner,awesome :),1787762963.4899278
ctx9bssc,245,j7qgxcp6,20-bargaining_tdl_main-492_1_2,LeftPartner,Who do you want to support for the game?,1787762967.8066435
ctx9bssc,246,9hwvwoi1,20-bargaining_tdl_main-492_1_2,RightPartner,i support you :),1787762976.9036043
ctx9bssc,239,10kjqcqq,20-bargaining_tdl_main-491_1_2,RightPartner,Yeah it is easier for us now,1787762982.6397917
ctx9bssc,245,j7qgxcp6,20-bargaining_tdl_main-492_1_2,LeftPartner,Really aw thanks,1787762987.0651038
ctx9bssc,245,j7qgxcp6,20-bargaining_tdl_main-492_1_2,LeftPartner,:),1787762988.5204787
ctx9bssc,246,9hwvwoi1,20-bargaining_tdl_main-492_1_2,RightPartner,i would love it if you could support me as well,1787762999.6394596
ctx9bssc,245,j7qgxcp6,20-bargaining_tdl_main-492_1_2,LeftPartner,in that case I support you too,1787763001.4213703
ctx9bssc,246,9hwvwoi1,20-bargaining_tdl_main-492_1_2,RightPartner,great then we can both make the 3 dollars lol,1787763012.3010714
ctx9bssc,235,obugpkfi,20-bargaining_tdl_main-491_1_2,LeftPartner,Good.,1787763015.9812014
ctx9bssc,245,j7qgxcp6,20-bargaining_tdl_main-492_1_2,LeftPartner,ready to earn some big bucks?,1787763018.3283496
ctx9bssc,246,9hwvwoi1,20-bargaining_tdl_main-492_1_2,RightPartner,oh yea lets do it,1787763024.5920901
ctx9bssc,245,j7qgxcp6,20-bargaining_tdl_main-492_1_2,LeftPartner,(I love prolific),1787763026.0817394
ctx9bssc,246,9hwvwoi1,20-bargaining_tdl_main-492_1_2,RightPartner,me too haha,1787763032.1569295
ctx9bssc,245,j7qgxcp6,20-bargaining_tdl_main-492_1_2,LeftPartner,:D,1787763033.0593162
ctx9bssc,239,10kjqcqq,20-bargaining_tdl_main-491_1_2,RightPartner,Where are you from?,1787763073.6870446
ctx9bssc,235,obugpkfi,20-bargaining_tdl_main-491_1_2,LeftPartner,"I'm from Los Angeles, what about you?",1787763109.6325073
ctx9bssc,239,10kjqcqq,20-bargaining_tdl_main-491_1_2,RightPartner,That's cool,1787763136.2247844
ctx9bssc,239,10kjqcqq,20-bargaining_tdl_main-491_1_2,RightPartner,Orlando Florida,1787763143.1212351
ctx9bssc,239,10kjqcqq,20-bargaining_tdl_main-491_1_2,RightPartner,How's the weather there,1787763162.6870887
ctx9bssc,235,obugpkfi,20-bargaining_tdl_main-491_1_2,LeftPartner,"It's sunny now, I am enjoying it actually.",1787763290.768103
ctx9bssc,235,obugpkfi,20-bargaining_tdl_main-491_1_2,LeftPartner,How about in Orlando?,1787763308.3255002
ctx9bssc,248,1zy2yxt4,20-bargaining_tdl_main-493_2_3,RightPartner,I will support whoever is left!,1787763320.6773248
ctx9bssc,243,0nfvn3dv,20-bargaining_tdl_main-493_2_3,LeftPartner,Hi ,1787763326.2788262
ctx9bssc,248,1zy2yxt4,20-bargaining_tdl_main-493_2_3,RightPartner,hello!,1787763333.1266353
ctx9bssc,243,0nfvn3dv,20-bargaining_tdl_main-493_2_3,LeftPartner,We'll support each other definitely,1787763352.267597
ctx9bssc,248,1zy2yxt4,20-bargaining_tdl_main-493_2_3,RightPartner,Want to pair up in support?,1787763352.676578
ctx9bssc,243,0nfvn3dv,20-bargaining_tdl_main-493_2_3,LeftPartner,yes,1787763358.6476228
ctx9bssc,248,1zy2yxt4,20-bargaining_tdl_main-493_2_3,RightPartner,For sure!,1787763358.7595937
ctx9bssc,239,10kjqcqq,20-bargaining_tdl_main-491_1_2,RightPartner,It's also sunny here,1787763362.1254978
ctx9bssc,248,1zy2yxt4,20-bargaining_tdl_main-493_2_3,RightPartner,I got you!,1787763363.1331978
ctx9bssc,248,1zy2yxt4,20-bargaining_tdl_main-493_2_3,RightPartner,I suppose we can move on now,1787763382.8827653
ctx9bssc,235,obugpkfi,20-bargaining_tdl_main-491_1_2,LeftPartner,"Good, the countdown is almost done.",1787763395.9522128
ctx9bssc,239,10kjqcqq,20-bargaining_tdl_main-491_1_2,RightPartner,Yes nice to meet you,1787763412.440881
ctx9bssc,235,obugpkfi,20-bargaining_tdl_main-491_1_2,LeftPartner,Nice to meet you too,1787763431.1682577
02b4rmbq,1,eshey7x5,21-bargaining_tdl_main-494_1_2,LeftPartner,What you thinking,1787764916.4782457
02b4rmbq,1,eshey7x5,21-bargaining_tdl_main-494_1_3,RightPartner,what are you thinking,1787764920.9585967
02b4rmbq,7,o1j9i46x,21-bargaining_tdl_main-494_1_3,LeftPartner,Hello! Are you more open to being fair and everyone getting 0 or trying to win a bonus? ,1787764930.4658823
02b4rmbq,2,ds3s3oee,21-bargaining_tdl_main-494_1_2,RightPartner,"Is there any agenda we should discuss, or just support anyone based on this conversation w/o specific topic?",1787764938.4202027
02b4rmbq,2,ds3s3oee,21-bargaining_tdl_main-494_2_3,LeftPartner,Hi,1787764942.6966825
02b4rmbq,7,o1j9i46x,21-bargaining_tdl_main-494_2_3,RightPartner,Are you open to everyone getting 0 or trying to win a bonus?,1787764950.6986434
02b4rmbq,2,ds3s3oee,21-bargaining_tdl_main-494_2_3,LeftPartner,Trying to win a bonus,1787764961.6792085
02b4rmbq,1,eshey7x5,21-bargaining_tdl_main-494_1_2,LeftPartner,I vote we try to be as fair as possible,1787764966.8147554
02b4rmbq,1,eshey7x5,21-bargaining_tdl_main-494_1_3,RightPartner,Im open to fairness all the way around,1787764969.7002876
02b4rmbq,7,o1j9i46x,21-bargaining_tdl_main-494_2_3,RightPartner,You've responded faster than yellow so i'm open to voting for you and vise versa,1787764983.7064795
02b4rmbq,2,ds3s3oee,21-bargaining_tdl_main-494_1_2,RightPartner,Okay,1787764993.5145178
02b4rmbq,15,oc7akzj8,21-bargaining_tdl_main-495_2_3,RightPartner,I am supporting orange!,1787764996.2963948
02b4rmbq,2,ds3s3oee,21-bargaining_tdl_main-494_1_2,RightPartner,I think we should support at least to earn extra,1787765005.2963624
02b4rmbq,7,o1j9i46x,21-bargaining_tdl_main-494_1_3,LeftPartner,You're absolutely positive you wouldn't like a bonus?,1787765006.1229365
02b4rmbq,10,k0ofb984,21-bargaining_tdl_main-495_2_3,LeftPartner,Okay I will support you,1787765008.186928
02b4rmbq,15,oc7akzj8,21-bargaining_tdl_main-495_2_3,RightPartner,I suggest you support purple! Yellow has left,1787765012.3946838
02b4rmbq,1,eshey7x5,21-bargaining_tdl_main-494_1_2,LeftPartner,Lets make a plan. How should we vote?,1787765013.165925
02b4rmbq,10,k0ofb984,21-bargaining_tdl_main-495_2_3,LeftPartner,Yellow left the chat,1787765015.1940422
02b4rmbq,2,ds3s3oee,21-bargaining_tdl_main-494_2_3,LeftPartner,oh,1787765024.3660483
02b4rmbq,10,k0ofb984,21-bargaining_tdl_main-495_2_3,LeftPartner,Okay we will just support each other,1787765027.720124
02b4rmbq,2,ds3s3oee,21-bargaining_tdl_main-494_2_3,LeftPartner,I mean why not,1787765032.629586
02b4rmbq,1,eshey7x5,21-bargaining_tdl_main-494_1_3,RightPartner,I would of course but if we all vote fair we all walk away with something. ,1787765034.4378219
02b4rmbq,2,ds3s3oee,21-bargaining_tdl_main-494_1_2,RightPartner,I am open to any suggestion,1787765043.1976771
02b4rmbq,7,o1j9i46x,21-bargaining_tdl_main-494_2_3,RightPartner,"Okay! They'd prefer everyone get a 0, allegedly ",1787765046.4294286
02b4rmbq,7,o1j9i46x,21-bargaining_tdl_main-494_2_3,RightPartner,So if we vote for each other then we'd both get a bonus,1787765058.7311213
02b4rmbq,1,eshey7x5,21-bargaining_tdl_main-494_1_2,LeftPartner,So we agree to support every color?,1787765061.2157795
02b4rmbq,16,gkdl0spg,21-bargaining_tdl_main-496_2_3,RightPartner,hi,1787765063.7197633
02b4rmbq,2,ds3s3oee,21-bargaining_tdl_main-494_2_3,LeftPartner,Yes I agree,1787765064.16053
02b4rmbq,6,qhyi4mjm,21-bargaining_tdl_main-496_2_3,LeftPartner,Hello,1787765066.7087677
02b4rmbq,16,gkdl0spg,21-bargaining_tdl_main-496_1_3,LeftPartner,hi,1787765066.8679686
02b4rmbq,6,qhyi4mjm,21-bargaining_tdl_main-496_1_2,RightPartner,Hello,1787765069.6153116
02b4rmbq,2,ds3s3oee,21-bargaining_tdl_main-494_1_2,RightPartner,I though we can only support one?,1787765070.6760352
02b4rmbq,5,3qqizm7j,21-bargaining_tdl_main-496_1_3,RightPartner,hello,1787765070.952002
02b4rmbq,5,3qqizm7j,21-bargaining_tdl_main-496_1_2,LeftPartner,hello,1787765072.863715
02b4rmbq,16,gkdl0spg,21-bargaining_tdl_main-496_2_3,RightPartner,should we support eachother,1787765078.980798
02b4rmbq,2,ds3s3oee,21-bargaining_tdl_main-494_2_3,LeftPartner,Do we need to fill 10 whole minutes?,1787765081.269876
02b4rmbq,1,eshey7x5,21-bargaining_tdl_main-494_1_2,LeftPartner,Oh you prob are right. ,1787765083.536306
02b4rmbq,7,o1j9i46x,21-bargaining_tdl_main-494_1_3,LeftPartner,"Interesting, I respect your opinion",1787765085.4922857
02b4rmbq,5,3qqizm7j,21-bargaining_tdl_main-496_1_3,RightPartner,I think we should support each other,1787765087.9498587
02b4rmbq,16,gkdl0spg,21-bargaining_tdl_main-496_1_3,LeftPartner,should we support eachother,1787765089.8409932
02b4rmbq,2,ds3s3oee,21-bargaining_tdl_main-494_2_3,LeftPartner,I am not sure 'Next' button is available now,1787765092.3630598
02b4rmbq,7,o1j9i46x,21-bargaining_tdl_main-494_2_3,RightPartner,"No, you can click next when done it's in the instructions",1787765095.4016325
02b4rmbq,16,gkdl0spg,21-bargaining_tdl_main-496_1_3,LeftPartner,im down to support,1787765096.888513
02b4rmbq,6,qhyi4mjm,21-bargaining_tdl_main-496_2_3,LeftPartner,You know Purple is my favorite color...seems like a plan to me.,1787765102.7258754
02b4rmbq,2,ds3s3oee,21-bargaining_tdl_main-494_2_3,LeftPartner,Oh,1787765109.2221186
02b4rmbq,2,ds3s3oee,21-bargaining_tdl_main-494_2_3,LeftPartner,yellow left,1787765110.7027538
02b4rmbq,2,ds3s3oee,21-bargaining_tdl_main-494_2_3,LeftPartner,I think we're good,1787765114.5156646
02b4rmbq,16,gkdl0spg,21-bargaining_tdl_main-496_2_3,RightPartner,okay sounds good,1787765123.2324212
02b4rmbq,5,3qqizm7j,21-bargaining_tdl_main-496_1_3,RightPartner,are you going to support orange,1787765123.7696497
02b4rmbq,16,gkdl0spg,21-bargaining_tdl_main-496_1_3,LeftPartner,maybe if they will support me,1787765142.9920456
02b4rmbq,6,qhyi4mjm,21-bargaining_tdl_main-496_1_2,RightPartner,Any thoughts on who you want to support?,1787765146.139321
02b4rmbq,5,3qqizm7j,21-bargaining_tdl_main-496_1_3,RightPartner,maybe we should alternate support so we all get money,1787765156.9641044
02b4rmbq,5,3qqizm7j,21-bargaining_tdl_main-496_1_2,LeftPartner,we should alternate who we support so we all get money,1787765165.8338127
02b4rmbq,16,gkdl0spg,21-bargaining_tdl_main-496_1_3,LeftPartner,true thats a good idea,1787765167.7619202
02b4rmbq,13,0pkddurv,21-bargaining_tdl_main-497_1_3,RightPartner,Hello there. Have any strategy behind this game?\,1787765172.2701206
02b4rmbq,19,r6o7zdnx,21-bargaining_tdl_main-497_1_2,RightPartner,Thoughts?,1787765182.633516
02b4rmbq,19,r6o7zdnx,21-bargaining_tdl_main-497_2_3,LeftPartner,Thoughts?,1787765188.7976167
02b4rmbq,13,0pkddurv,21-bargaining_tdl_main-497_1_2,LeftPartner,Hey there. What's your strategy?,1787765189.223917
02b4rmbq,20,0xvfp8gt,21-bargaining_tdl_main-497_1_3,LeftPartner,This is a bit like Survivor.  Only two can win and probably no one unless someone agrees to lose.,1787765191.0851343
02b4rmbq,13,0pkddurv,21-bargaining_tdl_main-497_1_2,LeftPartner,Sorry. Took a second to send,1787765201.2516615
02b4rmbq,6,qhyi4mjm,21-bargaining_tdl_main-496_1_2,RightPartner,"Sounds like a plan, I am planning to support Purple first, so that way you and purple second or you and I second.",1787765210.6350064
02b4rmbq,13,0pkddurv,21-bargaining_tdl_main-497_1_3,RightPartner,Exactly. Hmm,1787765212.4468544
02b4rmbq,19,r6o7zdnx,21-bargaining_tdl_main-497_1_2,RightPartner,Support each other? Haven't heard from Purple,1787765215.1602764
02b4rmbq,5,3qqizm7j,21-bargaining_tdl_main-496_1_2,LeftPartner,that sounds like a plan,1787765231.5139792
02b4rmbq,13,0pkddurv,21-bargaining_tdl_main-497_1_3,RightPartner,This is my first time doing a game like this,1787765232.6555068
02b4rmbq,5,3qqizm7j,21-bargaining_tdl_main-496_1_3,RightPartner,support orange first then me every other round,1787765242.6671863
02b4rmbq,20,0xvfp8gt,21-bargaining_tdl_main-497_2_3,RightPartner,"Its a bit like Survivor,  Only two can win and probably no one unless someone agrees to lose.",1787765246.6839874
02b4rmbq,13,0pkddurv,21-bargaining_tdl_main-497_1_2,LeftPartner,Purple is chatting with me. I'd be ok with supporting each other,1787765258.700161
02b4rmbq,6,qhyi4mjm,21-bargaining_tdl_main-496_2_3,LeftPartner,"So if there are enough rounds, I suggest you and I, then you and yellow, then yellow n I. That way we all even out.",1787765269.518273
02b4rmbq,20,0xvfp8gt,21-bargaining_tdl_main-497_1_3,LeftPartner,Ive had similar but this is pretty unique.,1787765270.8033955
02b4rmbq,13,0pkddurv,21-bargaining_tdl_main-497_1_2,LeftPartner,"Just to confirm, I'll choose to support orange",1787765288.4637518
02b4rmbq,19,r6o7zdnx,21-bargaining_tdl_main-497_1_2,RightPartner,Purple just sent a reply. You replied first so I'm in to support each other,1787765292.0121222
02b4rmbq,19,r6o7zdnx,21-bargaining_tdl_main-497_1_2,RightPartner,I'll support yellow,1787765299.249467
02b4rmbq,13,0pkddurv,21-bargaining_tdl_main-497_1_2,LeftPartner,Ok. I'm locked in to that idea,1787765318.9284704
02b4rmbq,25,sofyq1n8,21-bargaining_tdl_main-500_2_3,LeftPartner,Hi there how are you,1787766525.6629057
02b4rmbq,25,sofyq1n8,21-bargaining_tdl_main-500_1_2,RightPartner,"Hi Yellow, how are you",1787766532.3695312
02b4rmbq,26,3ktizipc,21-bargaining_tdl_main-500_2_3,RightPartner,"hello, I'm good. How are you?",1787766538.6793334
02b4rmbq,26,3ktizipc,21-bargaining_tdl_main-500_1_3,LeftPartner,Hello! How are you today?,1787766549.191787
02b4rmbq,24,s62ijamk,21-bargaining_tdl_main-500_1_2,LeftPartner,Hi orange! I'm good how are you?,1787766552.129712
02b4rmbq,24,s62ijamk,21-bargaining_tdl_main-500_1_3,RightPartner,Hi there! I'm good how are you?,1787766567.0611355
02b4rmbq,25,sofyq1n8,21-bargaining_tdl_main-500_2_3,LeftPartner,"I am doing good, have you done this before",1787766603.861425
02b4rmbq,26,3ktizipc,21-bargaining_tdl_main-500_1_3,LeftPartner,"Pretty good, thanks! Have you done this before?",1787766614.370581
02b4rmbq,25,sofyq1n8,21-bargaining_tdl_main-500_1_2,RightPartner,"Doing good, is this your first time doing this type of game",1787766614.5689008
02b4rmbq,26,3ktizipc,21-bargaining_tdl_main-500_2_3,RightPartner,I haven't. What about you?,1787766634.6145754
02b4rmbq,25,sofyq1n8,21-bargaining_tdl_main-500_2_3,LeftPartner,No I have not either...seems a little silly to me. You?,1787766650.4217114
02b4rmbq,31,xc71cjqn,21-bargaining_tdl_main-501_1_3,RightPartner,hi!,1787767474.170962
02b4rmbq,33,c5yrq4v0,21-bargaining_tdl_main-501_1_2,RightPartner,I'll vote for you if you vote for me,1787767476.1743934
02b4rmbq,34,7h3icvpe,21-bargaining_tdl_main-501_1_3,LeftPartner,hi!,1787767480.792335
02b4rmbq,34,7h3icvpe,21-bargaining_tdl_main-501_2_3,RightPartner,hello,1787767485.9511094
02b4rmbq,31,xc71cjqn,21-bargaining_tdl_main-501_1_2,LeftPartner,hi! im down for that!,1787767486.4223065
02b4rmbq,31,xc71cjqn,21-bargaining_tdl_main-501_1_3,RightPartner,how are oyu?,1787767492.3636465
02b4rmbq,33,c5yrq4v0,21-bargaining_tdl_main-501_2_3,LeftPartner,hi,1787767493.6865797
02b4rmbq,33,c5yrq4v0,21-bargaining_tdl_main-501_1_2,RightPartner,awesome,1787767505.2971187
02b4rmbq,34,7h3icvpe,21-bargaining_tdl_main-501_1_3,LeftPartner,im godd.  just finished lunch. how are you?,1787767515.8828998
02b4rmbq,34,7h3icvpe,21-bargaining_tdl_main-501_1_3,LeftPartner,good*,1787767520.5336971
02b4rmbq,31,xc71cjqn,21-bargaining_tdl_main-501_1_3,RightPartner,smae here!,1787767546.5787487
02b4rmbq,31,xc71cjqn,21-bargaining_tdl_main-501_1_3,RightPartner,same,1787767548.1824963
02b4rmbq,34,7h3icvpe,21-bargaining_tdl_main-501_1_3,LeftPartner,purple left the chat quickly.  i guess they dont care for extra money?,1787767559.7138448
02b4rmbq,36,jw1j0niw,21-bargaining_tdl_main-502_1_3,LeftPartner,HI YELLOW,1787767739.3087368
02b4rmbq,36,jw1j0niw,21-bargaining_tdl_main-502_2_3,RightPartner,HI ORANGE,1787767744.8711324
02b4rmbq,35,0szi2pq2,21-bargaining_tdl_main-502_2_3,LeftPartner,"Hey Purple, How are you?",1787767753.759794
02b4rmbq,32,y3546ftk,21-bargaining_tdl_main-502_1_2,LeftPartner,Hello! how are you?,1787767756.0482934
02b4rmbq,35,0szi2pq2,21-bargaining_tdl_main-502_1_2,RightPartner,Hey Yellow! How are you?,1787767761.6843119
02b4rmbq,36,jw1j0niw,21-bargaining_tdl_main-502_2_3,RightPartner,I'm sick I need oranges to feel better. I think ill support you,1787767764.0072489
02b4rmbq,35,0szi2pq2,21-bargaining_tdl_main-502_1_2,RightPartner,I am doing good!,1787767769.3614264
02b4rmbq,36,jw1j0niw,21-bargaining_tdl_main-502_2_3,RightPartner,How are you ?,1787767777.2964344
02b4rmbq,35,0szi2pq2,21-bargaining_tdl_main-502_2_3,LeftPartner,"Ugh, I am sick too...allergies! ",1787767787.183989
02b4rmbq,36,jw1j0niw,21-bargaining_tdl_main-502_1_3,LeftPartner,sir yellow ?,1787767790.0415382
02b4rmbq,35,0szi2pq2,21-bargaining_tdl_main-502_2_3,LeftPartner,I will support you as well :),1787767796.587723
02b4rmbq,32,y3546ftk,21-bargaining_tdl_main-502_1_2,LeftPartner,That's good. Is it raining where you are? It's been a really nice and chill rainy day here,1787767799.743172
02b4rmbq,32,y3546ftk,21-bargaining_tdl_main-502_1_3,RightPartner,Hello!,1787767802.6103559
02b4rmbq,32,y3546ftk,21-bargaining_tdl_main-502_1_3,RightPartner,How's your day?,1787767807.1072738
02b4rmbq,36,jw1j0niw,21-bargaining_tdl_main-502_2_3,RightPartner,aww I'm allergic to my cats haha. Yay!,1787767810.4085631
02b4rmbq,36,jw1j0niw,21-bargaining_tdl_main-502_1_3,LeftPartner,Hello! Good and your? ,1787767819.7055418
02b4rmbq,35,0szi2pq2,21-bargaining_tdl_main-502_1_2,RightPartner,It is cloudy here but thankfully no rain! ,1787767829.6800072
02b4rmbq,32,y3546ftk,21-bargaining_tdl_main-502_1_3,RightPartner,"My day has been kinda rainy and chill so far haha, I need to make some food though, any ideas?",1787767835.0930903
02b4rmbq,32,y3546ftk,21-bargaining_tdl_main-502_1_2,LeftPartner,"That's good, anything in mind for food later?",1787767848.300513
02b4rmbq,35,0szi2pq2,21-bargaining_tdl_main-502_1_2,RightPartner,I am making chicken quesadillas for dinner with rice and beans. How about you?,1787767872.4845114
02b4rmbq,32,y3546ftk,21-bargaining_tdl_main-502_1_2,LeftPartner,"That sounds fire omg lol, I'm just having beans and hotdogs im jealous",1787767890.3240292
02b4rmbq,35,0szi2pq2,21-bargaining_tdl_main-502_1_2,RightPartner,"haha hey, hot dogs are good too! ",1787767905.0626698
02b4rmbq,32,y3546ftk,21-bargaining_tdl_main-502_1_2,LeftPartner,"haha not as good as yours, I might have chili or something just because of that lol Im craving a good meal like yours",1787767928.3675714
02b4rmbq,32,y3546ftk,21-bargaining_tdl_main-502_1_2,LeftPartner,"I have a crazy idea, wanna hear it?",1787767937.111693
02b4rmbq,35,0szi2pq2,21-bargaining_tdl_main-502_1_2,RightPartner,"Ohh, I am making chili tomorrow lol ",1787767945.181393
02b4rmbq,35,0szi2pq2,21-bargaining_tdl_main-502_1_2,RightPartner,yes what is it!?,1787767949.2181451
02b4rmbq,32,y3546ftk,21-bargaining_tdl_main-502_1_2,LeftPartner,I think we should vote for each other :) our colors match adn you seem chill,1787767957.137507
02b4rmbq,35,0szi2pq2,21-bargaining_tdl_main-502_1_2,RightPartner,I agree! my other person said they would support but then dipped out the chat soo yes! deal! ,1787767980.8662965
02b4rmbq,32,y3546ftk,21-bargaining_tdl_main-502_1_2,LeftPartner,Same lol my purple dipped after like the second chat like jeez lmao,1787767997.9018016
02b4rmbq,35,0szi2pq2,21-bargaining_tdl_main-502_1_2,RightPartner,hahaha i don't like purple anyway so cool ,1787768013.8423574
02b4rmbq,32,y3546ftk,21-bargaining_tdl_main-502_1_2,LeftPartner,awesome! deal it was fun talking to you!! :),1787768029.0882816
02b4rmbq,35,0szi2pq2,21-bargaining_tdl_main-502_1_2,RightPartner,you as well!! enjoy the rest of your day!,1787768038.5185897
02b4rmbq,32,y3546ftk,21-bargaining_tdl_main-502_1_2,LeftPartner,Same to you!,1787768043.6999807
02b4rmbq,37,eiqwfr90,21-bargaining_tdl_main-503_1_3,RightPartner,Hi how are you??,1787768351.0552337
02b4rmbq,39,5nhbq66c,21-bargaining_tdl_main-503_1_3,LeftPartner,Hi! I'm good! How about you? ,1787768361.5820403
02b4rmbq,37,eiqwfr90,21-bargaining_tdl_main-503_1_2,LeftPartner,"Hi, how are you??",1787768362.9435127
02b4rmbq,38,xjbp5c2n,21-bargaining_tdl_main-503_1_2,RightPartner,Hello I am an orange participant. I would like to support you. Would you support me?,1787768376.757892
02b4rmbq,38,xjbp5c2n,21-bargaining_tdl_main-503_2_3,LeftPartner,Hello,1787768387.6679754
02b4rmbq,39,5nhbq66c,21-bargaining_tdl_main-503_2_3,RightPartner,Hi! ,1787768396.3556786
02b4rmbq,38,xjbp5c2n,21-bargaining_tdl_main-503_2_3,LeftPartner,I am an Orange participant,1787768397.3565342
02b4rmbq,38,xjbp5c2n,21-bargaining_tdl_main-503_2_3,LeftPartner,Would you like to support me,1787768404.8895109
02b4rmbq,37,eiqwfr90,21-bargaining_tdl_main-503_1_3,RightPartner,"Pretty good, so would you like to support me??",1787768417.2706425
02b4rmbq,39,5nhbq66c,21-bargaining_tdl_main-503_2_3,RightPartner,Ok! You asked first. So you would select me back? ,1787768436.1448035
02b4rmbq,37,eiqwfr90,21-bargaining_tdl_main-503_1_2,LeftPartner,I will support you,1787768456.144944
02b4rmbq,38,xjbp5c2n,21-bargaining_tdl_main-503_2_3,LeftPartner,Done. Purple it is. Havent heard from Yellow. I select you,1787768461.9480374
02b4rmbq,38,xjbp5c2n,21-bargaining_tdl_main-503_1_2,RightPartner,Ah sorry I just committed to Purple,1787768483.5824356
02b4rmbq,38,xjbp5c2n,21-bargaining_tdl_main-503_1_2,RightPartner,Wish I can support both. Can I?,1787768497.8640497
02b4rmbq,39,5nhbq66c,21-bargaining_tdl_main-503_1_3,LeftPartner,I decided to go with who asked first and orange beat you to it :( ,1787768501.8855507
02b4rmbq,38,xjbp5c2n,21-bargaining_tdl_main-503_2_3,LeftPartner,"Let me know if we can proceed to next page, then",1787768540.5755486
02b4rmbq,37,eiqwfr90,21-bargaining_tdl_main-503_1_2,LeftPartner,we can only support 1 person and would really like the support. I really hate how they have this set up,1787768552.2702906
02b4rmbq,39,5nhbq66c,21-bargaining_tdl_main-503_2_3,RightPartner,"They reached out to me, but since you explicitly asked first, it's all I can think to use for my decision. I'll proceed! ",1787768555.2626853
02b4rmbq,38,xjbp5c2n,21-bargaining_tdl_main-503_1_2,RightPartner,Selecting Purple since we responded to each other first. Sorry!,1787768590.7344186
02b4rmbq,40,nbifw6nw,21-bargaining_tdl_main-504_1_3,RightPartner,Hello Purplree,1787769099.3636742
02b4rmbq,40,nbifw6nw,21-bargaining_tdl_main-504_1_3,RightPartner,i meant purple ,1787769106.761856
02b4rmbq,40,nbifw6nw,21-bargaining_tdl_main-504_1_2,LeftPartner,Wassup orange?,1787769117.0627596
02b4rmbq,41,zb6d4udy,21-bargaining_tdl_main-504_1_2,RightPartner,"Hi Yellow, I hope you consider me. I am a good person.",1787769135.5576966
02b4rmbq,43,u6x2uwwp,21-bargaining_tdl_main-504_1_3,LeftPartner,"Hi, I’m open to mutual support. Let me know if you want to pair up so we can both earn $3",1787769142.8605351
02b4rmbq,40,nbifw6nw,21-bargaining_tdl_main-504_1_2,LeftPartner,Same here lol,1787769150.8629901
02b4rmbq,40,nbifw6nw,21-bargaining_tdl_main-504_1_3,RightPartner,Yes that's fine with me as well.,1787769161.6066744
02b4rmbq,43,u6x2uwwp,21-bargaining_tdl_main-504_2_3,RightPartner,"Hi, I’m open to mutual support. Let me know if you want to pair up so we can both earn $3",1787769165.72932
02b4rmbq,41,zb6d4udy,21-bargaining_tdl_main-504_2_3,LeftPartner,I am considering it.,1787769200.4480507
02b4rmbq,41,zb6d4udy,21-bargaining_tdl_main-504_2_3,LeftPartner,But I also talked to Yellow.,1787769210.2169013
02b4rmbq,41,zb6d4udy,21-bargaining_tdl_main-504_1_2,RightPartner,"Purple reached out but I spoke to you first, so I consider you more. How do you feel about that?",1787769236.0361314
02b4rmbq,40,nbifw6nw,21-bargaining_tdl_main-504_1_2,LeftPartner,That's fine with me I will consider you first.,1787769252.632971
02b4rmbq,43,u6x2uwwp,21-bargaining_tdl_main-504_1_3,LeftPartner,"Great, I’ll support you if you support me",1787769259.202156
02b4rmbq,40,nbifw6nw,21-bargaining_tdl_main-504_1_3,RightPartner,You have my support,1787769278.592236
02b4rmbq,41,zb6d4udy,21-bargaining_tdl_main-504_1_2,RightPartner,Sounds good.,1787769278.7557638
02b4rmbq,40,nbifw6nw,21-bargaining_tdl_main-504_1_3,RightPartner,100 percent,1787769284.9751067
02b4rmbq,45,wjg48msh,21-bargaining_tdl_main-505_2_3,LeftPartner,Hello!,1787769546.216418
02b4rmbq,45,wjg48msh,21-bargaining_tdl_main-505_1_2,RightPartner,Hello!,1787769547.8471265
02b4rmbq,47,cy7f8y3l,21-bargaining_tdl_main-505_2_3,RightPartner,Hi!,1787769554.143007
02b4rmbq,44,ff4uw73q,21-bargaining_tdl_main-505_1_2,LeftPartner,Hi!,1787769557.7794707
02b4rmbq,44,ff4uw73q,21-bargaining_tdl_main-505_1_3,RightPartner,Hi!,1787769559.5121322
02b4rmbq,45,wjg48msh,21-bargaining_tdl_main-505_2_3,LeftPartner,I will support you!,1787769572.3550925
02b4rmbq,45,wjg48msh,21-bargaining_tdl_main-505_1_2,RightPartner,I will support purple!,1787769585.3069308
02b4rmbq,47,cy7f8y3l,21-bargaining_tdl_main-505_2_3,RightPartner,I will support you too!,1787769589.45259
02b4rmbq,47,cy7f8y3l,21-bargaining_tdl_main-505_1_3,LeftPartner,hello!,1787769600.8434002
02b4rmbq,45,wjg48msh,21-bargaining_tdl_main-505_2_3,LeftPartner,Sounds good!,1787769615.5460079
02b4rmbq,56,5jye748w,21-bargaining_tdl_main-506_2_3,RightPartner,Hi there! Any thoughts on how you'll choose who to support?,1787769985.0786464
02b4rmbq,56,5jye748w,21-bargaining_tdl_main-506_1_3,LeftPartner,Hi there! Any thoughts on how you'll decide who to support?,1787769996.7954895
02b4rmbq,46,1ne5ui7t,21-bargaining_tdl_main-506_1_2,LeftPartner,Hi! what support arrangement are you considering?,1787770016.9920897
02b4rmbq,53,9dvqwf5a,21-bargaining_tdl_main-506_1_2,RightPartner,I think if you choose orange  we can both earn$3,1787770057.2876952
02b4rmbq,46,1ne5ui7t,21-bargaining_tdl_main-506_1_3,RightPartner,Since you reached out first Im open to a yellow-purple mutual support agreement,1787770058.4830942
02b4rmbq,56,5jye748w,21-bargaining_tdl_main-506_1_3,LeftPartner,Cool. I'm down with that. ,1787770068.6299539
02b4rmbq,46,1ne5ui7t,21-bargaining_tdl_main-506_1_3,RightPartner,"if youll confirm youlll support yellow, ill support purple",1787770074.2538276
02b4rmbq,56,5jye748w,21-bargaining_tdl_main-506_1_3,LeftPartner,Orange hasn't replied to me either - so I'm happy to be yellow's supporter,1787770082.0615644
02b4rmbq,46,1ne5ui7t,21-bargaining_tdl_main-506_1_3,RightPartner,im happy to be purples!,1787770099.8154943
02b4rmbq,55,4a1bofm1,21-bargaining_tdl_main-507_2_3,RightPartner,Hello,1787770171.2730732
02b4rmbq,55,4a1bofm1,21-bargaining_tdl_main-507_1_3,LeftPartner,Hello,1787770176.4415462
02b4rmbq,48,hmf2wvg6,21-bargaining_tdl_main-507_1_3,RightPartner,Hi,1787770180.8042178
02b4rmbq,55,4a1bofm1,21-bargaining_tdl_main-507_1_3,LeftPartner,How is your day going,1787770189.500457
02b4rmbq,52,6wnnakg8,21-bargaining_tdl_main-507_2_3,LeftPartner,hello how do you want to play this ? ,1787770189.586322
02b4rmbq,48,hmf2wvg6,21-bargaining_tdl_main-507_1_3,RightPartner,good just hungru,1787770195.7759948
02b4rmbq,48,hmf2wvg6,21-bargaining_tdl_main-507_1_3,RightPartner,hungry,1787770197.5786266
02b4rmbq,48,hmf2wvg6,21-bargaining_tdl_main-507_1_3,RightPartner,you?,1787770198.635801
02b4rmbq,48,hmf2wvg6,21-bargaining_tdl_main-507_1_2,LeftPartner,hi,1787770200.605623
02b4rmbq,48,hmf2wvg6,21-bargaining_tdl_main-507_1_3,RightPartner,Shall we support each other?,1787770206.090374
02b4rmbq,55,4a1bofm1,21-bargaining_tdl_main-507_1_3,LeftPartner,Yes,1787770216.123077
02b4rmbq,48,hmf2wvg6,21-bargaining_tdl_main-507_1_2,LeftPartner,you there?,1787770227.346287
02b4rmbq,52,6wnnakg8,21-bargaining_tdl_main-507_2_3,LeftPartner,"you messaged me first so i will support you, unfortunately one person will not get a bonus. or none of us will",1787770227.3497775
02b4rmbq,48,hmf2wvg6,21-bargaining_tdl_main-507_1_3,RightPartner,okay let's do it,1787770231.2364175
02b4rmbq,52,6wnnakg8,21-bargaining_tdl_main-507_1_2,RightPartner,I am here ,1787770233.825621
02b4rmbq,55,4a1bofm1,21-bargaining_tdl_main-507_1_3,LeftPartner,Sounds good,1787770244.7789972
02b4rmbq,48,hmf2wvg6,21-bargaining_tdl_main-507_1_2,LeftPartner,how are you,1787770246.1185353
02b4rmbq,48,hmf2wvg6,21-bargaining_tdl_main-507_1_3,RightPartner,I got you!,1787770250.538128
02b4rmbq,59,so7wu1fm,21-bargaining_tdl_main-508_1_2,RightPartner,Hi! I really want you to support me - we can support each other and both get the money!!,1787770349.099126
02b4rmbq,65,l5chbotk,21-bargaining_tdl_main-509_1_2,RightPartner,Hi,1787770700.4953654
02b4rmbq,61,njyvqc3g,21-bargaining_tdl_main-509_1_2,LeftPartner,How goes? Did you read the rules?,1787770711.179348
02b4rmbq,65,l5chbotk,21-bargaining_tdl_main-509_1_2,RightPartner,yes,1787770723.3625095
02b4rmbq,65,l5chbotk,21-bargaining_tdl_main-509_1_2,RightPartner,what are you thinking?,1787770748.176084
02b4rmbq,61,njyvqc3g,21-bargaining_tdl_main-509_1_2,LeftPartner,"So you understand that two of us get something or none of us get anything, save for the participation.",1787770763.080912
02b4rmbq,61,njyvqc3g,21-bargaining_tdl_main-509_1_3,RightPartner,Yo! ,1787770764.9755363
02b4rmbq,65,l5chbotk,21-bargaining_tdl_main-509_1_2,RightPartner,yes,1787770771.6156518
02b4rmbq,65,l5chbotk,21-bargaining_tdl_main-509_1_2,RightPartner,lets support eCH OTHER,1787770779.0524013
02b4rmbq,65,l5chbotk,21-bargaining_tdl_main-509_1_2,RightPartner,each other,1787770784.0783741
02b4rmbq,66,6pv3axvo,21-bargaining_tdl_main-509_1_3,LeftPartner,Hey,1787770786.2303433
02b4rmbq,65,l5chbotk,21-bargaining_tdl_main-509_1_2,RightPartner,okay>,1787770807.6918457
02b4rmbq,65,l5chbotk,21-bargaining_tdl_main-509_1_2,RightPartner,?,1787770808.6433425
02b4rmbq,61,njyvqc3g,21-bargaining_tdl_main-509_1_2,LeftPartner,"Nah, I'm gonna bow out so y'all can get the extra funds. I'm don't like the idea of screwing someone else over so I can profit",1787770815.474403
02b4rmbq,61,njyvqc3g,21-bargaining_tdl_main-509_1_3,RightPartner,"Support orange, I'm asking them to support you.",1787770826.8572488
02b4rmbq,65,l5chbotk,21-bargaining_tdl_main-509_2_3,LeftPartner,hi,1787770832.4476101
02b4rmbq,61,njyvqc3g,21-bargaining_tdl_main-509_1_2,LeftPartner,Support purple. Y'all win,1787770837.032124
02b4rmbq,66,6pv3axvo,21-bargaining_tdl_main-509_1_3,LeftPartner,ok,1787770851.8771536
02b4rmbq,65,l5chbotk,21-bargaining_tdl_main-509_1_2,RightPartner,okay i will,1787770862.8518274
02b4rmbq,66,6pv3axvo,21-bargaining_tdl_main-509_2_3,RightPartner,yellow told me to support you,1787770867.1024215
02b4rmbq,65,l5chbotk,21-bargaining_tdl_main-509_2_3,LeftPartner,yes he told me th same,1787770876.6093106
02b4rmbq,61,njyvqc3g,21-bargaining_tdl_main-509_1_3,RightPartner,Golden! I'm clicking next.,1787770879.632562
02b4rmbq,61,njyvqc3g,21-bargaining_tdl_main-509_1_2,LeftPartner,"Golden, I'm clicking next",1787770885.7935927
02b4rmbq,66,6pv3axvo,21-bargaining_tdl_main-509_2_3,RightPartner,sounds good,1787770890.1759913
02b4rmbq,65,l5chbotk,21-bargaining_tdl_main-509_2_3,LeftPartner,lets do it then,1787770890.5186498
02b4rmbq,70,wqsas0ih,21-bargaining_tdl_main-510_1_2,LeftPartner,hi where you from ,1787771115.913169
02b4rmbq,70,wqsas0ih,21-bargaining_tdl_main-510_1_3,RightPartner,hi where you from ,1787771124.6797981
02b4rmbq,72,vpj7ajov,21-bargaining_tdl_main-510_1_2,RightPartner,Chicago. I will support you as I am loyal and do as I say I will do,1787771157.509978
02b4rmbq,72,vpj7ajov,21-bargaining_tdl_main-510_1_2,RightPartner,on top of that purple doesnt seem to care as they left already,1787771176.6650066
02b4rmbq,70,wqsas0ih,21-bargaining_tdl_main-510_1_2,LeftPartner,hahai see that,1787771191.5823452
02b4rmbq,70,wqsas0ih,21-bargaining_tdl_main-510_1_2,LeftPartner,their loss,1787771203.3087368
02b4rmbq,72,vpj7ajov,21-bargaining_tdl_main-510_1_2,RightPartner,so guess we have a deal? where you from?,1787771206.782769
02b4rmbq,70,wqsas0ih,21-bargaining_tdl_main-510_1_2,LeftPartner,pittsburgh,1787771214.1526868
02b4rmbq,72,vpj7ajov,21-bargaining_tdl_main-510_1_2,RightPartner,go steelers. ,1787771228.460064
02b4rmbq,72,vpj7ajov,21-bargaining_tdl_main-510_1_2,RightPartner,should we leave and support each other?,1787771257.0628178
02b4rmbq,70,wqsas0ih,21-bargaining_tdl_main-510_1_2,LeftPartner,yes and pirates and penguins im not into sports but yay bring the money to the city ,1787771270.2556827
02b4rmbq,70,wqsas0ih,21-bargaining_tdl_main-510_1_2,LeftPartner,sure ,1787771277.2119339
02b4rmbq,72,vpj7ajov,21-bargaining_tdl_main-510_1_2,RightPartner,remember vote orange,1787771282.6405227
02b4rmbq,82,9382ki6r,21-bargaining_tdl_main-511_1_3,LeftPartner,Hi,1787771405.5411339
02b4rmbq,64,zgzkkub4,21-bargaining_tdl_main-511_1_3,RightPartner,Hello,1787771418.64586
02b4rmbq,82,9382ki6r,21-bargaining_tdl_main-511_1_3,LeftPartner,It looks like I cannot even message the other person. I will be transparent and will support you,1787771463.713614
02b4rmbq,82,9382ki6r,21-bargaining_tdl_main-511_1_3,LeftPartner,Do you know who you will support? ,1787771491.3089552
02b4rmbq,64,zgzkkub4,21-bargaining_tdl_main-511_1_3,RightPartner,Yeah they disabled their chat. Thank you. I will support you too.,1787771496.2139833
02b4rmbq,82,9382ki6r,21-bargaining_tdl_main-511_1_3,LeftPartner,Ok perfect. This should be straightforward then,1787771521.1035573
02b4rmbq,64,zgzkkub4,21-bargaining_tdl_main-511_1_3,RightPartner,"Yeah, absolutely. I'm going to hit next and proceed.",1787771554.3195226
02b4rmbq,82,9382ki6r,21-bargaining_tdl_main-511_1_3,LeftPartner,Me too. Take care,1787771560.9033704
02b4rmbq,64,zgzkkub4,21-bargaining_tdl_main-511_1_3,RightPartner,"Thanks, you too.",1787771571.9027379
02b4rmbq,86,s5509gn1,21-bargaining_tdl_main-512_2_3,RightPartner,I am supporting Orange,1787772089.3075364
02b4rmbq,86,s5509gn1,21-bargaining_tdl_main-512_1_3,LeftPartner,I am supporting orange,1787772098.048422
02b4rmbq,85,simlzs4t,21-bargaining_tdl_main-512_1_2,RightPartner,I will support you,1787772099.6483502
02b4rmbq,87,ecnfqxbu,21-bargaining_tdl_main-513_1_2,RightPartner,Hello I am Orange,1787772285.2748759
02b4rmbq,87,ecnfqxbu,21-bargaining_tdl_main-513_2_3,LeftPartner,Hello I am Orange,1787772293.500346
02b4rmbq,84,2z2x9h39,21-bargaining_tdl_main-513_1_2,LeftPartner,hey im yellow ,1787772302.408066
02b4rmbq,84,2z2x9h39,21-bargaining_tdl_main-513_1_3,RightPartner,hi purple im yellow,1787772310.1280184
02b4rmbq,87,ecnfqxbu,21-bargaining_tdl_main-513_1_2,RightPartner,Do you plan on supporting a color?,1787772315.9937208
02b4rmbq,84,2z2x9h39,21-bargaining_tdl_main-513_1_2,LeftPartner,if you support me ill support you ,1787772326.1276422
02b4rmbq,87,ecnfqxbu,21-bargaining_tdl_main-513_1_2,RightPartner,Done deal. ,1787772336.5243468
02b4rmbq,84,2z2x9h39,21-bargaining_tdl_main-513_1_2,LeftPartner,purple doesnt look like hes participating,1787772338.318127
02b4rmbq,84,2z2x9h39,21-bargaining_tdl_main-513_1_2,LeftPartner,okay ill support you and youll support me. good biz,1787772352.677852
02b4rmbq,87,ecnfqxbu,21-bargaining_tdl_main-513_1_2,RightPartner,nope. Im going to go next . Cheers,1787772354.9238703
02b4rmbq,96,iu6uhsiy,21-bargaining_tdl_main-515_2_3,LeftPartner,Hello! How's it goin?,1787772828.3762522
02b4rmbq,96,iu6uhsiy,21-bargaining_tdl_main-515_1_2,RightPartner,"Hi hiii, how's things for you?",1787772836.0865538
02b4rmbq,105,im18tvdh,21-bargaining_tdl_main-515_2_3,RightPartner,"Hi, should we make a pact to pick eachother so we both get the bonus?",1787772857.4068284
02b4rmbq,92,h9beystj,21-bargaining_tdl_main-515_1_2,LeftPartner,Good! How about you? Want to pick eachother ?,1787772861.0521636
02b4rmbq,105,im18tvdh,21-bargaining_tdl_main-515_1_3,LeftPartner,hi,1787772867.313312
02b4rmbq,110,8x9t3bat,21-bargaining_tdl_main-516_1_2,LeftPartner,Hello,1787772869.3287108
02b4rmbq,110,8x9t3bat,21-bargaining_tdl_main-516_1_3,RightPartner,Hello,1787772871.9661777
02b4rmbq,92,h9beystj,21-bargaining_tdl_main-515_1_3,RightPartner,hello,1787772875.036532
02b4rmbq,119,tnp80js3,21-bargaining_tdl_main-516_1_3,LeftPartner,Hi,1787772876.5673726
02b4rmbq,119,tnp80js3,21-bargaining_tdl_main-516_2_3,RightPartner,Hello,1787772879.075656
02b4rmbq,111,v5ywq6if,21-bargaining_tdl_main-516_1_2,RightPartner,hi,1787772883.577819
02b4rmbq,111,v5ywq6if,21-bargaining_tdl_main-516_2_3,LeftPartner,hi,1787772886.2350795
02b4rmbq,105,im18tvdh,21-bargaining_tdl_main-515_1_3,LeftPartner,should we both pickeachother so we get the bonus?,1787772894.84684
02b4rmbq,110,8x9t3bat,21-bargaining_tdl_main-516_1_2,LeftPartner,How are you doing,1787772899.0308495
02b4rmbq,92,h9beystj,21-bargaining_tdl_main-515_1_3,RightPartner,yes sounds good,1787772900.3630762
02b4rmbq,110,8x9t3bat,21-bargaining_tdl_main-516_1_3,RightPartner,How are you today,1787772902.251758
02b4rmbq,96,iu6uhsiy,21-bargaining_tdl_main-515_2_3,LeftPartner,"It would be nice, I think. However, i would like to get to know you a little bit first before deciding.",1787772906.9231641
02b4rmbq,119,tnp80js3,21-bargaining_tdl_main-516_1_3,LeftPartner,I'm doing good how are you,1787772908.351063
02b4rmbq,105,im18tvdh,21-bargaining_tdl_main-515_1_3,LeftPartner,sounds good to me,1787772911.500357
02b4rmbq,111,v5ywq6if,21-bargaining_tdl_main-516_1_2,RightPartner,im doing pretty good how about you?,1787772911.6091833
02b4rmbq,92,h9beystj,21-bargaining_tdl_main-515_1_3,RightPartner,kk imma click next ,1787772921.5916014
02b4rmbq,110,8x9t3bat,21-bargaining_tdl_main-516_1_2,LeftPartner,im doing good as well,1787772923.9270072
02b4rmbq,111,v5ywq6if,21-bargaining_tdl_main-516_2_3,LeftPartner,how's your day going?,1787772926.008261
02b4rmbq,117,0r75ga5u,21-bargaining_tdl_main-518_2_3,RightPartner,Hello,1787772926.0750687
02b4rmbq,120,o5sw6wzx,21-bargaining_tdl_main-517_2_3,LeftPartner,who do u support,1787772928.9536195
02b4rmbq,117,0r75ga5u,21-bargaining_tdl_main-518_1_3,LeftPartner,Hello,1787772930.8337371
02b4rmbq,115,etl864y5,21-bargaining_tdl_main-518_2_3,LeftPartner,hello,1787772933.6396208
02b4rmbq,110,8x9t3bat,21-bargaining_tdl_main-516_1_3,RightPartner,im doing good,1787772934.0874236
02b4rmbq,105,im18tvdh,21-bargaining_tdl_main-515_2_3,RightPartner,thats a little weird,1787772936.7994304
02b4rmbq,130,cmb1yt4o,21-bargaining_tdl_main-517_2_3,RightPartner,wanna support each other?,1787772938.2493417
02b4rmbq,115,etl864y5,21-bargaining_tdl_main-518_1_2,RightPartner,Hi,1787772938.8776932
02b4rmbq,120,o5sw6wzx,21-bargaining_tdl_main-517_2_3,LeftPartner,sure,1787772945.762214
02b4rmbq,103,ycdvf7m4,21-bargaining_tdl_main-518_1_3,RightPartner,"hello, someone has to be left out, who chooses?",1787772948.113821
02b4rmbq,115,etl864y5,21-bargaining_tdl_main-518_2_3,LeftPartner,so what is the strategy here,1787772948.6071408
02b4rmbq,130,cmb1yt4o,21-bargaining_tdl_main-517_2_3,RightPartner,alright,1787772949.5974123
02b4rmbq,119,tnp80js3,21-bargaining_tdl_main-516_2_3,RightPartner,Its going well how is yours,1787772954.4382339
02b4rmbq,103,ycdvf7m4,21-bargaining_tdl_main-518_1_2,LeftPartner,"hi, someone has to be left out, who chooses?",1787772959.9309351
02b4rmbq,117,0r75ga5u,21-bargaining_tdl_main-518_2_3,RightPartner,"No idea, seems a good chance of none of us getting money. ",1787772967.208106
02b4rmbq,111,v5ywq6if,21-bargaining_tdl_main-516_2_3,LeftPartner,its going pretty good ,1787772968.4304793
02b4rmbq,97,ey030x1o,21-bargaining_tdl_main-519_1_2,RightPartner,Hello from NYC,1787772969.6481426
02b4rmbq,115,etl864y5,21-bargaining_tdl_main-518_1_2,RightPartner,see I have no clue,1787772977.887156
02b4rmbq,117,0r75ga5u,21-bargaining_tdl_main-518_1_3,LeftPartner,"No idea, seems like there's a good chance everyone will not get money haha. ",1787772979.6648967
02b4rmbq,141,9z7qtsfy,21-bargaining_tdl_main-521_2_3,RightPartner,Hello.,1787772986.3569274
02b4rmbq,141,9z7qtsfy,21-bargaining_tdl_main-521_1_3,LeftPartner,Hello.,1787772989.1215847
02b4rmbq,115,etl864y5,21-bargaining_tdl_main-518_1_2,RightPartner,this is like the prisoners dilemma ,1787772991.6768708
02b4rmbq,95,a4n0wh5n,21-bargaining_tdl_main-519_1_2,LeftPartner,"Hi.  so my theory is to go with honesty.  I am going to vote for you, Orange.  And I hope you will vote for me in return.  I plan to tell purple that I will not vote for them.",1787772995.848094
02b4rmbq,126,acppgohr,21-bargaining_tdl_main-521_2_3,LeftPartner,Hi there!,1787772995.862269
02b4rmbq,135,4lufflk3,21-bargaining_tdl_main-520_2_3,LeftPartner,"Hi, I'd like to support you.",1787772997.4916363
02b4rmbq,126,acppgohr,21-bargaining_tdl_main-521_1_2,RightPartner,Hi there!,1787773000.6187332
02b4rmbq,95,a4n0wh5n,21-bargaining_tdl_main-519_1_2,LeftPartner,I'm from Utah,1787773006.6253524
02b4rmbq,115,etl864y5,21-bargaining_tdl_main-518_2_3,LeftPartner,yeah this is pretty evil ,1787773008.8598878
02b4rmbq,109,mkvixv6p,21-bargaining_tdl_main-521_1_2,LeftPartner,"Hi, how are you?",1787773011.128673
02b4rmbq,141,9z7qtsfy,21-bargaining_tdl_main-521_2_3,RightPartner,So do you get this? I don't really understand it.,1787773014.2153356
02b4rmbq,136,lesgba3s,21-bargaining_tdl_main-522_1_2,RightPartner,Let's support each other,1787773016.2655537
02b4rmbq,136,lesgba3s,21-bargaining_tdl_main-522_2_3,LeftPartner,Let's support each other,1787773017.118813
02b4rmbq,109,mkvixv6p,21-bargaining_tdl_main-521_1_3,RightPartner,Good morning!,1787773017.7783258
02b4rmbq,141,9z7qtsfy,21-bargaining_tdl_main-521_1_3,LeftPartner,Hello?,1787773019.1929386
02b4rmbq,115,etl864y5,21-bargaining_tdl_main-518_2_3,LeftPartner,but I like it its kind of funny,1787773020.5823455
02b4rmbq,103,ycdvf7m4,21-bargaining_tdl_main-518_1_3,RightPartner,"okay im yellow, but you support orange, okay?",1787773022.1636186
02b4rmbq,126,acppgohr,21-bargaining_tdl_main-521_1_2,RightPartner,"I'm great, how about yourself?",1787773022.6826606
02b4rmbq,95,a4n0wh5n,21-bargaining_tdl_main-519_1_2,LeftPartner,actually i'm from PA...but I live in Utah now.,1787773024.5837622
02b4rmbq,103,ycdvf7m4,21-bargaining_tdl_main-518_1_2,LeftPartner,"im yellow, you need to support purple, okay?",1787773024.6618278
02b4rmbq,94,gnieuvis,21-bargaining_tdl_main-523_1_2,LeftPartner,hi,1787773029.9970343
02b4rmbq,117,0r75ga5u,21-bargaining_tdl_main-518_2_3,RightPartner,At least purple is my favorite color.,1787773032.5180974
02b4rmbq,114,chgdt14c,21-bargaining_tdl_main-523_1_2,RightPartner,hiya,1787773038.9577718
02b4rmbq,141,9z7qtsfy,21-bargaining_tdl_main-521_1_3,LeftPartner,So do you get this? I don't really get it.,1787773040.6432748
02b4rmbq,114,chgdt14c,21-bargaining_tdl_main-523_1_2,RightPartner,welp purple left chat,1787773045.5429869
02b4rmbq,136,lesgba3s,21-bargaining_tdl_main-522_1_2,RightPartner,what do you think?,1787773047.6752868
02b4rmbq,126,acppgohr,21-bargaining_tdl_main-521_2_3,LeftPartner,"Yes, it seems like two out of the three need to pick one color to reward.",1787773049.639985
02b4rmbq,143,w5t5dnpp,21-bargaining_tdl_main-520_2_3,RightPartner,I’m hoping we can coordinate so that someone gets a mutual $3 outcome. I’m willing to support you if you’re willing to support me. Let me know what you’re thinking.,1787773050.1124153
02b4rmbq,114,chgdt14c,21-bargaining_tdl_main-523_1_2,RightPartner,i will support you (Yellow),1787773050.457649
02b4rmbq,118,h54m40fz,21-bargaining_tdl_main-522_1_2,LeftPartner,"sure , since you are actually talking seems like best option ",1787773050.6779501
02b4rmbq,95,a4n0wh5n,21-bargaining_tdl_main-519_1_2,LeftPartner,actually this shows that purple left the chat...so I wasn't able to send them a message after all.,1787773050.8343015
02b4rmbq,115,etl864y5,21-bargaining_tdl_main-518_2_3,LeftPartner,lucky you I actually hate orange ,1787773053.0126421
02b4rmbq,97,ey030x1o,21-bargaining_tdl_main-519_1_2,RightPartner,I will do the same. Vote for you and just not say anything to Purple as they left the conversation,1787773054.36242
02b4rmbq,160,6nzdr9nl,21-bargaining_tdl_main-524_2_3,RightPartner,hello,1787773055.6829255
02b4rmbq,160,6nzdr9nl,21-bargaining_tdl_main-524_1_3,LeftPartner,hello,1787773058.7846217
02b4rmbq,137,yio0vxub,21-bargaining_tdl_main-522_2_3,RightPartner,ok every time?,1787773059.6300488
02b4rmbq,109,mkvixv6p,21-bargaining_tdl_main-521_1_2,LeftPartner,Good.  I Want to earn a bonus.  How bout we support each other?,1787773061.287016
02b4rmbq,136,lesgba3s,21-bargaining_tdl_main-522_1_2,RightPartner,Lol is the other not talking?,1787773064.1650488
02b4rmbq,137,yio0vxub,21-bargaining_tdl_main-522_1_3,LeftPartner,Can we round Robin this?,1787773065.8341367
02b4rmbq,115,etl864y5,21-bargaining_tdl_main-518_2_3,LeftPartner,its fitting though for this prisoners dilemma ,1787773066.704128
02b4rmbq,158,w1vqptwv,21-bargaining_tdl_main-524_2_3,LeftPartner,Hi everyone,1787773067.5971913
02b4rmbq,95,a4n0wh5n,21-bargaining_tdl_main-519_1_2,LeftPartner,okay sounds good,1787773067.7918813
02b4rmbq,122,3udk4e1o,21-bargaining_tdl_main-520_1_2,LeftPartner,Hi! Im hoping we can coordinate so two people mutually support each other and earn $3. I'm willing to support you if you're willing to support me. Who are you planning to support?,1787773069.6923444
02b4rmbq,136,lesgba3s,21-bargaining_tdl_main-522_2_3,LeftPartner,yeah,1787773070.7421522
02b4rmbq,118,h54m40fz,21-bargaining_tdl_main-522_1_2,LeftPartner,purple is either skipped or not talking,1787773070.7458713
02b4rmbq,109,mkvixv6p,21-bargaining_tdl_main-521_1_3,RightPartner,DId you read the instructions and pass the test?,1787773071.6636186
02b4rmbq,141,9z7qtsfy,21-bargaining_tdl_main-521_2_3,RightPartner,So if we pick each other we both get paid?,1787773073.6529226
02b4rmbq,117,0r75ga5u,21-bargaining_tdl_main-518_2_3,RightPartner,That's funny lol,1787773074.7658887
02b4rmbq,147,rtazpnir,21-bargaining_tdl_main-525_1_3,LeftPartner,I will support you,1787773074.945339
02b4rmbq,158,w1vqptwv,21-bargaining_tdl_main-524_1_2,RightPartner,hi everyone,1787773075.358655
02b4rmbq,117,0r75ga5u,21-bargaining_tdl_main-518_1_3,LeftPartner,"Sure, I guess. ",1787773077.0001483
02b4rmbq,94,gnieuvis,21-bargaining_tdl_main-523_1_2,LeftPartner,i will support you (orange),1787773077.4462316
02b4rmbq,137,yio0vxub,21-bargaining_tdl_main-522_2_3,RightPartner,ok,1787773077.6375763
02b4rmbq,97,ey030x1o,21-bargaining_tdl_main-519_1_2,RightPartner,Ok so that is a deal. ,1787773078.3481822
02b4rmbq,133,im52fkh8,21-bargaining_tdl_main-525_2_3,LeftPartner,Hello!,1787773079.6772215
02b4rmbq,133,im52fkh8,21-bargaining_tdl_main-525_1_2,RightPartner,Hello!,1787773081.2871318
02b4rmbq,99,7yee0exo,21-bargaining_tdl_main-525_1_3,RightPartner,I will support you too!,1787773081.666766
02b4rmbq,141,9z7qtsfy,21-bargaining_tdl_main-521_1_3,LeftPartner,Yes. But its still a little confusing.,1787773081.8911388
02b4rmbq,139,hmf5i5vh,21-bargaining_tdl_main-524_1_2,LeftPartner,hello,1787773083.3943055
02b4rmbq,126,acppgohr,21-bargaining_tdl_main-521_2_3,LeftPartner,"Yes! If everyone chooses the same color, no one gets anything.",1787773086.400184
02b4rmbq,117,0r75ga5u,21-bargaining_tdl_main-518_2_3,RightPartner,Well good luck :D,1787773087.9185534
02b4rmbq,135,4lufflk3,21-bargaining_tdl_main-520_2_3,LeftPartner,Yes. I would like to agree to support each other mutually. You can trust that I am truthful because I have not sent any messages to yellow.,1787773088.9849331
02b4rmbq,97,ey030x1o,21-bargaining_tdl_main-519_1_2,RightPartner,Leaving the conversation. ,1787773089.0554006
02b4rmbq,114,chgdt14c,21-bargaining_tdl_main-523_1_2,RightPartner,epic,1787773089.8495302
02b4rmbq,147,rtazpnir,21-bargaining_tdl_main-525_2_3,RightPartner,Hi,1787773091.3989935
02b4rmbq,160,6nzdr9nl,21-bargaining_tdl_main-524_2_3,RightPartner,I dont see yellow,1787773092.8428025
02b4rmbq,139,hmf5i5vh,21-bargaining_tdl_main-524_1_3,RightPartner,hello ,1787773093.2983534
02b4rmbq,99,7yee0exo,21-bargaining_tdl_main-525_1_3,RightPartner,lets lock in so we both get the $3.,1787773093.3007448
02b4rmbq,143,w5t5dnpp,21-bargaining_tdl_main-520_1_3,LeftPartner,I’m hoping we can coordinate so that someone gets a mutual $3 outcome. I’m willing to support you if you’re willing to support me. Let me know what you’re thinking.,1787773095.0364153
02b4rmbq,133,im52fkh8,21-bargaining_tdl_main-525_2_3,LeftPartner,How are you?,1787773096.1731367
02b4rmbq,160,6nzdr9nl,21-bargaining_tdl_main-524_2_3,RightPartner,never mind,1787773096.1776674
02b4rmbq,136,lesgba3s,21-bargaining_tdl_main-522_1_2,RightPartner,"oh well, their loss i guess",1787773098.1478314
02b4rmbq,109,mkvixv6p,21-bargaining_tdl_main-521_1_3,RightPartner,What don't you understand?,1787773102.5160172
02b4rmbq,95,a4n0wh5n,21-bargaining_tdl_main-519_1_2,LeftPartner,sounds good.  I guess we don't need to bother continuing the chat.   i'm going to hit next.  nice chatting with you!,1787773106.6911993
02b4rmbq,126,acppgohr,21-bargaining_tdl_main-521_1_2,RightPartner,"Sure, that sounds good to me!",1787773106.6935084
02b4rmbq,163,1slw6lbh,21-bargaining_tdl_main-526_1_3,LeftPartner,Hello!,1787773111.7502763
02b4rmbq,133,im52fkh8,21-bargaining_tdl_main-525_1_2,RightPartner,How is your day going?,1787773114.4243019
02b4rmbq,139,hmf5i5vh,21-bargaining_tdl_main-524_1_3,RightPartner,I'm hoping we can all take turns at collecting the three dollars per round,1787773114.5787854
02b4rmbq,109,mkvixv6p,21-bargaining_tdl_main-521_1_2,LeftPartner,Excellent!,1787773115.1315556
02b4rmbq,99,7yee0exo,21-bargaining_tdl_main-525_1_2,LeftPartner,"HI, I am supporting purple. No hard feelings!",1787773115.8329237
02b4rmbq,163,1slw6lbh,21-bargaining_tdl_main-526_2_3,RightPartner,Hello!,1787773117.3593345
02b4rmbq,118,h54m40fz,21-bargaining_tdl_main-522_1_2,LeftPartner,"yeah , says their chat box is disabled",1787773118.7546608
02b4rmbq,158,w1vqptwv,21-bargaining_tdl_main-524_2_3,LeftPartner,Not sure if it's easiest to just switch off with each other and with yellow so we can all maximize earnings?,1787773120.1376636
02b4rmbq,160,6nzdr9nl,21-bargaining_tdl_main-524_1_3,LeftPartner,that seems fairest,1787773122.2726812
02b4rmbq,122,3udk4e1o,21-bargaining_tdl_main-520_1_3,RightPartner,Hi! Im hoping we can coordinate so two people can mutually support each other and earn $3. I'm willing to support you if you're willing to support me. WHo are you planning to support?,1787773124.2278104
02b4rmbq,139,hmf5i5vh,21-bargaining_tdl_main-524_1_2,LeftPartner,I'm hoping we can all take turns at collecting the three dollars per round,1787773124.5582948
02b4rmbq,121,k9r1r1so,21-bargaining_tdl_main-526_1_3,RightPartner,Hi!,1787773125.768916
02b4rmbq,141,9z7qtsfy,21-bargaining_tdl_main-521_1_3,LeftPartner,So if you pick me and I pick you we both get paid?,1787773129.0341082
02b4rmbq,149,ahmvihrw,21-bargaining_tdl_main-526_2_3,LeftPartner,I am going to support yellow. I want to make sure I support someone so I ensure someone gets paid,1787773131.8165817
02b4rmbq,160,6nzdr9nl,21-bargaining_tdl_main-524_2_3,RightPartner,"yeah, that seems fairest",1787773134.0620458
02b4rmbq,136,lesgba3s,21-bargaining_tdl_main-522_1_2,RightPartner,Ok yellow and orange for the win,1787773136.3082075
02b4rmbq,153,zcnh182v,21-bargaining_tdl_main-528_1_2,RightPartner,Hi,1787773136.796128
02b4rmbq,153,zcnh182v,21-bargaining_tdl_main-528_2_3,LeftPartner,Hi,1787773137.3135145
02b4rmbq,118,h54m40fz,21-bargaining_tdl_main-522_1_2,LeftPartner,guess we can both hit next and choose each other,1787773139.5932288
02b4rmbq,169,wtior5qs,21-bargaining_tdl_main-527_2_3,RightPartner,"I plan on supporting you, because honestly, orange is my favorite color. ",1787773141.1789503
02b4rmbq,143,w5t5dnpp,21-bargaining_tdl_main-520_2_3,RightPartner,Alright!,1787773141.9024987
02b4rmbq,121,k9r1r1so,21-bargaining_tdl_main-526_1_2,LeftPartner,Hello!,1787773146.2175636
02b4rmbq,155,2cdin8ux,21-bargaining_tdl_main-528_2_3,RightPartner,Hello,1787773146.7645175
02b4rmbq,158,w1vqptwv,21-bargaining_tdl_main-524_1_2,RightPartner,That's what I was just saying to purple as well. Feels easy and maximizes earnings for everyone,1787773149.0436623
02b4rmbq,135,4lufflk3,21-bargaining_tdl_main-520_2_3,LeftPartner,Yellow just sent me a message that they would like to coordinate with me. I am not going to respond.,1787773149.601261
02b4rmbq,136,lesgba3s,21-bargaining_tdl_main-522_1_2,RightPartner,ok let's do it,1787773149.968756
02b4rmbq,163,1slw6lbh,21-bargaining_tdl_main-526_1_3,LeftPartner,I would like to support you for this exercise.,1787773153.0107582
02b4rmbq,160,6nzdr9nl,21-bargaining_tdl_main-524_2_3,RightPartner,You and yellow can support each other first,1787773159.6542675
02b4rmbq,152,msai7fvk,21-bargaining_tdl_main-529_1_2,RightPartner,i'll support you and you can support me,1787773160.0940418
02b4rmbq,118,h54m40fz,21-bargaining_tdl_main-522_1_2,LeftPartner,okay sounds good,1787773161.613302
02b4rmbq,155,2cdin8ux,21-bargaining_tdl_main-528_2_3,RightPartner,Who's supporting who?,1787773162.481584
02b4rmbq,139,hmf5i5vh,21-bargaining_tdl_main-524_1_2,LeftPartner,That sounds great to me,1787773162.4869187
02b4rmbq,160,6nzdr9nl,21-bargaining_tdl_main-524_1_3,LeftPartner,Orange agrees,1787773163.3423831
02b4rmbq,149,ahmvihrw,21-bargaining_tdl_main-526_1_2,RightPartner,I am going to support you. I want to support someone so I ensure someone gets paid.,1787773163.4254682
02b4rmbq,157,kkcprotq,21-bargaining_tdl_main-527_2_3,LeftPartner,I will reciprocate.,1787773165.0419004
02b4rmbq,139,hmf5i5vh,21-bargaining_tdl_main-524_1_2,LeftPartner,I'm find with collecting zero first,1787773166.7091138
02b4rmbq,152,msai7fvk,21-bargaining_tdl_main-529_2_3,LeftPartner,who are you going to support?,1787773167.1240783
02b4rmbq,106,w79e46r2,21-bargaining_tdl_main-529_1_2,LeftPartner,I think that makes the most sense,1787773169.1756628
02b4rmbq,163,1slw6lbh,21-bargaining_tdl_main-526_2_3,RightPartner,I understand. I will also be supporting yellow.,1787773170.7062008
02b4rmbq,143,w5t5dnpp,21-bargaining_tdl_main-520_2_3,RightPartner,We will support eachother.,1787773172.2678835
02b4rmbq,160,6nzdr9nl,21-bargaining_tdl_main-524_1_3,LeftPartner,You and orange can support each other first,1787773172.5923848
02b4rmbq,139,hmf5i5vh,21-bargaining_tdl_main-524_1_3,RightPartner,Okay that's great,1787773176.3738174
02b4rmbq,106,w79e46r2,21-bargaining_tdl_main-529_1_3,RightPartner,Hello!,1787773177.7895963
02b4rmbq,121,k9r1r1so,21-bargaining_tdl_main-526_1_3,RightPartner,Thanks!,1787773181.947153
02b4rmbq,152,msai7fvk,21-bargaining_tdl_main-529_1_2,RightPartner,are you sure?,1787773186.4088674
02b4rmbq,121,k9r1r1so,21-bargaining_tdl_main-526_1_2,LeftPartner,Thanks!,1787773188.4003825
02b4rmbq,149,ahmvihrw,21-bargaining_tdl_main-526_2_3,LeftPartner,Awesome! I hope you get paid too!,1787773189.179945
02b4rmbq,139,hmf5i5vh,21-bargaining_tdl_main-524_1_2,LeftPartner,Purple suggested me and you first,1787773193.3001142
02b4rmbq,134,tcxd3acq,21-bargaining_tdl_main-528_1_2,LeftPartner,Hi! I think it's unfair that one of the participants is going to get $0 regardless :(,1787773194.2753084
02b4rmbq,155,2cdin8ux,21-bargaining_tdl_main-528_2_3,RightPartner,I guess I'll support orange since yellow is mia,1787773196.8286886
02b4rmbq,154,3lpv8nxh,21-bargaining_tdl_main-529_1_3,LeftPartner,"I will support you, yellow.",1787773199.1292157
02b4rmbq,163,1slw6lbh,21-bargaining_tdl_main-526_2_3,RightPartner,"You, too! ",1787773199.976884
02b4rmbq,158,w1vqptwv,21-bargaining_tdl_main-524_1_2,RightPartner,Purple said that to me too. Do you want to go with purple the next round after?,1787773211.7071216
02b4rmbq,134,tcxd3acq,21-bargaining_tdl_main-528_1_2,LeftPartner,Do you want to support one another anyways,1787773213.9404063
02b4rmbq,139,hmf5i5vh,21-bargaining_tdl_main-524_1_2,LeftPartner,So I'll support you and you can support me this turn,1787773214.6410787
02b4rmbq,106,w79e46r2,21-bargaining_tdl_main-529_1_2,LeftPartner,"Yes, we support each other to ensure we both get the money",1787773214.6803951
02b4rmbq,131,qzk50eq5,21-bargaining_tdl_main-530_1_3,RightPartner,purple is my favorite color!,1787773215.3929005
02b4rmbq,128,r9105eco,21-bargaining_tdl_main-531_1_2,LeftPartner,hi,1787773219.76382
02b4rmbq,131,qzk50eq5,21-bargaining_tdl_main-530_1_2,LeftPartner,hey!,1787773222.626762
02b4rmbq,128,r9105eco,21-bargaining_tdl_main-531_1_3,RightPartner,hi,1787773223.3618324
02b4rmbq,139,hmf5i5vh,21-bargaining_tdl_main-524_1_2,LeftPartner,next turn you can go with purple :),1787773223.7072105
02b4rmbq,158,w1vqptwv,21-bargaining_tdl_main-524_1_2,RightPartner,"Sure, sounds good",1787773225.191925
02b4rmbq,164,4vhz0wzw,21-bargaining_tdl_main-532_1_2,RightPartner,Hello,1787773229.6148386
02b4rmbq,150,2uegxa8z,21-bargaining_tdl_main-531_1_2,RightPartner,hello,1787773231.8372123
02b4rmbq,138,rh40kix5,21-bargaining_tdl_main-532_1_3,RightPartner,hello.,1787773232.2841585
02b4rmbq,152,msai7fvk,21-bargaining_tdl_main-529_1_2,RightPartner,and what if purple decides to support either of us?,1787773232.3252678
02b4rmbq,164,4vhz0wzw,21-bargaining_tdl_main-532_2_3,LeftPartner,Hello,1787773232.6159558
02b4rmbq,106,w79e46r2,21-bargaining_tdl_main-529_1_3,RightPartner,"I am forming an alliance with the other participant, I'm not sure if I can trust them yet. ",1787773235.6433823
02b4rmbq,138,rh40kix5,21-bargaining_tdl_main-532_1_2,LeftPartner,hello,1787773237.2212443
02b4rmbq,155,2cdin8ux,21-bargaining_tdl_main-528_1_3,LeftPartner,Hello,1787773238.4506361
02b4rmbq,185,vlg0wgpx,21-bargaining_tdl_main-531_2_3,RightPartner,im going to alternate sending my support between you two,1787773251.100838
02b4rmbq,128,r9105eco,21-bargaining_tdl_main-531_1_2,LeftPartner,who are you supporting,1787773252.98791
02b4rmbq,185,vlg0wgpx,21-bargaining_tdl_main-531_1_3,LeftPartner,hey!,1787773253.543057
02b4rmbq,164,4vhz0wzw,21-bargaining_tdl_main-532_1_2,RightPartner,What do you think is the best approach?,1787773269.4526105
02b4rmbq,188,k787ppah,21-bargaining_tdl_main-534_1_2,RightPartner,hii!,1787773272.9818048
02b4rmbq,128,r9105eco,21-bargaining_tdl_main-531_1_3,RightPartner,who are you supporting,1787773275.340288
02b4rmbq,188,k787ppah,21-bargaining_tdl_main-534_2_3,LeftPartner,hiiii,1787773276.7388773
02b4rmbq,164,4vhz0wzw,21-bargaining_tdl_main-532_2_3,LeftPartner,What do you think is the best approach?,1787773277.2001529
02b4rmbq,166,31nvstsm,21-bargaining_tdl_main-530_1_2,RightPartner,Yoo,1787773278.4705687
02b4rmbq,174,0qs6zcz7,21-bargaining_tdl_main-534_1_2,LeftPartner,hi,1787773280.4084163
02b4rmbq,174,0qs6zcz7,21-bargaining_tdl_main-534_1_3,RightPartner,hello,1787773284.131111
02b4rmbq,106,w79e46r2,21-bargaining_tdl_main-529_1_2,LeftPartner,"I think that will be unfortunate for them, but as long as we support each other we will both get paid.",1787773286.8876657
02b4rmbq,164,4vhz0wzw,21-bargaining_tdl_main-532_1_2,RightPartner,"Looks like we have orange (me), yellow (you) and purple ",1787773290.8936157
02b4rmbq,131,qzk50eq5,21-bargaining_tdl_main-530_1_2,LeftPartner,how goes it?,1787773291.9676273
02b4rmbq,191,led1mizo,21-bargaining_tdl_main-533_1_3,LeftPartner,"Weirdly it said the other person left, so maybe we should just choose each other?",1787773292.006738
02b4rmbq,152,msai7fvk,21-bargaining_tdl_main-529_1_2,RightPartner,alrighty,1787773295.6705618
02b4rmbq,150,2uegxa8z,21-bargaining_tdl_main-531_1_2,RightPartner,Im open to supporting both.,1787773297.783028
02b4rmbq,191,led1mizo,21-bargaining_tdl_main-533_1_3,LeftPartner,"Oh, never mind, they're back",1787773299.845865
02b4rmbq,185,vlg0wgpx,21-bargaining_tdl_main-531_1_3,LeftPartner,hey lets support eachother the entire time.  the other participant isn't even responding to messages in here.  I got your back!,1787773302.7209342
02b4rmbq,153,zcnh182v,21-bargaining_tdl_main-528_1_2,RightPartner,"Yea, purple just left, so I will support you. ",1787773305.3702867
02b4rmbq,174,0qs6zcz7,21-bargaining_tdl_main-534_1_2,LeftPartner,"I don't want to leave anyone out, but it seems like we should agree to support someone every round or rotate. Thoughts?",1787773305.4157553
02b4rmbq,206,tp49w9gd,21-bargaining_tdl_main-535_2_3,RightPartner,Hi!,1787773308.9070659
02b4rmbq,191,led1mizo,21-bargaining_tdl_main-533_2_3,RightPartner,Hey,1787773309.129215
02b4rmbq,134,tcxd3acq,21-bargaining_tdl_main-528_1_2,LeftPartner,"The purple participant left my chat already, so I think it'll be best to support one another",1787773313.7948868
02b4rmbq,128,r9105eco,21-bargaining_tdl_main-531_1_2,LeftPartner,me too,1787773313.9989438
02b4rmbq,164,4vhz0wzw,21-bargaining_tdl_main-532_2_3,LeftPartner,"Looks like we have orange (me), purple (you) and yellow",1787773314.2846396
02b4rmbq,134,tcxd3acq,21-bargaining_tdl_main-528_1_2,LeftPartner,"Okay, sounds good",1787773318.2334816
02b4rmbq,186,hwy01cdm,21-bargaining_tdl_main-533_2_3,LeftPartner,Hello! How are you? ,1787773321.6593633
02b4rmbq,190,mzj81xev,21-bargaining_tdl_main-534_2_3,RightPartner,Hello,1787773321.6627727
02b4rmbq,154,3lpv8nxh,21-bargaining_tdl_main-529_1_3,LeftPartner,Have you decided?,1787773323.0432296
02b4rmbq,128,r9105eco,21-bargaining_tdl_main-531_1_3,RightPartner,alright,1787773323.696775
02b4rmbq,185,vlg0wgpx,21-bargaining_tdl_main-531_1_3,LeftPartner,we will both make all of the money,1787773323.7535026
02b4rmbq,138,rh40kix5,21-bargaining_tdl_main-532_1_2,LeftPartner,"Yes, observation will be a great first step.",1787773323.7896686
02b4rmbq,150,2uegxa8z,21-bargaining_tdl_main-531_2_3,LeftPartner,That sounds fair.,1787773325.1890829
02b4rmbq,206,tp49w9gd,21-bargaining_tdl_main-535_1_3,LeftPartner,Hi,1787773327.8985677
02b4rmbq,190,mzj81xev,21-bargaining_tdl_main-534_1_3,LeftPartner,Hello,1787773328.782825
02b4rmbq,174,0qs6zcz7,21-bargaining_tdl_main-534_1_3,RightPartner,It seems like we need to agree to a rotation or a set agreement to benefit most. Thoughts,1787773330.8274791
02b4rmbq,186,hwy01cdm,21-bargaining_tdl_main-533_1_2,RightPartner,Hello! ,1787773331.3635776
02b4rmbq,116,qocynyun,21-bargaining_tdl_main-535_1_3,RightPartner,"Well, I guess it is you and I ",1787773332.3677194
02b4rmbq,128,r9105eco,21-bargaining_tdl_main-531_1_3,RightPartner,you read the rules,1787773333.3227944
02b4rmbq,144,7clcpdhb,21-bargaining_tdl_main-533_1_2,LeftPartner,who should we support? I am slightly confused,1787773333.4196851
02b4rmbq,188,k787ppah,21-bargaining_tdl_main-534_1_2,RightPartner,rotating sounds good! so that everyone wins,1787773333.4938438
02b4rmbq,191,led1mizo,21-bargaining_tdl_main-533_2_3,RightPartner,"Doing well! It said you left for a moment there, so I wasn't sure what was going on",1787773335.9861774
02b4rmbq,150,2uegxa8z,21-bargaining_tdl_main-531_2_3,LeftPartner,Im open to doing the same.,1787773340.206371
02b4rmbq,116,qocynyun,21-bargaining_tdl_main-535_1_3,RightPartner,Hi are you?,1787773347.3686829
02b4rmbq,185,vlg0wgpx,21-bargaining_tdl_main-531_1_3,LeftPartner,yeah did I miss something?,1787773349.515264
02b4rmbq,206,tp49w9gd,21-bargaining_tdl_main-535_1_3,LeftPartner,"That makes it veasy, huh?",1787773350.2450511
02b4rmbq,161,053t745q,21-bargaining_tdl_main-536_1_2,RightPartner,hello,1787773350.901186
02b4rmbq,128,r9105eco,21-bargaining_tdl_main-531_1_3,RightPartner,eventually only 2 people make money,1787773351.1271348
02b4rmbq,161,053t745q,21-bargaining_tdl_main-536_2_3,LeftPartner,hello,1787773355.9263449
02b4rmbq,106,w79e46r2,21-bargaining_tdl_main-529_1_3,RightPartner,"I think I will be supporting the other participant, unless you want to make case as to why I can trust you more.",1787773355.980525
02b4rmbq,128,r9105eco,21-bargaining_tdl_main-531_1_3,RightPartner,so i guess we can,1787773361.4732919
02b4rmbq,191,led1mizo,21-bargaining_tdl_main-533_1_3,LeftPartner,Hello?,1787773361.6622834
02b4rmbq,190,mzj81xev,21-bargaining_tdl_main-534_1_3,LeftPartner,Probably - I'm still digesting the rules and figuring out how it should work,1787773361.9947147
02b4rmbq,116,qocynyun,21-bargaining_tdl_main-535_1_3,RightPartner,yes...  support each other...  ,1787773362.5233495
02b4rmbq,188,k787ppah,21-bargaining_tdl_main-534_2_3,LeftPartner,"hii, u can see my messages with yellow, right? what do u think about rotating who to support?",1787773364.2243052
02b4rmbq,138,rh40kix5,21-bargaining_tdl_main-532_1_2,LeftPartner,What do you think?,1787773364.3936687
02b4rmbq,164,4vhz0wzw,21-bargaining_tdl_main-532_1_2,RightPartner,It looks like purple left the chat. So maybe you and i can support each other?,1787773366.1124158
02b4rmbq,150,2uegxa8z,21-bargaining_tdl_main-531_1_2,RightPartner,We can alternate. Did purple suggest that to you?,1787773366.8622646
02b4rmbq,174,0qs6zcz7,21-bargaining_tdl_main-534_1_2,LeftPartner,"so first two rounds, I'll support you and vice versa...then I'll support purple, and so on",1787773372.9862776
02b4rmbq,186,hwy01cdm,21-bargaining_tdl_main-533_1_2,RightPartner,I am too. I think the fairest way might be to like pick a number and whoever is closest we go with that? because im not sure what the criteria is ,1787773373.984334
02b4rmbq,185,vlg0wgpx,21-bargaining_tdl_main-531_1_3,LeftPartner,if we support eachother the entire time we both make all of the money,1787773374.1801326
02b4rmbq,128,r9105eco,21-bargaining_tdl_main-531_1_2,LeftPartner,no,1787773375.4085033
02b4rmbq,191,led1mizo,21-bargaining_tdl_main-533_2_3,RightPartner,"So, who do you think you'll choose?",1787773376.7507718
02b4rmbq,185,vlg0wgpx,21-bargaining_tdl_main-531_2_3,RightPartner,excellent!,1787773380.1344042
02b4rmbq,144,7clcpdhb,21-bargaining_tdl_main-533_1_3,RightPartner,"Hello. Sorry, I am not sure",1787773382.652267
02b4rmbq,190,mzj81xev,21-bargaining_tdl_main-534_2_3,RightPartner,probably a good idea,1787773383.2019372
02b4rmbq,206,tp49w9gd,21-bargaining_tdl_main-535_1_3,LeftPartner,Its an absolutely gorgeous day here!,1787773386.4330425
02b4rmbq,154,3lpv8nxh,21-bargaining_tdl_main-529_1_3,LeftPartner,There is no point to lie.,1787773389.460954
02b4rmbq,128,r9105eco,21-bargaining_tdl_main-531_1_2,LeftPartner,purple said you werent responding,1787773389.9630055
02b4rmbq,174,0qs6zcz7,21-bargaining_tdl_main-534_1_3,RightPartner,"so, first two rounds, I'll support orange, second two I'll suport you",1787773394.0457106
02b4rmbq,144,7clcpdhb,21-bargaining_tdl_main-533_1_2,LeftPartner,we can do that,1787773399.2972035
02b4rmbq,186,hwy01cdm,21-bargaining_tdl_main-533_2_3,LeftPartner,Thats good! I think we should try to pick a number and whoever is closest we go with that? Because they didnt really provide any critereia,1787773405.4390593
02b4rmbq,191,led1mizo,21-bargaining_tdl_main-533_1_3,LeftPartner,Unsure about what? Who to choose?,1787773406.7425282
02b4rmbq,150,2uegxa8z,21-bargaining_tdl_main-531_1_2,RightPartner,Nope Im responding and agreed.,1787773408.3712504
02b4rmbq,116,qocynyun,21-bargaining_tdl_main-535_1_3,RightPartner,Same here...  just a little hot though,1787773410.5722828
02b4rmbq,174,0qs6zcz7,21-bargaining_tdl_main-534_1_2,LeftPartner,"third two rounds, you support one another",1787773411.9613912
02b4rmbq,154,3lpv8nxh,21-bargaining_tdl_main-529_1_3,LeftPartner,Just support the other participant.,1787773412.6768606
02b4rmbq,172,vmex9psr,21-bargaining_tdl_main-536_2_3,RightPartner,i'm going to choose orange now and yellow next,1787773413.749518
02b4rmbq,128,r9105eco,21-bargaining_tdl_main-531_1_2,LeftPartner,so purple said we should support each other,1787773415.358981
02b4rmbq,138,rh40kix5,21-bargaining_tdl_main-532_1_2,LeftPartner,"No problem, it will be great.",1787773416.3530436
02b4rmbq,174,0qs6zcz7,21-bargaining_tdl_main-534_1_3,RightPartner,"third two rounds, you support one another",1787773422.1040626
02b4rmbq,127,wse6m6m0,21-bargaining_tdl_main-536_1_3,RightPartner,hello,1787773423.3280509
02b4rmbq,164,4vhz0wzw,21-bargaining_tdl_main-532_1_2,RightPartner,"Okay, that works for me!",1787773426.8909392
02b4rmbq,144,7clcpdhb,21-bargaining_tdl_main-533_1_3,RightPartner,"yes, i am not sure how we get to an agreement and we all win",1787773429.0739815
02b4rmbq,188,k787ppah,21-bargaining_tdl_main-534_1_2,RightPartner,okay! sounds like purple agrees so we're all on the same page,1787773429.3332324
02b4rmbq,206,tp49w9gd,21-bargaining_tdl_main-535_1_3,LeftPartner,what part of the world are you in?,1787773429.4479122
02b4rmbq,128,r9105eco,21-bargaining_tdl_main-531_1_2,LeftPartner,agreed to wha with purple,1787773435.5452833
02b4rmbq,203,qb0rdduy,21-bargaining_tdl_main-537_2_3,LeftPartner,Looks like Yellow left.  Let's support each other.  What do you say?,1787773437.5579777
02b4rmbq,174,0qs6zcz7,21-bargaining_tdl_main-534_1_2,LeftPartner,I'm waiting for confirmation but it sounds like it,1787773444.729433
02b4rmbq,206,tp49w9gd,21-bargaining_tdl_main-535_1_3,LeftPartner,"I'm just outside Washington, DC, US",1787773446.9409
02b4rmbq,208,bcoc908k,21-bargaining_tdl_main-537_2_3,RightPartner,Since you are still here and yellow is not i will support you,1787773447.0542355
02b4rmbq,174,0qs6zcz7,21-bargaining_tdl_main-534_1_3,RightPartner,sound good?,1787773449.5790584
02b4rmbq,191,led1mizo,21-bargaining_tdl_main-533_1_3,LeftPartner,"Right, I don't really know if that's possible, a situation in which we all win? Unless I misunderstood the rules",1787773451.1503544
02b4rmbq,212,kqudc44q,21-bargaining_tdl_main-538_1_3,LeftPartner,hii,1787773454.634653
02b4rmbq,128,r9105eco,21-bargaining_tdl_main-531_1_2,LeftPartner,so i know what we are going to do,1787773456.6872265
02b4rmbq,188,k787ppah,21-bargaining_tdl_main-534_1_2,RightPartner,okay,1787773456.9113767
02b4rmbq,203,qb0rdduy,21-bargaining_tdl_main-537_2_3,LeftPartner,Deal!,1787773457.0231059
02b4rmbq,212,kqudc44q,21-bargaining_tdl_main-538_2_3,RightPartner,hello,1787773460.1037676
02b4rmbq,208,bcoc908k,21-bargaining_tdl_main-537_2_3,RightPartner,I see we think alike its a deal,1787773461.3271866
02b4rmbq,116,qocynyun,21-bargaining_tdl_main-535_1_3,RightPartner,I'm in Alabama ... ,1787773464.779343
02b4rmbq,150,2uegxa8z,21-bargaining_tdl_main-531_1_2,RightPartner,Interesting. Nope. I agreed with them when they advised they are alternating.,1787773466.5565226
02b4rmbq,186,hwy01cdm,21-bargaining_tdl_main-533_1_2,RightPartner,"Okie dokie! I have my number, would you like to pick a number 1-20?",1787773467.3236184
02b4rmbq,206,tp49w9gd,21-bargaining_tdl_main-535_1_3,LeftPartner,yes hot,1787773469.7945144
02b4rmbq,191,led1mizo,21-bargaining_tdl_main-533_2_3,RightPartner,What do you mean by pick a number?,1787773470.1439857
02b4rmbq,144,7clcpdhb,21-bargaining_tdl_main-533_1_3,RightPartner,I understood the same.,1787773471.2605608
02b4rmbq,172,vmex9psr,21-bargaining_tdl_main-536_1_3,LeftPartner,im going to choose orange first and then yellow on the next round ,1787773476.0018935
02b4rmbq,128,r9105eco,21-bargaining_tdl_main-531_1_2,LeftPartner,interesting,1787773478.6524942
02b4rmbq,194,71ctqgqz,21-bargaining_tdl_main-538_2_3,LeftPartner,hi,1787773479.2244864
02b4rmbq,144,7clcpdhb,21-bargaining_tdl_main-533_1_2,LeftPartner,got it.,1787773485.3203456
02b4rmbq,128,r9105eco,21-bargaining_tdl_main-531_1_2,LeftPartner,so what now,1787773486.03282
02b4rmbq,212,kqudc44q,21-bargaining_tdl_main-538_2_3,RightPartner,how are you,1787773494.3578393
02b4rmbq,191,led1mizo,21-bargaining_tdl_main-533_1_3,LeftPartner,That would be ideal if we could all benefit,1787773495.2338498
02b4rmbq,123,3vaf0u7b,21-bargaining_tdl_main-538_1_3,RightPartner,hi,1787773496.4816303
02b4rmbq,144,7clcpdhb,21-bargaining_tdl_main-533_1_2,LeftPartner,7,1787773500.818094
02b4rmbq,123,3vaf0u7b,21-bargaining_tdl_main-538_1_2,LeftPartner,hi,1787773502.0606792
02b4rmbq,150,2uegxa8z,21-bargaining_tdl_main-531_1_2,RightPartner,Welp we'll see. They left my chat. ,1787773505.2177927
02b4rmbq,190,mzj81xev,21-bargaining_tdl_main-534_1_3,LeftPartner,"ok - so to be straight for me (purple) I would do none, none, yellow, yellow then orange orange.",1787773505.620047
02b4rmbq,194,71ctqgqz,21-bargaining_tdl_main-538_2_3,LeftPartner,am good and you,1787773506.82239
02b4rmbq,186,hwy01cdm,21-bargaining_tdl_main-533_2_3,LeftPartner,Like if you ask both participants in the chat to pick a number 1-20 you have a number in your head then whoever is closest you vote for them? Unless we just want to pick someone,1787773507.2042584
02b4rmbq,206,tp49w9gd,21-bargaining_tdl_main-535_1_3,LeftPartner,prob hotter in Alabama,1787773508.7910485
02b4rmbq,128,r9105eco,21-bargaining_tdl_main-531_1_2,LeftPartner,same here,1787773513.6598096
02b4rmbq,194,71ctqgqz,21-bargaining_tdl_main-538_1_2,RightPartner,hello,1787773515.258254
02b4rmbq,128,r9105eco,21-bargaining_tdl_main-531_1_2,LeftPartner,so just us,1787773518.1210938
02b4rmbq,150,2uegxa8z,21-bargaining_tdl_main-531_1_2,RightPartner,Im going to keep my word.,1787773521.532124
02b4rmbq,191,led1mizo,21-bargaining_tdl_main-533_2_3,RightPartner,"Ah I see, yeah I guess we could do that",1787773529.5277035
02b4rmbq,174,0qs6zcz7,21-bargaining_tdl_main-534_1_3,RightPartner,yes,1787773530.136548
02b4rmbq,123,3vaf0u7b,21-bargaining_tdl_main-538_1_3,RightPartner,how do you see the game ,1787773531.1698816
02b4rmbq,191,led1mizo,21-bargaining_tdl_main-533_2_3,RightPartner,Sort of an honor system anyway,1787773535.257056
02b4rmbq,150,2uegxa8z,21-bargaining_tdl_main-531_1_2,RightPartner,I will alternate.,1787773535.5118573
02b4rmbq,128,r9105eco,21-bargaining_tdl_main-531_1_2,LeftPartner,alright so how do we alternate,1787773536.3937485
02b4rmbq,206,tp49w9gd,21-bargaining_tdl_main-535_1_3,LeftPartner,what do you kike to do for fun?,1787773536.4834027
02b4rmbq,212,kqudc44q,21-bargaining_tdl_main-538_2_3,RightPartner,"good , so do you have like a strategy on how you are going to play this",1787773536.8655488
02b4rmbq,190,mzj81xev,21-bargaining_tdl_main-534_1_3,LeftPartner,got it - ,1787773538.0371969
02b4rmbq,116,qocynyun,21-bargaining_tdl_main-535_1_3,RightPartner,I have a portable fan that I use when I walk my doggie,1787773538.7363865
02b4rmbq,210,fe25q4i6,21-bargaining_tdl_main-539_1_3,LeftPartner,hey,1787773544.8393521
02b4rmbq,210,fe25q4i6,21-bargaining_tdl_main-539_2_3,RightPartner,hey,1787773545.8967643
02b4rmbq,123,3vaf0u7b,21-bargaining_tdl_main-538_1_2,LeftPartner,nice to meet you orange ,1787773547.3633301
02b4rmbq,191,led1mizo,21-bargaining_tdl_main-533_2_3,RightPartner,"I'm not misunderstanding in that there's no scenario in which all 3 of us benefit, right?",1787773549.0295203
02b4rmbq,128,r9105eco,21-bargaining_tdl_main-531_1_2,LeftPartner,who first,1787773553.5820694
02b4rmbq,174,0qs6zcz7,21-bargaining_tdl_main-534_1_3,RightPartner,"and I go orange, orange, purple puple, none, none",1787773554.6821132
02b4rmbq,206,tp49w9gd,21-bargaining_tdl_main-535_1_3,LeftPartner,"nice, does it mist?",1787773556.0455472
02b4rmbq,100,6dzn32bq,21-bargaining_tdl_main-539_1_3,RightPartner,hey,1787773557.4371605
02b4rmbq,184,zg971197,21-bargaining_tdl_main-539_2_3,LeftPartner,Hi! How's it going today,1787773560.4072654
02b4rmbq,212,kqudc44q,21-bargaining_tdl_main-538_1_3,LeftPartner,im like hesistant cause i dont want to choose just one to support,1787773564.5518873
02b4rmbq,186,hwy01cdm,21-bargaining_tdl_main-533_2_3,LeftPartner,Okay! And yeah so its fair. I dont think so but if you can find one Im happy to do so!,1787773565.6136892
02b4rmbq,191,led1mizo,21-bargaining_tdl_main-533_1_3,LeftPartner,Has the other person mentioned their number idea,1787773571.2638807
02b4rmbq,186,hwy01cdm,21-bargaining_tdl_main-533_1_2,RightPartner,Awesome! I guess we would do the reverse as well so you would have a number in mind and then i pick a number,1787773574.197122
02b4rmbq,150,2uegxa8z,21-bargaining_tdl_main-531_1_2,RightPartner,Now that's a good question. We can pick eachother first and then purple next. ,1787773574.6210568
02b4rmbq,144,7clcpdhb,21-bargaining_tdl_main-533_1_3,RightPartner,I am deciding with orange what to choose,1787773574.962994
02b4rmbq,144,7clcpdhb,21-bargaining_tdl_main-533_1_3,RightPartner,yes,1787773576.159938
02b4rmbq,174,0qs6zcz7,21-bargaining_tdl_main-534_1_2,LeftPartner,"ok, we're good",1787773578.7546983
02b4rmbq,123,3vaf0u7b,21-bargaining_tdl_main-538_1_3,RightPartner,mind if i ask who u wanna support ,1787773579.1051874
02b4rmbq,210,fe25q4i6,21-bargaining_tdl_main-539_1_3,LeftPartner,I intend to support no one. So you are free to support orange.,1787773582.8759131
02b4rmbq,206,tp49w9gd,21-bargaining_tdl_main-535_1_3,LeftPartner,how long have you been on Prolifi?,1787773588.6328735
02b4rmbq,144,7clcpdhb,21-bargaining_tdl_main-533_1_2,LeftPartner,sounds good,1787773588.63731
02b4rmbq,188,k787ppah,21-bargaining_tdl_main-534_2_3,LeftPartner,oh wait i misunderstood the directions lol. i thought u could see the messages in real time my bad lol,1787773590.7046878
02b4rmbq,194,71ctqgqz,21-bargaining_tdl_main-538_2_3,LeftPartner,"Not really. I intend to go with the flow, and you?",1787773593.0840025
02b4rmbq,116,qocynyun,21-bargaining_tdl_main-535_1_3,RightPartner,no.. but it has a function that makes it colder like a little AC so I get a few water droplets every now and then ...LOL,1787773597.626062
02b4rmbq,144,7clcpdhb,21-bargaining_tdl_main-533_1_2,LeftPartner,I have my number,1787773600.30589
02b4rmbq,191,led1mizo,21-bargaining_tdl_main-533_2_3,RightPartner,"Okay I have a number in mind between 1-20, I guess you can choose",1787773602.3033977
02b4rmbq,210,fe25q4i6,21-bargaining_tdl_main-539_2_3,RightPartner,"fine. i intend to support no one, so you are free to support yellow.",1787773602.4995131
02b4rmbq,194,71ctqgqz,21-bargaining_tdl_main-538_1_2,RightPartner,same here yellow,1787773607.3218935
02b4rmbq,123,3vaf0u7b,21-bargaining_tdl_main-538_1_3,RightPartner,"i can relate to that, quiet tough",1787773609.905176
02b4rmbq,128,r9105eco,21-bargaining_tdl_main-531_1_2,LeftPartner,alright but if purple doesnt then we all lose,1787773610.014177
02b4rmbq,191,led1mizo,21-bargaining_tdl_main-533_1_3,LeftPartner,"Okay, I have a number in mind between 1-20, I guess you can choose",1787773612.4748485
02b4rmbq,186,hwy01cdm,21-bargaining_tdl_main-533_1_2,RightPartner,Okay! I pick 11,1787773614.1155899
02b4rmbq,184,zg971197,21-bargaining_tdl_main-539_2_3,LeftPartner,sounds good - thanks for the heads up,1787773618.6907475
02b4rmbq,186,hwy01cdm,21-bargaining_tdl_main-533_2_3,LeftPartner,11,1787773620.6265378
02b4rmbq,100,6dzn32bq,21-bargaining_tdl_main-539_1_3,RightPartner,"alright, haha",1787773625.3009505
02b4rmbq,123,3vaf0u7b,21-bargaining_tdl_main-538_1_2,LeftPartner,who do wish to support ,1787773627.4543273
02b4rmbq,144,7clcpdhb,21-bargaining_tdl_main-533_1_3,RightPartner,13,1787773627.9961824
02b4rmbq,212,kqudc44q,21-bargaining_tdl_main-538_1_3,LeftPartner,i had lowkey picked to support you because i said i would choose which color i liked the most and then i said who answer hi first,1787773630.475226
02b4rmbq,150,2uegxa8z,21-bargaining_tdl_main-531_1_2,RightPartner,"And follow that pattern. Purple should eventually get one of us, Id suppose. ",1787773634.0995638
02b4rmbq,206,tp49w9gd,21-bargaining_tdl_main-535_1_3,LeftPartner,what kind of dog do you have? We have a great Pyrenees/German shepherd mix,1787773636.20524
02b4rmbq,144,7clcpdhb,21-bargaining_tdl_main-533_1_2,LeftPartner,nice,1787773636.7131548
02b4rmbq,212,kqudc44q,21-bargaining_tdl_main-538_2_3,RightPartner,im trying to decide,1787773637.21224
02b4rmbq,191,led1mizo,21-bargaining_tdl_main-533_1_3,LeftPartner,Got it,1787773637.21552
02b4rmbq,186,hwy01cdm,21-bargaining_tdl_main-533_2_3,LeftPartner,"I have a number in mind, what's your guess?",1787773640.004488
02b4rmbq,191,led1mizo,21-bargaining_tdl_main-533_2_3,RightPartner,Got it,1787773641.6339943
02b4rmbq,212,kqudc44q,21-bargaining_tdl_main-538_2_3,RightPartner,i hate having to pick,1787773643.2061663
02b4rmbq,184,zg971197,21-bargaining_tdl_main-539_1_2,RightPartner,Hey Yellow - hope you are well - you going to support anyone?,1787773644.1431768
02b4rmbq,191,led1mizo,21-bargaining_tdl_main-533_2_3,RightPartner,My guess is 19,1787773647.5661142
02b4rmbq,144,7clcpdhb,21-bargaining_tdl_main-533_1_2,LeftPartner,I chose 10 this round! You got very close,1787773648.0404646
02b4rmbq,128,r9105eco,21-bargaining_tdl_main-531_1_2,LeftPartner,alright,1787773648.7449446
02b4rmbq,194,71ctqgqz,21-bargaining_tdl_main-538_2_3,LeftPartner,same here,1787773656.157803
02b4rmbq,191,led1mizo,21-bargaining_tdl_main-533_1_3,LeftPartner,My guess for yours will be 7,1787773657.7983024
02b4rmbq,100,6dzn32bq,21-bargaining_tdl_main-539_1_2,LeftPartner,I am supporting you,1787773660.749682
02b4rmbq,150,2uegxa8z,21-bargaining_tdl_main-531_1_2,RightPartner,True. Idk it seems the less complicated route while still being fair.,1787773666.0734599
02b4rmbq,123,3vaf0u7b,21-bargaining_tdl_main-538_1_3,RightPartner,"really, that's logical i guess ",1787773668.145393
02b4rmbq,116,qocynyun,21-bargaining_tdl_main-535_1_3,RightPartner,shih tzu...  It's National Dog Day today!,1787773668.379901
02b4rmbq,128,r9105eco,21-bargaining_tdl_main-531_1_2,LeftPartner,but let me pick purple first since thats what purple sugested,1787773669.4233472
02b4rmbq,210,fe25q4i6,21-bargaining_tdl_main-539_2_3,RightPartner,"you got it. enjoy. theres no way for us to all benefit, so i will bow out.",1787773671.9610038
02b4rmbq,194,71ctqgqz,21-bargaining_tdl_main-538_1_2,RightPartner,anyone willing to support me,1787773672.4143507
02b4rmbq,184,zg971197,21-bargaining_tdl_main-539_1_2,RightPartner,great!,1787773673.061642
02b4rmbq,210,fe25q4i6,21-bargaining_tdl_main-539_1_3,LeftPartner,enjoy. Theres no way for us to all benefit. so I will bow out.,1787773673.4400263
02b4rmbq,128,r9105eco,21-bargaining_tdl_main-531_1_2,LeftPartner,then alternate after ,1787773676.510284
02b4rmbq,144,7clcpdhb,21-bargaining_tdl_main-533_1_3,RightPartner,"great, I chose 15",1787773676.6080968
02b4rmbq,128,r9105eco,21-bargaining_tdl_main-531_1_2,LeftPartner,cool?,1787773679.1871939
02b4rmbq,123,3vaf0u7b,21-bargaining_tdl_main-538_1_3,RightPartner,i like purple as well,1787773681.8685834
02b4rmbq,206,tp49w9gd,21-bargaining_tdl_main-535_1_3,LeftPartner,she's like a very fluffy and terratoial golden retriever lol,1787773684.8875663
02b4rmbq,123,3vaf0u7b,21-bargaining_tdl_main-538_1_2,LeftPartner,"cool, what color do you like ",1787773700.5090857
02b4rmbq,150,2uegxa8z,21-bargaining_tdl_main-531_1_2,RightPartner,"Ok, so purple first then we'll pick eachother after. Thats fine.",1787773701.1127732
02b4rmbq,191,led1mizo,21-bargaining_tdl_main-533_1_3,LeftPartner,Oh 15 was the number in your head?,1787773701.491738
02b4rmbq,212,kqudc44q,21-bargaining_tdl_main-538_1_3,LeftPartner,i just feel bad picking without too much info so i just decided to pick like thatt,1787773703.583101
02b4rmbq,144,7clcpdhb,21-bargaining_tdl_main-533_1_3,RightPartner,yes,1787773712.1526892
02b4rmbq,212,kqudc44q,21-bargaining_tdl_main-538_2_3,RightPartner,ima just go with the flow i guess,1787773715.2647674
02b4rmbq,151,0or9zlq5,21-bargaining_tdl_main-540_1_2,LeftPartner,Hello. I am excited to work with you. ,1787773715.38979
02b4rmbq,116,qocynyun,21-bargaining_tdl_main-535_1_3,RightPartner,LOL....  they are a mess....  just like children,1787773717.953975
02b4rmbq,100,6dzn32bq,21-bargaining_tdl_main-539_1_3,RightPartner,"it is a weird choice, usually it's all or nothing",1787773718.9758332
02b4rmbq,186,hwy01cdm,21-bargaining_tdl_main-533_1_2,RightPartner,I chose 12 this round! your answer was closest ,1787773719.680427
02b4rmbq,128,r9105eco,21-bargaining_tdl_main-531_1_2,LeftPartner,great,1787773721.910336
02b4rmbq,150,2uegxa8z,21-bargaining_tdl_main-531_1_2,RightPartner,And then purple again after that?,1787773722.0587711
02b4rmbq,201,me80vrdg,21-bargaining_tdl_main-540_1_2,RightPartner,Me too I am excited,1787773722.7129297
02b4rmbq,206,tp49w9gd,21-bargaining_tdl_main-535_1_3,LeftPartner,"nice, I did not know that! we will have to get her a pup ice cream :)",1787773722.8496702
02b4rmbq,151,0or9zlq5,21-bargaining_tdl_main-540_1_3,RightPartner,Hello. I'm excited to work with you. ,1787773723.6119795
02b4rmbq,191,led1mizo,21-bargaining_tdl_main-533_1_3,LeftPartner,I guess no harm is saying what the number in my head was,1787773724.619408
02b4rmbq,194,71ctqgqz,21-bargaining_tdl_main-538_1_2,RightPartner,like a favorite color?,1787773726.6705644
02b4rmbq,191,led1mizo,21-bargaining_tdl_main-533_1_3,LeftPartner,It was 6,1787773727.9305534
02b4rmbq,128,r9105eco,21-bargaining_tdl_main-531_1_2,LeftPartner,yh,1787773729.530768
02b4rmbq,123,3vaf0u7b,21-bargaining_tdl_main-538_1_3,RightPartner,yeah... ,1787773730.5414963
02b4rmbq,201,me80vrdg,21-bargaining_tdl_main-540_2_3,LeftPartner,Hello there how are you,1787773731.6727524
02b4rmbq,150,2uegxa8z,21-bargaining_tdl_main-531_1_2,RightPartner,Cool.,1787773734.3364656
02b4rmbq,211,8fr3zbpl,21-bargaining_tdl_main-540_1_3,LeftPartner,"interesting dilemna, how to choose who to support",1787773734.9834726
02b4rmbq,151,0or9zlq5,21-bargaining_tdl_main-540_1_2,LeftPartner,Tell me about yourself. ,1787773735.1085384
02b4rmbq,128,r9105eco,21-bargaining_tdl_main-531_1_2,LeftPartner,cool,1787773738.0980074
02b4rmbq,123,3vaf0u7b,21-bargaining_tdl_main-538_1_2,LeftPartner,yeah ,1787773738.4146817
02b4rmbq,194,71ctqgqz,21-bargaining_tdl_main-538_2_3,LeftPartner,yea same,1787773743.8066325
02b4rmbq,128,r9105eco,21-bargaining_tdl_main-531_1_2,LeftPartner,we can leave now,1787773745.0037348
02b4rmbq,211,8fr3zbpl,21-bargaining_tdl_main-540_2_3,RightPartner,hi im doing great,1787773746.6798744
02b4rmbq,151,0or9zlq5,21-bargaining_tdl_main-540_1_3,RightPartner,Definitely! Any idea how you'll decide?,1787773748.4331377
02b4rmbq,191,led1mizo,21-bargaining_tdl_main-533_2_3,RightPartner,"The other person told me what number was in their head, so I guess there's no harm in saying what number I had in mind either",1787773749.540505
02b4rmbq,186,hwy01cdm,21-bargaining_tdl_main-533_2_3,LeftPartner,I chose 12 this round! The other participant was closest to my number ,1787773749.9420261
02b4rmbq,201,me80vrdg,21-bargaining_tdl_main-540_1_2,RightPartner,tell me about yourself,1787773751.011942
02b4rmbq,191,led1mizo,21-bargaining_tdl_main-533_2_3,RightPartner,It was 6,1787773751.4992316
02b4rmbq,128,r9105eco,21-bargaining_tdl_main-531_1_2,LeftPartner,bye,1787773752.323377
02b4rmbq,211,8fr3zbpl,21-bargaining_tdl_main-540_1_3,LeftPartner,me too,1787773752.7034056
02b4rmbq,150,2uegxa8z,21-bargaining_tdl_main-531_1_2,RightPartner,bye,1787773755.609342
02b4rmbq,194,71ctqgqz,21-bargaining_tdl_main-538_1_2,RightPartner,lemon green,1787773756.6133668
02b4rmbq,191,led1mizo,21-bargaining_tdl_main-533_2_3,RightPartner,Ah okay,1787773757.1501677
02b4rmbq,186,hwy01cdm,21-bargaining_tdl_main-533_2_3,LeftPartner,No chance you found a different way right?,1787773759.732524
02b4rmbq,201,me80vrdg,21-bargaining_tdl_main-540_1_2,RightPartner,I am a happy person,1787773762.0555627
02b4rmbq,211,8fr3zbpl,21-bargaining_tdl_main-540_1_3,LeftPartner,honestly was about to flip a coin,1787773762.9283118
02b4rmbq,191,led1mizo,21-bargaining_tdl_main-533_2_3,RightPartner,Nope,1787773764.0548415
02b4rmbq,201,me80vrdg,21-bargaining_tdl_main-540_1_2,RightPartner,how about you,1787773764.823785
02b4rmbq,194,71ctqgqz,21-bargaining_tdl_main-538_1_2,RightPartner,and u,1787773765.5912724
02b4rmbq,211,8fr3zbpl,21-bargaining_tdl_main-540_2_3,RightPartner,how to decide,1787773771.263857
02b4rmbq,210,fe25q4i6,21-bargaining_tdl_main-539_1_3,LeftPartner,"group dynamics, we should do whats best for the total group instead of whats best for yourself.",1787773773.8023636
02b4rmbq,123,3vaf0u7b,21-bargaining_tdl_main-538_1_2,LeftPartner,great,1787773775.2488997
02b4rmbq,116,qocynyun,21-bargaining_tdl_main-535_1_3,RightPartner,I am not sure if this section needed 10 minutes....  I ran out of time answering the questions on the previous page..  LOL,1787773776.8933198
02b4rmbq,191,led1mizo,21-bargaining_tdl_main-533_2_3,RightPartner,Whatever happens happens lol,1787773781.3394268
02b4rmbq,201,me80vrdg,21-bargaining_tdl_main-540_2_3,LeftPartner,just use your heart,1787773783.9661014
02b4rmbq,191,led1mizo,21-bargaining_tdl_main-533_1_3,LeftPartner,Whatever happens happens lol,1787773786.2830255
02b4rmbq,151,0or9zlq5,21-bargaining_tdl_main-540_1_2,LeftPartner,I tend to be a more happy but just overall calm person. Very laid back. ,1787773790.7978046
02b4rmbq,100,6dzn32bq,21-bargaining_tdl_main-539_1_3,RightPartner,true,1787773792.824306
02b4rmbq,144,7clcpdhb,21-bargaining_tdl_main-533_1_3,RightPartner,good luck,1787773794.597881
02b4rmbq,151,0or9zlq5,21-bargaining_tdl_main-540_1_3,RightPartner,Honestly fair! ,1787773797.0076716
02b4rmbq,191,led1mizo,21-bargaining_tdl_main-533_1_3,LeftPartner,Same to you,1787773797.4477172
02b4rmbq,201,me80vrdg,21-bargaining_tdl_main-540_1_2,RightPartner,i wish I ws more laid back,1787773803.5386162
02b4rmbq,206,tp49w9gd,21-bargaining_tdl_main-535_1_3,LeftPartner,I don't know either....oh..1 min 37 remaining,1787773804.6542501
02b4rmbq,201,me80vrdg,21-bargaining_tdl_main-540_2_3,LeftPartner,is it hot today,1787773812.5291798
02b4rmbq,211,8fr3zbpl,21-bargaining_tdl_main-540_2_3,RightPartner,for fairness sake was about to flip a coin,1787773813.090492
02b4rmbq,201,me80vrdg,21-bargaining_tdl_main-540_1_2,RightPartner,is it hot today,1787773818.409085
02b4rmbq,211,8fr3zbpl,21-bargaining_tdl_main-540_1_3,LeftPartner,how about you,1787773822.8471594
02b4rmbq,201,me80vrdg,21-bargaining_tdl_main-540_2_3,LeftPartner,flip away if you need to,1787773829.8813496
02b4rmbq,151,0or9zlq5,21-bargaining_tdl_main-540_1_2,LeftPartner,Yes. It's very warm today. ,1787773830.6116183
02b4rmbq,151,0or9zlq5,21-bargaining_tdl_main-540_1_3,RightPartner,I truly have no idea. Probably pick at random. ,1787773839.1511188
02b4rmbq,206,tp49w9gd,21-bargaining_tdl_main-535_1_3,LeftPartner,I tried to hit next it doesn't work yet,1787773840.3084223
02b4rmbq,211,8fr3zbpl,21-bargaining_tdl_main-540_2_3,RightPartner,has eased a bit but back into the high 90s this weekend,1787773844.390098
02b4rmbq,211,8fr3zbpl,21-bargaining_tdl_main-540_2_3,RightPartner,or should i just choose randomly at the last minute,1787773868.3603983
02b4rmbq,201,me80vrdg,21-bargaining_tdl_main-540_2_3,LeftPartner,i think next week we get a break finally,1787773868.6689239
02b4rmbq,201,me80vrdg,21-bargaining_tdl_main-540_2_3,LeftPartner,crossing my fingers,1787773873.2486343
02b4rmbq,211,8fr3zbpl,21-bargaining_tdl_main-540_2_3,RightPartner,ah fate you fickle mistress,1787773879.824882
02b4rmbq,206,tp49w9gd,21-bargaining_tdl_main-535_1_3,LeftPartner,nice chatting with you!,1787773887.4039247
02b4rmbq,201,me80vrdg,21-bargaining_tdl_main-540_2_3,LeftPartner,lol,1787773892.9871554
02b4rmbq,211,8fr3zbpl,21-bargaining_tdl_main-540_1_3,LeftPartner,yes thats an option too :D,1787773898.0679038
02b4rmbq,201,me80vrdg,21-bargaining_tdl_main-540_1_2,RightPartner,so who are you choosing you think,1787773909.2909284
02b4rmbq,201,me80vrdg,21-bargaining_tdl_main-540_2_3,LeftPartner,what does that mean,1787773917.9785292
02b4rmbq,209,q2qaaoy3,21-bargaining_tdl_main-541_2_3,LeftPartner,hello,1787773922.0526197
02b4rmbq,213,t0xwb46q,21-bargaining_tdl_main-541_2_3,RightPartner,Hi. ,1787773926.1108081
02b4rmbq,211,8fr3zbpl,21-bargaining_tdl_main-540_1_3,LeftPartner,I would have chosen purple as its my fave but alas i am purple,1787773932.0852842
02b4rmbq,151,0or9zlq5,21-bargaining_tdl_main-540_1_2,LeftPartner,I don't know. I'm still deciding. It's hard to choose. ,1787773932.144949
02b4rmbq,213,t0xwb46q,21-bargaining_tdl_main-541_1_3,LeftPartner,Hi,1787773943.2825801
02b4rmbq,201,me80vrdg,21-bargaining_tdl_main-540_1_2,RightPartner,you could always flip a coin,1787773958.2152624
02b4rmbq,151,0or9zlq5,21-bargaining_tdl_main-540_1_3,RightPartner,That's fair. I do love purple! Picking a color is a good way to choose also. It takes all the other options out of it. ,1787773959.9655004
02b4rmbq,165,iqqxh285,21-bargaining_tdl_main-541_1_3,RightPartner,hello,1787773962.2580001
02b4rmbq,211,8fr3zbpl,21-bargaining_tdl_main-540_2_3,RightPartner,just relying on random fate can be tricky,1787773962.5343978
02b4rmbq,201,me80vrdg,21-bargaining_tdl_main-540_1_2,RightPartner,gee i do not think i even have a coin,1787773978.2123747
02b4rmbq,211,8fr3zbpl,21-bargaining_tdl_main-540_2_3,RightPartner,ive never been a good gambler :D,1787773982.9031594
02b4rmbq,151,0or9zlq5,21-bargaining_tdl_main-540_1_2,LeftPartner,Definitely! I would have to look for one! haha,1787773988.135433
02b4rmbq,201,me80vrdg,21-bargaining_tdl_main-540_2_3,LeftPartner,me neither,1787773996.2513525
02b4rmbq,211,8fr3zbpl,21-bargaining_tdl_main-540_1_3,LeftPartner,yes i think i'll go that route,1787774000.5995567
02b4rmbq,215,cqoux7ya,21-bargaining_tdl_main-542_1_2,RightPartner,IM GOING TO CHOOSE PURPLE,1787774005.7889526
02b4rmbq,216,s8y7z8bp,21-bargaining_tdl_main-542_1_3,LeftPartner,Hello,1787774009.4106708
02b4rmbq,201,me80vrdg,21-bargaining_tdl_main-540_2_3,LeftPartner,i have to look for a coin,1787774010.7892122
02b4rmbq,214,zhpbqwis,21-bargaining_tdl_main-542_1_3,RightPartner,Hi,1787774011.3268306
02b4rmbq,216,s8y7z8bp,21-bargaining_tdl_main-542_2_3,RightPartner,Hey,1787774013.9475546
02b4rmbq,214,zhpbqwis,21-bargaining_tdl_main-542_1_2,LeftPartner,Hi,1787774017.441088
02b4rmbq,215,cqoux7ya,21-bargaining_tdl_main-542_2_3,LeftPartner,HEY,1787774019.1223216
02b4rmbq,151,0or9zlq5,21-bargaining_tdl_main-540_1_3,RightPartner,That's a good idea! ,1787774030.4341042
02b4rmbq,211,8fr3zbpl,21-bargaining_tdl_main-540_2_3,RightPartner,luck be a lady tonight,1787774032.7364254
02b4rmbq,216,s8y7z8bp,21-bargaining_tdl_main-542_1_3,LeftPartner,What do you think is the best course of action?,1787774036.458483
02b4rmbq,201,me80vrdg,21-bargaining_tdl_main-540_1_2,RightPartner,do you want to be heads or tails,1787774037.4030898
02b4rmbq,201,me80vrdg,21-bargaining_tdl_main-540_2_3,LeftPartner,do you want to be heads or tails,1787774048.8292613
02b4rmbq,211,8fr3zbpl,21-bargaining_tdl_main-540_1_3,LeftPartner,im going to start singing sinatra lol,1787774049.1609685
02b4rmbq,215,cqoux7ya,21-bargaining_tdl_main-542_1_2,RightPartner,HI,1787774049.378339
02b4rmbq,216,s8y7z8bp,21-bargaining_tdl_main-542_2_3,RightPartner,Who are you going to support?,1787774050.01793
02b4rmbq,215,cqoux7ya,21-bargaining_tdl_main-542_2_3,LeftPartner,IM GOING TO CHOOSE PURPLE ,1787774052.9804678
02b4rmbq,215,cqoux7ya,21-bargaining_tdl_main-542_1_2,RightPartner,WHO ARE YOU GOING TO SUPPORT,1787774066.086811
02b4rmbq,211,8fr3zbpl,21-bargaining_tdl_main-540_2_3,RightPartner,tails please,1787774069.4669447
02b4rmbq,216,s8y7z8bp,21-bargaining_tdl_main-542_2_3,RightPartner,There is no purple.,1787774070.1281207
02b4rmbq,151,0or9zlq5,21-bargaining_tdl_main-540_1_2,LeftPartner,heads!,1787774080.704622
02b4rmbq,214,zhpbqwis,21-bargaining_tdl_main-542_1_3,RightPartner,orange is going to choose you,1787774081.6434975
02b4rmbq,151,0or9zlq5,21-bargaining_tdl_main-540_1_3,RightPartner,do it!,1787774082.7551947
02b4rmbq,211,8fr3zbpl,21-bargaining_tdl_main-540_1_3,LeftPartner,"may the odds be ever in your favor yellow, i salute you",1787774096.9138997
02b4rmbq,201,me80vrdg,21-bargaining_tdl_main-540_1_2,RightPartner,this is gonna be fun,1787774097.2719142
02b4rmbq,214,zhpbqwis,21-bargaining_tdl_main-542_1_3,RightPartner,if you support me and i support you we get $3,1787774101.3835552
02b4rmbq,216,s8y7z8bp,21-bargaining_tdl_main-542_1_3,LeftPartner,What color am I on your end?,1787774104.2746675
02b4rmbq,201,me80vrdg,21-bargaining_tdl_main-540_2_3,LeftPartner,this is gonna be fun,1787774104.5994854
02b4rmbq,214,zhpbqwis,21-bargaining_tdl_main-542_1_2,LeftPartner,you said purple?,1787774114.3306408
02b4rmbq,214,zhpbqwis,21-bargaining_tdl_main-542_1_2,LeftPartner,lets go with that,1787774123.709276
02b4rmbq,214,zhpbqwis,21-bargaining_tdl_main-542_1_3,RightPartner,purple,1787774127.5367758
02b4rmbq,215,cqoux7ya,21-bargaining_tdl_main-542_1_2,RightPartner,OK,1787774131.0422702
02b4rmbq,151,0or9zlq5,21-bargaining_tdl_main-540_1_2,LeftPartner,I definitely think you can make it more fun instead of being anxious about it. ,1787774133.3322964
02b4rmbq,201,me80vrdg,21-bargaining_tdl_main-540_1_2,RightPartner,getting close to running out of time,1787774134.3472164
02b4rmbq,211,8fr3zbpl,21-bargaining_tdl_main-540_1_3,LeftPartner,best of luck to us all!,1787774135.2628064
02b4rmbq,201,me80vrdg,21-bargaining_tdl_main-540_2_3,LeftPartner,getting close to running out of time,1787774144.3363364
02b4rmbq,151,0or9zlq5,21-bargaining_tdl_main-540_1_3,RightPartner,Same! I wish I had a better color!. haha,1787774144.6348162
02b4rmbq,211,8fr3zbpl,21-bargaining_tdl_main-540_2_3,RightPartner,wish you luck Orange!,1787774147.411759
02b4rmbq,215,cqoux7ya,21-bargaining_tdl_main-542_2_3,LeftPartner,WHAT COLOR ARE YOU GOING WITH,1787774147.7061667
02b4rmbq,201,me80vrdg,21-bargaining_tdl_main-540_2_3,LeftPartner,you 2,1787774155.0057173
02b4rmbq,151,0or9zlq5,21-bargaining_tdl_main-540_1_2,LeftPartner,Yes! gotta make some decisions. ,1787774161.6734846
02b4rmbq,211,8fr3zbpl,21-bargaining_tdl_main-540_1_3,LeftPartner,yellow is sunshine and happiness,1787774171.764891
02b4rmbq,201,me80vrdg,21-bargaining_tdl_main-540_2_3,LeftPartner,it came up tails,1787774175.8855863
02b4rmbq,216,s8y7z8bp,21-bargaining_tdl_main-542_1_3,LeftPartner,"Ok. Yes, that is true, but that means we'd leave orange with 0, right?",1787774179.443166
02b4rmbq,211,8fr3zbpl,21-bargaining_tdl_main-540_2_3,RightPartner,woot,1787774185.3369982
02b4rmbq,151,0or9zlq5,21-bargaining_tdl_main-540_1_3,RightPartner,That is true!,1787774198.0122542
02b4rmbq,214,zhpbqwis,21-bargaining_tdl_main-542_1_3,RightPartner,"looks like it, lol",1787774201.0134597
02b4rmbq,201,me80vrdg,21-bargaining_tdl_main-540_2_3,LeftPartner,should i do the best 2 out of 3,1787774226.3352838
02b4rmbq,214,zhpbqwis,21-bargaining_tdl_main-542_1_3,RightPartner,said he is gonna choose you,1787774230.1110256
02b4rmbq,201,me80vrdg,21-bargaining_tdl_main-540_1_2,RightPartner,it came up tails,1787774232.6148486
02b4rmbq,211,8fr3zbpl,21-bargaining_tdl_main-540_2_3,RightPartner,if you like,1787774237.0992236
02b4rmbq,201,me80vrdg,21-bargaining_tdl_main-540_1_2,RightPartner,should I do the best of 2 out of 3,1787774240.2685297
02b4rmbq,216,s8y7z8bp,21-bargaining_tdl_main-542_1_3,LeftPartner,"Looks like orange left the chat, lol.",1787774248.0288835
02b4rmbq,151,0or9zlq5,21-bargaining_tdl_main-540_1_2,LeftPartner,yeah!,1787774248.0472631
02b4rmbq,211,8fr3zbpl,21-bargaining_tdl_main-540_2_3,RightPartner,theres a lil time left,1787774248.278903
02b4rmbq,211,8fr3zbpl,21-bargaining_tdl_main-540_1_3,LeftPartner,fingers crossed,1787774253.903321
02b4rmbq,214,zhpbqwis,21-bargaining_tdl_main-542_1_3,RightPartner,damn,1787774262.387138
02b4rmbq,214,zhpbqwis,21-bargaining_tdl_main-542_1_3,RightPartner,i see ',1787774269.2771876
02b4rmbq,214,zhpbqwis,21-bargaining_tdl_main-542_1_3,RightPartner,what happens now?,1787774276.9059093
02b4rmbq,201,me80vrdg,21-bargaining_tdl_main-540_1_2,RightPartner,it came up heads 2 times,1787774277.4889588
02b4rmbq,201,me80vrdg,21-bargaining_tdl_main-540_2_3,LeftPartner,heads 2 times,1787774283.3763273
02b4rmbq,211,8fr3zbpl,21-bargaining_tdl_main-540_1_3,LeftPartner,here we go,1787774285.8239734
02b4rmbq,211,8fr3zbpl,21-bargaining_tdl_main-540_2_3,RightPartner,here we go,1787774288.4633658
02b4rmbq,216,s8y7z8bp,21-bargaining_tdl_main-542_1_3,LeftPartner,I guess the only option left is for us to support each other. Why do you think orange left?,1787774351.9928575
02b4rmbq,214,zhpbqwis,21-bargaining_tdl_main-542_1_3,RightPartner,"i dont know, maybe did not understand what was supposed to be done? or just got bored",1787774390.3456414
02b4rmbq,214,zhpbqwis,21-bargaining_tdl_main-542_1_3,RightPartner,was typing all caps,1787774397.0684037
02b4rmbq,204,tdiqem3e,21-bargaining_tdl_main-543_1_3,RightPartner,Hello,1787774399.0305593
02b4rmbq,204,tdiqem3e,21-bargaining_tdl_main-543_1_2,LeftPartner,Hello,1787774401.911679
02b4rmbq,219,1ta6afl5,21-bargaining_tdl_main-543_1_3,LeftPartner,hi,1787774405.3345473
02b4rmbq,219,1ta6afl5,21-bargaining_tdl_main-543_1_3,LeftPartner,can we support each other,1787774415.2362509
02b4rmbq,219,1ta6afl5,21-bargaining_tdl_main-543_1_3,LeftPartner,orange doesnt seem active,1787774427.053177
02b4rmbq,219,1ta6afl5,21-bargaining_tdl_main-543_2_3,RightPartner,hi,1787774429.764362
02b4rmbq,218,us31d6hp,21-bargaining_tdl_main-543_1_2,RightPartner,Hey how's it going?,1787774439.5385609
02b4rmbq,218,us31d6hp,21-bargaining_tdl_main-543_2_3,LeftPartner,"Hello there, how's it going?",1787774449.7623503
02b4rmbq,219,1ta6afl5,21-bargaining_tdl_main-543_2_3,RightPartner,good,1787774455.666888
02b4rmbq,216,s8y7z8bp,21-bargaining_tdl_main-542_1_3,LeftPartner,"Lol, you're too funny. I'm going to go ahead click next. I'll be supporting you.",1787774463.4770343
02b4rmbq,204,tdiqem3e,21-bargaining_tdl_main-543_1_3,RightPartner,Orange just messaged me. They aren't active with you?,1787774475.0713859
02b4rmbq,204,tdiqem3e,21-bargaining_tdl_main-543_1_2,LeftPartner,Hello.,1787774477.6244776
02b4rmbq,219,1ta6afl5,21-bargaining_tdl_main-543_1_3,LeftPartner,orange just did,1787774485.6540096
02b4rmbq,204,tdiqem3e,21-bargaining_tdl_main-543_1_3,RightPartner,"If you promise to support me,  I will support you. ",1787774489.3377702
02b4rmbq,218,us31d6hp,21-bargaining_tdl_main-543_2_3,LeftPartner,Do you want to team up? ,1787774492.8873625
02b4rmbq,204,tdiqem3e,21-bargaining_tdl_main-543_1_3,RightPartner,What do you prefer?,1787774492.9819694
02b4rmbq,219,1ta6afl5,21-bargaining_tdl_main-543_1_3,LeftPartner,i promise,1787774495.7379713
02b4rmbq,204,tdiqem3e,21-bargaining_tdl_main-543_1_3,RightPartner,Ok. Deal ,1787774502.5955334
02b4rmbq,218,us31d6hp,21-bargaining_tdl_main-543_1_2,RightPartner,Looking to team up?,1787774503.942252
02b4rmbq,219,1ta6afl5,21-bargaining_tdl_main-543_1_3,LeftPartner,cause only 2 people get the money,1787774511.3043823
02b4rmbq,219,1ta6afl5,21-bargaining_tdl_main-543_1_3,LeftPartner,deal,1787774514.2956188
02b4rmbq,204,tdiqem3e,21-bargaining_tdl_main-543_1_3,RightPartner,Should we hit next?,1787774520.251318
02b4rmbq,204,tdiqem3e,21-bargaining_tdl_main-543_1_3,RightPartner,and end the chats?,1787774523.311778
02b4rmbq,219,1ta6afl5,21-bargaining_tdl_main-543_1_3,LeftPartner,yes,1787774524.5822046
02b4rmbq,219,1ta6afl5,21-bargaining_tdl_main-543_2_3,RightPartner,i am suporting yellow,1787774537.7235506
02b4rmbq,219,1ta6afl5,21-bargaining_tdl_main-543_2_3,RightPartner,thanks,1787774545.4504964
02b4rmbq,218,us31d6hp,21-bargaining_tdl_main-543_2_3,LeftPartner,Yellow left my dude,1787774548.2879953
