participant.id_in_session;participant.code;participant.label;participant._is_bot;participant._index_in_pages;participant._max_page_index;participant._current_app_name;participant._current_page_name;participant.time_started_utc;participant.visited;participant.mturk_worker_id;participant.mturk_assignment_id;participant.payoff;participant.prolific_id;participant.prolific_study_id;participant.prolific_session_id;participant.inactive_excluded;participant.inactive_excluded_reason;participant.group_dropped;participant.part1_payoff_eligible;session.code;session.label;session.mturk_HITId;session.mturk_HITGroupId;session.comment;session.is_demo;session.config.name;session.config.participation_fee;session.config.real_world_currency_per_point;session.config.control_questions_max_attempts;session.config.skip_intro_control_questions;session.config.use_test_timers;session.config.completionlink;bargaining_tdl_intro.1.player.id_in_group;bargaining_tdl_intro.1.player.role;bargaining_tdl_intro.1.player.payoff;bargaining_tdl_intro.1.player.prolific_id;bargaining_tdl_intro.1.player.prolific_pid_url;bargaining_tdl_intro.1.player.prolific_study_id;bargaining_tdl_intro.1.player.prolific_session_id;bargaining_tdl_intro.1.player.draft_history_left;bargaining_tdl_intro.1.player.draft_history_right;bargaining_tdl_intro.1.player.signal_left;bargaining_tdl_intro.1.player.signal_right;bargaining_tdl_intro.1.player.first_intention_selected;bargaining_tdl_intro.1.player.example1_earnings_you;bargaining_tdl_intro.1.player.example1_earnings_left;bargaining_tdl_intro.1.player.example1_earnings_right;bargaining_tdl_intro.1.player.example2_earnings_you;bargaining_tdl_intro.1.player.example2_earnings_left;bargaining_tdl_intro.1.player.example2_earnings_right;bargaining_tdl_intro.1.player.example3_earnings_you;bargaining_tdl_intro.1.player.example3_earnings_left;bargaining_tdl_intro.1.player.example3_earnings_right;bargaining_tdl_intro.1.player.time_welcome;bargaining_tdl_intro.1.player.time_instructions_part1;bargaining_tdl_intro.1.player.time_control_questions;bargaining_tdl_intro.1.player.time_goodbye;bargaining_tdl_intro.1.player.time_chat_and_signals;bargaining_tdl_intro.1.player.time_on_page;bargaining_tdl_intro.1.group.id_in_subsession;bargaining_tdl_intro.1.subsession.round_number;bargaining_tdl_main.1.player.id_in_group;bargaining_tdl_main.1.player.role;bargaining_tdl_main.1.player.payoff;bargaining_tdl_main.1.player.player_color;bargaining_tdl_main.1.player.part1_calculated_payoff;bargaining_tdl_main.1.player.signal_left;bargaining_tdl_main.1.player.signal_right;bargaining_tdl_main.1.player.first_intention_selected;bargaining_tdl_main.1.player.time_welcome;bargaining_tdl_main.1.player.time_chat;bargaining_tdl_main.1.player.time_signals;bargaining_tdl_main.1.player.time_chat_and_signals;bargaining_tdl_main.1.player.decision_choice;bargaining_tdl_main.1.player.received_signal_left;bargaining_tdl_main.1.player.received_signal_right;bargaining_tdl_main.1.player.id_player_on_the_left;bargaining_tdl_main.1.player.id_player_on_the_right;bargaining_tdl_main.1.player.time_experiment_terminated;bargaining_tdl_main.1.player.time_decision;bargaining_tdl_main.1.player.time_results;bargaining_tdl_main.1.player.time_on_page;bargaining_tdl_main.1.player.chat_interrupted;bargaining_tdl_main.1.player.participant_left_ts;bargaining_tdl_main.1.player.part1_payoff_eligible;bargaining_tdl_main.1.player.decision_inactive;bargaining_tdl_main.1.player.signal_inactive;bargaining_tdl_main.1.player.received_signal_left_inactive;bargaining_tdl_main.1.player.received_signal_right_inactive;bargaining_tdl_main.1.group.id_in_subsession;bargaining_tdl_main.1.group.grp_coordinate;bargaining_tdl_main.1.group.grp_triadicsplit;bargaining_tdl_main.1.group.selected_part_for_payment;bargaining_tdl_main.1.group.chat_left_p1;bargaining_tdl_main.1.group.chat_left_p2;bargaining_tdl_main.1.group.chat_left_p3;bargaining_tdl_main.1.group.group_dropped;bargaining_tdl_main.1.group.reconnect_deadline_ts;bargaining_tdl_main.1.group.interrupted_player_id;bargaining_tdl_main.1.group.last_ping_p1;bargaining_tdl_main.1.group.last_ping_p2;bargaining_tdl_main.1.group.last_ping_p3;bargaining_tdl_main.1.group.submit_grace_until_p1;bargaining_tdl_main.1.group.submit_grace_until_p2;bargaining_tdl_main.1.group.submit_grace_until_p3;bargaining_tdl_main.1.group.part1_payoff_eligible;bargaining_tdl_main.1.subsession.round_number;bargaining_tdl_part3.1.player.id_in_group;bargaining_tdl_part3.1.player.role;bargaining_tdl_part3.1.player.payoff;bargaining_tdl_part3.1.player.decision;bargaining_tdl_part3.1.player.example1_earnings_you;bargaining_tdl_part3.1.player.example1_earnings_left;bargaining_tdl_part3.1.player.example1_earnings_right;bargaining_tdl_part3.1.player.example2_earnings_you;bargaining_tdl_part3.1.player.example2_earnings_left;bargaining_tdl_part3.1.player.example2_earnings_right;bargaining_tdl_part3.1.player.all_control_questions_correct;bargaining_tdl_part3.1.player.time_instructions_part3;bargaining_tdl_part3.1.player.time_summary_part3;bargaining_tdl_part3.1.player.time_control_questions_part3;bargaining_tdl_part3.1.player.time_thank_you_part3;bargaining_tdl_part3.1.player.time_decision_part3;bargaining_tdl_part3.1.player.time_results_part3;bargaining_tdl_part3.1.player.time_on_page;bargaining_tdl_part3.1.player.selected_part_for_payment;bargaining_tdl_part3.1.group.id_in_subsession;bargaining_tdl_part3.1.subsession.round_number;bargaining_tdl_survey.1.player.id_in_group;bargaining_tdl_survey.1.player.role;bargaining_tdl_survey.1.player.payoff;bargaining_tdl_survey.1.player.gender;bargaining_tdl_survey.1.player.age;bargaining_tdl_survey.1.player.field_of_study;bargaining_tdl_survey.1.player.university_years;bargaining_tdl_survey.1.player.job_status;bargaining_tdl_survey.1.player.willingness_future;bargaining_tdl_survey.1.player.willingness_risk;bargaining_tdl_survey.1.player.reciprocity_positive;bargaining_tdl_survey.1.player.reciprocity_negative;bargaining_tdl_survey.1.player.willingness_donate;bargaining_tdl_survey.1.player.trust_general;bargaining_tdl_survey.1.player.beauty_contest_guess;bargaining_tdl_survey.1.player.time_on_page;bargaining_tdl_survey.1.player.time_survey_intro;bargaining_tdl_survey.1.player.time_survey_questions;bargaining_tdl_survey.1.player.time_survey_scale_intro;bargaining_tdl_survey.1.player.time_survey_page4;bargaining_tdl_survey.1.player.time_survey_page5;bargaining_tdl_survey.1.player.time_survey_page6;bargaining_tdl_survey.1.player.time_survey_page7;bargaining_tdl_survey.1.player.time_survey_page8;bargaining_tdl_survey.1.player.time_survey_page9;bargaining_tdl_survey.1.player.time_survey_page10;bargaining_tdl_survey.1.player.time_final_results;bargaining_tdl_survey.1.group.id_in_subsession;bargaining_tdl_survey.1.subsession.round_number
1;opt0r6qy;;0;32;32;bargaining_tdl_survey;FinalResults;2026-05-19 10:44:08.329046;1;;;0.0;;;;;;0;1;el73t6hp;;;;;0;bargaining_tdl;0.0;1.0;5;0;0;https://app.prolific.com/submissions/complete?cc=C1HQEIID;1;;0.0;;;;;;;;;;6;0;6;4;4;4;0;0;0;2.58;1.7;11.79;0.0;0.0;11.79;1;1;1;;0.0;Red;0.0;split_both;split_both;left;2.58;0.0;2.21;2.21;Left;split_other;split_you;dx0ls2i4;p3wi5j2i;0.0;2.9;3.18;3.18;1;17.791.876.267.403.000;1;0;0;0;0;2;0;0;1;1;1;1;0;17.791.877.167.403.000;1;1.779.187.573.449.940;1.779.187.623.212.120;17.791.876.182.246.700;0.0;1.779.187.650.589.150;17.791.876.471.247.000;1;1;1;;0.0;share_both;;;;;;;0;12.69;0.0;0.0;0.0;12.69;1.21;1.21;-1;1;1;1;;0.0;0;23;Tech;10;employer;6;7;8;7;7;8;2.0;3.89;0.97;10.06;0.83;1.8;0.94;1.22;0.87;1.16;2.38;3.89;0.0;1;1
2;p3wi5j2i;;0;32;32;bargaining_tdl_survey;FinalResults;2026-05-19 10:44:09.133468;1;;;0.0;;;;;;0;1;el73t6hp;;;;;0;bargaining_tdl;0.0;1.0;5;0;0;https://app.prolific.com/submissions/complete?cc=C1HQEIID;2;;0.0;;;;;;;;;;6;0;6;4;4;4;0;0;0;19.69;2.42;10.7;0.0;0.0;10.7;1;1;2;;0.0;Green;0.0;split_you;split_other;left;19.69;115.82;2.8;11.861.999.999.999.900;Right;split_both;split_other;opt0r6qy;dx0ls2i4;0.0;8.44;7.07;7.07;1;1.779.187.623.212.120;1;0;0;0;0;2;0;0;1;1;1;1;0;17.791.877.167.403.000;1;1.779.187.573.449.940;1.779.187.623.212.120;17.791.876.182.246.700;0.0;1.779.187.650.589.150;17.791.876.471.247.000;1;1;2;;0.0;share_one;;;;;;;0;2.17;0.0;0.0;0.0;2.17;84.97;84.97;-1;1;1;2;;0.0;1;34;fedgfd;18;employee;7;8;9;7;8;9;1.4;4.33;2.69;9.07;1.27;3.27;2.01;1.04;1.16;1.28;1.28;4.33;0.0;1;1
3;dx0ls2i4;;0;32;32;bargaining_tdl_survey;FinalResults;2026-05-19 10:44:09.546058;1;;;0.0;;;;;;0;1;el73t6hp;;;;;0;bargaining_tdl;0.0;1.0;5;0;0;https://app.prolific.com/submissions/complete?cc=C1HQEIID;3;;0.0;;;;;;;;;;6;0;6;4;4;4;0;0;0;38.02;1.81;11.88;0.0;0.0;11.88;1;1;3;;0.0;Blue;0.0;split_other;split_other;left;38.02;111.34;11.13;122.47;Both;split_other;split_both;p3wi5j2i;opt0r6qy;0.0;5.22;4.24;4.24;1;17.791.876.181.888.800;1;0;0;0;0;2;0;0;1;1;1;1;0;17.791.877.167.403.000;1;1.779.187.573.449.940;1.779.187.623.212.120;17.791.876.182.246.700;0.0;1.779.187.650.589.150;17.791.876.471.247.000;1;1;3;;0.0;share_both;;;;;;;0;7.2;0.0;0.0;0.0;7.2;41.49;41.49;-1;1;1;3;;0.0;1;34;ferfge;1;employer;7;7;8;7;7;7;1.1;8.28;0.58;10.21;1.19;1.17;1.46;1.53;1.47;1.57;1.04;8.28;0.0;1;1
4;a8x78sfj;;0;0;32;;;;0;;;0.0;;;;;;;;el73t6hp;;;;;0;bargaining_tdl;0.0;1.0;5;0;0;https://app.prolific.com/submissions/complete?cc=C1HQEIID;4;;0.0;;;;;;;;;;;;;;;;;;;0.0;0.0;0.0;0.0;0.0;0.0;1;1;4;;0.0;;0.0;;;;0.0;0.0;0.0;0.0;;;;;;0.0;0.0;0.0;0.0;0;0.0;1;0;0;0;0;1;0;0;-1;0;0;0;0;0.0;0;0.0;0.0;0.0;0.0;0.0;0.0;1;1;4;;0.0;;;;;;;;0;0.0;0.0;0.0;0.0;0.0;0.0;0.0;-1;1;1;4;;0.0;;;;;;;;;;;;;0.0;0.0;0.0;0.0;0.0;0.0;0.0;0.0;0.0;0.0;0.0;0.0;1;1
5;x5in9q99;;0;0;32;;;;0;;;0.0;;;;;;;;el73t6hp;;;;;0;bargaining_tdl;0.0;1.0;5;0;0;https://app.prolific.com/submissions/complete?cc=C1HQEIID;5;;0.0;;;;;;;;;;;;;;;;;;;0.0;0.0;0.0;0.0;0.0;0.0;1;1;5;;0.0;;0.0;;;;0.0;0.0;0.0;0.0;;;;;;0.0;0.0;0.0;0.0;0;0.0;1;0;0;0;0;1;0;0;-1;0;0;0;0;0.0;0;0.0;0.0;0.0;0.0;0.0;0.0;1;1;5;;0.0;;;;;;;;0;0.0;0.0;0.0;0.0;0.0;0.0;0.0;-1;1;1;5;;0.0;;;;;;;;;;;;;0.0;0.0;0.0;0.0;0.0;0.0;0.0;0.0;0.0;0.0;0.0;0.0;1;1
6;282lzkhr;;0;0;32;;;;0;;;0.0;;;;;;;;el73t6hp;;;;;0;bargaining_tdl;0.0;1.0;5;0;0;https://app.prolific.com/submissions/complete?cc=C1HQEIID;6;;0.0;;;;;;;;;;;;;;;;;;;0.0;0.0;0.0;0.0;0.0;0.0;1;1;6;;0.0;;0.0;;;;0.0;0.0;0.0;0.0;;;;;;0.0;0.0;0.0;0.0;0;0.0;1;0;0;0;0;1;0;0;-1;0;0;0;0;0.0;0;0.0;0.0;0.0;0.0;0.0;0.0;1;1;6;;0.0;;;;;;;;0;0.0;0.0;0.0;0.0;0.0;0.0;0.0;-1;1;1;6;;0.0;;;;;;;;;;;;;0.0;0.0;0.0;0.0;0.0;0.0;0.0;0.0;0.0;0.0;0.0;0.0;1;1
7;xnrj7ri1;;0;0;32;;;;0;;;0.0;;;;;;;;el73t6hp;;;;;0;bargaining_tdl;0.0;1.0;5;0;0;https://app.prolific.com/submissions/complete?cc=C1HQEIID;7;;0.0;;;;;;;;;;;;;;;;;;;0.0;0.0;0.0;0.0;0.0;0.0;1;1;7;;0.0;;0.0;;;;0.0;0.0;0.0;0.0;;;;;;0.0;0.0;0.0;0.0;0;0.0;1;0;0;0;0;1;0;0;-1;0;0;0;0;0.0;0;0.0;0.0;0.0;0.0;0.0;0.0;1;1;7;;0.0;;;;;;;;0;0.0;0.0;0.0;0.0;0.0;0.0;0.0;-1;1;1;7;;0.0;;;;;;;;;;;;;0.0;0.0;0.0;0.0;0.0;0.0;0.0;0.0;0.0;0.0;0.0;0.0;1;1
8;3m6s75pb;;0;0;32;;;;0;;;0.0;;;;;;;;el73t6hp;;;;;0;bargaining_tdl;0.0;1.0;5;0;0;https://app.prolific.com/submissions/complete?cc=C1HQEIID;8;;0.0;;;;;;;;;;;;;;;;;;;0.0;0.0;0.0;0.0;0.0;0.0;1;1;8;;0.0;;0.0;;;;0.0;0.0;0.0;0.0;;;;;;0.0;0.0;0.0;0.0;0;0.0;1;0;0;0;0;1;0;0;-1;0;0;0;0;0.0;0;0.0;0.0;0.0;0.0;0.0;0.0;1;1;8;;0.0;;;;;;;;0;0.0;0.0;0.0;0.0;0.0;0.0;0.0;-1;1;1;8;;0.0;;;;;;;;;;;;;0.0;0.0;0.0;0.0;0.0;0.0;0.0;0.0;0.0;0.0;0.0;0.0;1;1
9;05m7abc3;;0;0;32;;;;0;;;0.0;;;;;;;;el73t6hp;;;;;0;bargaining_tdl;0.0;1.0;5;0;0;https://app.prolific.com/submissions/complete?cc=C1HQEIID;9;;0.0;;;;;;;;;;;;;;;;;;;0.0;0.0;0.0;0.0;0.0;0.0;1;1;9;;0.0;;0.0;;;;0.0;0.0;0.0;0.0;;;;;;0.0;0.0;0.0;0.0;0;0.0;1;0;0;0;0;1;0;0;-1;0;0;0;0;0.0;0;0.0;0.0;0.0;0.0;0.0;0.0;1;1;9;;0.0;;;;;;;;0;0.0;0.0;0.0;0.0;0.0;0.0;0.0;-1;1;1;9;;0.0;;;;;;;;;;;;;0.0;0.0;0.0;0.0;0.0;0.0;0.0;0.0;0.0;0.0;0.0;0.0;1;1
10;1sskmhno;;0;0;32;;;;0;;;0.0;;;;;;;;el73t6hp;;;;;0;bargaining_tdl;0.0;1.0;5;0;0;https://app.prolific.com/submissions/complete?cc=C1HQEIID;10;;0.0;;;;;;;;;;;;;;;;;;;0.0;0.0;0.0;0.0;0.0;0.0;1;1;10;;0.0;;0.0;;;;0.0;0.0;0.0;0.0;;;;;;0.0;0.0;0.0;0.0;0;0.0;1;0;0;0;0;1;0;0;-1;0;0;0;0;0.0;0;0.0;0.0;0.0;0.0;0.0;0.0;1;1;10;;0.0;;;;;;;;0;0.0;0.0;0.0;0.0;0.0;0.0;0.0;-1;1;1;10;;0.0;;;;;;;;;;;;;0.0;0.0;0.0;0.0;0.0;0.0;0.0;0.0;0.0;0.0;0.0;0.0;1;1
11;l230tqst;;0;0;32;;;;0;;;0.0;;;;;;;;el73t6hp;;;;;0;bargaining_tdl;0.0;1.0;5;0;0;https://app.prolific.com/submissions/complete?cc=C1HQEIID;11;;0.0;;;;;;;;;;;;;;;;;;;0.0;0.0;0.0;0.0;0.0;0.0;1;1;11;;0.0;;0.0;;;;0.0;0.0;0.0;0.0;;;;;;0.0;0.0;0.0;0.0;0;0.0;1;0;0;0;0;1;0;0;-1;0;0;0;0;0.0;0;0.0;0.0;0.0;0.0;0.0;0.0;1;1;11;;0.0;;;;;;;;0;0.0;0.0;0.0;0.0;0.0;0.0;0.0;-1;1;1;11;;0.0;;;;;;;;;;;;;0.0;0.0;0.0;0.0;0.0;0.0;0.0;0.0;0.0;0.0;0.0;0.0;1;1
12;g79ntp6i;;0;0;32;;;;0;;;0.0;;;;;;;;el73t6hp;;;;;0;bargaining_tdl;0.0;1.0;5;0;0;https://app.prolific.com/submissions/complete?cc=C1HQEIID;12;;0.0;;;;;;;;;;;;;;;;;;;0.0;0.0;0.0;0.0;0.0;0.0;1;1;12;;0.0;;0.0;;;;0.0;0.0;0.0;0.0;;;;;;0.0;0.0;0.0;0.0;0;0.0;1;0;0;0;0;1;0;0;-1;0;0;0;0;0.0;0;0.0;0.0;0.0;0.0;0.0;0.0;1;1;12;;0.0;;;;;;;;0;0.0;0.0;0.0;0.0;0.0;0.0;0.0;-1;1;1;12;;0.0;;;;;;;;;;;;;0.0;0.0;0.0;0.0;0.0;0.0;0.0;0.0;0.0;0.0;0.0;0.0;1;1
13;skkusurt;;0;0;32;;;;0;;;0.0;;;;;;;;el73t6hp;;;;;0;bargaining_tdl;0.0;1.0;5;0;0;https://app.prolific.com/submissions/complete?cc=C1HQEIID;13;;0.0;;;;;;;;;;;;;;;;;;;0.0;0.0;0.0;0.0;0.0;0.0;1;1;13;;0.0;;0.0;;;;0.0;0.0;0.0;0.0;;;;;;0.0;0.0;0.0;0.0;0;0.0;1;0;0;0;0;1;0;0;-1;0;0;0;0;0.0;0;0.0;0.0;0.0;0.0;0.0;0.0;1;1;13;;0.0;;;;;;;;0;0.0;0.0;0.0;0.0;0.0;0.0;0.0;-1;1;1;13;;0.0;;;;;;;;;;;;;0.0;0.0;0.0;0.0;0.0;0.0;0.0;0.0;0.0;0.0;0.0;0.0;1;1
14;ed8cj1uq;;0;0;32;;;;0;;;0.0;;;;;;;;el73t6hp;;;;;0;bargaining_tdl;0.0;1.0;5;0;0;https://app.prolific.com/submissions/complete?cc=C1HQEIID;14;;0.0;;;;;;;;;;;;;;;;;;;0.0;0.0;0.0;0.0;0.0;0.0;1;1;14;;0.0;;0.0;;;;0.0;0.0;0.0;0.0;;;;;;0.0;0.0;0.0;0.0;0;0.0;1;0;0;0;0;1;0;0;-1;0;0;0;0;0.0;0;0.0;0.0;0.0;0.0;0.0;0.0;1;1;14;;0.0;;;;;;;;0;0.0;0.0;0.0;0.0;0.0;0.0;0.0;-1;1;1;14;;0.0;;;;;;;;;;;;;0.0;0.0;0.0;0.0;0.0;0.0;0.0;0.0;0.0;0.0;0.0;0.0;1;1
15;wx99t99z;;0;0;32;;;;0;;;0.0;;;;;;;;el73t6hp;;;;;0;bargaining_tdl;0.0;1.0;5;0;0;https://app.prolific.com/submissions/complete?cc=C1HQEIID;15;;0.0;;;;;;;;;;;;;;;;;;;0.0;0.0;0.0;0.0;0.0;0.0;1;1;15;;0.0;;0.0;;;;0.0;0.0;0.0;0.0;;;;;;0.0;0.0;0.0;0.0;0;0.0;1;0;0;0;0;1;0;0;-1;0;0;0;0;0.0;0;0.0;0.0;0.0;0.0;0.0;0.0;1;1;15;;0.0;;;;;;;;0;0.0;0.0;0.0;0.0;0.0;0.0;0.0;-1;1;1;15;;0.0;;;;;;;;;;;;;0.0;0.0;0.0;0.0;0.0;0.0;0.0;0.0;0.0;0.0;0.0;0.0;1;1
16;5s01m5b6;;0;0;32;;;;0;;;0.0;;;;;;;;el73t6hp;;;;;0;bargaining_tdl;0.0;1.0;5;0;0;https://app.prolific.com/submissions/complete?cc=C1HQEIID;16;;0.0;;;;;;;;;;;;;;;;;;;0.0;0.0;0.0;0.0;0.0;0.0;1;1;16;;0.0;;0.0;;;;0.0;0.0;0.0;0.0;;;;;;0.0;0.0;0.0;0.0;0;0.0;1;0;0;0;0;1;0;0;-1;0;0;0;0;0.0;0;0.0;0.0;0.0;0.0;0.0;0.0;1;1;16;;0.0;;;;;;;;0;0.0;0.0;0.0;0.0;0.0;0.0;0.0;-1;1;1;16;;0.0;;;;;;;;;;;;;0.0;0.0;0.0;0.0;0.0;0.0;0.0;0.0;0.0;0.0;0.0;0.0;1;1
17;0oc8cog0;;0;0;32;;;;0;;;0.0;;;;;;;;el73t6hp;;;;;0;bargaining_tdl;0.0;1.0;5;0;0;https://app.prolific.com/submissions/complete?cc=C1HQEIID;17;;0.0;;;;;;;;;;;;;;;;;;;0.0;0.0;0.0;0.0;0.0;0.0;1;1;17;;0.0;;0.0;;;;0.0;0.0;0.0;0.0;;;;;;0.0;0.0;0.0;0.0;0;0.0;1;0;0;0;0;1;0;0;-1;0;0;0;0;0.0;0;0.0;0.0;0.0;0.0;0.0;0.0;1;1;17;;0.0;;;;;;;;0;0.0;0.0;0.0;0.0;0.0;0.0;0.0;-1;1;1;17;;0.0;;;;;;;;;;;;;0.0;0.0;0.0;0.0;0.0;0.0;0.0;0.0;0.0;0.0;0.0;0.0;1;1
18;6yal9yc0;;0;0;32;;;;0;;;0.0;;;;;;;;el73t6hp;;;;;0;bargaining_tdl;0.0;1.0;5;0;0;https://app.prolific.com/submissions/complete?cc=C1HQEIID;18;;0.0;;;;;;;;;;;;;;;;;;;0.0;0.0;0.0;0.0;0.0;0.0;1;1;18;;0.0;;0.0;;;;0.0;0.0;0.0;0.0;;;;;;0.0;0.0;0.0;0.0;0;0.0;1;0;0;0;0;1;0;0;-1;0;0;0;0;0.0;0;0.0;0.0;0.0;0.0;0.0;0.0;1;1;18;;0.0;;;;;;;;0;0.0;0.0;0.0;0.0;0.0;0.0;0.0;-1;1;1;18;;0.0;;;;;;;;;;;;;0.0;0.0;0.0;0.0;0.0;0.0;0.0;0.0;0.0;0.0;0.0;0.0;1;1
19;w2p7bj1s;;0;0;32;;;;0;;;0.0;;;;;;;;el73t6hp;;;;;0;bargaining_tdl;0.0;1.0;5;0;0;https://app.prolific.com/submissions/complete?cc=C1HQEIID;19;;0.0;;;;;;;;;;;;;;;;;;;0.0;0.0;0.0;0.0;0.0;0.0;1;1;19;;0.0;;0.0;;;;0.0;0.0;0.0;0.0;;;;;;0.0;0.0;0.0;0.0;0;0.0;1;0;0;0;0;1;0;0;-1;0;0;0;0;0.0;0;0.0;0.0;0.0;0.0;0.0;0.0;1;1;19;;0.0;;;;;;;;0;0.0;0.0;0.0;0.0;0.0;0.0;0.0;-1;1;1;19;;0.0;;;;;;;;;;;;;0.0;0.0;0.0;0.0;0.0;0.0;0.0;0.0;0.0;0.0;0.0;0.0;1;1
20;xp9p3lh5;;0;0;32;;;;0;;;0.0;;;;;;;;el73t6hp;;;;;0;bargaining_tdl;0.0;1.0;5;0;0;https://app.prolific.com/submissions/complete?cc=C1HQEIID;20;;0.0;;;;;;;;;;;;;;;;;;;0.0;0.0;0.0;0.0;0.0;0.0;1;1;20;;0.0;;0.0;;;;0.0;0.0;0.0;0.0;;;;;;0.0;0.0;0.0;0.0;0;0.0;1;0;0;0;0;1;0;0;-1;0;0;0;0;0.0;0;0.0;0.0;0.0;0.0;0.0;0.0;1;1;20;;0.0;;;;;;;;0;0.0;0.0;0.0;0.0;0.0;0.0;0.0;-1;1;1;20;;0.0;;;;;;;;;;;;;0.0;0.0;0.0;0.0;0.0;0.0;0.0;0.0;0.0;0.0;0.0;0.0;1;1
21;pcya5czp;;0;0;32;;;;0;;;0.0;;;;;;;;el73t6hp;;;;;0;bargaining_tdl;0.0;1.0;5;0;0;https://app.prolific.com/submissions/complete?cc=C1HQEIID;21;;0.0;;;;;;;;;;;;;;;;;;;0.0;0.0;0.0;0.0;0.0;0.0;1;1;21;;0.0;;0.0;;;;0.0;0.0;0.0;0.0;;;;;;0.0;0.0;0.0;0.0;0;0.0;1;0;0;0;0;1;0;0;-1;0;0;0;0;0.0;0;0.0;0.0;0.0;0.0;0.0;0.0;1;1;21;;0.0;;;;;;;;0;0.0;0.0;0.0;0.0;0.0;0.0;0.0;-1;1;1;21;;0.0;;;;;;;;;;;;;0.0;0.0;0.0;0.0;0.0;0.0;0.0;0.0;0.0;0.0;0.0;0.0;1;1
1;9sohi2eg;;0;8;32;bargaining_tdl_intro;Goodbye;2026-05-19 11:45:57.464980;1;;;0.0;;;;1;intro_control_questions_attempt_1_timeout;;;ocnkhj5c;;;;;0;bargaining_tdl;0.0;1.0;5;0;0;https://app.prolific.com/submissions/complete?cc=C1HQEIID;1;;0.0;;;;;;;;;;6;0;6;4;4;4;0;0;0;1102.74;974.34;253.42;0.0;0.0;253.42;1;1;1;;0.0;;0.0;;;;0.0;0.0;0.0;0.0;;;;;;0.0;0.0;0.0;0.0;0;0.0;1;0;0;0;0;1;0;0;-1;0;0;0;0;0.0;0;0.0;0.0;0.0;0.0;0.0;0.0;1;1;1;;0.0;;;;;;;;0;0.0;0.0;0.0;0.0;0.0;0.0;0.0;-1;1;1;1;;0.0;;;;;;;;;;;;;0.0;0.0;0.0;0.0;0.0;0.0;0.0;0.0;0.0;0.0;0.0;0.0;1;1
2;kbzsf2k1;;0;17;32;bargaining_tdl_main;InactivityGoodbyeMain;2026-05-19 11:46:13.258436;1;;;0.0;;;;;;1;0;ocnkhj5c;;;;;0;bargaining_tdl;0.0;1.0;5;0;0;https://app.prolific.com/submissions/complete?cc=C1HQEIID;2;;0.0;;;;;;;;;;6;0;6;4;4;4;0;0;0;2387.71;2.52;42.87;0.0;0.0;42.87;1;1;1;;0.0;Red;6.0;split_other;split_you;left;2387.71;158.58;30.89;18.947.000.000.000.000;Right;split_other;split_you;2h0fz66r;qi1pt07x;0.0;16.89;0.0;16.89;1;17.791.939.725.197.400;0;99;0;0;0;2;1;0;0;1;1;1;1;17.791.940.625.197.400;1;17.791.939.399.542.700;17.791.939.323.709.400;17.791.939.409.052.200;1.779.193.968.621.580;1.779.193.959.861.140;0.0;1;1;2;;0.0;;;;;;;;0;0.0;0.0;0.0;0.0;0.0;0.0;0.0;-1;1;1;2;;0.0;;;;;;;;;;;;;0.0;0.0;0.0;0.0;0.0;0.0;0.0;0.0;0.0;0.0;0.0;0.0;1;1
3;qi1pt07x;;0;32;32;bargaining_tdl_survey;FinalResults;2026-05-19 11:46:23.200409;1;;;0.0;;;;;;0;1;ocnkhj5c;;;;;0;bargaining_tdl;0.0;1.0;5;0;0;https://app.prolific.com/submissions/complete?cc=C1HQEIID;3;;0.0;;;;;;;;;;6;0;6;4;4;4;0;0;0;2406.3;99.18;12.87;0.0;0.0;12.87;1;1;2;;0.0;Green;6.0;split_you;split_other;left;2406.3;151.82;54.96;206.78;Left;split_you;split_you;kbzsf2k1;2h0fz66r;0.0;81.03;3.81;3.81;1;17.791.939.323.709.400;1;0;0;0;0;2;1;0;0;1;1;1;1;17.791.940.625.197.400;1;17.791.939.399.542.700;17.791.939.323.709.400;17.791.939.409.052.200;1.779.193.968.621.580;1.779.193.959.861.140;0.0;1;1;3;;0.0;share_both;;;;;;;0;147.1;0.0;0.0;0.0;147.1;1.54;1.54;-1;1;1;3;;0.0;0;32;economics;18;employee;5;10;10;9;6;7;1.9;68.03;8.86;27.87;33.17;1.4;1.89;1.08;2.96;98.72;2.8;68.03;0.0;1;1
4;2h0fz66r;;0;31;32;bargaining_tdl_survey;SurveyTerminated;2026-05-19 12:29:21.443446;1;;;0.0;;;;1;survey_page10_timeout;0;1;ocnkhj5c;;;;;0;bargaining_tdl;0.0;1.0;5;0;0;https://app.prolific.com/submissions/complete?cc=C1HQEIID;4;;0.0;;;;;;;;;;6;0;6;4;4;4;0;0;0;1.29;2.35;11.89;0.0;0.0;11.89;1;1;3;;0.0;Blue;0.0;split_you;split_other;left;1.29;160.91;69.08;229.99;Left;split_other;split_other;qi1pt07x;kbzsf2k1;0.0;8.28;6.84;6.84;0;0.0;1;0;0;0;0;2;1;0;0;1;1;1;1;17.791.940.625.197.400;1;17.791.939.399.542.700;17.791.939.323.709.400;17.791.939.409.052.200;1.779.193.968.621.580;1.779.193.959.861.140;0.0;1;1;4;;0.0;share_one;;;;;;;0;149.27;0.0;0.0;0.0;149.27;1.68;1.68;-1;1;1;4;;0.0;0;45;economics;20;employee;5;6;5;7;6;6;1.1;137.06;33.99;18.32;2.12;1.54;2.11;1.9;15.44;3.4;5.58;137.06;0.0;1;1
5;5qh9cg1p;;0;0;32;;;;0;;;0.0;;;;;;;;ocnkhj5c;;;;;0;bargaining_tdl;0.0;1.0;5;0;0;https://app.prolific.com/submissions/complete?cc=C1HQEIID;5;;0.0;;;;;;;;;;;;;;;;;;;0.0;0.0;0.0;0.0;0.0;0.0;1;1;5;;0.0;;0.0;;;;0.0;0.0;0.0;0.0;;;;;;0.0;0.0;0.0;0.0;0;0.0;1;0;0;0;0;1;0;0;-1;0;0;0;0;0.0;0;0.0;0.0;0.0;0.0;0.0;0.0;1;1;5;;0.0;;;;;;;;0;0.0;0.0;0.0;0.0;0.0;0.0;0.0;-1;1;1;5;;0.0;;;;;;;;;;;;;0.0;0.0;0.0;0.0;0.0;0.0;0.0;0.0;0.0;0.0;0.0;0.0;1;1
6;t1ulyd1w;;0;0;32;;;;0;;;0.0;;;;;;;;ocnkhj5c;;;;;0;bargaining_tdl;0.0;1.0;5;0;0;https://app.prolific.com/submissions/complete?cc=C1HQEIID;6;;0.0;;;;;;;;;;;;;;;;;;;0.0;0.0;0.0;0.0;0.0;0.0;1;1;6;;0.0;;0.0;;;;0.0;0.0;0.0;0.0;;;;;;0.0;0.0;0.0;0.0;0;0.0;1;0;0;0;0;1;0;0;-1;0;0;0;0;0.0;0;0.0;0.0;0.0;0.0;0.0;0.0;1;1;6;;0.0;;;;;;;;0;0.0;0.0;0.0;0.0;0.0;0.0;0.0;-1;1;1;6;;0.0;;;;;;;;;;;;;0.0;0.0;0.0;0.0;0.0;0.0;0.0;0.0;0.0;0.0;0.0;0.0;1;1
7;daeaz4eg;;0;0;32;;;;0;;;0.0;;;;;;;;ocnkhj5c;;;;;0;bargaining_tdl;0.0;1.0;5;0;0;https://app.prolific.com/submissions/complete?cc=C1HQEIID;7;;0.0;;;;;;;;;;;;;;;;;;;0.0;0.0;0.0;0.0;0.0;0.0;1;1;7;;0.0;;0.0;;;;0.0;0.0;0.0;0.0;;;;;;0.0;0.0;0.0;0.0;0;0.0;1;0;0;0;0;1;0;0;-1;0;0;0;0;0.0;0;0.0;0.0;0.0;0.0;0.0;0.0;1;1;7;;0.0;;;;;;;;0;0.0;0.0;0.0;0.0;0.0;0.0;0.0;-1;1;1;7;;0.0;;;;;;;;;;;;;0.0;0.0;0.0;0.0;0.0;0.0;0.0;0.0;0.0;0.0;0.0;0.0;1;1
8;kuujoj6d;;0;0;32;;;;0;;;0.0;;;;;;;;ocnkhj5c;;;;;0;bargaining_tdl;0.0;1.0;5;0;0;https://app.prolific.com/submissions/complete?cc=C1HQEIID;8;;0.0;;;;;;;;;;;;;;;;;;;0.0;0.0;0.0;0.0;0.0;0.0;1;1;8;;0.0;;0.0;;;;0.0;0.0;0.0;0.0;;;;;;0.0;0.0;0.0;0.0;0;0.0;1;0;0;0;0;1;0;0;-1;0;0;0;0;0.0;0;0.0;0.0;0.0;0.0;0.0;0.0;1;1;8;;0.0;;;;;;;;0;0.0;0.0;0.0;0.0;0.0;0.0;0.0;-1;1;1;8;;0.0;;;;;;;;;;;;;0.0;0.0;0.0;0.0;0.0;0.0;0.0;0.0;0.0;0.0;0.0;0.0;1;1
9;5ntkq24t;;0;0;32;;;;0;;;0.0;;;;;;;;ocnkhj5c;;;;;0;bargaining_tdl;0.0;1.0;5;0;0;https://app.prolific.com/submissions/complete?cc=C1HQEIID;9;;0.0;;;;;;;;;;;;;;;;;;;0.0;0.0;0.0;0.0;0.0;0.0;1;1;9;;0.0;;0.0;;;;0.0;0.0;0.0;0.0;;;;;;0.0;0.0;0.0;0.0;0;0.0;1;0;0;0;0;1;0;0;-1;0;0;0;0;0.0;0;0.0;0.0;0.0;0.0;0.0;0.0;1;1;9;;0.0;;;;;;;;0;0.0;0.0;0.0;0.0;0.0;0.0;0.0;-1;1;1;9;;0.0;;;;;;;;;;;;;0.0;0.0;0.0;0.0;0.0;0.0;0.0;0.0;0.0;0.0;0.0;0.0;1;1
10;mbc7ot6v;;0;0;32;;;;0;;;0.0;;;;;;;;ocnkhj5c;;;;;0;bargaining_tdl;0.0;1.0;5;0;0;https://app.prolific.com/submissions/complete?cc=C1HQEIID;10;;0.0;;;;;;;;;;;;;;;;;;;0.0;0.0;0.0;0.0;0.0;0.0;1;1;10;;0.0;;0.0;;;;0.0;0.0;0.0;0.0;;;;;;0.0;0.0;0.0;0.0;0;0.0;1;0;0;0;0;1;0;0;-1;0;0;0;0;0.0;0;0.0;0.0;0.0;0.0;0.0;0.0;1;1;10;;0.0;;;;;;;;0;0.0;0.0;0.0;0.0;0.0;0.0;0.0;-1;1;1;10;;0.0;;;;;;;;;;;;;0.0;0.0;0.0;0.0;0.0;0.0;0.0;0.0;0.0;0.0;0.0;0.0;1;1
11;qe1citqn;;0;0;32;;;;0;;;0.0;;;;;;;;ocnkhj5c;;;;;0;bargaining_tdl;0.0;1.0;5;0;0;https://app.prolific.com/submissions/complete?cc=C1HQEIID;11;;0.0;;;;;;;;;;;;;;;;;;;0.0;0.0;0.0;0.0;0.0;0.0;1;1;11;;0.0;;0.0;;;;0.0;0.0;0.0;0.0;;;;;;0.0;0.0;0.0;0.0;0;0.0;1;0;0;0;0;1;0;0;-1;0;0;0;0;0.0;0;0.0;0.0;0.0;0.0;0.0;0.0;1;1;11;;0.0;;;;;;;;0;0.0;0.0;0.0;0.0;0.0;0.0;0.0;-1;1;1;11;;0.0;;;;;;;;;;;;;0.0;0.0;0.0;0.0;0.0;0.0;0.0;0.0;0.0;0.0;0.0;0.0;1;1
12;wacezlku;;0;0;32;;;;0;;;0.0;;;;;;;;ocnkhj5c;;;;;0;bargaining_tdl;0.0;1.0;5;0;0;https://app.prolific.com/submissions/complete?cc=C1HQEIID;12;;0.0;;;;;;;;;;;;;;;;;;;0.0;0.0;0.0;0.0;0.0;0.0;1;1;12;;0.0;;0.0;;;;0.0;0.0;0.0;0.0;;;;;;0.0;0.0;0.0;0.0;0;0.0;1;0;0;0;0;1;0;0;-1;0;0;0;0;0.0;0;0.0;0.0;0.0;0.0;0.0;0.0;1;1;12;;0.0;;;;;;;;0;0.0;0.0;0.0;0.0;0.0;0.0;0.0;-1;1;1;12;;0.0;;;;;;;;;;;;;0.0;0.0;0.0;0.0;0.0;0.0;0.0;0.0;0.0;0.0;0.0;0.0;1;1
13;gaf8naih;;0;0;32;;;;0;;;0.0;;;;;;;;ocnkhj5c;;;;;0;bargaining_tdl;0.0;1.0;5;0;0;https://app.prolific.com/submissions/complete?cc=C1HQEIID;13;;0.0;;;;;;;;;;;;;;;;;;;0.0;0.0;0.0;0.0;0.0;0.0;1;1;13;;0.0;;0.0;;;;0.0;0.0;0.0;0.0;;;;;;0.0;0.0;0.0;0.0;0;0.0;1;0;0;0;0;1;0;0;-1;0;0;0;0;0.0;0;0.0;0.0;0.0;0.0;0.0;0.0;1;1;13;;0.0;;;;;;;;0;0.0;0.0;0.0;0.0;0.0;0.0;0.0;-1;1;1;13;;0.0;;;;;;;;;;;;;0.0;0.0;0.0;0.0;0.0;0.0;0.0;0.0;0.0;0.0;0.0;0.0;1;1
14;3fh11q6y;;0;0;32;;;;0;;;0.0;;;;;;;;ocnkhj5c;;;;;0;bargaining_tdl;0.0;1.0;5;0;0;https://app.prolific.com/submissions/complete?cc=C1HQEIID;14;;0.0;;;;;;;;;;;;;;;;;;;0.0;0.0;0.0;0.0;0.0;0.0;1;1;14;;0.0;;0.0;;;;0.0;0.0;0.0;0.0;;;;;;0.0;0.0;0.0;0.0;0;0.0;1;0;0;0;0;1;0;0;-1;0;0;0;0;0.0;0;0.0;0.0;0.0;0.0;0.0;0.0;1;1;14;;0.0;;;;;;;;0;0.0;0.0;0.0;0.0;0.0;0.0;0.0;-1;1;1;14;;0.0;;;;;;;;;;;;;0.0;0.0;0.0;0.0;0.0;0.0;0.0;0.0;0.0;0.0;0.0;0.0;1;1
15;2wsnxlo0;;0;0;32;;;;0;;;0.0;;;;;;;;ocnkhj5c;;;;;0;bargaining_tdl;0.0;1.0;5;0;0;https://app.prolific.com/submissions/complete?cc=C1HQEIID;15;;0.0;;;;;;;;;;;;;;;;;;;0.0;0.0;0.0;0.0;0.0;0.0;1;1;15;;0.0;;0.0;;;;0.0;0.0;0.0;0.0;;;;;;0.0;0.0;0.0;0.0;0;0.0;1;0;0;0;0;1;0;0;-1;0;0;0;0;0.0;0;0.0;0.0;0.0;0.0;0.0;0.0;1;1;15;;0.0;;;;;;;;0;0.0;0.0;0.0;0.0;0.0;0.0;0.0;-1;1;1;15;;0.0;;;;;;;;;;;;;0.0;0.0;0.0;0.0;0.0;0.0;0.0;0.0;0.0;0.0;0.0;0.0;1;1
16;qrfr11bn;;0;0;32;;;;0;;;0.0;;;;;;;;ocnkhj5c;;;;;0;bargaining_tdl;0.0;1.0;5;0;0;https://app.prolific.com/submissions/complete?cc=C1HQEIID;16;;0.0;;;;;;;;;;;;;;;;;;;0.0;0.0;0.0;0.0;0.0;0.0;1;1;16;;0.0;;0.0;;;;0.0;0.0;0.0;0.0;;;;;;0.0;0.0;0.0;0.0;0;0.0;1;0;0;0;0;1;0;0;-1;0;0;0;0;0.0;0;0.0;0.0;0.0;0.0;0.0;0.0;1;1;16;;0.0;;;;;;;;0;0.0;0.0;0.0;0.0;0.0;0.0;0.0;-1;1;1;16;;0.0;;;;;;;;;;;;;0.0;0.0;0.0;0.0;0.0;0.0;0.0;0.0;0.0;0.0;0.0;0.0;1;1
17;uf1kjrqr;;0;0;32;;;;0;;;0.0;;;;;;;;ocnkhj5c;;;;;0;bargaining_tdl;0.0;1.0;5;0;0;https://app.prolific.com/submissions/complete?cc=C1HQEIID;17;;0.0;;;;;;;;;;;;;;;;;;;0.0;0.0;0.0;0.0;0.0;0.0;1;1;17;;0.0;;0.0;;;;0.0;0.0;0.0;0.0;;;;;;0.0;0.0;0.0;0.0;0;0.0;1;0;0;0;0;1;0;0;-1;0;0;0;0;0.0;0;0.0;0.0;0.0;0.0;0.0;0.0;1;1;17;;0.0;;;;;;;;0;0.0;0.0;0.0;0.0;0.0;0.0;0.0;-1;1;1;17;;0.0;;;;;;;;;;;;;0.0;0.0;0.0;0.0;0.0;0.0;0.0;0.0;0.0;0.0;0.0;0.0;1;1
18;h2wufzqo;;0;0;32;;;;0;;;0.0;;;;;;;;ocnkhj5c;;;;;0;bargaining_tdl;0.0;1.0;5;0;0;https://app.prolific.com/submissions/complete?cc=C1HQEIID;18;;0.0;;;;;;;;;;;;;;;;;;;0.0;0.0;0.0;0.0;0.0;0.0;1;1;18;;0.0;;0.0;;;;0.0;0.0;0.0;0.0;;;;;;0.0;0.0;0.0;0.0;0;0.0;1;0;0;0;0;1;0;0;-1;0;0;0;0;0.0;0;0.0;0.0;0.0;0.0;0.0;0.0;1;1;18;;0.0;;;;;;;;0;0.0;0.0;0.0;0.0;0.0;0.0;0.0;-1;1;1;18;;0.0;;;;;;;;;;;;;0.0;0.0;0.0;0.0;0.0;0.0;0.0;0.0;0.0;0.0;0.0;0.0;1;1
19;alqq2xhw;;0;0;32;;;;0;;;0.0;;;;;;;;ocnkhj5c;;;;;0;bargaining_tdl;0.0;1.0;5;0;0;https://app.prolific.com/submissions/complete?cc=C1HQEIID;19;;0.0;;;;;;;;;;;;;;;;;;;0.0;0.0;0.0;0.0;0.0;0.0;1;1;19;;0.0;;0.0;;;;0.0;0.0;0.0;0.0;;;;;;0.0;0.0;0.0;0.0;0;0.0;1;0;0;0;0;1;0;0;-1;0;0;0;0;0.0;0;0.0;0.0;0.0;0.0;0.0;0.0;1;1;19;;0.0;;;;;;;;0;0.0;0.0;0.0;0.0;0.0;0.0;0.0;-1;1;1;19;;0.0;;;;;;;;;;;;;0.0;0.0;0.0;0.0;0.0;0.0;0.0;0.0;0.0;0.0;0.0;0.0;1;1
20;zn5qtfxy;;0;0;32;;;;0;;;0.0;;;;;;;;ocnkhj5c;;;;;0;bargaining_tdl;0.0;1.0;5;0;0;https://app.prolific.com/submissions/complete?cc=C1HQEIID;20;;0.0;;;;;;;;;;;;;;;;;;;0.0;0.0;0.0;0.0;0.0;0.0;1;1;20;;0.0;;0.0;;;;0.0;0.0;0.0;0.0;;;;;;0.0;0.0;0.0;0.0;0;0.0;1;0;0;0;0;1;0;0;-1;0;0;0;0;0.0;0;0.0;0.0;0.0;0.0;0.0;0.0;1;1;20;;0.0;;;;;;;;0;0.0;0.0;0.0;0.0;0.0;0.0;0.0;-1;1;1;20;;0.0;;;;;;;;;;;;;0.0;0.0;0.0;0.0;0.0;0.0;0.0;0.0;0.0;0.0;0.0;0.0;1;1
21;l49r56go;;0;0;32;;;;0;;;0.0;;;;;;;;ocnkhj5c;;;;;0;bargaining_tdl;0.0;1.0;5;0;0;https://app.prolific.com/submissions/complete?cc=C1HQEIID;21;;0.0;;;;;;;;;;;;;;;;;;;0.0;0.0;0.0;0.0;0.0;0.0;1;1;21;;0.0;;0.0;;;;0.0;0.0;0.0;0.0;;;;;;0.0;0.0;0.0;0.0;0;0.0;1;0;0;0;0;1;0;0;-1;0;0;0;0;0.0;0;0.0;0.0;0.0;0.0;0.0;0.0;1;1;21;;0.0;;;;;;;;0;0.0;0.0;0.0;0.0;0.0;0.0;0.0;-1;1;1;21;;0.0;;;;;;;;;;;;;0.0;0.0;0.0;0.0;0.0;0.0;0.0;0.0;0.0;0.0;0.0;0.0;1;1
22;wkgr97qg;;0;0;32;;;;0;;;0.0;;;;;;;;ocnkhj5c;;;;;0;bargaining_tdl;0.0;1.0;5;0;0;https://app.prolific.com/submissions/complete?cc=C1HQEIID;22;;0.0;;;;;;;;;;;;;;;;;;;0.0;0.0;0.0;0.0;0.0;0.0;1;1;22;;0.0;;0.0;;;;0.0;0.0;0.0;0.0;;;;;;0.0;0.0;0.0;0.0;0;0.0;1;0;0;0;0;1;0;0;-1;0;0;0;0;0.0;0;0.0;0.0;0.0;0.0;0.0;0.0;1;1;22;;0.0;;;;;;;;0;0.0;0.0;0.0;0.0;0.0;0.0;0.0;-1;1;1;22;;0.0;;;;;;;;;;;;;0.0;0.0;0.0;0.0;0.0;0.0;0.0;0.0;0.0;0.0;0.0;0.0;1;1
23;abofwlxe;;0;0;32;;;;0;;;0.0;;;;;;;;ocnkhj5c;;;;;0;bargaining_tdl;0.0;1.0;5;0;0;https://app.prolific.com/submissions/complete?cc=C1HQEIID;23;;0.0;;;;;;;;;;;;;;;;;;;0.0;0.0;0.0;0.0;0.0;0.0;1;1;23;;0.0;;0.0;;;;0.0;0.0;0.0;0.0;;;;;;0.0;0.0;0.0;0.0;0;0.0;1;0;0;0;0;1;0;0;-1;0;0;0;0;0.0;0;0.0;0.0;0.0;0.0;0.0;0.0;1;1;23;;0.0;;;;;;;;0;0.0;0.0;0.0;0.0;0.0;0.0;0.0;-1;1;1;23;;0.0;;;;;;;;;;;;;0.0;0.0;0.0;0.0;0.0;0.0;0.0;0.0;0.0;0.0;0.0;0.0;1;1
24;v2wn0q7o;;0;0;32;;;;0;;;0.0;;;;;;;;ocnkhj5c;;;;;0;bargaining_tdl;0.0;1.0;5;0;0;https://app.prolific.com/submissions/complete?cc=C1HQEIID;24;;0.0;;;;;;;;;;;;;;;;;;;0.0;0.0;0.0;0.0;0.0;0.0;1;1;24;;0.0;;0.0;;;;0.0;0.0;0.0;0.0;;;;;;0.0;0.0;0.0;0.0;0;0.0;1;0;0;0;0;1;0;0;-1;0;0;0;0;0.0;0;0.0;0.0;0.0;0.0;0.0;0.0;1;1;24;;0.0;;;;;;;;0;0.0;0.0;0.0;0.0;0.0;0.0;0.0;-1;1;1;24;;0.0;;;;;;;;;;;;;0.0;0.0;0.0;0.0;0.0;0.0;0.0;0.0;0.0;0.0;0.0;0.0;1;1
25;bndvjav0;;0;0;32;;;;0;;;0.0;;;;;;;;ocnkhj5c;;;;;0;bargaining_tdl;0.0;1.0;5;0;0;https://app.prolific.com/submissions/complete?cc=C1HQEIID;25;;0.0;;;;;;;;;;;;;;;;;;;0.0;0.0;0.0;0.0;0.0;0.0;1;1;25;;0.0;;0.0;;;;0.0;0.0;0.0;0.0;;;;;;0.0;0.0;0.0;0.0;0;0.0;1;0;0;0;0;1;0;0;-1;0;0;0;0;0.0;0;0.0;0.0;0.0;0.0;0.0;0.0;1;1;25;;0.0;;;;;;;;0;0.0;0.0;0.0;0.0;0.0;0.0;0.0;-1;1;1;25;;0.0;;;;;;;;;;;;;0.0;0.0;0.0;0.0;0.0;0.0;0.0;0.0;0.0;0.0;0.0;0.0;1;1
26;0zaz0aax;;0;0;32;;;;0;;;0.0;;;;;;;;ocnkhj5c;;;;;0;bargaining_tdl;0.0;1.0;5;0;0;https://app.prolific.com/submissions/complete?cc=C1HQEIID;26;;0.0;;;;;;;;;;;;;;;;;;;0.0;0.0;0.0;0.0;0.0;0.0;1;1;26;;0.0;;0.0;;;;0.0;0.0;0.0;0.0;;;;;;0.0;0.0;0.0;0.0;0;0.0;1;0;0;0;0;1;0;0;-1;0;0;0;0;0.0;0;0.0;0.0;0.0;0.0;0.0;0.0;1;1;26;;0.0;;;;;;;;0;0.0;0.0;0.0;0.0;0.0;0.0;0.0;-1;1;1;26;;0.0;;;;;;;;;;;;;0.0;0.0;0.0;0.0;0.0;0.0;0.0;0.0;0.0;0.0;0.0;0.0;1;1
27;zxre973u;;0;0;32;;;;0;;;0.0;;;;;;;;ocnkhj5c;;;;;0;bargaining_tdl;0.0;1.0;5;0;0;https://app.prolific.com/submissions/complete?cc=C1HQEIID;27;;0.0;;;;;;;;;;;;;;;;;;;0.0;0.0;0.0;0.0;0.0;0.0;1;1;27;;0.0;;0.0;;;;0.0;0.0;0.0;0.0;;;;;;0.0;0.0;0.0;0.0;0;0.0;1;0;0;0;0;1;0;0;-1;0;0;0;0;0.0;0;0.0;0.0;0.0;0.0;0.0;0.0;1;1;27;;0.0;;;;;;;;0;0.0;0.0;0.0;0.0;0.0;0.0;0.0;-1;1;1;27;;0.0;;;;;;;;;;;;;0.0;0.0;0.0;0.0;0.0;0.0;0.0;0.0;0.0;0.0;0.0;0.0;1;1
28;m43rxufz;;0;0;32;;;;0;;;0.0;;;;;;;;ocnkhj5c;;;;;0;bargaining_tdl;0.0;1.0;5;0;0;https://app.prolific.com/submissions/complete?cc=C1HQEIID;28;;0.0;;;;;;;;;;;;;;;;;;;0.0;0.0;0.0;0.0;0.0;0.0;1;1;28;;0.0;;0.0;;;;0.0;0.0;0.0;0.0;;;;;;0.0;0.0;0.0;0.0;0;0.0;1;0;0;0;0;1;0;0;-1;0;0;0;0;0.0;0;0.0;0.0;0.0;0.0;0.0;0.0;1;1;28;;0.0;;;;;;;;0;0.0;0.0;0.0;0.0;0.0;0.0;0.0;-1;1;1;28;;0.0;;;;;;;;;;;;;0.0;0.0;0.0;0.0;0.0;0.0;0.0;0.0;0.0;0.0;0.0;0.0;1;1
29;zsfk9ipd;;0;0;32;;;;0;;;0.0;;;;;;;;ocnkhj5c;;;;;0;bargaining_tdl;0.0;1.0;5;0;0;https://app.prolific.com/submissions/complete?cc=C1HQEIID;29;;0.0;;;;;;;;;;;;;;;;;;;0.0;0.0;0.0;0.0;0.0;0.0;1;1;29;;0.0;;0.0;;;;0.0;0.0;0.0;0.0;;;;;;0.0;0.0;0.0;0.0;0;0.0;1;0;0;0;0;1;0;0;-1;0;0;0;0;0.0;0;0.0;0.0;0.0;0.0;0.0;0.0;1;1;29;;0.0;;;;;;;;0;0.0;0.0;0.0;0.0;0.0;0.0;0.0;-1;1;1;29;;0.0;;;;;;;;;;;;;0.0;0.0;0.0;0.0;0.0;0.0;0.0;0.0;0.0;0.0;0.0;0.0;1;1
30;2piuntsa;;0;0;32;;;;0;;;0.0;;;;;;;;ocnkhj5c;;;;;0;bargaining_tdl;0.0;1.0;5;0;0;https://app.prolific.com/submissions/complete?cc=C1HQEIID;30;;0.0;;;;;;;;;;;;;;;;;;;0.0;0.0;0.0;0.0;0.0;0.0;1;1;30;;0.0;;0.0;;;;0.0;0.0;0.0;0.0;;;;;;0.0;0.0;0.0;0.0;0;0.0;1;0;0;0;0;1;0;0;-1;0;0;0;0;0.0;0;0.0;0.0;0.0;0.0;0.0;0.0;1;1;30;;0.0;;;;;;;;0;0.0;0.0;0.0;0.0;0.0;0.0;0.0;-1;1;1;30;;0.0;;;;;;;;;;;;;0.0;0.0;0.0;0.0;0.0;0.0;0.0;0.0;0.0;0.0;0.0;0.0;1;1
31;bo5srhvb;;0;0;32;;;;0;;;0.0;;;;;;;;ocnkhj5c;;;;;0;bargaining_tdl;0.0;1.0;5;0;0;https://app.prolific.com/submissions/complete?cc=C1HQEIID;31;;0.0;;;;;;;;;;;;;;;;;;;0.0;0.0;0.0;0.0;0.0;0.0;1;1;31;;0.0;;0.0;;;;0.0;0.0;0.0;0.0;;;;;;0.0;0.0;0.0;0.0;0;0.0;1;0;0;0;0;1;0;0;-1;0;0;0;0;0.0;0;0.0;0.0;0.0;0.0;0.0;0.0;1;1;31;;0.0;;;;;;;;0;0.0;0.0;0.0;0.0;0.0;0.0;0.0;-1;1;1;31;;0.0;;;;;;;;;;;;;0.0;0.0;0.0;0.0;0.0;0.0;0.0;0.0;0.0;0.0;0.0;0.0;1;1
32;xu8vzzbw;;0;0;32;;;;0;;;0.0;;;;;;;;ocnkhj5c;;;;;0;bargaining_tdl;0.0;1.0;5;0;0;https://app.prolific.com/submissions/complete?cc=C1HQEIID;32;;0.0;;;;;;;;;;;;;;;;;;;0.0;0.0;0.0;0.0;0.0;0.0;1;1;32;;0.0;;0.0;;;;0.0;0.0;0.0;0.0;;;;;;0.0;0.0;0.0;0.0;0;0.0;1;0;0;0;0;1;0;0;-1;0;0;0;0;0.0;0;0.0;0.0;0.0;0.0;0.0;0.0;1;1;32;;0.0;;;;;;;;0;0.0;0.0;0.0;0.0;0.0;0.0;0.0;-1;1;1;32;;0.0;;;;;;;;;;;;;0.0;0.0;0.0;0.0;0.0;0.0;0.0;0.0;0.0;0.0;0.0;0.0;1;1
33;gctah84j;;0;0;32;;;;0;;;0.0;;;;;;;;ocnkhj5c;;;;;0;bargaining_tdl;0.0;1.0;5;0;0;https://app.prolific.com/submissions/complete?cc=C1HQEIID;33;;0.0;;;;;;;;;;;;;;;;;;;0.0;0.0;0.0;0.0;0.0;0.0;1;1;33;;0.0;;0.0;;;;0.0;0.0;0.0;0.0;;;;;;0.0;0.0;0.0;0.0;0;0.0;1;0;0;0;0;1;0;0;-1;0;0;0;0;0.0;0;0.0;0.0;0.0;0.0;0.0;0.0;1;1;33;;0.0;;;;;;;;0;0.0;0.0;0.0;0.0;0.0;0.0;0.0;-1;1;1;33;;0.0;;;;;;;;;;;;;0.0;0.0;0.0;0.0;0.0;0.0;0.0;0.0;0.0;0.0;0.0;0.0;1;1
34;a3dq7axr;;0;0;32;;;;0;;;0.0;;;;;;;;ocnkhj5c;;;;;0;bargaining_tdl;0.0;1.0;5;0;0;https://app.prolific.com/submissions/complete?cc=C1HQEIID;34;;0.0;;;;;;;;;;;;;;;;;;;0.0;0.0;0.0;0.0;0.0;0.0;1;1;34;;0.0;;0.0;;;;0.0;0.0;0.0;0.0;;;;;;0.0;0.0;0.0;0.0;0;0.0;1;0;0;0;0;1;0;0;-1;0;0;0;0;0.0;0;0.0;0.0;0.0;0.0;0.0;0.0;1;1;34;;0.0;;;;;;;;0;0.0;0.0;0.0;0.0;0.0;0.0;0.0;-1;1;1;34;;0.0;;;;;;;;;;;;;0.0;0.0;0.0;0.0;0.0;0.0;0.0;0.0;0.0;0.0;0.0;0.0;1;1
35;bk5oumcs;;0;0;32;;;;0;;;0.0;;;;;;;;ocnkhj5c;;;;;0;bargaining_tdl;0.0;1.0;5;0;0;https://app.prolific.com/submissions/complete?cc=C1HQEIID;35;;0.0;;;;;;;;;;;;;;;;;;;0.0;0.0;0.0;0.0;0.0;0.0;1;1;35;;0.0;;0.0;;;;0.0;0.0;0.0;0.0;;;;;;0.0;0.0;0.0;0.0;0;0.0;1;0;0;0;0;1;0;0;-1;0;0;0;0;0.0;0;0.0;0.0;0.0;0.0;0.0;0.0;1;1;35;;0.0;;;;;;;;0;0.0;0.0;0.0;0.0;0.0;0.0;0.0;-1;1;1;35;;0.0;;;;;;;;;;;;;0.0;0.0;0.0;0.0;0.0;0.0;0.0;0.0;0.0;0.0;0.0;0.0;1;1
36;wy1tr4wg;;0;0;32;;;;0;;;0.0;;;;;;;;ocnkhj5c;;;;;0;bargaining_tdl;0.0;1.0;5;0;0;https://app.prolific.com/submissions/complete?cc=C1HQEIID;36;;0.0;;;;;;;;;;;;;;;;;;;0.0;0.0;0.0;0.0;0.0;0.0;1;1;36;;0.0;;0.0;;;;0.0;0.0;0.0;0.0;;;;;;0.0;0.0;0.0;0.0;0;0.0;1;0;0;0;0;1;0;0;-1;0;0;0;0;0.0;0;0.0;0.0;0.0;0.0;0.0;0.0;1;1;36;;0.0;;;;;;;;0;0.0;0.0;0.0;0.0;0.0;0.0;0.0;-1;1;1;36;;0.0;;;;;;;;;;;;;0.0;0.0;0.0;0.0;0.0;0.0;0.0;0.0;0.0;0.0;0.0;0.0;1;1
37;xxanb1m9;;0;0;32;;;;0;;;0.0;;;;;;;;ocnkhj5c;;;;;0;bargaining_tdl;0.0;1.0;5;0;0;https://app.prolific.com/submissions/complete?cc=C1HQEIID;37;;0.0;;;;;;;;;;;;;;;;;;;0.0;0.0;0.0;0.0;0.0;0.0;1;1;37;;0.0;;0.0;;;;0.0;0.0;0.0;0.0;;;;;;0.0;0.0;0.0;0.0;0;0.0;1;0;0;0;0;1;0;0;-1;0;0;0;0;0.0;0;0.0;0.0;0.0;0.0;0.0;0.0;1;1;37;;0.0;;;;;;;;0;0.0;0.0;0.0;0.0;0.0;0.0;0.0;-1;1;1;37;;0.0;;;;;;;;;;;;;0.0;0.0;0.0;0.0;0.0;0.0;0.0;0.0;0.0;0.0;0.0;0.0;1;1
38;klk81i63;;0;0;32;;;;0;;;0.0;;;;;;;;ocnkhj5c;;;;;0;bargaining_tdl;0.0;1.0;5;0;0;https://app.prolific.com/submissions/complete?cc=C1HQEIID;38;;0.0;;;;;;;;;;;;;;;;;;;0.0;0.0;0.0;0.0;0.0;0.0;1;1;38;;0.0;;0.0;;;;0.0;0.0;0.0;0.0;;;;;;0.0;0.0;0.0;0.0;0;0.0;1;0;0;0;0;1;0;0;-1;0;0;0;0;0.0;0;0.0;0.0;0.0;0.0;0.0;0.0;1;1;38;;0.0;;;;;;;;0;0.0;0.0;0.0;0.0;0.0;0.0;0.0;-1;1;1;38;;0.0;;;;;;;;;;;;;0.0;0.0;0.0;0.0;0.0;0.0;0.0;0.0;0.0;0.0;0.0;0.0;1;1
39;4ff12zz6;;0;0;32;;;;0;;;0.0;;;;;;;;ocnkhj5c;;;;;0;bargaining_tdl;0.0;1.0;5;0;0;https://app.prolific.com/submissions/complete?cc=C1HQEIID;39;;0.0;;;;;;;;;;;;;;;;;;;0.0;0.0;0.0;0.0;0.0;0.0;1;1;39;;0.0;;0.0;;;;0.0;0.0;0.0;0.0;;;;;;0.0;0.0;0.0;0.0;0;0.0;1;0;0;0;0;1;0;0;-1;0;0;0;0;0.0;0;0.0;0.0;0.0;0.0;0.0;0.0;1;1;39;;0.0;;;;;;;;0;0.0;0.0;0.0;0.0;0.0;0.0;0.0;-1;1;1;39;;0.0;;;;;;;;;;;;;0.0;0.0;0.0;0.0;0.0;0.0;0.0;0.0;0.0;0.0;0.0;0.0;1;1
40;jr4vv06u;;0;0;32;;;;0;;;0.0;;;;;;;;ocnkhj5c;;;;;0;bargaining_tdl;0.0;1.0;5;0;0;https://app.prolific.com/submissions/complete?cc=C1HQEIID;40;;0.0;;;;;;;;;;;;;;;;;;;0.0;0.0;0.0;0.0;0.0;0.0;1;1;40;;0.0;;0.0;;;;0.0;0.0;0.0;0.0;;;;;;0.0;0.0;0.0;0.0;0;0.0;1;0;0;0;0;1;0;0;-1;0;0;0;0;0.0;0;0.0;0.0;0.0;0.0;0.0;0.0;1;1;40;;0.0;;;;;;;;0;0.0;0.0;0.0;0.0;0.0;0.0;0.0;-1;1;1;40;;0.0;;;;;;;;;;;;;0.0;0.0;0.0;0.0;0.0;0.0;0.0;0.0;0.0;0.0;0.0;0.0;1;1
41;d9vo9rxe;;0;0;32;;;;0;;;0.0;;;;;;;;ocnkhj5c;;;;;0;bargaining_tdl;0.0;1.0;5;0;0;https://app.prolific.com/submissions/complete?cc=C1HQEIID;41;;0.0;;;;;;;;;;;;;;;;;;;0.0;0.0;0.0;0.0;0.0;0.0;1;1;41;;0.0;;0.0;;;;0.0;0.0;0.0;0.0;;;;;;0.0;0.0;0.0;0.0;0;0.0;1;0;0;0;0;1;0;0;-1;0;0;0;0;0.0;0;0.0;0.0;0.0;0.0;0.0;0.0;1;1;41;;0.0;;;;;;;;0;0.0;0.0;0.0;0.0;0.0;0.0;0.0;-1;1;1;41;;0.0;;;;;;;;;;;;;0.0;0.0;0.0;0.0;0.0;0.0;0.0;0.0;0.0;0.0;0.0;0.0;1;1
42;82kg1hag;;0;0;32;;;;0;;;0.0;;;;;;;;ocnkhj5c;;;;;0;bargaining_tdl;0.0;1.0;5;0;0;https://app.prolific.com/submissions/complete?cc=C1HQEIID;42;;0.0;;;;;;;;;;;;;;;;;;;0.0;0.0;0.0;0.0;0.0;0.0;1;1;42;;0.0;;0.0;;;;0.0;0.0;0.0;0.0;;;;;;0.0;0.0;0.0;0.0;0;0.0;1;0;0;0;0;1;0;0;-1;0;0;0;0;0.0;0;0.0;0.0;0.0;0.0;0.0;0.0;1;1;42;;0.0;;;;;;;;0;0.0;0.0;0.0;0.0;0.0;0.0;0.0;-1;1;1;42;;0.0;;;;;;;;;;;;;0.0;0.0;0.0;0.0;0.0;0.0;0.0;0.0;0.0;0.0;0.0;0.0;1;1
43;w6vy631g;;0;0;32;;;;0;;;0.0;;;;;;;;ocnkhj5c;;;;;0;bargaining_tdl;0.0;1.0;5;0;0;https://app.prolific.com/submissions/complete?cc=C1HQEIID;43;;0.0;;;;;;;;;;;;;;;;;;;0.0;0.0;0.0;0.0;0.0;0.0;1;1;43;;0.0;;0.0;;;;0.0;0.0;0.0;0.0;;;;;;0.0;0.0;0.0;0.0;0;0.0;1;0;0;0;0;1;0;0;-1;0;0;0;0;0.0;0;0.0;0.0;0.0;0.0;0.0;0.0;1;1;43;;0.0;;;;;;;;0;0.0;0.0;0.0;0.0;0.0;0.0;0.0;-1;1;1;43;;0.0;;;;;;;;;;;;;0.0;0.0;0.0;0.0;0.0;0.0;0.0;0.0;0.0;0.0;0.0;0.0;1;1
44;lckferig;;0;0;32;;;;0;;;0.0;;;;;;;;ocnkhj5c;;;;;0;bargaining_tdl;0.0;1.0;5;0;0;https://app.prolific.com/submissions/complete?cc=C1HQEIID;44;;0.0;;;;;;;;;;;;;;;;;;;0.0;0.0;0.0;0.0;0.0;0.0;1;1;44;;0.0;;0.0;;;;0.0;0.0;0.0;0.0;;;;;;0.0;0.0;0.0;0.0;0;0.0;1;0;0;0;0;1;0;0;-1;0;0;0;0;0.0;0;0.0;0.0;0.0;0.0;0.0;0.0;1;1;44;;0.0;;;;;;;;0;0.0;0.0;0.0;0.0;0.0;0.0;0.0;-1;1;1;44;;0.0;;;;;;;;;;;;;0.0;0.0;0.0;0.0;0.0;0.0;0.0;0.0;0.0;0.0;0.0;0.0;1;1
45;wc5zg92e;;0;0;32;;;;0;;;0.0;;;;;;;;ocnkhj5c;;;;;0;bargaining_tdl;0.0;1.0;5;0;0;https://app.prolific.com/submissions/complete?cc=C1HQEIID;45;;0.0;;;;;;;;;;;;;;;;;;;0.0;0.0;0.0;0.0;0.0;0.0;1;1;45;;0.0;;0.0;;;;0.0;0.0;0.0;0.0;;;;;;0.0;0.0;0.0;0.0;0;0.0;1;0;0;0;0;1;0;0;-1;0;0;0;0;0.0;0;0.0;0.0;0.0;0.0;0.0;0.0;1;1;45;;0.0;;;;;;;;0;0.0;0.0;0.0;0.0;0.0;0.0;0.0;-1;1;1;45;;0.0;;;;;;;;;;;;;0.0;0.0;0.0;0.0;0.0;0.0;0.0;0.0;0.0;0.0;0.0;0.0;1;1
1;5977liaz;;0;31;32;bargaining_tdl_survey;SurveyTerminated;2026-05-19 11:32:03.609622;1;;;4.0;;;;1;survey_questions_timeout;0;1;zr6gul8w;;;;;0;bargaining_tdl;0.0;1.0;5;0;0;https://app.prolific.com/submissions/complete?cc=C1HQEIID;1;;0.0;;;;;;;;;;6;6;6;6;6;6;6;6;6;0.0;0.0;0.0;0.0;0.0;0.0;1;1;1;;4.0;Red;4.0;split_you;split_you;left;0.0;0.0;0.0;0.0;Right;split_you;split_you;05qfx0i7;n00ozz7b;0.0;0.0;0.0;0.0;0;0.0;1;0;0;0;0;3;1;1;1;1;1;1;0;0.0;0;17.791.903.463.940.000;17.791.903.463.940.000;17.791.903.463.940.000;0.0;0.0;0.0;1;1;1;;0.0;share_one;;;;;;;0;0.0;0.0;0.0;0.0;0.0;0.0;0.0;-1;1;1;1;;0.0;0;18;N/A;1;employee;;;;;;;;0.0;0.0;0.0;0.0;0.0;0.0;0.0;0.0;0.0;0.0;0.0;0.0;1;1
2;k60eivfz;;0;31;32;bargaining_tdl_survey;SurveyTerminated;2026-05-19 11:32:03.626747;1;;;0.0;;;;1;survey_questions_timeout;0;1;zr6gul8w;;;;;0;bargaining_tdl;0.0;1.0;5;0;0;https://app.prolific.com/submissions/complete?cc=C1HQEIID;2;;0.0;;;;;;;;;;6;6;6;6;6;6;6;6;6;0.0;0.0;0.0;0.0;0.0;0.0;1;1;1;;0.0;Red;4.0;split_you;split_you;left;0.0;0.0;0.0;0.0;Both;split_you;split_you;2j4yjh4s;iyaybccx;0.0;0.0;0.0;0.0;0;0.0;1;0;0;0;0;2;1;1;0;1;1;1;0;0.0;0;1.779.190.345.369.520;1.779.190.345.369.520;1.779.190.345.369.520;0.0;0.0;0.0;1;1;2;;0.0;share_both;;;;;;;0;0.0;0.0;0.0;0.0;0.0;0.0;0.0;-1;1;1;2;;0.0;0;18;N/A;1;employee;;;;;;;;0.0;0.0;0.0;0.0;0.0;0.0;0.0;0.0;0.0;0.0;0.0;0.0;1;1
3;iyaybccx;;0;31;32;bargaining_tdl_survey;SurveyTerminated;2026-05-19 11:32:03.564729;1;;;0.0;;;;1;survey_questions_timeout;0;1;zr6gul8w;;;;;0;bargaining_tdl;0.0;1.0;5;0;0;https://app.prolific.com/submissions/complete?cc=C1HQEIID;3;;0.0;;;;;;;;;;6;6;6;6;6;6;6;6;6;0.0;0.0;0.0;0.0;0.0;0.0;1;1;2;;0.0;Green;4.0;split_you;split_you;left;0.0;0.0;0.0;0.0;Both;split_you;split_you;k60eivfz;2j4yjh4s;0.0;0.0;0.0;0.0;0;0.0;1;0;0;0;0;2;1;1;0;1;1;1;0;0.0;0;1.779.190.345.369.520;1.779.190.345.369.520;1.779.190.345.369.520;0.0;0.0;0.0;1;1;3;;0.0;share_one;;;;;;;0;0.0;0.0;0.0;0.0;0.0;0.0;0.0;-1;1;1;3;;0.0;0;18;N/A;1;employee;;;;;;;;0.0;0.0;0.0;0.0;0.0;0.0;0.0;0.0;0.0;0.0;0.0;0.0;1;1
4;1uqnqbvq;;0;31;32;bargaining_tdl_survey;SurveyTerminated;2026-05-19 11:32:03.604193;1;;;0.0;;;;1;survey_questions_timeout;0;1;zr6gul8w;;;;;0;bargaining_tdl;0.0;1.0;5;0;0;https://app.prolific.com/submissions/complete?cc=C1HQEIID;4;;0.0;;;;;;;;;;6;6;6;6;6;6;6;6;6;0.0;0.0;0.0;0.0;0.0;0.0;1;1;1;;0.0;Red;4.0;split_you;split_you;left;0.0;0.0;0.0;0.0;Both;split_you;split_you;6bz5w1nt;s4mj3o69;0.0;0.0;0.0;0.0;0;0.0;1;0;0;0;0;6;1;1;0;1;1;1;0;0.0;0;17.791.903.478.883.900;17.791.903.478.883.900;17.791.903.478.883.900;0.0;0.0;0.0;1;1;4;;0.0;share_one;;;;;;;0;0.0;0.0;0.0;0.0;0.0;0.0;0.0;-1;1;1;4;;0.0;0;18;N/A;1;employee;;;;;;;;0.0;0.0;0.0;0.0;0.0;0.0;0.0;0.0;0.0;0.0;0.0;0.0;1;1
5;2j4yjh4s;;0;31;32;bargaining_tdl_survey;SurveyTerminated;2026-05-19 11:32:03.621177;1;;;0.0;;;;1;survey_questions_timeout;0;1;zr6gul8w;;;;;0;bargaining_tdl;0.0;1.0;5;0;0;https://app.prolific.com/submissions/complete?cc=C1HQEIID;5;;0.0;;;;;;;;;;6;6;6;6;6;6;6;6;6;0.0;0.0;0.0;0.0;0.0;0.0;1;1;3;;0.0;Blue;4.0;split_you;split_you;left;0.0;0.0;0.0;0.0;Left;split_you;split_you;iyaybccx;k60eivfz;0.0;0.0;0.0;0.0;0;0.0;1;0;0;0;0;2;1;1;0;1;1;1;0;0.0;0;1.779.190.345.369.520;1.779.190.345.369.520;1.779.190.345.369.520;0.0;0.0;0.0;1;1;5;;0.0;share_both;;;;;;;0;0.0;0.0;0.0;0.0;0.0;0.0;0.0;-1;1;1;5;;0.0;0;18;N/A;1;employee;;;;;;;;0.0;0.0;0.0;0.0;0.0;0.0;0.0;0.0;0.0;0.0;0.0;0.0;1;1
6;s4mj3o69;;0;31;32;bargaining_tdl_survey;SurveyTerminated;2026-05-19 11:32:03.638728;1;;;0.0;;;;1;survey_questions_timeout;0;1;zr6gul8w;;;;;0;bargaining_tdl;0.0;1.0;5;0;0;https://app.prolific.com/submissions/complete?cc=C1HQEIID;6;;0.0;;;;;;;;;;6;6;6;6;6;6;6;6;6;0.0;0.0;0.0;0.0;0.0;0.0;1;1;2;;0.0;Green;4.0;split_you;split_you;left;0.0;0.0;0.0;0.0;Both;split_you;split_you;1uqnqbvq;6bz5w1nt;0.0;0.0;0.0;0.0;0;0.0;1;0;0;0;0;6;1;1;0;1;1;1;0;0.0;0;17.791.903.478.883.900;17.791.903.478.883.900;17.791.903.478.883.900;0.0;0.0;0.0;1;1;6;;0.0;share_one;;;;;;;0;0.0;0.0;0.0;0.0;0.0;0.0;0.0;-1;1;1;6;;0.0;0;18;N/A;1;employee;;;;;;;;0.0;0.0;0.0;0.0;0.0;0.0;0.0;0.0;0.0;0.0;0.0;0.0;1;1
7;qckxzyr3;;0;31;32;bargaining_tdl_survey;SurveyTerminated;2026-05-19 11:32:03.645344;1;;;4.0;;;;1;survey_questions_timeout;0;1;zr6gul8w;;;;;0;bargaining_tdl;0.0;1.0;5;0;0;https://app.prolific.com/submissions/complete?cc=C1HQEIID;7;;0.0;;;;;;;;;;6;6;6;6;6;6;6;6;6;0.0;0.0;0.0;0.0;0.0;0.0;1;1;1;;4.0;Red;4.0;split_you;split_you;left;0.0;0.0;0.0;0.0;Both;split_you;split_you;dmdvlb6t;6ojizmt1;0.0;0.0;0.0;0.0;0;0.0;1;0;0;0;0;7;1;1;1;1;1;1;0;0.0;0;17.791.903.483.594.300;17.791.903.483.594.300;17.791.903.483.594.300;0.0;0.0;0.0;1;1;7;;0.0;share_one;;;;;;;0;0.0;0.0;0.0;0.0;0.0;0.0;0.0;-1;1;1;7;;0.0;0;18;N/A;1;employee;;;;;;;;0.0;0.0;0.0;0.0;0.0;0.0;0.0;0.0;0.0;0.0;0.0;0.0;1;1
8;beua6ch6;;0;31;32;bargaining_tdl_survey;SurveyTerminated;2026-05-19 11:32:03.615518;1;;;0.0;;;;1;survey_questions_timeout;0;1;zr6gul8w;;;;;0;bargaining_tdl;0.0;1.0;5;0;0;https://app.prolific.com/submissions/complete?cc=C1HQEIID;8;;0.0;;;;;;;;;;6;6;6;6;6;6;6;6;6;0.0;0.0;0.0;0.0;0.0;0.0;1;1;1;;0.0;Red;0.0;split_you;split_you;left;0.0;0.0;0.0;0.0;Left;split_you;split_you;0tsp39eh;fmhvibbk;0.0;0.0;0.0;0.0;0;0.0;1;0;0;0;0;4;1;0;0;1;1;1;0;0.0;0;17.791.903.467.997.300;17.791.903.467.997.300;17.791.903.467.997.300;0.0;0.0;0.0;1;1;8;;0.0;share_both;;;;;;;0;0.0;0.0;0.0;0.0;0.0;0.0;0.0;-1;1;1;8;;0.0;0;18;N/A;1;employee;;;;;;;;0.0;0.0;0.0;0.0;0.0;0.0;0.0;0.0;0.0;0.0;0.0;0.0;1;1
9;n00ozz7b;;0;31;32;bargaining_tdl_survey;SurveyTerminated;2026-05-19 11:32:03.586063;1;;;4.0;;;;1;survey_questions_timeout;0;1;zr6gul8w;;;;;0;bargaining_tdl;0.0;1.0;5;0;0;https://app.prolific.com/submissions/complete?cc=C1HQEIID;9;;0.0;;;;;;;;;;6;6;6;6;6;6;6;6;6;0.0;0.0;0.0;0.0;0.0;0.0;1;1;2;;4.0;Green;4.0;split_you;split_you;left;0.0;0.0;0.0;0.0;Both;split_you;split_you;5977liaz;05qfx0i7;0.0;0.0;0.0;0.0;0;0.0;1;0;0;0;0;3;1;1;1;1;1;1;0;0.0;0;17.791.903.463.940.000;17.791.903.463.940.000;17.791.903.463.940.000;0.0;0.0;0.0;1;1;9;;0.0;share_one;;;;;;;0;0.0;0.0;0.0;0.0;0.0;0.0;0.0;-1;1;1;9;;0.0;0;18;N/A;1;employee;;;;;;;;0.0;0.0;0.0;0.0;0.0;0.0;0.0;0.0;0.0;0.0;0.0;0.0;1;1
10;05qfx0i7;;0;31;32;bargaining_tdl_survey;SurveyTerminated;2026-05-19 11:32:03.633219;1;;;4.0;;;;1;survey_questions_timeout;0;1;zr6gul8w;;;;;0;bargaining_tdl;0.0;1.0;5;0;0;https://app.prolific.com/submissions/complete?cc=C1HQEIID;10;;0.0;;;;;;;;;;6;6;6;6;6;6;6;6;6;0.0;0.0;0.0;0.0;0.0;0.0;1;1;3;;4.0;Blue;4.0;split_you;split_you;left;0.0;0.0;0.0;0.0;Both;split_you;split_you;n00ozz7b;5977liaz;0.0;0.0;0.0;0.0;0;0.0;1;0;0;0;0;3;1;1;1;1;1;1;0;0.0;0;17.791.903.463.940.000;17.791.903.463.940.000;17.791.903.463.940.000;0.0;0.0;0.0;1;1;10;;0.0;share_one;;;;;;;0;0.0;0.0;0.0;0.0;0.0;0.0;0.0;-1;1;1;10;;0.0;0;18;N/A;1;employee;;;;;;;;0.0;0.0;0.0;0.0;0.0;0.0;0.0;0.0;0.0;0.0;0.0;0.0;1;1
11;x1x4jm7i;;0;31;32;bargaining_tdl_survey;SurveyTerminated;2026-05-19 11:32:03.592807;1;;;0.0;;;;1;survey_questions_timeout;0;1;zr6gul8w;;;;;0;bargaining_tdl;0.0;1.0;5;0;0;https://app.prolific.com/submissions/complete?cc=C1HQEIID;11;;0.0;;;;;;;;;;6;6;6;6;6;6;6;6;6;0.0;0.0;0.0;0.0;0.0;0.0;1;1;1;;0.0;Red;0.0;split_you;split_you;left;0.0;0.0;0.0;0.0;Left;split_you;split_you;roxmzk68;yt75dd3v;0.0;0.0;0.0;0.0;0;0.0;1;0;0;0;0;5;0;0;1;1;1;1;0;0.0;0;17.791.903.472.362.800;17.791.903.472.362.800;17.791.903.472.362.800;0.0;0.0;0.0;1;1;11;;0.0;share_both;;;;;;;0;0.0;0.0;0.0;0.0;0.0;0.0;0.0;-1;1;1;11;;0.0;0;18;N/A;1;employee;;;;;;;;0.0;0.0;0.0;0.0;0.0;0.0;0.0;0.0;0.0;0.0;0.0;0.0;1;1
12;fmhvibbk;;0;31;32;bargaining_tdl_survey;SurveyTerminated;2026-05-19 11:32:03.598580;1;;;0.0;;;;1;survey_questions_timeout;0;1;zr6gul8w;;;;;0;bargaining_tdl;0.0;1.0;5;0;0;https://app.prolific.com/submissions/complete?cc=C1HQEIID;12;;0.0;;;;;;;;;;6;6;6;6;6;6;6;6;6;0.0;0.0;0.0;0.0;0.0;0.0;1;1;2;;0.0;Green;6.0;split_you;split_you;left;0.0;0.0;0.0;0.0;Right;split_you;split_you;beua6ch6;0tsp39eh;0.0;0.0;0.0;0.0;0;0.0;1;0;0;0;0;4;1;0;0;1;1;1;0;0.0;0;17.791.903.467.997.300;17.791.903.467.997.300;17.791.903.467.997.300;0.0;0.0;0.0;1;1;12;;0.0;share_both;;;;;;;0;0.0;0.0;0.0;0.0;0.0;0.0;0.0;-1;1;1;12;;0.0;0;18;N/A;1;employee;;;;;;;;0.0;0.0;0.0;0.0;0.0;0.0;0.0;0.0;0.0;0.0;0.0;0.0;1;1
13;6ojizmt1;;0;31;32;bargaining_tdl_survey;SurveyTerminated;2026-05-19 11:32:04.647161;1;;;4.0;;;;1;survey_questions_timeout;0;1;zr6gul8w;;;;;0;bargaining_tdl;0.0;1.0;5;0;0;https://app.prolific.com/submissions/complete?cc=C1HQEIID;13;;0.0;;;;;;;;;;6;6;6;6;6;6;6;6;6;0.0;0.0;0.0;0.0;0.0;0.0;1;1;2;;4.0;Green;4.0;split_you;split_you;left;0.0;0.0;0.0;0.0;Both;split_you;split_you;qckxzyr3;dmdvlb6t;0.0;0.0;0.0;0.0;0;0.0;1;0;0;0;0;7;1;1;1;1;1;1;0;0.0;0;17.791.903.483.594.300;17.791.903.483.594.300;17.791.903.483.594.300;0.0;0.0;0.0;1;1;13;;0.0;share_one;;;;;;;0;0.0;0.0;0.0;0.0;0.0;0.0;0.0;-1;1;1;13;;0.0;0;18;N/A;1;employee;;;;;;;;0.0;0.0;0.0;0.0;0.0;0.0;0.0;0.0;0.0;0.0;0.0;0.0;1;1
14;6bz5w1nt;;0;31;32;bargaining_tdl_survey;SurveyTerminated;2026-05-19 11:32:04.583510;1;;;0.0;;;;1;survey_questions_timeout;0;1;zr6gul8w;;;;;0;bargaining_tdl;0.0;1.0;5;0;0;https://app.prolific.com/submissions/complete?cc=C1HQEIID;14;;0.0;;;;;;;;;;6;6;6;6;6;6;6;6;6;0.0;0.0;0.0;0.0;0.0;0.0;1;1;3;;0.0;Blue;4.0;split_you;split_you;left;0.0;0.0;0.0;0.0;Left;split_you;split_you;s4mj3o69;1uqnqbvq;0.0;0.0;0.0;0.0;0;0.0;1;0;0;0;0;6;1;1;0;1;1;1;0;0.0;0;17.791.903.478.883.900;17.791.903.478.883.900;17.791.903.478.883.900;0.0;0.0;0.0;1;1;14;;0.0;share_one;;;;;;;0;0.0;0.0;0.0;0.0;0.0;0.0;0.0;-1;1;1;14;;0.0;0;18;N/A;1;employee;;;;;;;;0.0;0.0;0.0;0.0;0.0;0.0;0.0;0.0;0.0;0.0;0.0;0.0;1;1
15;0tsp39eh;;0;31;32;bargaining_tdl_survey;SurveyTerminated;2026-05-19 11:32:04.590278;1;;;0.0;;;;1;survey_questions_timeout;0;1;zr6gul8w;;;;;0;bargaining_tdl;0.0;1.0;5;0;0;https://app.prolific.com/submissions/complete?cc=C1HQEIID;15;;0.0;;;;;;;;;;6;6;6;6;6;6;6;6;6;0.0;0.0;0.0;0.0;0.0;0.0;1;1;3;;0.0;Blue;6.0;split_you;split_you;left;0.0;0.0;0.0;0.0;Left;split_you;split_you;fmhvibbk;beua6ch6;0.0;0.0;0.0;0.0;0;0.0;1;0;0;0;0;4;1;0;0;1;1;1;0;0.0;0;17.791.903.467.997.300;17.791.903.467.997.300;17.791.903.467.997.300;0.0;0.0;0.0;1;1;15;;0.0;share_one;;;;;;;0;0.0;0.0;0.0;0.0;0.0;0.0;0.0;-1;1;1;15;;0.0;0;18;N/A;1;employee;;;;;;;;0.0;0.0;0.0;0.0;0.0;0.0;0.0;0.0;0.0;0.0;0.0;0.0;1;1
16;y3f1qxuf;;0;31;32;bargaining_tdl_survey;SurveyTerminated;2026-05-19 11:32:04.596298;1;;;0.0;;;;1;survey_questions_timeout;0;1;zr6gul8w;;;;;0;bargaining_tdl;0.0;1.0;5;0;0;https://app.prolific.com/submissions/complete?cc=C1HQEIID;16;;0.0;;;;;;;;;;6;6;6;6;6;6;6;6;6;0.0;0.0;0.0;0.0;0.0;0.0;1;1;1;;0.0;Red;0.0;split_you;split_you;left;0.0;0.0;0.0;0.0;Left;split_you;split_you;gzribzyd;44a1aq38;0.0;0.0;0.0;0.0;1;17.791.903.910.383.100;1;0;0;0;0;16;0;0;0;1;1;1;0;17.791.904.810.383.100;1;1.779.190.364.585.520;1.779.190.364.585.520;1.779.190.364.585.520;0.0;0.0;0.0;1;1;16;;0.0;share_both;;;;;;;0;0.0;0.0;0.0;0.0;0.0;0.0;0.0;-1;1;1;16;;0.0;0;18;N/A;1;employee;;;;;;;;0.0;0.0;0.0;0.0;0.0;0.0;0.0;0.0;0.0;0.0;0.0;0.0;1;1
17;yt75dd3v;;0;31;32;bargaining_tdl_survey;SurveyTerminated;2026-05-19 11:32:04.607147;1;;;0.0;;;;1;survey_questions_timeout;0;1;zr6gul8w;;;;;0;bargaining_tdl;0.0;1.0;5;0;0;https://app.prolific.com/submissions/complete?cc=C1HQEIID;17;;0.0;;;;;;;;;;6;6;6;6;6;6;6;6;6;0.0;0.0;0.0;0.0;0.0;0.0;1;1;2;;0.0;Green;0.0;split_you;split_you;left;0.0;0.0;0.0;0.0;Right;split_you;split_you;x1x4jm7i;roxmzk68;0.0;0.0;0.0;0.0;0;0.0;1;0;0;0;0;5;0;0;1;1;1;1;0;0.0;0;17.791.903.472.362.800;17.791.903.472.362.800;17.791.903.472.362.800;0.0;0.0;0.0;1;1;17;;0.0;share_one;;;;;;;0;0.0;0.0;0.0;0.0;0.0;0.0;0.0;-1;1;1;17;;0.0;0;18;N/A;1;employee;;;;;;;;0.0;0.0;0.0;0.0;0.0;0.0;0.0;0.0;0.0;0.0;0.0;0.0;1;1
18;2e434ckt;;0;31;32;bargaining_tdl_survey;SurveyTerminated;2026-05-19 11:32:04.641553;1;;;0.0;;;;1;survey_questions_timeout;0;1;zr6gul8w;;;;;0;bargaining_tdl;0.0;1.0;5;0;0;https://app.prolific.com/submissions/complete?cc=C1HQEIID;18;;0.0;;;;;;;;;;6;6;6;6;6;6;6;6;6;0.0;0.0;0.0;0.0;0.0;0.0;1;1;1;;0.0;Red;0.0;split_you;split_you;left;0.0;0.0;0.0;0.0;Right;split_you;split_you;tytzgqxh;185lsl9s;0.0;0.0;0.0;0.0;0;0.0;1;0;0;0;0;8;0;0;1;1;1;1;0;0.0;0;17.791.903.494.056.800;17.791.903.494.056.800;17.791.903.494.056.800;0.0;0.0;0.0;1;1;18;;0.0;share_both;;;;;;;0;0.0;0.0;0.0;0.0;0.0;0.0;0.0;-1;1;1;18;;0.0;0;18;N/A;1;employee;;;;;;;;0.0;0.0;0.0;0.0;0.0;0.0;0.0;0.0;0.0;0.0;0.0;0.0;1;1
19;185lsl9s;;0;31;32;bargaining_tdl_survey;SurveyTerminated;2026-05-19 11:32:04.658225;1;;;0.0;;;;1;survey_questions_timeout;0;1;zr6gul8w;;;;;0;bargaining_tdl;0.0;1.0;5;0;0;https://app.prolific.com/submissions/complete?cc=C1HQEIID;19;;0.0;;;;;;;;;;6;6;6;6;6;6;6;6;6;0.0;0.0;0.0;0.0;0.0;0.0;1;1;2;;0.0;Green;0.0;split_you;split_you;left;0.0;0.0;0.0;0.0;Both;split_you;split_you;2e434ckt;tytzgqxh;0.0;0.0;0.0;0.0;0;0.0;1;0;0;0;0;8;0;0;1;1;1;1;0;0.0;0;17.791.903.494.056.800;17.791.903.494.056.800;17.791.903.494.056.800;0.0;0.0;0.0;1;1;19;;0.0;share_both;;;;;;;0;0.0;0.0;0.0;0.0;0.0;0.0;0.0;-1;1;1;19;;0.0;0;18;N/A;1;employee;;;;;;;;0.0;0.0;0.0;0.0;0.0;0.0;0.0;0.0;0.0;0.0;0.0;0.0;1;1
20;dmdvlb6t;;0;31;32;bargaining_tdl_survey;SurveyTerminated;2026-05-19 11:32:04.630073;1;;;4.0;;;;1;survey_questions_timeout;0;1;zr6gul8w;;;;;0;bargaining_tdl;0.0;1.0;5;0;0;https://app.prolific.com/submissions/complete?cc=C1HQEIID;20;;0.0;;;;;;;;;;6;6;6;6;6;6;6;6;6;0.0;0.0;0.0;0.0;0.0;0.0;1;1;3;;4.0;Blue;4.0;split_you;split_you;left;0.0;0.0;0.0;0.0;Both;split_you;split_you;6ojizmt1;qckxzyr3;0.0;0.0;0.0;0.0;0;0.0;1;0;0;0;0;7;1;1;1;1;1;1;0;0.0;0;17.791.903.483.594.300;17.791.903.483.594.300;17.791.903.483.594.300;0.0;0.0;0.0;1;1;20;;0.0;share_one;;;;;;;0;0.0;0.0;0.0;0.0;0.0;0.0;0.0;-1;1;1;20;;0.0;0;18;N/A;1;employee;;;;;;;;0.0;0.0;0.0;0.0;0.0;0.0;0.0;0.0;0.0;0.0;0.0;0.0;1;1
21;ai35yj68;;0;31;32;bargaining_tdl_survey;SurveyTerminated;2026-05-19 11:32:04.669477;1;;;0.0;;;;1;survey_questions_timeout;0;1;zr6gul8w;;;;;0;bargaining_tdl;0.0;1.0;5;0;0;https://app.prolific.com/submissions/complete?cc=C1HQEIID;21;;0.0;;;;;;;;;;6;6;6;6;6;6;6;6;6;0.0;0.0;0.0;0.0;0.0;0.0;1;1;1;;0.0;Red;0.0;split_you;split_you;left;0.0;0.0;0.0;0.0;Right;split_you;split_you;q5fvqxb4;xve1f0hw;0.0;0.0;0.0;0.0;1;1.779.190.380.467.700;1;0;0;0;0;15;1;0;0;1;1;1;0;1.779.190.470.467.700;1;17.791.903.616.571.200;17.791.903.616.571.200;17.791.903.616.571.200;0.0;0.0;0.0;1;1;21;;0.0;share_both;;;;;;;0;0.0;0.0;0.0;0.0;0.0;0.0;0.0;-1;1;1;21;;0.0;0;18;N/A;1;employee;;;;;;;;0.0;0.0;0.0;0.0;0.0;0.0;0.0;0.0;0.0;0.0;0.0;0.0;1;1
22;1buf7gtg;;0;31;32;bargaining_tdl_survey;SurveyTerminated;2026-05-19 11:32:04.652641;1;;;0.0;;;;1;survey_questions_timeout;0;1;zr6gul8w;;;;;0;bargaining_tdl;0.0;1.0;5;0;0;https://app.prolific.com/submissions/complete?cc=C1HQEIID;22;;0.0;;;;;;;;;;6;6;6;6;6;6;6;6;6;0.0;0.0;0.0;0.0;0.0;0.0;1;1;1;;0.0;Red;4.0;split_you;split_you;left;0.0;0.0;0.0;0.0;Both;split_you;split_you;92hx25ex;c5e1v9r1;0.0;0.0;0.0;0.0;0;0.0;1;0;0;0;0;9;1;1;0;1;1;1;0;0.0;0;17.791.903.514.423.400;17.791.903.514.423.400;17.791.903.514.423.400;0.0;0.0;0.0;1;1;22;;0.0;share_one;;;;;;;0;0.0;0.0;0.0;0.0;0.0;0.0;0.0;-1;1;1;22;;0.0;0;18;N/A;1;employee;;;;;;;;0.0;0.0;0.0;0.0;0.0;0.0;0.0;0.0;0.0;0.0;0.0;0.0;1;1
23;roxmzk68;;0;31;32;bargaining_tdl_survey;SurveyTerminated;2026-05-19 11:32:04.636180;1;;;0.0;;;;1;survey_questions_timeout;0;1;zr6gul8w;;;;;0;bargaining_tdl;0.0;1.0;5;0;0;https://app.prolific.com/submissions/complete?cc=C1HQEIID;23;;0.0;;;;;;;;;;6;6;6;6;6;6;6;6;6;0.0;0.0;0.0;0.0;0.0;0.0;1;1;3;;0.0;Blue;0.0;split_you;split_you;left;0.0;0.0;0.0;0.0;Both;split_you;split_you;yt75dd3v;x1x4jm7i;0.0;0.0;0.0;0.0;0;0.0;1;0;0;0;0;5;0;0;1;1;1;1;0;0.0;0;17.791.903.472.362.800;17.791.903.472.362.800;17.791.903.472.362.800;0.0;0.0;0.0;1;1;23;;0.0;share_one;;;;;;;0;0.0;0.0;0.0;0.0;0.0;0.0;0.0;-1;1;1;23;;0.0;0;18;N/A;1;employee;;;;;;;;0.0;0.0;0.0;0.0;0.0;0.0;0.0;0.0;0.0;0.0;0.0;0.0;1;1
24;tytzgqxh;;0;31;32;bargaining_tdl_survey;SurveyTerminated;2026-05-19 11:32:04.663858;1;;;0.0;;;;1;survey_questions_timeout;0;1;zr6gul8w;;;;;0;bargaining_tdl;0.0;1.0;5;0;0;https://app.prolific.com/submissions/complete?cc=C1HQEIID;24;;0.0;;;;;;;;;;6;6;6;6;6;6;6;6;6;0.0;0.0;0.0;0.0;0.0;0.0;1;1;3;;0.0;Blue;0.0;split_you;split_you;left;0.0;0.0;0.0;0.0;Left;split_you;split_you;185lsl9s;2e434ckt;0.0;0.0;0.0;0.0;0;0.0;1;0;0;0;0;8;0;0;1;1;1;1;0;0.0;0;17.791.903.494.056.800;17.791.903.494.056.800;17.791.903.494.056.800;0.0;0.0;0.0;1;1;24;;0.0;share_both;;;;;;;0;0.0;0.0;0.0;0.0;0.0;0.0;0.0;-1;1;1;24;;0.0;0;18;N/A;1;employee;;;;;;;;0.0;0.0;0.0;0.0;0.0;0.0;0.0;0.0;0.0;0.0;0.0;0.0;1;1
25;8alm3lr2;;0;31;32;bargaining_tdl_survey;SurveyTerminated;2026-05-19 11:32:05.679369;1;;;0.0;;;;1;survey_questions_timeout;0;1;zr6gul8w;;;;;0;bargaining_tdl;0.0;1.0;5;0;0;https://app.prolific.com/submissions/complete?cc=C1HQEIID;25;;0.0;;;;;;;;;;6;6;6;6;6;6;6;6;6;0.0;0.0;0.0;0.0;0.0;0.0;1;1;1;;0.0;Red;0.0;split_you;split_you;left;0.0;0.0;0.0;0.0;Left;split_you;split_you;qfuqa0ha;3zopmy9e;0.0;0.0;0.0;0.0;0;0.0;1;0;0;0;0;10;0;0;0;1;1;1;0;0.0;0;17.791.903.522.857.600;17.791.903.522.857.600;17.791.903.522.857.600;0.0;0.0;0.0;1;1;25;;0.0;share_one;;;;;;;0;0.0;0.0;0.0;0.0;0.0;0.0;0.0;-1;1;1;25;;0.0;0;18;N/A;1;employee;;;;;;;;0.0;0.0;0.0;0.0;0.0;0.0;0.0;0.0;0.0;0.0;0.0;0.0;1;1
26;of2jflob;;0;31;32;bargaining_tdl_survey;SurveyTerminated;2026-05-19 11:32:05.708569;1;;;4.0;;;;1;survey_questions_timeout;0;1;zr6gul8w;;;;;0;bargaining_tdl;0.0;1.0;5;0;0;https://app.prolific.com/submissions/complete?cc=C1HQEIID;26;;0.0;;;;;;;;;;6;6;6;6;6;6;6;6;6;0.0;0.0;0.0;0.0;0.0;0.0;1;1;1;;4.0;Red;4.0;split_you;split_you;left;0.0;0.0;0.0;0.0;Both;split_you;split_you;8okhv1km;dg19k2gr;0.0;0.0;0.0;0.0;0;0.0;1;0;0;0;0;11;1;1;1;1;1;1;0;0.0;0;17.791.903.525.220.100;17.791.903.525.220.100;17.791.903.525.220.100;0.0;0.0;0.0;1;1;26;;0.0;share_both;;;;;;;0;0.0;0.0;0.0;0.0;0.0;0.0;0.0;-1;1;1;26;;0.0;0;18;N/A;1;employee;;;;;;;;0.0;0.0;0.0;0.0;0.0;0.0;0.0;0.0;0.0;0.0;0.0;0.0;1;1
27;dg19k2gr;;0;31;32;bargaining_tdl_survey;SurveyTerminated;2026-05-19 11:32:05.685753;1;;;4.0;;;;1;survey_questions_timeout;0;1;zr6gul8w;;;;;0;bargaining_tdl;0.0;1.0;5;0;0;https://app.prolific.com/submissions/complete?cc=C1HQEIID;27;;0.0;;;;;;;;;;6;6;6;6;6;6;6;6;6;0.0;0.0;0.0;0.0;0.0;0.0;1;1;2;;4.0;Green;4.0;split_you;split_you;left;0.0;0.0;0.0;0.0;Left;split_you;split_you;of2jflob;8okhv1km;0.0;0.0;0.0;0.0;0;0.0;1;0;0;0;0;11;1;1;1;1;1;1;0;0.0;0;17.791.903.525.220.100;17.791.903.525.220.100;17.791.903.525.220.100;0.0;0.0;0.0;1;1;27;;0.0;share_both;;;;;;;0;0.0;0.0;0.0;0.0;0.0;0.0;0.0;-1;1;1;27;;0.0;0;18;N/A;1;employee;;;;;;;;0.0;0.0;0.0;0.0;0.0;0.0;0.0;0.0;0.0;0.0;0.0;0.0;1;1
28;c5e1v9r1;;0;31;32;bargaining_tdl_survey;SurveyTerminated;2026-05-19 11:32:05.565323;1;;;0.0;;;;1;survey_questions_timeout;0;1;zr6gul8w;;;;;0;bargaining_tdl;0.0;1.0;5;0;0;https://app.prolific.com/submissions/complete?cc=C1HQEIID;28;;0.0;;;;;;;;;;6;6;6;6;6;6;6;6;6;0.0;0.0;0.0;0.0;0.0;0.0;1;1;2;;0.0;Green;4.0;split_you;split_you;left;0.0;0.0;0.0;0.0;Left;split_you;split_you;1buf7gtg;92hx25ex;0.0;0.0;0.0;0.0;0;0.0;1;0;0;0;0;9;1;1;0;1;1;1;0;0.0;0;17.791.903.514.423.400;17.791.903.514.423.400;17.791.903.514.423.400;0.0;0.0;0.0;1;1;28;;0.0;share_one;;;;;;;0;0.0;0.0;0.0;0.0;0.0;0.0;0.0;-1;1;1;28;;0.0;0;18;N/A;1;employee;;;;;;;;0.0;0.0;0.0;0.0;0.0;0.0;0.0;0.0;0.0;0.0;0.0;0.0;1;1
29;ru07md9e;;0;31;32;bargaining_tdl_survey;SurveyTerminated;2026-05-19 11:32:05.701547;1;;;0.0;;;;1;survey_questions_timeout;0;1;zr6gul8w;;;;;0;bargaining_tdl;0.0;1.0;5;0;0;https://app.prolific.com/submissions/complete?cc=C1HQEIID;29;;0.0;;;;;;;;;;6;6;6;6;6;6;6;6;6;0.0;0.0;0.0;0.0;0.0;0.0;1;1;1;;0.0;Red;4.0;split_you;split_you;left;0.0;0.0;0.0;0.0;Both;split_you;split_you;pzpqduyx;7283axms;0.0;0.0;0.0;0.0;0;0.0;1;0;0;0;0;12;1;1;0;1;1;1;0;0.0;0;1.779.190.352.711.020;1.779.190.352.711.020;1.779.190.352.711.020;0.0;0.0;0.0;1;1;29;;0.0;share_one;;;;;;;0;0.0;0.0;0.0;0.0;0.0;0.0;0.0;-1;1;1;29;;0.0;0;18;N/A;1;employee;;;;;;;;0.0;0.0;0.0;0.0;0.0;0.0;0.0;0.0;0.0;0.0;0.0;0.0;1;1
30;3zopmy9e;;0;31;32;bargaining_tdl_survey;SurveyTerminated;2026-05-19 11:32:05.727475;1;;;0.0;;;;1;survey_questions_timeout;0;1;zr6gul8w;;;;;0;bargaining_tdl;0.0;1.0;5;0;0;https://app.prolific.com/submissions/complete?cc=C1HQEIID;30;;0.0;;;;;;;;;;6;6;6;6;6;6;6;6;6;0.0;0.0;0.0;0.0;0.0;0.0;1;1;2;;0.0;Green;0.0;split_you;split_you;left;0.0;0.0;0.0;0.0;Left;split_you;split_you;8alm3lr2;qfuqa0ha;0.0;0.0;0.0;0.0;0;0.0;1;0;0;0;0;10;0;0;0;1;1;1;0;0.0;0;17.791.903.522.857.600;17.791.903.522.857.600;17.791.903.522.857.600;0.0;0.0;0.0;1;1;30;;0.0;share_both;;;;;;;0;0.0;0.0;0.0;0.0;0.0;0.0;0.0;-1;1;1;30;;0.0;0;18;N/A;1;employee;;;;;;;;0.0;0.0;0.0;0.0;0.0;0.0;0.0;0.0;0.0;0.0;0.0;0.0;1;1
31;8okhv1km;;0;31;32;bargaining_tdl_survey;SurveyTerminated;2026-05-19 11:32:05.735903;1;;;4.0;;;;1;survey_questions_timeout;0;1;zr6gul8w;;;;;0;bargaining_tdl;0.0;1.0;5;0;0;https://app.prolific.com/submissions/complete?cc=C1HQEIID;31;;0.0;;;;;;;;;;6;6;6;6;6;6;6;6;6;0.0;0.0;0.0;0.0;0.0;0.0;1;1;3;;4.0;Blue;4.0;split_you;split_you;left;0.0;0.0;0.0;0.0;Both;split_you;split_you;dg19k2gr;of2jflob;0.0;0.0;0.0;0.0;0;0.0;1;0;0;0;0;11;1;1;1;1;1;1;0;0.0;0;17.791.903.525.220.100;17.791.903.525.220.100;17.791.903.525.220.100;0.0;0.0;0.0;1;1;31;;0.0;share_one;;;;;;;0;0.0;0.0;0.0;0.0;0.0;0.0;0.0;-1;1;1;31;;0.0;0;18;N/A;1;employee;;;;;;;;0.0;0.0;0.0;0.0;0.0;0.0;0.0;0.0;0.0;0.0;0.0;0.0;1;1
32;oa98fds8;;0;31;32;bargaining_tdl_survey;SurveyTerminated;2026-05-19 11:32:05.715039;1;;;0.0;;;;1;survey_questions_timeout;0;1;zr6gul8w;;;;;0;bargaining_tdl;0.0;1.0;5;0;0;https://app.prolific.com/submissions/complete?cc=C1HQEIID;32;;0.0;;;;;;;;;;6;6;6;6;6;6;6;6;6;0.0;0.0;0.0;0.0;0.0;0.0;1;1;1;;0.0;Red;4.0;split_you;split_you;left;0.0;0.0;0.0;0.0;Both;split_you;split_you;hpckv9rp;gxtfdlrl;0.0;0.0;0.0;0.0;0;0.0;1;0;0;0;0;13;1;1;0;1;1;1;0;0.0;0;17.791.903.529.007.200;17.791.903.529.007.200;17.791.903.529.007.200;0.0;0.0;0.0;1;1;32;;0.0;share_both;;;;;;;0;0.0;0.0;0.0;0.0;0.0;0.0;0.0;-1;1;1;32;;0.0;0;18;N/A;1;employee;;;;;;;;0.0;0.0;0.0;0.0;0.0;0.0;0.0;0.0;0.0;0.0;0.0;0.0;1;1
33;xve1f0hw;;0;31;32;bargaining_tdl_survey;SurveyTerminated;2026-05-19 11:32:05.694123;1;;;0.0;;;;1;survey_questions_timeout;0;1;zr6gul8w;;;;;0;bargaining_tdl;0.0;1.0;5;0;0;https://app.prolific.com/submissions/complete?cc=C1HQEIID;33;;0.0;;;;;;;;;;6;6;6;6;6;6;6;6;6;0.0;0.0;0.0;0.0;0.0;0.0;1;1;2;;0.0;Green;6.0;split_you;split_you;left;0.0;0.0;0.0;0.0;Right;split_you;split_you;ai35yj68;q5fvqxb4;0.0;0.0;0.0;0.0;0;0.0;1;0;0;0;0;15;1;0;0;1;1;1;0;1.779.190.470.467.700;1;17.791.903.616.571.200;17.791.903.616.571.200;17.791.903.616.571.200;0.0;0.0;0.0;1;1;33;;0.0;share_both;;;;;;;0;0.0;0.0;0.0;0.0;0.0;0.0;0.0;-1;1;1;33;;0.0;0;18;N/A;1;employee;;;;;;;;0.0;0.0;0.0;0.0;0.0;0.0;0.0;0.0;0.0;0.0;0.0;0.0;1;1
34;92hx25ex;;0;31;32;bargaining_tdl_survey;SurveyTerminated;2026-05-19 11:32:05.746235;1;;;0.0;;;;1;survey_questions_timeout;0;1;zr6gul8w;;;;;0;bargaining_tdl;0.0;1.0;5;0;0;https://app.prolific.com/submissions/complete?cc=C1HQEIID;34;;0.0;;;;;;;;;;6;6;6;6;6;6;6;6;6;0.0;0.0;0.0;0.0;0.0;0.0;1;1;3;;0.0;Blue;4.0;split_you;split_you;left;0.0;0.0;0.0;0.0;Both;split_you;split_you;c5e1v9r1;1buf7gtg;0.0;0.0;0.0;0.0;0;0.0;1;0;0;0;0;9;1;1;0;1;1;1;0;0.0;0;17.791.903.514.423.400;17.791.903.514.423.400;17.791.903.514.423.400;0.0;0.0;0.0;1;1;34;;0.0;share_both;;;;;;;0;0.0;0.0;0.0;0.0;0.0;0.0;0.0;-1;1;1;34;;0.0;0;18;N/A;1;employee;;;;;;;;0.0;0.0;0.0;0.0;0.0;0.0;0.0;0.0;0.0;0.0;0.0;0.0;1;1
35;7283axms;;0;31;32;bargaining_tdl_survey;SurveyTerminated;2026-05-19 11:32:05.721249;1;;;0.0;;;;1;survey_questions_timeout;0;1;zr6gul8w;;;;;0;bargaining_tdl;0.0;1.0;5;0;0;https://app.prolific.com/submissions/complete?cc=C1HQEIID;35;;0.0;;;;;;;;;;6;6;6;6;6;6;6;6;6;0.0;0.0;0.0;0.0;0.0;0.0;1;1;2;;0.0;Green;4.0;split_you;split_you;left;0.0;0.0;0.0;0.0;Both;split_you;split_you;ru07md9e;pzpqduyx;0.0;0.0;0.0;0.0;0;0.0;1;0;0;0;0;12;1;1;0;1;1;1;0;0.0;0;1.779.190.352.711.020;1.779.190.352.711.020;1.779.190.352.711.020;0.0;0.0;0.0;1;1;35;;0.0;share_both;;;;;;;0;0.0;0.0;0.0;0.0;0.0;0.0;0.0;-1;1;1;35;;0.0;0;18;N/A;1;employee;;;;;;;;0.0;0.0;0.0;0.0;0.0;0.0;0.0;0.0;0.0;0.0;0.0;0.0;1;1
36;3z4emp85;;0;31;32;bargaining_tdl_survey;SurveyTerminated;2026-05-19 11:32:05.753845;1;;;0.0;;;;1;survey_questions_timeout;0;1;zr6gul8w;;;;;0;bargaining_tdl;0.0;1.0;5;0;0;https://app.prolific.com/submissions/complete?cc=C1HQEIID;36;;0.0;;;;;;;;;;6;6;6;6;6;6;6;6;6;0.0;0.0;0.0;0.0;0.0;0.0;1;1;1;;0.0;Red;0.0;split_you;split_you;left;0.0;0.0;0.0;0.0;Left;split_you;split_you;h0osvjnp;fcdu23yx;0.0;0.0;0.0;0.0;0;0.0;1;0;0;0;0;14;1;0;0;1;1;1;0;0.0;0;1.779.190.353.786.740;1.779.190.353.786.740;1.779.190.353.786.740;0.0;0.0;0.0;1;1;36;;0.0;share_both;;;;;;;0;0.0;0.0;0.0;0.0;0.0;0.0;0.0;-1;1;1;36;;0.0;0;18;N/A;1;employee;;;;;;;;0.0;0.0;0.0;0.0;0.0;0.0;0.0;0.0;0.0;0.0;0.0;0.0;1;1
37;44a1aq38;;0;31;32;bargaining_tdl_survey;SurveyTerminated;2026-05-19 11:32:06.819848;1;;;0.0;;;;1;survey_questions_timeout;0;1;zr6gul8w;;;;;0;bargaining_tdl;0.0;1.0;5;0;0;https://app.prolific.com/submissions/complete?cc=C1HQEIID;37;;0.0;;;;;;;;;;6;6;6;6;6;6;6;6;6;0.0;0.0;0.0;0.0;0.0;0.0;1;1;2;;0.0;Green;0.0;split_you;split_you;left;0.0;0.0;0.0;0.0;Left;split_you;split_you;y3f1qxuf;gzribzyd;0.0;0.0;0.0;0.0;0;0.0;1;0;0;0;0;16;0;0;0;1;1;1;0;17.791.904.810.383.100;1;1.779.190.364.585.520;1.779.190.364.585.520;1.779.190.364.585.520;0.0;0.0;0.0;1;1;37;;0.0;share_both;;;;;;;0;0.0;0.0;0.0;0.0;0.0;0.0;0.0;-1;1;1;37;;0.0;0;18;N/A;1;employee;;;;;;;;0.0;0.0;0.0;0.0;0.0;0.0;0.0;0.0;0.0;0.0;0.0;0.0;1;1
38;gzribzyd;;0;31;32;bargaining_tdl_survey;SurveyTerminated;2026-05-19 11:32:06.899407;1;;;0.0;;;;1;survey_questions_timeout;0;1;zr6gul8w;;;;;0;bargaining_tdl;0.0;1.0;5;0;0;https://app.prolific.com/submissions/complete?cc=C1HQEIID;38;;0.0;;;;;;;;;;6;6;6;6;6;6;6;6;6;0.0;0.0;0.0;0.0;0.0;0.0;1;1;3;;0.0;Blue;0.0;split_you;split_you;left;0.0;0.0;0.0;0.0;Left;split_you;split_you;44a1aq38;y3f1qxuf;0.0;0.0;0.0;0.0;0;0.0;1;0;0;0;0;16;0;0;0;1;1;1;0;17.791.904.810.383.100;1;1.779.190.364.585.520;1.779.190.364.585.520;1.779.190.364.585.520;0.0;0.0;0.0;1;1;38;;0.0;share_one;;;;;;;0;0.0;0.0;0.0;0.0;0.0;0.0;0.0;-1;1;1;38;;0.0;0;18;N/A;1;employee;;;;;;;;0.0;0.0;0.0;0.0;0.0;0.0;0.0;0.0;0.0;0.0;0.0;0.0;1;1
39;gxtfdlrl;;0;31;32;bargaining_tdl_survey;SurveyTerminated;2026-05-19 11:32:06.808415;1;;;0.0;;;;1;survey_questions_timeout;0;1;zr6gul8w;;;;;0;bargaining_tdl;0.0;1.0;5;0;0;https://app.prolific.com/submissions/complete?cc=C1HQEIID;39;;0.0;;;;;;;;;;6;6;6;6;6;6;6;6;6;0.0;0.0;0.0;0.0;0.0;0.0;1;1;2;;0.0;Green;4.0;split_you;split_you;left;0.0;0.0;0.0;0.0;Right;split_you;split_you;oa98fds8;hpckv9rp;0.0;0.0;0.0;0.0;0;0.0;1;0;0;0;0;13;1;1;0;1;1;1;0;0.0;0;17.791.903.529.007.200;17.791.903.529.007.200;17.791.903.529.007.200;0.0;0.0;0.0;1;1;39;;0.0;share_both;;;;;;;0;0.0;0.0;0.0;0.0;0.0;0.0;0.0;-1;1;1;39;;0.0;0;18;N/A;1;employee;;;;;;;;0.0;0.0;0.0;0.0;0.0;0.0;0.0;0.0;0.0;0.0;0.0;0.0;1;1
40;fcdu23yx;;0;31;32;bargaining_tdl_survey;SurveyTerminated;2026-05-19 11:32:06.838657;1;;;0.0;;;;1;survey_questions_timeout;0;1;zr6gul8w;;;;;0;bargaining_tdl;0.0;1.0;5;0;0;https://app.prolific.com/submissions/complete?cc=C1HQEIID;40;;0.0;;;;;;;;;;6;6;6;6;6;6;6;6;6;0.0;0.0;0.0;0.0;0.0;0.0;1;1;2;;0.0;Green;6.0;split_you;split_you;left;0.0;0.0;0.0;0.0;Right;split_you;split_you;3z4emp85;h0osvjnp;0.0;0.0;0.0;0.0;0;0.0;1;0;0;0;0;14;1;0;0;1;1;1;0;0.0;0;1.779.190.353.786.740;1.779.190.353.786.740;1.779.190.353.786.740;0.0;0.0;0.0;1;1;40;;0.0;share_both;;;;;;;0;0.0;0.0;0.0;0.0;0.0;0.0;0.0;-1;1;1;40;;0.0;0;18;N/A;1;employee;;;;;;;;0.0;0.0;0.0;0.0;0.0;0.0;0.0;0.0;0.0;0.0;0.0;0.0;1;1
41;hpckv9rp;;0;31;32;bargaining_tdl_survey;SurveyTerminated;2026-05-19 11:32:06.814782;1;;;0.0;;;;1;survey_questions_timeout;0;1;zr6gul8w;;;;;0;bargaining_tdl;0.0;1.0;5;0;0;https://app.prolific.com/submissions/complete?cc=C1HQEIID;41;;0.0;;;;;;;;;;6;6;6;6;6;6;6;6;6;0.0;0.0;0.0;0.0;0.0;0.0;1;1;3;;0.0;Blue;4.0;split_you;split_you;left;0.0;0.0;0.0;0.0;Both;split_you;split_you;gxtfdlrl;oa98fds8;0.0;0.0;0.0;0.0;0;0.0;1;0;0;0;0;13;1;1;0;1;1;1;0;0.0;0;17.791.903.529.007.200;17.791.903.529.007.200;17.791.903.529.007.200;0.0;0.0;0.0;1;1;41;;0.0;share_both;;;;;;;0;0.0;0.0;0.0;0.0;0.0;0.0;0.0;-1;1;1;41;;0.0;0;18;N/A;1;employee;;;;;;;;0.0;0.0;0.0;0.0;0.0;0.0;0.0;0.0;0.0;0.0;0.0;0.0;1;1
42;h0osvjnp;;0;31;32;bargaining_tdl_survey;SurveyTerminated;2026-05-19 11:32:06.830190;1;;;0.0;;;;1;survey_questions_timeout;0;1;zr6gul8w;;;;;0;bargaining_tdl;0.0;1.0;5;0;0;https://app.prolific.com/submissions/complete?cc=C1HQEIID;42;;0.0;;;;;;;;;;6;6;6;6;6;6;6;6;6;0.0;0.0;0.0;0.0;0.0;0.0;1;1;3;;0.0;Blue;6.0;split_you;split_you;left;0.0;0.0;0.0;0.0;Left;split_you;split_you;fcdu23yx;3z4emp85;0.0;0.0;0.0;0.0;0;0.0;1;0;0;0;0;14;1;0;0;1;1;1;0;0.0;0;1.779.190.353.786.740;1.779.190.353.786.740;1.779.190.353.786.740;0.0;0.0;0.0;1;1;42;;0.0;share_both;;;;;;;0;0.0;0.0;0.0;0.0;0.0;0.0;0.0;-1;1;1;42;;0.0;0;18;N/A;1;employee;;;;;;;;0.0;0.0;0.0;0.0;0.0;0.0;0.0;0.0;0.0;0.0;0.0;0.0;1;1
43;pzpqduyx;;0;31;32;bargaining_tdl_survey;SurveyTerminated;2026-05-19 11:32:06.775935;1;;;0.0;;;;1;survey_questions_timeout;0;1;zr6gul8w;;;;;0;bargaining_tdl;0.0;1.0;5;0;0;https://app.prolific.com/submissions/complete?cc=C1HQEIID;43;;0.0;;;;;;;;;;6;6;6;6;6;6;6;6;6;0.0;0.0;0.0;0.0;0.0;0.0;1;1;3;;0.0;Blue;4.0;split_you;split_you;left;0.0;0.0;0.0;0.0;Left;split_you;split_you;7283axms;ru07md9e;0.0;0.0;0.0;0.0;0;0.0;1;0;0;0;0;12;1;1;0;1;1;1;0;0.0;0;1.779.190.352.711.020;1.779.190.352.711.020;1.779.190.352.711.020;0.0;0.0;0.0;1;1;43;;0.0;share_both;;;;;;;0;0.0;0.0;0.0;0.0;0.0;0.0;0.0;-1;1;1;43;;0.0;0;18;N/A;1;employee;;;;;;;;0.0;0.0;0.0;0.0;0.0;0.0;0.0;0.0;0.0;0.0;0.0;0.0;1;1
44;qfuqa0ha;;0;31;32;bargaining_tdl_survey;SurveyTerminated;2026-05-19 11:32:06.824978;1;;;0.0;;;;1;survey_questions_timeout;0;1;zr6gul8w;;;;;0;bargaining_tdl;0.0;1.0;5;0;0;https://app.prolific.com/submissions/complete?cc=C1HQEIID;44;;0.0;;;;;;;;;;6;6;6;6;6;6;6;6;6;0.0;0.0;0.0;0.0;0.0;0.0;1;1;3;;0.0;Blue;0.0;split_you;split_you;left;0.0;0.0;0.0;0.0;Both;split_you;split_you;3zopmy9e;8alm3lr2;0.0;0.0;0.0;0.0;0;0.0;1;0;0;0;0;10;0;0;0;1;1;1;0;0.0;0;17.791.903.522.857.600;17.791.903.522.857.600;17.791.903.522.857.600;0.0;0.0;0.0;1;1;44;;0.0;share_both;;;;;;;0;0.0;0.0;0.0;0.0;0.0;0.0;0.0;-1;1;1;44;;0.0;0;18;N/A;1;employee;;;;;;;;0.0;0.0;0.0;0.0;0.0;0.0;0.0;0.0;0.0;0.0;0.0;0.0;1;1
45;q5fvqxb4;;0;31;32;bargaining_tdl_survey;SurveyTerminated;2026-05-19 11:32:06.781075;1;;;0.0;;;;1;survey_questions_timeout;0;1;zr6gul8w;;;;;0;bargaining_tdl;0.0;1.0;5;0;0;https://app.prolific.com/submissions/complete?cc=C1HQEIID;45;;0.0;;;;;;;;;;6;6;6;6;6;6;6;6;6;0.0;0.0;0.0;0.0;0.0;0.0;1;1;3;;0.0;Blue;6.0;split_you;split_you;left;0.0;0.0;0.0;0.0;Left;split_you;split_you;xve1f0hw;ai35yj68;0.0;0.0;0.0;0.0;0;0.0;1;0;0;0;0;15;1;0;0;1;1;1;0;1.779.190.470.467.700;1;17.791.903.616.571.200;17.791.903.616.571.200;17.791.903.616.571.200;0.0;0.0;0.0;1;1;45;;0.0;share_both;;;;;;;0;0.0;0.0;0.0;0.0;0.0;0.0;0.0;-1;1;1;45;;0.0;0;18;N/A;1;employee;;;;;;;;0.0;0.0;0.0;0.0;0.0;0.0;0.0;0.0;0.0;0.0;0.0;0.0;1;1
1;1fu9y1aj;;0;1;32;bargaining_tdl_intro;Welcome;2026-05-19 14:13:04.788014;1;;;0.0;;;;;;;;ln6s1ftc;;;;;0;bargaining_tdl;0.0;1.0;5;0;0;https://app.prolific.com/submissions/complete?cc=C1HQEIID;1;;0.0;;;;;;;;;;;;;;;;;;;0.0;0.0;0.0;0.0;0.0;0.0;1;1;1;;0.0;;0.0;;;;0.0;0.0;0.0;0.0;;;;;;0.0;0.0;0.0;0.0;0;0.0;1;0;0;0;0;1;0;0;-1;0;0;0;0;0.0;0;0.0;0.0;0.0;0.0;0.0;0.0;1;1;1;;0.0;;;;;;;;0;0.0;0.0;0.0;0.0;0.0;0.0;0.0;-1;1;1;1;;0.0;;;;;;;;;;;;;0.0;0.0;0.0;0.0;0.0;0.0;0.0;0.0;0.0;0.0;0.0;0.0;1;1
2;pzd9fjek;;0;32;32;bargaining_tdl_survey;FinalResults;2026-05-19 14:13:13.689342;1;;;0.0;;;;;;0;1;ln6s1ftc;;;;;0;bargaining_tdl;0.0;1.0;5;0;0;https://app.prolific.com/submissions/complete?cc=C1HQEIID;2;;0.0;;;;;;;;;;6;0;6;4;4;4;0;0;0;9484.36;871.79;254.89;0.0;0.0;254.89;1;1;1;;0.0;Red;4.0;split_both;split_both;right;9484.36;343.9;28.98;372.88;Both;split_both;split_both;8yqnncnw;8qxgq3ms;0.0;59.69;24.47;24.47;0;0.0;1;0;0;0;0;13;1;1;0;1;1;1;1;1.779.271.877.870.960;2;1.779.271.981.664.070;17.792.717.609.350.600;17.792.719.848.607.500;17.792.720.103.843.300;17.792.717.878.366.500;1.779.272.010.557.900;1;1;2;;0.0;share_both;;;;;;;0;152.69;0.0;0.0;0.0;152.69;9.52;9.52;-1;1;1;2;;0.0;0;45;Economics;20;employee;6;6;7;7;6;7;1.9;79.21;26.74;19.81;41.34;19.93;9.85;22.38;2.34;2.23;1.57;79.21;0.0;1;1
3;5yjs02uz;;0;1;32;bargaining_tdl_intro;Welcome;2026-05-20 07:03:05.027343;1;;;0.0;;;;;;;;ln6s1ftc;;;;;0;bargaining_tdl;0.0;1.0;5;0;0;https://app.prolific.com/submissions/complete?cc=C1HQEIID;3;;0.0;;;;;;;;;;;;;;;;;;;0.0;0.0;0.0;0.0;0.0;0.0;1;1;3;;0.0;;0.0;;;;0.0;0.0;0.0;0.0;;;;;;0.0;0.0;0.0;0.0;0;0.0;1;0;0;0;0;1;0;0;-1;0;0;0;0;0.0;0;0.0;0.0;0.0;0.0;0.0;0.0;1;1;3;;0.0;;;;;;;;0;0.0;0.0;0.0;0.0;0.0;0.0;0.0;-1;1;1;3;;0.0;;;;;;;;;;;;;0.0;0.0;0.0;0.0;0.0;0.0;0.0;0.0;0.0;0.0;0.0;0.0;1;1
4;hsi1vnul;;0;1;32;bargaining_tdl_intro;Welcome;2026-05-20 07:03:19.351216;1;;;0.0;;;;;;;;ln6s1ftc;;;;;0;bargaining_tdl;0.0;1.0;5;0;0;https://app.prolific.com/submissions/complete?cc=C1HQEIID;4;;0.0;;;;;;;;;;;;;;;;;;;0.0;0.0;0.0;0.0;0.0;0.0;1;1;4;;0.0;;0.0;;;;0.0;0.0;0.0;0.0;;;;;;0.0;0.0;0.0;0.0;0;0.0;1;0;0;0;0;1;0;0;-1;0;0;0;0;0.0;0;0.0;0.0;0.0;0.0;0.0;0.0;1;1;4;;0.0;;;;;;;;0;0.0;0.0;0.0;0.0;0.0;0.0;0.0;-1;1;1;4;;0.0;;;;;;;;;;;;;0.0;0.0;0.0;0.0;0.0;0.0;0.0;0.0;0.0;0.0;0.0;0.0;1;1
5;hetqaozn;;0;17;32;bargaining_tdl_main;InactivityGoodbyeMain;2026-05-20 09:44:33.625209;1;;;0.0;;;;;;1;0;ln6s1ftc;;;;;0;bargaining_tdl;0.0;1.0;5;0;0;https://app.prolific.com/submissions/complete?cc=C1HQEIID;5;;0.0;;;;;;;;;;6;0;6;4;4;4;0;0;0;230.4;938.22;155.18;0.0;0.0;155.18;1;1;1;;0.0;Red;6.0;split_you;split_you;left;230.4;133.57;48.41;181.98;Left;split_you;split_other;y229xlov;rhilexuj;0.0;0.0;0.0;48.41;1;17.792.717.587.670.000;0;99;0;0;0;7;1;0;0;1;1;1;1;17.792.718.487.670.000;1;1.779.271.736.431.020;17.792.719.294.743.500;17.792.719.299.724.000;1.779.271.758.238.790;1.779.271.957.175.560;0.0;1;1;5;;0.0;;;;;;;;0;0.0;0.0;0.0;0.0;0.0;0.0;0.0;-1;1;1;5;;0.0;;;;;;;;;;;;;0.0;0.0;0.0;0.0;0.0;0.0;0.0;0.0;0.0;0.0;0.0;0.0;1;1
6;3yhfj8m6;;0;31;32;bargaining_tdl_survey;SurveyTerminated;2026-05-20 09:44:33.884605;1;;;0.0;;;;1;survey_questions_timeout;0;1;ln6s1ftc;;;;;0;bargaining_tdl;0.0;1.0;5;0;0;https://app.prolific.com/submissions/complete?cc=C1HQEIID;6;;0.0;;;;;;;;;;6;0;6;4;4;4;0;0;0;234.25;933.69;236.1;0.0;0.0;236.1;1;1;1;;0.0;Red;6.0;split_other;split_you;right;234.25;302.31;94.22;396.53;Right;split_both;split_you;9d8bae4j;2d8kclta;0.0;34.94;19.81;19.81;1;17.792.717.539.263.200;1;0;0;0;0;15;1;0;0;1;1;1;1;17.792.718.923.959.000;3;1.779.271.987.437.170;17.792.719.818.999.000;17.792.717.765.821.400;17.792.720.085.116.100;17.792.720.104.856.400;17.792.718.018.084.700;1;1;6;;0.0;share_both;;;;;;;0;134.73;0.0;0.0;0.0;134.73;12.26;12.26;-1;1;1;6;;0.0;0;18;N/A;1;employee;;;;;;;;18.88;18.88;18.88;0.0;0.0;0.0;0.0;0.0;0.0;0.0;0.0;0.0;1;1
7;th3i3z1r;;0;8;32;bargaining_tdl_intro;Goodbye;2026-05-20 09:44:34.102554;1;;;0.0;;;;1;intro_control_questions_attempt_1_timeout;;;ln6s1ftc;;;;;0;bargaining_tdl;0.0;1.0;5;0;0;https://app.prolific.com/submissions/complete?cc=C1HQEIID;7;;0.0;;;;;;;;;;6;0;6;4;4;4;0;0;0;3.46;2.83;0.1;0.0;0.0;0.1;1;1;7;;0.0;;0.0;;;;0.0;0.0;0.0;0.0;;;;;;0.0;0.0;0.0;0.0;0;0.0;1;0;0;0;0;1;0;0;-1;0;0;0;0;0.0;0;0.0;0.0;0.0;0.0;0.0;0.0;1;1;7;;0.0;;;;;;;;0;0.0;0.0;0.0;0.0;0.0;0.0;0.0;-1;1;1;7;;0.0;;;;;;;;;;;;;0.0;0.0;0.0;0.0;0.0;0.0;0.0;0.0;0.0;0.0;0.0;0.0;1;1
8;8qxgq3ms;;0;17;32;bargaining_tdl_main;InactivityGoodbyeMain;2026-05-20 09:44:34.109419;1;;;0.0;;;;;;1;0;ln6s1ftc;;;;;0;bargaining_tdl;0.0;1.0;5;0;0;https://app.prolific.com/submissions/complete?cc=C1HQEIID;8;;0.0;;;;;;;;;;6;0;6;4;4;4;0;0;0;996.45;73.3;189.74;0.0;0.0;189.74;1;1;2;;0.0;Green;4.0;split_both;split_both;left;996.45;123.93;26.13;150.06;Right;split_both;split_both;pzd9fjek;8yqnncnw;0.0;0.0;0.0;26.13;1;1.779.271.787.870.960;0;99;0;0;0;13;1;1;0;1;1;1;1;1.779.271.877.870.960;2;1.779.271.981.664.070;17.792.717.609.350.600;17.792.719.848.607.500;17.792.720.103.843.300;17.792.717.878.366.500;1.779.272.010.557.900;1;1;8;;0.0;;;;;;;;0;0.0;0.0;0.0;0.0;0.0;0.0;0.0;-1;1;1;8;;0.0;;;;;;;;;;;;;0.0;0.0;0.0;0.0;0.0;0.0;0.0;0.0;0.0;0.0;0.0;0.0;1;1
9;uk8ee11v;;0;8;32;bargaining_tdl_intro;Goodbye;2026-05-20 09:44:34.490000;1;;;0.0;;;;1;intro_control_questions_attempt_1_timeout;;;ln6s1ftc;;;;;0;bargaining_tdl;0.0;1.0;5;0;0;https://app.prolific.com/submissions/complete?cc=C1HQEIID;9;;0.0;;;;;;;;;;6;0;6;4;4;4;0;0;0;234.81;515.03;299.23;0.0;0.0;299.23;1;1;9;;0.0;;0.0;;;;0.0;0.0;0.0;0.0;;;;;;0.0;0.0;0.0;0.0;0;0.0;1;0;0;0;0;1;0;0;-1;0;0;0;0;0.0;0;0.0;0.0;0.0;0.0;0.0;0.0;1;1;9;;0.0;;;;;;;;0;0.0;0.0;0.0;0.0;0.0;0.0;0.0;-1;1;1;9;;0.0;;;;;;;;;;;;;0.0;0.0;0.0;0.0;0.0;0.0;0.0;0.0;0.0;0.0;0.0;0.0;1;1
10;vlhkphbu;;0;17;32;bargaining_tdl_main;InactivityGoodbyeMain;2026-05-20 09:44:34.597549;1;;;0.0;;;;;;1;0;ln6s1ftc;;;;;0;bargaining_tdl;0.0;1.0;5;0;0;https://app.prolific.com/submissions/complete?cc=C1HQEIID;10;;0.0;;;;;;;;;;6;0;6;4;4;4;0;0;0;7.53;1137.81;37.78;0.0;0.0;37.78;1;1;1;;0.0;Red;4.0;split_both;split_both;left;7.53;229.61;33.88;263.49;Both;split_both;split_both;fujp3a0k;r4smz6e6;0.0;20.07;0.0;20.07;1;17.792.720.433.380.300;0;99;0;0;0;16;1;1;0;1;1;1;1;17.792.721.333.380.300;1;1.779.272.008.628.050;17.792.720.265.652.000;17.792.720.273.040.100;177.927.203.251.137;17.792.720.432.882.000;0.0;1;1;10;;0.0;;;;;;;;0;0.0;0.0;0.0;0.0;0.0;0.0;0.0;-1;1;1;10;;0.0;;;;;;;;;;;;;0.0;0.0;0.0;0.0;0.0;0.0;0.0;0.0;0.0;0.0;0.0;0.0;1;1
11;p647emnw;;0;8;32;bargaining_tdl_intro;Goodbye;2026-05-20 09:44:34.607015;1;;;0.0;;;;1;intro_control_questions_attempt_1_timeout;;;ln6s1ftc;;;;;0;bargaining_tdl;0.0;1.0;5;0;0;https://app.prolific.com/submissions/complete?cc=C1HQEIID;11;;0.0;;;;;;;;;;6;0;6;4;4;4;0;0;0;6.0;75.04;103.39;0.0;0.0;103.39;1;1;11;;0.0;;0.0;;;;0.0;0.0;0.0;0.0;;;;;;0.0;0.0;0.0;0.0;0;0.0;1;0;0;0;0;1;0;0;-1;0;0;0;0;0.0;0;0.0;0.0;0.0;0.0;0.0;0.0;1;1;11;;0.0;;;;;;;;0;0.0;0.0;0.0;0.0;0.0;0.0;0.0;-1;1;1;11;;0.0;;;;;;;;;;;;;0.0;0.0;0.0;0.0;0.0;0.0;0.0;0.0;0.0;0.0;0.0;0.0;1;1
12;bab8wqjo;;0;17;32;bargaining_tdl_main;InactivityGoodbyeMain;2026-05-20 09:44:34.779127;1;;;0.0;;;;;;1;0;ln6s1ftc;;;;;0;bargaining_tdl;0.0;1.0;5;0;0;https://app.prolific.com/submissions/complete?cc=C1HQEIID;12;;0.0;;;;;;;;;;6;0;6;4;4;4;0;0;0;228.49;1024.48;21.43;0.0;0.0;21.43;1;1;1;;0.0;Red;4.0;split_both;split_both;left;228.49;113.92;11.79;12.571.000.000.000.000;Right;split_both;split_both;bueb4u4i;7jq6qxh3;0.0;64.01;0.0;64.01;1;17.792.718.051.942.800;0;99;0;0;0;14;1;1;0;1;1;1;1;17.792.718.951.942.800;1;17.792.717.748.212.300;17.792.718.051.942.500;17.792.718.065.410.300;17.792.718.024.531.300;177.927.183.404.197;17.792.717.843.781.900;1;1;12;;0.0;;;;;;;;0;0.0;0.0;0.0;0.0;0.0;0.0;0.0;-1;1;1;12;;0.0;;;;;;;;;;;;;0.0;0.0;0.0;0.0;0.0;0.0;0.0;0.0;0.0;0.0;0.0;0.0;1;1
13;8ot66gl6;;0;17;32;bargaining_tdl_main;InactivityGoodbyeMain;2026-05-20 09:44:34.923533;1;;;0.0;;;;;;1;0;ln6s1ftc;;;;;0;bargaining_tdl;0.0;1.0;5;0;0;https://app.prolific.com/submissions/complete?cc=C1HQEIID;13;;0.0;;;;;;;;;;6;0;6;4;4;4;0;0;0;5.48;1161.65;154.37;0.0;0.0;154.37;1;1;1;;0.0;Red;4.0;split_you;split_other;;5.48;326.74;298.35;625.09;Both;split_both;split_both;wx1wj6o7;eoo09gqg;0.0;0.0;0.0;298.35;1;1.779.271.967.713.920;0;99;99;0;0;8;1;1;1;1;1;1;1;1.779.272.057.713.920;1;17.792.719.318.558.800;1.779.271.949.730.880;17.792.719.512.987.000;17.792.719.582.470.700;17.792.719.761.572.600;0.0;1;1;13;;0.0;;;;;;;;0;0.0;0.0;0.0;0.0;0.0;0.0;0.0;-1;1;1;13;;0.0;;;;;;;;;;;;;0.0;0.0;0.0;0.0;0.0;0.0;0.0;0.0;0.0;0.0;0.0;0.0;1;1
14;g88j4xg7;;0;8;32;bargaining_tdl_intro;Goodbye;2026-05-20 09:44:35.190795;1;;;0.0;;;;1;intro_control_questions_attempt_1_timeout;;;ln6s1ftc;;;;;0;bargaining_tdl;0.0;1.0;5;0;0;https://app.prolific.com/submissions/complete?cc=C1HQEIID;14;;0.0;;;;;;;;;;4;4;4;4;4;4;0;0;0;10.62;15.31;300.01;0.0;0.0;300.01;1;1;14;;0.0;;0.0;;;;0.0;0.0;0.0;0.0;;;;;;0.0;0.0;0.0;0.0;0;0.0;1;0;0;0;0;1;0;0;-1;0;0;0;0;0.0;0;0.0;0.0;0.0;0.0;0.0;0.0;1;1;14;;0.0;;;;;;;;0;0.0;0.0;0.0;0.0;0.0;0.0;0.0;-1;1;1;14;;0.0;;;;;;;;;;;;;0.0;0.0;0.0;0.0;0.0;0.0;0.0;0.0;0.0;0.0;0.0;0.0;1;1
15;ipnkwh6o;;0;8;32;bargaining_tdl_intro;Goodbye;2026-05-20 09:44:35.225469;1;;;0.0;;;;1;intro_control_questions_attempt_1_timeout;;;ln6s1ftc;;;;;0;bargaining_tdl;0.0;1.0;5;0;0;https://app.prolific.com/submissions/complete?cc=C1HQEIID;15;;0.0;;;;;;;;;;6;0;6;4;4;4;0;0;0;4.36;105.62;300.0;0.0;0.0;300.0;1;1;15;;0.0;;0.0;;;;0.0;0.0;0.0;0.0;;;;;;0.0;0.0;0.0;0.0;0;0.0;1;0;0;0;0;1;0;0;-1;0;0;0;0;0.0;0;0.0;0.0;0.0;0.0;0.0;0.0;1;1;15;;0.0;;;;;;;;0;0.0;0.0;0.0;0.0;0.0;0.0;0.0;-1;1;1;15;;0.0;;;;;;;;;;;;;0.0;0.0;0.0;0.0;0.0;0.0;0.0;0.0;0.0;0.0;0.0;0.0;1;1
16;cnrlo9qf;;0;8;32;bargaining_tdl_intro;Goodbye;2026-05-20 09:44:35.345861;1;;;0.0;;;;1;intro_control_questions_attempt_1_timeout;;;ln6s1ftc;;;;;0;bargaining_tdl;0.0;1.0;5;0;0;https://app.prolific.com/submissions/complete?cc=C1HQEIID;16;;0.0;;;;;;;;;;6;0;6;4;4;4;0;0;0;5.28;143.1;300.01;0.0;0.0;300.01;1;1;16;;0.0;;0.0;;;;0.0;0.0;0.0;0.0;;;;;;0.0;0.0;0.0;0.0;0;0.0;1;0;0;0;0;1;0;0;-1;0;0;0;0;0.0;0;0.0;0.0;0.0;0.0;0.0;0.0;1;1;16;;0.0;;;;;;;;0;0.0;0.0;0.0;0.0;0.0;0.0;0.0;-1;1;1;16;;0.0;;;;;;;;;;;;;0.0;0.0;0.0;0.0;0.0;0.0;0.0;0.0;0.0;0.0;0.0;0.0;1;1
17;1635k3od;;0;17;32;bargaining_tdl_main;InactivityGoodbyeMain;2026-05-20 09:44:35.552977;1;;;0.0;;;;;;1;0;ln6s1ftc;;;;;0;bargaining_tdl;0.0;1.0;5;0;0;https://app.prolific.com/submissions/complete?cc=C1HQEIID;17;;0.0;;;;;;;;;;6;0;6;4;4;4;0;0;0;5.91;1142.05;121.51;0.0;0.0;121.51;1;1;1;;0.0;Red;0.0;split_both;split_both;left;5.91;309.95;24.04;333.99;Right;split_both;split_both;04u70zp4;zq85fk59;0.0;13.53;0.0;13.53;1;17.792.719.473.094.000;0;99;0;0;0;10;0;0;0;1;1;1;1;17.792.720.373.094.000;1;17.792.719.220.993.300;1.779.271.921.018.730;1.779.271.906.179.580;1.779.271.920.296.220;17.792.718.900.547.200;17.792.719.335.462.000;1;1;17;;0.0;;;;;;;;0;0.0;0.0;0.0;0.0;0.0;0.0;0.0;-1;1;1;17;;0.0;;;;;;;;;;;;;0.0;0.0;0.0;0.0;0.0;0.0;0.0;0.0;0.0;0.0;0.0;0.0;1;1
18;ruj0w4xr;;0;8;32;bargaining_tdl_intro;Goodbye;2026-05-20 09:44:35.766621;1;;;0.0;;;;1;intro_control_questions_attempt_1_timeout;;;ln6s1ftc;;;;;0;bargaining_tdl;0.0;1.0;5;0;0;https://app.prolific.com/submissions/complete?cc=C1HQEIID;18;;0.0;;;;;;;;;;6;6;0;4;4;4;0;0;0;68.13;9.65;299.99;0.0;0.0;299.99;1;1;18;;0.0;;0.0;;;;0.0;0.0;0.0;0.0;;;;;;0.0;0.0;0.0;0.0;0;0.0;1;0;0;0;0;1;0;0;-1;0;0;0;0;0.0;0;0.0;0.0;0.0;0.0;0.0;0.0;1;1;18;;0.0;;;;;;;;0;0.0;0.0;0.0;0.0;0.0;0.0;0.0;-1;1;1;18;;0.0;;;;;;;;;;;;;0.0;0.0;0.0;0.0;0.0;0.0;0.0;0.0;0.0;0.0;0.0;0.0;1;1
19;eoo09gqg;;0;17;32;bargaining_tdl_main;InactivityGoodbyeMain;2026-05-20 09:44:35.831776;1;;;0.0;;;;;;0;0;ln6s1ftc;;;;;0;bargaining_tdl;0.0;1.0;5;0;0;https://app.prolific.com/submissions/complete?cc=C1HQEIID;19;;0.0;;;;;;;;;;6;0;6;4;4;4;0;0;0;221.74;883.84;161.69;0.0;0.0;161.69;1;1;2;;0.0;Green;4.0;split_both;split_both;left;221.74;343.02;16.15;35.916.999.999.999.900;Left;split_other;split_both;8ot66gl6;wx1wj6o7;0.0;241.82;0.0;241.82;1;17.792.719.492.122.000;0;99;0;99;0;8;1;1;1;1;1;1;1;1.779.272.057.713.920;1;17.792.719.318.558.800;1.779.271.949.730.880;17.792.719.512.987.000;17.792.719.582.470.700;17.792.719.761.572.600;0.0;1;1;19;;0.0;;;;;;;;0;0.0;0.0;0.0;0.0;0.0;0.0;0.0;-1;1;1;19;;0.0;;;;;;;;;;;;;0.0;0.0;0.0;0.0;0.0;0.0;0.0;0.0;0.0;0.0;0.0;0.0;1;1
20;cw3blg3k;;0;32;32;bargaining_tdl_survey;FinalResults;2026-05-20 09:44:35.905403;1;;;0.0;;;;;;0;1;ln6s1ftc;;;;;0;bargaining_tdl;0.0;1.0;5;0;0;https://app.prolific.com/submissions/complete?cc=C1HQEIID;20;;0.0;;;;;;;;;;6;0;6;4;4;4;0;0;0;230.42;824.91;248.51;0.0;0.0;248.51;1;1;1;;0.0;Red;4.0;split_both;split_both;left;230.42;161.51;68.2;22.970.999.999.999.900;Both;split_both;split_both;2s9nar7d;br25c3xd;0.0;53.43;23.39;23.39;1;17.792.718.006.679.800;1;0;0;0;0;3;1;1;0;1;1;1;0;17.792.718.906.679.800;1;1.779.271.762.548.780;1.779.271.740.122.170;1.779.271.761.533.460;0.0;1.779.271.767.635.560;17.792.717.867.882.200;1;1;20;;0.0;share_both;;;;;;;0;49.33;0.0;0.0;0.0;49.33;10.11;10.11;-1;1;1;20;;0.0;1;50;Psicologia;5;employee;6;1;8;0;7;3;1.1;144.49;10.63;58.45;28.85;21.61;13.37;13.87;21.17;13.48;14.86;144.49;0.0;1;1
21;bgdqryxs;;0;8;32;bargaining_tdl_intro;Goodbye;2026-05-20 09:44:36.942322;1;;;0.0;;;;1;intro_control_questions_attempt_1_timeout;;;ln6s1ftc;;;;;0;bargaining_tdl;0.0;1.0;5;0;0;https://app.prolific.com/submissions/complete?cc=C1HQEIID;21;;0.0;;;;;;;;;;6;0;6;4;4;4;0;0;0;2.96;622.58;622.58;0.0;0.0;622.58;1;1;21;;0.0;;0.0;;;;0.0;0.0;0.0;0.0;;;;;;0.0;0.0;0.0;0.0;0;0.0;1;0;0;0;0;1;0;0;-1;0;0;0;0;0.0;0;0.0;0.0;0.0;0.0;0.0;0.0;1;1;21;;0.0;;;;;;;;0;0.0;0.0;0.0;0.0;0.0;0.0;0.0;-1;1;1;21;;0.0;;;;;;;;;;;;;0.0;0.0;0.0;0.0;0.0;0.0;0.0;0.0;0.0;0.0;0.0;0.0;1;1
22;wx1wj6o7;;0;32;32;bargaining_tdl_survey;FinalResults;2026-05-20 09:44:37.008400;1;;;4.0;;;;;;0;1;ln6s1ftc;;;;;0;bargaining_tdl;0.0;1.0;5;0;0;https://app.prolific.com/submissions/complete?cc=C1HQEIID;22;;0.0;;;;;;;;;;6;0;6;4;4;4;0;0;0;226.5;879.63;161.65;0.0;0.0;161.65;1;1;3;;4.0;Blue;4.0;split_both;split_both;left;226.5;344.14;34.07;378.21;Both;split_both;split_you;eoo09gqg;8ot66gl6;0.0;144.06;8.79;8.79;0;0.0;1;0;0;0;99;8;1;1;1;1;1;1;1;1.779.272.057.713.920;1;17.792.719.318.558.800;1.779.271.949.730.880;17.792.719.512.987.000;17.792.719.582.470.700;17.792.719.761.572.600;0.0;1;1;22;;0.0;share_both;;;;;;;0;15.29;0.0;0.0;0.0;15.29;4.97;4.97;-1;1;1;22;;0.0;0;55;diploma;10;employee;5;5;5;5;5;5;2.0;24.71;4.25;41.87;1.56;11.3;5.83;2.89;2.28;3.48;3.71;24.71;0.0;1;1
23;0j12tjt3;;0;32;32;bargaining_tdl_survey;FinalResults;2026-05-20 09:44:37.588308;1;;;4.0;;;;;;0;1;ln6s1ftc;;;;;0;bargaining_tdl;0.0;1.0;5;0;0;https://app.prolific.com/submissions/complete?cc=C1HQEIID;23;;0.0;;;;;;;;;;6;0;6;4;4;4;0;0;0;228.22;743.17;257.73;0.0;0.0;257.73;1;1;1;;4.0;Red;4.0;split_both;split_both;left;228.22;249.97;126.47;376.44;Both;split_both;split_you;vrt0fjm1;c2ycwfix;0.0;15.33;9.38;9.38;0;0.0;1;0;0;0;0;6;1;1;1;1;1;1;1;17.792.718.088.811.800;3;17.792.718.529.203.600;17.792.718.539.951.200;17.792.717.064.369.600;17.792.718.798.240.100;0.0;0.0;1;1;23;;0.0;share_both;;;;;;;0;10.47;0.0;0.0;0.0;10.47;2.05;2.05;-1;1;1;23;;0.0;0;57; LAUREA ;5;employee;10;6;10;5;10;6;1.5;81.8;4.09;60.09;2.75;34.63;7.38;15.52;23.87;20.3;8.1;81.8;0.0;1;1
24;nf397ou8;;0;32;32;bargaining_tdl_survey;FinalResults;2026-05-20 09:44:37.934623;1;;;6.0;;;;;;0;1;ln6s1ftc;;;;;0;bargaining_tdl;0.0;1.0;5;0;0;https://app.prolific.com/submissions/complete?cc=C1HQEIID;24;;0.0;;;;;;;;;;6;0;6;4;4;4;0;0;0;1.85;1213.26;110.66;0.0;0.0;110.66;1;1;1;;6.0;Red;6.0;split_you;split_other;left;1.85;101.62;17.89;119.51;Left;split_you;split_other;ovyw28qv;5mhp2h2j;0.0;11.98;178.17;178.17;1;17.792.717.096.361.900;1;0;0;0;0;11;1;0;1;1;1;1;0;1.779.271.818.941.460;2;17.792.717.096.361.900;17.792.717.055.578.100;1.779.271.710.878.190;17.792.717.389.581.400;0.0;0.0;1;1;24;;0.0;share_one;;;;;;;0;40.1;0.0;0.0;0.0;40.1;4.09;4.09;-1;1;1;24;;0.0;1;50;legale;4;employee;7;8;9;4;10;7;1.9;30.55;4.61;26.26;2.59;6.62;9.65;5.04;5.74;8.22;6.63;30.55;0.0;1;1
25;luigdojb;;0;8;32;bargaining_tdl_intro;Goodbye;2026-05-20 09:44:39.938616;1;;;0.0;;;;1;intro_control_questions_attempt_1_timeout;;;ln6s1ftc;;;;;0;bargaining_tdl;0.0;1.0;5;0;0;https://app.prolific.com/submissions/complete?cc=C1HQEIID;25;;0.0;;;;;;;;;;6;0;6;4;4;4;0;0;0;10.17;90.72;300.01;0.0;0.0;300.01;1;1;25;;0.0;;0.0;;;;0.0;0.0;0.0;0.0;;;;;;0.0;0.0;0.0;0.0;0;0.0;1;0;0;0;0;1;0;0;-1;0;0;0;0;0.0;0;0.0;0.0;0.0;0.0;0.0;0.0;1;1;25;;0.0;;;;;;;;0;0.0;0.0;0.0;0.0;0.0;0.0;0.0;-1;1;1;25;;0.0;;;;;;;;;;;;;0.0;0.0;0.0;0.0;0.0;0.0;0.0;0.0;0.0;0.0;0.0;0.0;1;1
26;2d8kclta;;0;32;32;bargaining_tdl_survey;FinalResults;2026-05-20 09:44:40.276923;1;;;0.0;;;;;;0;1;ln6s1ftc;;;;;0;bargaining_tdl;0.0;1.0;5;0;0;https://app.prolific.com/submissions/complete?cc=C1HQEIID;26;;0.0;;;;;;;;;;6;0;6;4;4;4;0;0;0;224.81;955.78;194.0;0.0;0.0;194.0;1;1;2;;0.0;Green;6.0;split_you;split_other;left;224.81;296.12;48.79;344.91;Left;split_you;split_both;3yhfj8m6;9d8bae4j;0.0;32.88;20.88;20.88;0;0.0;1;0;0;0;0;15;1;0;0;1;1;1;1;17.792.718.923.959.000;3;1.779.271.987.437.170;17.792.719.818.999.000;17.792.717.765.821.400;17.792.720.085.116.100;17.792.720.104.856.400;17.792.718.018.084.700;1;1;26;;0.0;share_one;;;;;;;0;45.18;0.0;0.0;0.0;45.18;17.81;17.81;-1;1;1;26;;0.0;1;65;umanistico;6;employee;7;6;9;0;8;6;1.1;75.63;21.11;34.56;21.18;24.55;14.2;14.34;18.21;14.24;10.99;75.63;0.0;1;1
27;ff8ef196;;0;32;32;bargaining_tdl_survey;FinalResults;2026-05-20 09:44:40.423546;1;;;0.0;;;;;;0;1;ln6s1ftc;;;;;0;bargaining_tdl;0.0;1.0;5;0;0;https://app.prolific.com/submissions/complete?cc=C1HQEIID;27;;0.0;;;;;;;;;;6;0;6;4;4;4;0;0;0;225.44;890.88;167.4;0.0;0.0;167.4;1;1;1;;0.0;Red;6.0;split_you;split_other;left;225.44;223.94;52.79;276.73;Left;split_you;split_both;jfuhc7aq;g0cbyn29;0.0;26.57;197.81;197.81;1;17.792.718.354.391.700;1;0;0;0;0;12;1;0;0;1;1;1;0;17.792.719.395.969.200;2;17.792.718.357.095.900;17.792.718.366.747.200;17.792.718.173.574.600;17.792.718.613.248.200;0.0;17.792.718.409.346.000;1;1;27;;0.0;share_both;;;;;;;0;210.85;0.0;0.0;0.0;210.85;3.73;3.73;-1;1;1;27;;0.0;1;60;Laurea;4;employee;7;6;9;7;5;6;1.5;53.67;5.03;35.43;2.97;29.7;9.02;11.19;8.43;14.21;6.99;53.67;0.0;1;1
28;syt59cdo;;0;8;32;bargaining_tdl_intro;Goodbye;2026-05-20 09:44:40.478850;1;;;0.0;;;;1;intro_control_questions_attempt_1_timeout;;;ln6s1ftc;;;;;0;bargaining_tdl;0.0;1.0;5;0;0;https://app.prolific.com/submissions/complete?cc=C1HQEIID;28;;0.0;;;;;;;;;;6;0;6;4;4;4;0;0;0;229.32;355.98;355.98;0.0;0.0;355.98;1;1;28;;0.0;;0.0;;;;0.0;0.0;0.0;0.0;;;;;;0.0;0.0;0.0;0.0;0;0.0;1;0;0;0;0;1;0;0;-1;0;0;0;0;0.0;0;0.0;0.0;0.0;0.0;0.0;0.0;1;1;28;;0.0;;;;;;;;0;0.0;0.0;0.0;0.0;0.0;0.0;0.0;-1;1;1;28;;0.0;;;;;;;;;;;;;0.0;0.0;0.0;0.0;0.0;0.0;0.0;0.0;0.0;0.0;0.0;0.0;1;1
29;br25c3xd;;0;32;32;bargaining_tdl_survey;FinalResults;2026-05-20 09:44:40.594337;1;;;0.0;;;;;;0;1;ln6s1ftc;;;;;0;bargaining_tdl;0.0;1.0;5;0;0;https://app.prolific.com/submissions/complete?cc=C1HQEIID;29;;0.0;;;;;;;;;;6;0;6;4;4;4;0;0;0;182.83;847.52;171.26;0.0;0.0;171.26;1;1;2;;0.0;Green;4.0;split_both;split_both;left;182.83;140.13;66.04;20.617.000.000.000.000;Both;split_both;split_both;cw3blg3k;2s9nar7d;0.0;35.46;22.0;22.0;1;17.792.717.400.950.700;1;0;0;0;0;3;1;1;0;1;1;1;0;17.792.718.906.679.800;1;1.779.271.762.548.780;1.779.271.740.122.170;1.779.271.761.533.460;0.0;1.779.271.767.635.560;17.792.717.867.882.200;1;1;29;;0.0;share_both;;;;;;;0;11.8;0.0;0.0;0.0;11.8;1.63;1.63;-1;1;1;29;;0.0;1;58;laurea in lingue + master in comunicazione e media + master in public speaking;2;employee;6;5;10;0;2;5;1.1;21.83;1.71;62.23;5.28;20.9;5.98;5.88;10.65;9.55;4.71;21.83;0.0;1;1
30;7jq6qxh3;;0;32;32;bargaining_tdl_survey;FinalResults;2026-05-20 09:44:40.943052;1;;;0.0;;;;;;0;1;ln6s1ftc;;;;;0;bargaining_tdl;0.0;1.0;5;0;0;https://app.prolific.com/submissions/complete?cc=C1HQEIID;30;;0.0;;;;;;;;;;6;0;6;4;4;4;0;0;0;222.83;939.92;190.62;0.0;0.0;190.62;1;1;2;;0.0;Green;4.0;split_both;split_both;left;222.83;144.82;36.25;181.07;Both;split_both;split_both;bab8wqjo;bueb4u4i;0.0;56.52;226.48;226.48;1;17.792.718.051.202.900;1;0;0;0;0;14;1;1;0;1;1;1;1;17.792.718.951.942.800;1;17.792.717.748.212.300;17.792.718.051.942.500;17.792.718.065.410.300;17.792.718.024.531.300;177.927.183.404.197;17.792.717.843.781.900;1;1;30;;0.0;share_one;;;;;;;0;135.69;0.0;0.0;0.0;135.69;5.39;5.39;-1;1;1;30;;0.0;1;54;laurea scienze giuridiche;3;employee;5;4;7;6;7;6;1.9;61.45;9.91;67.64;18.5;14.41;6.12;5.67;6.28;6.07;5.66;61.45;0.0;1;1
31;j0bllyjy;;0;8;32;bargaining_tdl_intro;Goodbye;2026-05-20 09:44:41.382014;1;;;0.0;;;;1;intro_control_questions_attempt_1_timeout;;;ln6s1ftc;;;;;0;bargaining_tdl;0.0;1.0;5;0;0;https://app.prolific.com/submissions/complete?cc=C1HQEIID;31;;0.0;;;;;;;;;;6;0;6;4;4;4;0;0;0;463.77;4.12;4.12;0.0;0.0;4.12;1;1;31;;0.0;;0.0;;;;0.0;0.0;0.0;0.0;;;;;;0.0;0.0;0.0;0.0;0;0.0;1;0;0;0;0;1;0;0;-1;0;0;0;0;0.0;0;0.0;0.0;0.0;0.0;0.0;0.0;1;1;31;;0.0;;;;;;;;0;0.0;0.0;0.0;0.0;0.0;0.0;0.0;-1;1;1;31;;0.0;;;;;;;;;;;;;0.0;0.0;0.0;0.0;0.0;0.0;0.0;0.0;0.0;0.0;0.0;0.0;1;1
32;zq85fk59;;0;32;32;bargaining_tdl_survey;FinalResults;2026-05-20 09:44:44.689995;1;;;0.0;;;;;;0;1;ln6s1ftc;;;;;0;bargaining_tdl;0.0;1.0;5;0;0;https://app.prolific.com/submissions/complete?cc=C1HQEIID;32;;0.0;;;;;;;;;;6;0;6;4;4;4;0;0;0;223.49;789.1;246.22;0.0;0.0;246.22;1;1;2;;0.0;Green;0.0;split_both;split_both;left;223.49;313.72;30.64;344.36;Both;split_both;split_you;1635k3od;04u70zp4;0.0;30.58;119.37;119.37;1;17.792.719.209.477.800;1;0;0;0;0;10;0;0;0;1;1;1;1;17.792.720.373.094.000;1;17.792.719.220.993.300;1.779.271.921.018.730;1.779.271.906.179.580;1.779.271.920.296.220;17.792.718.900.547.200;17.792.719.335.462.000;1;1;32;;0.0;share_both;;;;;;;0;121.94;0.0;0.0;0.0;121.94;21.89;21.89;-1;1;1;32;;0.0;1;57;Giuridici;4;employee;7;5;10;4;9;5;1.5;46.19;15.98;92.01;37.58;23.76;23.48;11.75;13.18;10.29;22.45;46.19;0.0;1;1
33;v3691z1i;;0;32;32;bargaining_tdl_survey;FinalResults;2026-05-20 09:44:46.020256;1;;;0.0;;;;;;0;1;ln6s1ftc;;;;;0;bargaining_tdl;0.0;1.0;5;0;0;https://app.prolific.com/submissions/complete?cc=C1HQEIID;33;;0.0;;;;;;;;;;6;0;6;4;4;4;0;0;0;207.45;868.38;11.51;0.0;0.0;11.51;1;1;1;;0.0;Red;6.0;split_you;split_other;left;207.45;290.71;31.5;322.21;Left;split_you;split_both;1iernbcq;a1qq1ocd;0.0;15.84;11.31;11.31;1;17.792.717.436.236.900;1;0;0;0;0;2;1;0;0;1;1;1;1;17.792.718.814.689.600;2;17.792.718.901.666.200;1.779.271.732.596.390;17.792.718.892.972.700;1.779.271.910.138.770;17.792.717.600.033.500;17.792.719.166.121.200;1;1;33;;0.0;share_both;;;;;;;0;84.84;0.0;0.0;0.0;84.84;4.69;4.69;-1;1;1;33;;0.0;0;49;communications;5;employee;5;4;10;7;8;6;1.8;49.98;9.87;19.4;200.98;7.69;5.23;9.61;20.69;6.01;4.39;49.98;0.0;1;1
34;npufvtca;;0;8;32;bargaining_tdl_intro;Goodbye;2026-05-20 09:44:47.221285;1;;;0.0;;;;1;intro_control_questions_attempt_1_timeout;;;ln6s1ftc;;;;;0;bargaining_tdl;0.0;1.0;5;0;0;https://app.prolific.com/submissions/complete?cc=C1HQEIID;34;;0.0;;;;;;;;;;6;0;6;4;4;4;0;0;0;31.5;19.1;299.99;0.0;0.0;299.99;1;1;34;;0.0;;0.0;;;;0.0;0.0;0.0;0.0;;;;;;0.0;0.0;0.0;0.0;0;0.0;1;0;0;0;0;1;0;0;-1;0;0;0;0;0.0;0;0.0;0.0;0.0;0.0;0.0;0.0;1;1;34;;0.0;;;;;;;;0;0.0;0.0;0.0;0.0;0.0;0.0;0.0;-1;1;1;34;;0.0;;;;;;;;;;;;;0.0;0.0;0.0;0.0;0.0;0.0;0.0;0.0;0.0;0.0;0.0;0.0;1;1
35;9d8bae4j;;0;17;32;bargaining_tdl_main;InactivityGoodbyeMain;2026-05-20 09:44:47.423342;1;;;0.0;;;;;;1;0;ln6s1ftc;;;;;0;bargaining_tdl;0.0;1.0;5;0;0;https://app.prolific.com/submissions/complete?cc=C1HQEIID;35;;0.0;;;;;;;;;;6;0;6;4;4;4;0;0;0;217.53;1054.24;39.81;0.0;0.0;39.81;1;1;3;;0.0;Blue;0.0;split_both;split_both;left;217.53;89.96;20.36;110.32;Right;split_other;split_other;2d8kclta;3yhfj8m6;0.0;0.0;0.0;20.36;1;17.792.718.023.959.000;0;99;0;0;0;15;1;0;0;1;1;1;1;17.792.718.923.959.000;3;1.779.271.987.437.170;17.792.719.818.999.000;17.792.717.765.821.400;17.792.720.085.116.100;17.792.720.104.856.400;17.792.718.018.084.700;1;1;35;;0.0;;;;;;;;0;0.0;0.0;0.0;0.0;0.0;0.0;0.0;-1;1;1;35;;0.0;;;;;;;;;;;;;0.0;0.0;0.0;0.0;0.0;0.0;0.0;0.0;0.0;0.0;0.0;0.0;1;1
36;oyvufias;;0;31;32;bargaining_tdl_survey;SurveyTerminated;2026-05-20 09:44:47.865579;1;;;0.0;;;;1;survey_questions_timeout;0;1;ln6s1ftc;;;;;0;bargaining_tdl;0.0;1.0;5;0;0;https://app.prolific.com/submissions/complete?cc=C1HQEIID;36;;0.0;;;;;;;;;;6;0;6;4;4;4;0;0;0;217.53;949.97;145.67;0.0;0.0;145.67;1;1;1;;0.0;Red;0.0;split_other;split_other;left;217.53;600.0;106.85;706.85;Right;split_other;split_both;a5pham2n;qjrg1l5b;0.0;56.92;18.82;18.82;0;0.0;1;0;0;0;0;9;0;0;1;1;1;1;1;1.779.272.135.153.310;3;17.792.722.061.562.200;17.792.722.063.840.700;17.792.720.192.051.500;17.792.722.000.763.700;17.792.720.178.859.000;17.792.720.442.273.000;1;1;36;;0.0;share_both;;;;;;;0;50.67;0.0;0.0;0.0;50.67;26.63;26.63;-1;1;1;36;;0.0;0;18;N/A;1;employee;;;;;;;;25.87;25.87;25.87;0.0;0.0;0.0;0.0;0.0;0.0;0.0;0.0;0.0;1;1
37;5mhp2h2j;;0;32;32;bargaining_tdl_survey;FinalResults;2026-05-20 09:44:48.316124;1;;;0.0;;;;;;0;1;ln6s1ftc;;;;;0;bargaining_tdl;0.0;1.0;5;0;0;https://app.prolific.com/submissions/complete?cc=C1HQEIID;37;;0.0;;;;;;;;;;6;0;6;4;4;4;0;0;0;213.65;901.67;160.92;0.0;0.0;160.92;1;1;2;;0.0;Green;0.0;split_other;split_you;left;213.65;97.61;29.14;126.75;Right;split_other;split_other;nf397ou8;ovyw28qv;0.0;15.85;107.8;107.8;1;1.779.271.728.941.460;1;0;0;0;0;11;1;0;1;1;1;1;0;1.779.271.818.941.460;2;17.792.717.096.361.900;17.792.717.055.578.100;1.779.271.710.878.190;17.792.717.389.581.400;0.0;0.0;1;1;37;;0.0;share_both;;;;;;;0;327.43;0.0;0.0;0.0;327.43;3.44;3.44;-1;1;1;37;;0.0;1;42;Communication Studies;6;employee;7;4;8;2;7;3;1.8;28.15;7.14;91.68;10.94;58.34;9.9;6.29;17.15;11.42;5.92;28.15;0.0;1;1
38;a1qq1ocd;;0;17;32;bargaining_tdl_main;InactivityGoodbyeMain;2026-05-20 09:44:48.616692;1;;;0.0;;;;;;1;0;ln6s1ftc;;;;;0;bargaining_tdl;0.0;1.0;5;0;0;https://app.prolific.com/submissions/complete?cc=C1HQEIID;38;;0.0;;;;;;;;;;6;0;6;4;4;4;0;0;0;219.46;703.87;21.92;0.0;0.0;21.92;1;1;2;;0.0;Green;0.0;split_both;split_both;left;219.46;136.85;23.79;160.64;Right;split_other;split_both;v3691z1i;1iernbcq;0.0;0.0;0.0;23.79;1;17.792.717.914.689.600;0;99;0;0;0;2;1;0;0;1;1;1;1;17.792.718.814.689.600;2;17.792.718.901.666.200;1.779.271.732.596.390;17.792.718.892.972.700;1.779.271.910.138.770;17.792.717.600.033.500;17.792.719.166.121.200;1;1;38;;0.0;;;;;;;;0;0.0;0.0;0.0;0.0;0.0;0.0;0.0;-1;1;1;38;;0.0;;;;;;;;;;;;;0.0;0.0;0.0;0.0;0.0;0.0;0.0;0.0;0.0;0.0;0.0;0.0;1;1
39;8yqnncnw;;0;32;32;bargaining_tdl_survey;FinalResults;2026-05-20 09:44:51.065328;1;;;0.0;;;;;;0;1;ln6s1ftc;;;;;0;bargaining_tdl;0.0;1.0;5;0;0;https://app.prolific.com/submissions/complete?cc=C1HQEIID;39;;0.0;;;;;;;;;;6;0;6;4;4;4;0;0;0;215.19;932.25;171.11;0.0;0.0;171.11;1;1;3;;0.0;Blue;4.0;split_both;split_both;left;215.19;348.48;44.53;393.01;Both;split_both;split_both;8qxgq3ms;pzd9fjek;0.0;50.02;65.47;65.47;0;0.0;1;0;0;0;0;13;1;1;0;1;1;1;1;1.779.271.877.870.960;2;1.779.271.981.664.070;17.792.717.609.350.600;17.792.719.848.607.500;17.792.720.103.843.300;17.792.717.878.366.500;1.779.272.010.557.900;1;1;39;;0.0;share_both;;;;;;;0;108.5;0.0;0.0;0.0;108.5;4.99;4.99;-1;1;1;39;;0.0;1;34;Laurea magistrale in giurisprudenza ;6;employee;8;3;10;5;8;4;1.1;77.15;5.42;47.03;26.34;10.8;14.06;5.25;17.84;13.04;13.29;77.15;0.0;1;1
40;ej0v67fc;;0;2;32;bargaining_tdl_intro;InstructionsPart1;2026-05-20 09:44:51.654920;1;;;0.0;;;;;;;;ln6s1ftc;;;;;0;bargaining_tdl;0.0;1.0;5;0;0;https://app.prolific.com/submissions/complete?cc=C1HQEIID;40;;0.0;;;;;;;;;;;;;;;;;;;216.42;0.0;0.0;0.0;0.0;216.42;1;1;40;;0.0;;0.0;;;;0.0;0.0;0.0;0.0;;;;;;0.0;0.0;0.0;0.0;0;0.0;1;0;0;0;0;1;0;0;-1;0;0;0;0;0.0;0;0.0;0.0;0.0;0.0;0.0;0.0;1;1;40;;0.0;;;;;;;;0;0.0;0.0;0.0;0.0;0.0;0.0;0.0;-1;1;1;40;;0.0;;;;;;;;;;;;;0.0;0.0;0.0;0.0;0.0;0.0;0.0;0.0;0.0;0.0;0.0;0.0;1;1
41;brln0ee7;;0;32;32;bargaining_tdl_survey;FinalResults;2026-05-20 09:44:52.342691;1;;;4.0;;;;;;0;1;ln6s1ftc;;;;;0;bargaining_tdl;0.0;1.0;5;0;0;https://app.prolific.com/submissions/complete?cc=C1HQEIID;41;;0.0;;;;;;;;;;6;0;6;4;4;4;0;0;0;211.8;923.4;158.34;0.0;0.0;158.34;1;1;1;;4.0;Red;4.0;split_both;split_both;left;211.8;258.92;29.47;288.39;Both;split_both;split_both;y3atyre1;gn5d8gey;0.0;25.17;10.48;10.48;0;0.0;1;0;0;0;0;4;1;1;1;1;1;1;0;177.927.195.459.643;3;17.792.718.653.547.900;17.792.718.645.963.800;1.779.271.797.158.920;0.0;17.792.718.923.301.500;17.792.718.213.759.600;1;1;41;;0.0;share_both;;;;;;;0;21.13;0.0;0.0;0.0;21.13;6.05;6.05;-1;1;1;41;;0.0;1;58;amministrativo;1;employee;7;6;3;0;6;7;1.1;26.52;4.7;29.03;17.51;10.77;8.03;7.62;8.26;6.02;6.59;26.52;0.0;1;1
42;b0grdl60;;0;8;32;bargaining_tdl_intro;Goodbye;2026-05-20 09:44:54.903991;1;;;0.0;;;;1;intro_control_questions_attempt_1_timeout;;;ln6s1ftc;;;;;0;bargaining_tdl;0.0;1.0;5;0;0;https://app.prolific.com/submissions/complete?cc=C1HQEIID;42;;0.0;;;;;;;;;;6;0;6;4;4;4;0;0;0;14.92;7.36;0.51;0.0;0.0;0.51;1;1;42;;0.0;;0.0;;;;0.0;0.0;0.0;0.0;;;;;;0.0;0.0;0.0;0.0;0;0.0;1;0;0;0;0;1;0;0;-1;0;0;0;0;0.0;0;0.0;0.0;0.0;0.0;0.0;0.0;1;1;42;;0.0;;;;;;;;0;0.0;0.0;0.0;0.0;0.0;0.0;0.0;-1;1;1;42;;0.0;;;;;;;;;;;;;0.0;0.0;0.0;0.0;0.0;0.0;0.0;0.0;0.0;0.0;0.0;0.0;1;1
43;1iernbcq;;0;32;32;bargaining_tdl_survey;FinalResults;2026-05-20 09:44:55.262502;1;;;0.0;;;;;;0;1;ln6s1ftc;;;;;0;bargaining_tdl;0.0;1.0;5;0;0;https://app.prolific.com/submissions/complete?cc=C1HQEIID;43;;0.0;;;;;;;;;;6;0;6;4;4;4;0;0;0;43.68;1016.7;155.16;0.0;0.0;155.16;1;1;3;;0.0;Blue;6.0;split_both;split_you;right;43.68;291.95;37.16;329.11;Right;split_both;split_you;a1qq1ocd;v3691z1i;0.0;23.32;71.59;71.59;0;0.0;1;0;0;0;0;2;1;0;0;1;1;1;1;17.792.718.814.689.600;2;17.792.718.901.666.200;1.779.271.732.596.390;17.792.718.892.972.700;1.779.271.910.138.770;17.792.717.600.033.500;17.792.719.166.121.200;1;1;43;;0.0;share_both;;;;;;;0;302.42;0.0;0.0;0.0;302.42;4.51;4.51;-1;1;1;43;;0.0;0;40;Scienze giuridiche;2;employer;8;8;10;2;10;8;1.1;41.25;4.09;35.08;5.66;9.54;6.23;3.23;5.96;4.96;5.66;41.25;0.0;1;1
44;42qfsjt7;;0;8;32;bargaining_tdl_intro;Goodbye;2026-05-20 09:44:56.324539;1;;;0.0;;;;1;intro_control_questions_attempt_1_timeout;;;ln6s1ftc;;;;;0;bargaining_tdl;0.0;1.0;5;0;0;https://app.prolific.com/submissions/complete?cc=C1HQEIID;44;;0.0;;;;;;;;;;6;0;6;4;4;4;0;0;0;70.3;927.22;195.5;0.0;0.0;195.5;1;1;44;;0.0;;0.0;;;;0.0;0.0;0.0;0.0;;;;;;0.0;0.0;0.0;0.0;0;0.0;1;0;0;0;0;1;0;0;-1;0;0;0;0;0.0;0;0.0;0.0;0.0;0.0;0.0;0.0;1;1;44;;0.0;;;;;;;;0;0.0;0.0;0.0;0.0;0.0;0.0;0.0;-1;1;1;44;;0.0;;;;;;;;;;;;;0.0;0.0;0.0;0.0;0.0;0.0;0.0;0.0;0.0;0.0;0.0;0.0;1;1
45;ceo5vj9y;;0;8;32;bargaining_tdl_intro;Goodbye;2026-05-20 09:44:56.484947;1;;;0.0;;;;1;intro_control_questions_attempt_1_timeout;;;ln6s1ftc;;;;;0;bargaining_tdl;0.0;1.0;5;0;0;https://app.prolific.com/submissions/complete?cc=C1HQEIID;45;;0.0;;;;;;;;;;6;0;6;4;4;4;0;0;0;1.53;55.45;55.45;0.0;0.0;55.45;1;1;45;;0.0;;0.0;;;;0.0;0.0;0.0;0.0;;;;;;0.0;0.0;0.0;0.0;0;0.0;1;0;0;0;0;1;0;0;-1;0;0;0;0;0.0;0;0.0;0.0;0.0;0.0;0.0;0.0;1;1;45;;0.0;;;;;;;;0;0.0;0.0;0.0;0.0;0.0;0.0;0.0;-1;1;1;45;;0.0;;;;;;;;;;;;;0.0;0.0;0.0;0.0;0.0;0.0;0.0;0.0;0.0;0.0;0.0;0.0;1;1
46;gu64xxh4;;0;2;32;bargaining_tdl_intro;InstructionsPart1;2026-05-20 09:44:57.550894;1;;;0.0;;;;;;;;ln6s1ftc;;;;;0;bargaining_tdl;0.0;1.0;5;0;0;https://app.prolific.com/submissions/complete?cc=C1HQEIID;46;;0.0;;;;;;;;;;;;;;;;;;;3.53;0.0;0.0;0.0;0.0;3.53;1;1;46;;0.0;;0.0;;;;0.0;0.0;0.0;0.0;;;;;;0.0;0.0;0.0;0.0;0;0.0;1;0;0;0;0;1;0;0;-1;0;0;0;0;0.0;0;0.0;0.0;0.0;0.0;0.0;0.0;1;1;46;;0.0;;;;;;;;0;0.0;0.0;0.0;0.0;0.0;0.0;0.0;-1;1;1;46;;0.0;;;;;;;;;;;;;0.0;0.0;0.0;0.0;0.0;0.0;0.0;0.0;0.0;0.0;0.0;0.0;1;1
47;t46ocgdg;;0;8;32;bargaining_tdl_intro;Goodbye;2026-05-20 09:44:58.228935;1;;;0.0;;;;;;;;ln6s1ftc;;;;;0;bargaining_tdl;0.0;1.0;5;0;0;https://app.prolific.com/submissions/complete?cc=C1HQEIID;47;;0.0;;;;;;;;;;0;4;4;4;4;4;0;4;4;14.76;997.46;24.63;0.0;0.0;24.63;1;1;47;;0.0;;0.0;;;;0.0;0.0;0.0;0.0;;;;;;0.0;0.0;0.0;0.0;0;0.0;1;0;0;0;0;1;0;0;-1;0;0;0;0;0.0;0;0.0;0.0;0.0;0.0;0.0;0.0;1;1;47;;0.0;;;;;;;;0;0.0;0.0;0.0;0.0;0.0;0.0;0.0;-1;1;1;47;;0.0;;;;;;;;;;;;;0.0;0.0;0.0;0.0;0.0;0.0;0.0;0.0;0.0;0.0;0.0;0.0;1;1
48;c2ycwfix;;0;32;32;bargaining_tdl_survey;FinalResults;2026-05-20 09:44:59.283669;1;;;4.0;;;;;;0;1;ln6s1ftc;;;;;0;bargaining_tdl;0.0;1.0;5;0;0;https://app.prolific.com/submissions/complete?cc=C1HQEIID;48;;0.0;;;;;;;;;;6;0;6;4;4;4;0;0;0;232.08;613.15;89.97;0.0;0.0;89.97;1;1;2;;4.0;Green;4.0;split_you;split_you;left;232.08;226.1;33.34;259.44;Both;split_both;split_both;0j12tjt3;vrt0fjm1;0.0;38.59;24.0;24.0;1;17.792.716.849.121.100;1;0;0;0;0;6;1;1;1;1;1;1;1;17.792.718.088.811.800;3;17.792.718.529.203.600;17.792.718.539.951.200;17.792.717.064.369.600;17.792.718.798.240.100;0.0;0.0;1;1;48;;0.0;share_both;;;;;;;0;27.71;0.0;0.0;0.0;27.71;6.02;6.02;-1;1;1;48;;0.0;1;50;sociology;2;employee;8;5;9;6;8;6;1.2;82.51;12.65;45.77;27.78;13.77;8.59;13.15;14.28;7.07;7.94;82.51;0.0;1;1
49;tj95w8dv;;0;17;32;bargaining_tdl_main;InactivityGoodbyeMain;2026-05-20 09:45:04.091696;1;;;0.0;;;;;;1;0;ln6s1ftc;;;;;0;bargaining_tdl;0.0;1.0;5;0;0;https://app.prolific.com/submissions/complete?cc=C1HQEIID;49;;0.0;;;;;;;;;;6;0;6;4;4;4;0;0;0;200.77;943.29;141.14;0.0;0.0;141.14;1;1;1;;0.0;Red;4.0;split_both;split_other;;200.77;0.0;0.0;0.0;Both;split_other;split_you;73thvczv;ykrt3sc2;0.0;0.0;0.0;0.0;1;17.792.716.126.769.700;0;99;99;0;0;5;1;1;1;1;1;1;1;17.792.717.026.769.700;1;17.792.716.002.043.600;17.792.718.217.075.200;17.792.718.208.455.100;0.0;0.0;1.779.271.847.160.370;1;1;49;;0.0;;;;;;;;0;0.0;0.0;0.0;0.0;0.0;0.0;0.0;-1;1;1;49;;0.0;;;;;;;;;;;;;0.0;0.0;0.0;0.0;0.0;0.0;0.0;0.0;0.0;0.0;0.0;0.0;1;1
50;8o1f2cjs;;0;8;32;bargaining_tdl_intro;Goodbye;2026-05-20 09:45:10.958998;1;;;0.0;;;;1;intro_control_questions_attempt_1_timeout;;;ln6s1ftc;;;;;0;bargaining_tdl;0.0;1.0;5;0;0;https://app.prolific.com/submissions/complete?cc=C1HQEIID;50;;0.0;;;;;;;;;;6;0;4;0;4;6;4;4;4;5.79;3.58;52.49;0.0;0.0;52.49;1;1;50;;0.0;;0.0;;;;0.0;0.0;0.0;0.0;;;;;;0.0;0.0;0.0;0.0;0;0.0;1;0;0;0;0;1;0;0;-1;0;0;0;0;0.0;0;0.0;0.0;0.0;0.0;0.0;0.0;1;1;50;;0.0;;;;;;;;0;0.0;0.0;0.0;0.0;0.0;0.0;0.0;-1;1;1;50;;0.0;;;;;;;;;;;;;0.0;0.0;0.0;0.0;0.0;0.0;0.0;0.0;0.0;0.0;0.0;0.0;1;1
51;ykrt3sc2;;0;31;32;bargaining_tdl_survey;SurveyTerminated;2026-05-20 09:45:12.320714;1;;;4.0;;;;1;survey_page7_timeout;0;1;ln6s1ftc;;;;;0;bargaining_tdl;0.0;1.0;5;0;0;https://app.prolific.com/submissions/complete?cc=C1HQEIID;51;;0.0;;;;;;;;;;6;0;6;4;4;4;0;0;0;8.72;753.54;232.59;0.0;0.0;232.59;1;1;2;;4.0;Green;4.0;split_you;split_you;left;8.72;218.0;24.22;242.22;Both;split_other;split_you;tj95w8dv;73thvczv;0.0;63.42;3.45;3.45;0;0.0;1;0;0;99;0;5;1;1;1;1;1;1;1;17.792.717.026.769.700;1;17.792.716.002.043.600;17.792.718.217.075.200;17.792.718.208.455.100;0.0;0.0;1.779.271.847.160.370;1;1;51;;0.0;share_both;;;;;;;0;5.61;0.0;0.0;0.0;5.61;1.45;1.45;-1;1;1;51;;0.0;0;40;Jbuh;20;employee;10;10;10;0;;;;180.0;1.68;45.08;4.62;5.45;4.86;6.42;180.0;0.0;0.0;0.0;0.0;1;1
52;73thvczv;;0;32;32;bargaining_tdl_survey;FinalResults;2026-05-20 09:45:14.878776;1;;;4.0;;;;;;0;1;ln6s1ftc;;;;;0;bargaining_tdl;0.0;1.0;5;0;0;https://app.prolific.com/submissions/complete?cc=C1HQEIID;52;;0.0;;;;;;;;;;6;0;6;4;4;4;0;0;0;188.61;257.8;146.12;0.0;0.0;146.12;1;1;3;;4.0;Blue;4.0;split_you;split_other;left;188.61;219.63;41.52;261.15;Left;split_you;split_both;ykrt3sc2;tj95w8dv;0.0;45.77;14.87;14.87;0;0.0;1;0;0;0;99;5;1;1;1;1;1;1;1;17.792.717.026.769.700;1;17.792.716.002.043.600;17.792.718.217.075.200;17.792.718.208.455.100;0.0;0.0;1.779.271.847.160.370;1;1;52;;0.0;share_both;;;;;;;0;105.13;0.0;0.0;0.0;105.13;11.44;11.44;-1;1;1;52;;0.0;1;49;Diploma ;2;employee;8;7;10;0;8;5;1.3;88.82;16.37;30.82;48.88;18.83;13.13;11.64;11.14;18.97;15.72;88.82;0.0;1;1
53;g0cbyn29;;0;32;32;bargaining_tdl_survey;FinalResults;2026-05-20 09:45:21.214572;1;;;0.0;;;;;;0;1;ln6s1ftc;;;;;0;bargaining_tdl;0.0;1.0;5;0;0;https://app.prolific.com/submissions/complete?cc=C1HQEIID;53;;0.0;;;;;;;;;;6;0;6;4;4;4;0;0;0;170.34;774.38;260.26;0.0;0.0;260.26;1;1;2;;0.0;Green;0.0;split_both;split_both;left;170.34;182.84;34.41;217.25;Both;split_other;split_other;ff8ef196;jfuhc7aq;0.0;42.82;18.56;18.56;1;17.792.718.495.969.200;1;0;0;0;0;12;1;0;0;1;1;1;0;17.792.719.395.969.200;2;17.792.718.357.095.900;17.792.718.366.747.200;17.792.718.173.574.600;17.792.718.613.248.200;0.0;17.792.718.409.346.000;1;1;53;;0.0;share_both;;;;;;;0;14.96;0.0;0.0;0.0;14.96;7.89;7.89;-1;1;1;53;;0.0;0;50;laurea;1;employee;8;7;5;6;5;6;1.9;28.93;5.98;32.49;316.52;46.45;69.67;6.19;5.02;2.48;20.25;28.93;0.0;1;1
54;7lzfnhce;;0;8;32;bargaining_tdl_intro;Goodbye;2026-05-20 09:45:25.324933;1;;;0.0;;;;1;intro_control_questions_attempt_3_timeout;;;ln6s1ftc;;;;;0;bargaining_tdl;0.0;1.0;5;0;0;https://app.prolific.com/submissions/complete?cc=C1HQEIID;54;;0.0;;;;;;;;;;6;0;6;4;4;4;0;0;0;430.73;21.6;32.92;0.0;0.0;32.92;1;1;54;;0.0;;0.0;;;;0.0;0.0;0.0;0.0;;;;;;0.0;0.0;0.0;0.0;0;0.0;1;0;0;0;0;1;0;0;-1;0;0;0;0;0.0;0;0.0;0.0;0.0;0.0;0.0;0.0;1;1;54;;0.0;;;;;;;;0;0.0;0.0;0.0;0.0;0.0;0.0;0.0;-1;1;1;54;;0.0;;;;;;;;;;;;;0.0;0.0;0.0;0.0;0.0;0.0;0.0;0.0;0.0;0.0;0.0;0.0;1;1
55;jfuhc7aq;;0;32;32;bargaining_tdl_survey;FinalResults;2026-05-20 09:45:35.227111;1;;;0.0;;;;;;0;1;ln6s1ftc;;;;;0;bargaining_tdl;0.0;1.0;5;0;0;https://app.prolific.com/submissions/complete?cc=C1HQEIID;55;;0.0;;;;;;;;;;6;0;6;4;4;4;0;0;0;2.71;1022.95;163.8;0.0;0.0;163.8;1;1;3;;0.0;Blue;6.0;split_other;split_you;right;2.71;204.57;30.72;235.29;Right;split_both;split_you;g0cbyn29;ff8ef196;0.0;24.7;215.51;215.51;1;17.792.718.169.293.800;1;0;0;0;0;12;1;0;0;1;1;1;0;17.792.719.395.969.200;2;17.792.718.357.095.900;17.792.718.366.747.200;17.792.718.173.574.600;17.792.718.613.248.200;0.0;17.792.718.409.346.000;1;1;55;;0.0;share_one;;;;;;;0;83.38;0.0;0.0;0.0;83.38;7.56;7.56;-1;1;1;55;;0.0;1;36;-;2;employee;5;5;5;5;5;5;1.1;65.5;7.22;104.48;2.57;4.16;1.44;1.66;1.71;1.35;1.36;65.5;0.0;1;1
56;fy3gz7fe;;0;8;32;bargaining_tdl_intro;Goodbye;2026-05-20 09:46:06.928449;1;;;0.0;;;;1;intro_control_questions_attempt_1_timeout;;;ln6s1ftc;;;;;0;bargaining_tdl;0.0;1.0;5;0;0;https://app.prolific.com/submissions/complete?cc=C1HQEIID;56;;0.0;;;;;;;;;;6;4;6;0;4;6;4;4;0;1.84;103.33;300.36;0.0;0.0;300.36;1;1;56;;0.0;;0.0;;;;0.0;0.0;0.0;0.0;;;;;;0.0;0.0;0.0;0.0;0;0.0;1;0;0;0;0;1;0;0;-1;0;0;0;0;0.0;0;0.0;0.0;0.0;0.0;0.0;0.0;1;1;56;;0.0;;;;;;;;0;0.0;0.0;0.0;0.0;0.0;0.0;0.0;-1;1;1;56;;0.0;;;;;;;;;;;;;0.0;0.0;0.0;0.0;0.0;0.0;0.0;0.0;0.0;0.0;0.0;0.0;1;1
57;tsn3s94h;;0;8;32;bargaining_tdl_intro;Goodbye;2026-05-20 09:46:08.539832;1;;;0.0;;;;1;intro_control_questions_attempt_1_timeout;;;ln6s1ftc;;;;;0;bargaining_tdl;0.0;1.0;5;0;0;https://app.prolific.com/submissions/complete?cc=C1HQEIID;57;;0.0;;;;;;;;;;6;0;6;4;4;4;0;0;0;5.2;10.53;270.62;0.0;0.0;270.62;1;1;57;;0.0;;0.0;;;;0.0;0.0;0.0;0.0;;;;;;0.0;0.0;0.0;0.0;0;0.0;1;0;0;0;0;1;0;0;-1;0;0;0;0;0.0;0;0.0;0.0;0.0;0.0;0.0;0.0;1;1;57;;0.0;;;;;;;;0;0.0;0.0;0.0;0.0;0.0;0.0;0.0;-1;1;1;57;;0.0;;;;;;;;;;;;;0.0;0.0;0.0;0.0;0.0;0.0;0.0;0.0;0.0;0.0;0.0;0.0;1;1
58;8l4z75ui;;0;2;32;bargaining_tdl_intro;InstructionsPart1;2026-05-20 09:46:08.881760;1;;;0.0;;;;;;;;ln6s1ftc;;;;;0;bargaining_tdl;0.0;1.0;5;0;0;https://app.prolific.com/submissions/complete?cc=C1HQEIID;58;;0.0;;;;;;;;;;;;;;;;;;;7.87;0.0;0.0;0.0;0.0;7.87;1;1;58;;0.0;;0.0;;;;0.0;0.0;0.0;0.0;;;;;;0.0;0.0;0.0;0.0;0;0.0;1;0;0;0;0;1;0;0;-1;0;0;0;0;0.0;0;0.0;0.0;0.0;0.0;0.0;0.0;1;1;58;;0.0;;;;;;;;0;0.0;0.0;0.0;0.0;0.0;0.0;0.0;-1;1;1;58;;0.0;;;;;;;;;;;;;0.0;0.0;0.0;0.0;0.0;0.0;0.0;0.0;0.0;0.0;0.0;0.0;1;1
59;z7kelgka;;0;9;32;bargaining_tdl_main;GroupingAfterControlQuestions;2026-05-20 09:46:10.305918;1;;;0.0;;;;;;;;ln6s1ftc;;;;;0;bargaining_tdl;0.0;1.0;5;0;0;https://app.prolific.com/submissions/complete?cc=C1HQEIID;59;;0.0;;;;;;;;;;6;0;6;4;4;4;0;0;0;2.63;3.6;253.8;0.0;0.0;253.8;1;1;59;;0.0;;0.0;;;;0.0;0.0;0.0;0.0;;;;;;0.0;0.0;0.0;0.0;0;0.0;1;0;0;0;0;1;0;0;-1;0;0;0;0;0.0;0;0.0;0.0;0.0;0.0;0.0;0.0;1;1;59;;0.0;;;;;;;;0;0.0;0.0;0.0;0.0;0.0;0.0;0.0;-1;1;1;59;;0.0;;;;;;;;;;;;;0.0;0.0;0.0;0.0;0.0;0.0;0.0;0.0;0.0;0.0;0.0;0.0;1;1
60;2yfm8ps3;;0;8;32;bargaining_tdl_intro;Goodbye;2026-05-20 09:46:21.164250;1;;;0.0;;;;;;;;ln6s1ftc;;;;;0;bargaining_tdl;0.0;1.0;5;0;0;https://app.prolific.com/submissions/complete?cc=C1HQEIID;60;;0.0;;;;;;;;;;6;0;6;4;4;4;0;6;6;3.26;10.09;112.3;0.0;0.0;112.3;1;1;60;;0.0;;0.0;;;;0.0;0.0;0.0;0.0;;;;;;0.0;0.0;0.0;0.0;0;0.0;1;0;0;0;0;1;0;0;-1;0;0;0;0;0.0;0;0.0;0.0;0.0;0.0;0.0;0.0;1;1;60;;0.0;;;;;;;;0;0.0;0.0;0.0;0.0;0.0;0.0;0.0;-1;1;1;60;;0.0;;;;;;;;;;;;;0.0;0.0;0.0;0.0;0.0;0.0;0.0;0.0;0.0;0.0;0.0;0.0;1;1
61;hy3jezzh;;0;8;32;bargaining_tdl_intro;Goodbye;2026-05-20 09:46:30.446528;1;;;0.0;;;;1;intro_control_questions_attempt_1_timeout;;;ln6s1ftc;;;;;0;bargaining_tdl;0.0;1.0;5;0;0;https://app.prolific.com/submissions/complete?cc=C1HQEIID;61;;0.0;;;;;;;;;;0;0;0;4;4;4;0;0;0;2.52;930.78;295.57;0.0;0.0;295.57;1;1;61;;0.0;;0.0;;;;0.0;0.0;0.0;0.0;;;;;;0.0;0.0;0.0;0.0;0;0.0;1;0;0;0;0;1;0;0;-1;0;0;0;0;0.0;0;0.0;0.0;0.0;0.0;0.0;0.0;1;1;61;;0.0;;;;;;;;0;0.0;0.0;0.0;0.0;0.0;0.0;0.0;-1;1;1;61;;0.0;;;;;;;;;;;;;0.0;0.0;0.0;0.0;0.0;0.0;0.0;0.0;0.0;0.0;0.0;0.0;1;1
62;1zer1fyy;;0;8;32;bargaining_tdl_intro;Goodbye;2026-05-20 09:48:21.896656;1;;;0.0;;;;1;intro_control_questions_attempt_1_timeout;;;ln6s1ftc;;;;;0;bargaining_tdl;0.0;1.0;5;0;0;https://app.prolific.com/submissions/complete?cc=C1HQEIID;62;;0.0;;;;;;;;;;6;6;6;4;4;4;0;0;0;36.6;61.89;0.1;0.0;0.0;0.1;1;1;62;;0.0;;0.0;;;;0.0;0.0;0.0;0.0;;;;;;0.0;0.0;0.0;0.0;0;0.0;1;0;0;0;0;1;0;0;-1;0;0;0;0;0.0;0;0.0;0.0;0.0;0.0;0.0;0.0;1;1;62;;0.0;;;;;;;;0;0.0;0.0;0.0;0.0;0.0;0.0;0.0;-1;1;1;62;;0.0;;;;;;;;;;;;;0.0;0.0;0.0;0.0;0.0;0.0;0.0;0.0;0.0;0.0;0.0;0.0;1;1
63;s9s0kj4k;;0;2;32;bargaining_tdl_intro;InstructionsPart1;2026-05-20 09:48:38.733649;1;;;0.0;;;;;;;;ln6s1ftc;;;;;0;bargaining_tdl;0.0;1.0;5;0;0;https://app.prolific.com/submissions/complete?cc=C1HQEIID;63;;0.0;;;;;;;;;;;;;;;;;;;4.06;0.0;0.0;0.0;0.0;4.06;1;1;63;;0.0;;0.0;;;;0.0;0.0;0.0;0.0;;;;;;0.0;0.0;0.0;0.0;0;0.0;1;0;0;0;0;1;0;0;-1;0;0;0;0;0.0;0;0.0;0.0;0.0;0.0;0.0;0.0;1;1;63;;0.0;;;;;;;;0;0.0;0.0;0.0;0.0;0.0;0.0;0.0;-1;1;1;63;;0.0;;;;;;;;;;;;;0.0;0.0;0.0;0.0;0.0;0.0;0.0;0.0;0.0;0.0;0.0;0.0;1;1
64;gn5d8gey;;0;32;32;bargaining_tdl_survey;FinalResults;2026-05-20 09:48:43.400170;1;;;4.0;;;;;;0;1;ln6s1ftc;;;;;0;bargaining_tdl;0.0;1.0;5;0;0;https://app.prolific.com/submissions/complete?cc=C1HQEIID;64;;0.0;;;;;;;;;;6;0;6;4;4;4;0;0;0;1.91;888.48;104.89;0.0;0.0;104.89;1;1;2;;4.0;Green;4.0;split_both;split_both;left;1.91;262.1;48.16;310.26;Both;split_both;split_both;brln0ee7;y3atyre1;0.0;24.32;45.22;45.22;1;17.792.718.645.039.500;1;0;0;0;0;4;1;1;1;1;1;1;0;177.927.195.459.643;3;17.792.718.653.547.900;17.792.718.645.963.800;1.779.271.797.158.920;0.0;17.792.718.923.301.500;17.792.718.213.759.600;1;1;64;;0.0;share_both;;;;;;;0;36.53;0.0;0.0;0.0;36.53;14.06;14.06;-1;1;1;64;;0.0;1;64;laurea;3;employee;8;3;10;4;1;4;2.0;50.53;1.73;34.32;24.64;20.62;33.37;17.96;22.28;21.94;18.73;50.53;0.0;1;1
65;rhilexuj;;0;32;32;bargaining_tdl_survey;FinalResults;2026-05-20 09:49:13.685643;1;;;0.0;;;;;;0;1;ln6s1ftc;;;;;0;bargaining_tdl;0.0;1.0;5;0;0;https://app.prolific.com/submissions/complete?cc=C1HQEIID;65;;0.0;;;;;;;;;;6;0;6;4;4;4;0;0;0;71.96;740.93;223.26;0.0;0.0;223.26;1;1;2;;0.0;Green;0.0;split_other;split_you;right;71.96;320.19;92.32;412.51;Right;split_you;split_you;hetqaozn;y229xlov;0.0;38.67;193.05;193.05;0;0.0;1;0;0;0;0;7;1;0;0;1;1;1;1;17.792.718.487.670.000;1;1.779.271.736.431.020;17.792.719.294.743.500;17.792.719.299.724.000;1.779.271.758.238.790;1.779.271.957.175.560;0.0;1;1;65;;0.0;share_both;;;;;;;0;146.65;0.0;0.0;0.0;146.65;5.27;5.27;-1;1;1;65;;0.0;1;52;amministrazione;4;employee;8;5;8;3;7;7;1.5;39.05;19.76;77.17;20.07;16.46;5.91;10.97;16.01;13.79;11.36;39.05;0.0;1;1
66;2g6752cx;;0;8;32;bargaining_tdl_intro;Goodbye;2026-05-20 09:49:18.426784;1;;;0.0;;;;1;intro_control_questions_attempt_1_timeout;;;ln6s1ftc;;;;;0;bargaining_tdl;0.0;1.0;5;0;0;https://app.prolific.com/submissions/complete?cc=C1HQEIID;66;;0.0;;;;;;;;;;6;0;6;4;4;4;0;0;0;6.69;57.85;298.8;0.0;0.0;298.8;1;1;66;;0.0;;0.0;;;;0.0;0.0;0.0;0.0;;;;;;0.0;0.0;0.0;0.0;0;0.0;1;0;0;0;0;1;0;0;-1;0;0;0;0;0.0;0;0.0;0.0;0.0;0.0;0.0;0.0;1;1;66;;0.0;;;;;;;;0;0.0;0.0;0.0;0.0;0.0;0.0;0.0;-1;1;1;66;;0.0;;;;;;;;;;;;;0.0;0.0;0.0;0.0;0.0;0.0;0.0;0.0;0.0;0.0;0.0;0.0;1;1
67;2s9nar7d;;0;32;32;bargaining_tdl_survey;FinalResults;2026-05-20 09:51:51.611413;1;;;0.0;;;;;;0;1;ln6s1ftc;;;;;0;bargaining_tdl;0.0;1.0;5;0;0;https://app.prolific.com/submissions/complete?cc=C1HQEIID;67;;0.0;;;;;;;;;;6;0;6;4;4;4;0;0;0;1.95;599.46;267.39;0.0;0.0;267.39;1;1;3;;0.0;Blue;4.0;split_both;split_both;left;1.95;160.69;37.35;198.04;Both;split_both;split_both;br25c3xd;cw3blg3k;0.0;30.89;10.46;10.46;1;1.779.271.761.533.460;1;0;0;0;0;3;1;1;0;1;1;1;0;17.792.718.906.679.800;1;1.779.271.762.548.780;1.779.271.740.122.170;1.779.271.761.533.460;0.0;1.779.271.767.635.560;17.792.717.867.882.200;1;1;67;;0.0;share_both;;;;;;;0;79.94;0.0;0.0;0.0;79.94;7.73;7.73;-1;1;1;67;;0.0;1;53;tecnico scientifico;2;employee;8;8;10;0;10;10;1.7;51.06;9.83;32.22;52.53;17.34;23.6;32.22;13.85;15.96;11.23;51.06;0.0;1;1
68;zdcuonrg;;0;8;32;bargaining_tdl_intro;Goodbye;2026-05-20 09:52:42.767053;1;;;0.0;;;;1;intro_control_questions_attempt_1_timeout;;;ln6s1ftc;;;;;0;bargaining_tdl;0.0;1.0;5;0;0;https://app.prolific.com/submissions/complete?cc=C1HQEIID;68;;0.0;;;;;;;;;;6;4;6;6;6;4;6;4;6;2.57;2.45;299.75;0.0;0.0;299.75;1;1;68;;0.0;;0.0;;;;0.0;0.0;0.0;0.0;;;;;;0.0;0.0;0.0;0.0;0;0.0;1;0;0;0;0;1;0;0;-1;0;0;0;0;0.0;0;0.0;0.0;0.0;0.0;0.0;0.0;1;1;68;;0.0;;;;;;;;0;0.0;0.0;0.0;0.0;0.0;0.0;0.0;-1;1;1;68;;0.0;;;;;;;;;;;;;0.0;0.0;0.0;0.0;0.0;0.0;0.0;0.0;0.0;0.0;0.0;0.0;1;1
69;60stog4t;;0;8;32;bargaining_tdl_intro;Goodbye;2026-05-20 09:55:18.010070;1;;;0.0;;;;1;intro_control_questions_attempt_1_timeout;;;ln6s1ftc;;;;;0;bargaining_tdl;0.0;1.0;5;0;0;https://app.prolific.com/submissions/complete?cc=C1HQEIID;69;;0.0;;;;;;;;;;6;0;6;0;6;6;0;6;6;4.5;87.44;300.01;0.0;0.0;300.01;1;1;69;;0.0;;0.0;;;;0.0;0.0;0.0;0.0;;;;;;0.0;0.0;0.0;0.0;0;0.0;1;0;0;0;0;1;0;0;-1;0;0;0;0;0.0;0;0.0;0.0;0.0;0.0;0.0;0.0;1;1;69;;0.0;;;;;;;;0;0.0;0.0;0.0;0.0;0.0;0.0;0.0;-1;1;1;69;;0.0;;;;;;;;;;;;;0.0;0.0;0.0;0.0;0.0;0.0;0.0;0.0;0.0;0.0;0.0;0.0;1;1
70;utp2m614;;0;8;32;bargaining_tdl_intro;Goodbye;2026-05-20 09:55:24.027441;1;;;0.0;;;;1;intro_control_questions_attempt_4_timeout;;;ln6s1ftc;;;;;0;bargaining_tdl;0.0;1.0;5;0;0;https://app.prolific.com/submissions/complete?cc=C1HQEIID;70;;0.0;;;;;;;;;;6;0;6;4;4;4;0;6;4;11.52;3.45;215.2;0.0;0.0;215.2;1;1;70;;0.0;;0.0;;;;0.0;0.0;0.0;0.0;;;;;;0.0;0.0;0.0;0.0;0;0.0;1;0;0;0;0;1;0;0;-1;0;0;0;0;0.0;0;0.0;0.0;0.0;0.0;0.0;0.0;1;1;70;;0.0;;;;;;;;0;0.0;0.0;0.0;0.0;0.0;0.0;0.0;-1;1;1;70;;0.0;;;;;;;;;;;;;0.0;0.0;0.0;0.0;0.0;0.0;0.0;0.0;0.0;0.0;0.0;0.0;1;1
71;6nf0d2r7;;0;8;32;bargaining_tdl_intro;Goodbye;2026-05-20 09:56:04.806667;1;;;0.0;;;;1;intro_control_questions_attempt_1_timeout;;;ln6s1ftc;;;;;0;bargaining_tdl;0.0;1.0;5;0;0;https://app.prolific.com/submissions/complete?cc=C1HQEIID;71;;0.0;;;;;;;;;;6;0;6;4;4;4;0;0;0;66.66;17.4;281.43;0.0;0.0;281.43;1;1;71;;0.0;;0.0;;;;0.0;0.0;0.0;0.0;;;;;;0.0;0.0;0.0;0.0;0;0.0;1;0;0;0;0;1;0;0;-1;0;0;0;0;0.0;0;0.0;0.0;0.0;0.0;0.0;0.0;1;1;71;;0.0;;;;;;;;0;0.0;0.0;0.0;0.0;0.0;0.0;0.0;-1;1;1;71;;0.0;;;;;;;;;;;;;0.0;0.0;0.0;0.0;0.0;0.0;0.0;0.0;0.0;0.0;0.0;0.0;1;1
72;dnnxb7f1;;0;8;32;bargaining_tdl_intro;Goodbye;2026-05-20 10:00:49.340745;1;;;0.0;;;;;;;;ln6s1ftc;;;;;0;bargaining_tdl;0.0;1.0;5;0;0;https://app.prolific.com/submissions/complete?cc=C1HQEIID;72;;0.0;;;;;;;;;;0;4;6;4;4;4;0;0;0;59.31;7.82;21.61;0.0;0.0;21.61;1;1;72;;0.0;;0.0;;;;0.0;0.0;0.0;0.0;;;;;;0.0;0.0;0.0;0.0;0;0.0;1;0;0;0;0;1;0;0;-1;0;0;0;0;0.0;0;0.0;0.0;0.0;0.0;0.0;0.0;1;1;72;;0.0;;;;;;;;0;0.0;0.0;0.0;0.0;0.0;0.0;0.0;-1;1;1;72;;0.0;;;;;;;;;;;;;0.0;0.0;0.0;0.0;0.0;0.0;0.0;0.0;0.0;0.0;0.0;0.0;1;1
73;y229xlov;;0;32;32;bargaining_tdl_survey;FinalResults;2026-05-20 10:02:09.345880;1;;;0.0;;;;;;0;1;ln6s1ftc;;;;;0;bargaining_tdl;0.0;1.0;5;0;0;https://app.prolific.com/submissions/complete?cc=C1HQEIID;73;;0.0;;;;;;;;;;6;0;6;4;4;4;0;0;0;1.8;5.21;126.0;0.0;0.0;126.0;1;1;3;;0.0;Blue;6.0;split_you;split_you;left;1.8;321.2;36.25;357.45;Right;split_you;split_you;rhilexuj;hetqaozn;0.0;77.65;6.93;6.93;0;0.0;1;0;0;0;0;7;1;0;0;1;1;1;1;17.792.718.487.670.000;1;1.779.271.736.431.020;17.792.719.294.743.500;17.792.719.299.724.000;1.779.271.758.238.790;1.779.271.957.175.560;0.0;1;1;73;;0.0;share_both;;;;;;;0;172.1;0.0;0.0;0.0;172.1;8.29;8.29;-1;1;1;73;;0.0;1;50;diploma;1;employee;7;7;8;1;9;8;2.0;81.75;14.67;46.23;8.13;31.37;8.51;15.91;37.19;21.58;23.13;81.75;0.0;1;1
74;vrt0fjm1;;0;17;32;bargaining_tdl_main;InactivityGoodbyeMain;2026-05-20 10:02:11.092224;1;;;0.0;;;;;;1;0;ln6s1ftc;;;;;0;bargaining_tdl;0.0;1.0;5;0;0;https://app.prolific.com/submissions/complete?cc=C1HQEIID;74;;0.0;;;;;;;;;;6;0;6;4;4;4;0;0;0;1.59;7.38;233.15;0.0;0.0;233.15;1;1;3;;0.0;Blue;4.0;split_both;split_both;left;1.59;103.94;40.91;144.85;Right;split_you;split_both;c2ycwfix;0j12tjt3;0.0;0.0;0.0;40.91;1;17.792.717.188.811.800;0;99;0;0;0;6;1;1;1;1;1;1;1;17.792.718.088.811.800;3;17.792.718.529.203.600;17.792.718.539.951.200;17.792.717.064.369.600;17.792.718.798.240.100;0.0;0.0;1;1;74;;0.0;;;;;;;;0;0.0;0.0;0.0;0.0;0.0;0.0;0.0;-1;1;1;74;;0.0;;;;;;;;;;;;;0.0;0.0;0.0;0.0;0.0;0.0;0.0;0.0;0.0;0.0;0.0;0.0;1;1
75;ovyw28qv;;0;32;32;bargaining_tdl_survey;FinalResults;2026-05-20 10:02:11.632879;1;;;6.0;;;;;;0;1;ln6s1ftc;;;;;0;bargaining_tdl;0.0;1.0;5;0;0;https://app.prolific.com/submissions/complete?cc=C1HQEIID;75;;0.0;;;;;;;;;;6;0;6;4;4;4;0;0;0;8.11;7.2;142.61;0.0;0.0;142.61;1;1;3;;6.0;Blue;6.0;split_other;split_you;left;8.11;102.51;30.29;132.8;Right;split_you;split_you;5mhp2h2j;nf397ou8;0.0;73.92;7.08;7.08;0;0.0;1;0;0;0;0;11;1;0;1;1;1;1;0;1.779.271.818.941.460;2;17.792.717.096.361.900;17.792.717.055.578.100;1.779.271.710.878.190;17.792.717.389.581.400;0.0;0.0;1;1;75;;0.0;share_one;;;;;;;0;109.03;0.0;0.0;0.0;109.03;9.68;9.68;-1;1;1;75;;0.0;1;39;LT;3;employer;2;1;2;2;2;2;2.0;8.78;2.0;30.36;2.83;60.48;8.07;5.35;3.09;3.84;3.06;8.78;0.0;1;1
76;qjrg1l5b;;0;32;32;bargaining_tdl_survey;FinalResults;2026-05-20 10:02:14.459055;1;;;0.0;;;;;;0;1;ln6s1ftc;;;;;0;bargaining_tdl;0.0;1.0;5;0;0;https://app.prolific.com/submissions/complete?cc=C1HQEIID;76;;0.0;;;;;;;;;;6;0;6;4;4;4;0;0;0;7.13;7.43;250.18;0.0;0.0;250.18;1;1;2;;0.0;Green;0.0;split_both;split_both;left;7.13;593.18;172.02;7.651.999.999.999.990;Both;split_other;split_you;oyvufias;a5pham2n;0.0;70.01;14.05;14.05;0;0.0;1;0;0;0;0;9;0;0;1;1;1;1;1;1.779.272.135.153.310;3;17.792.722.061.562.200;17.792.722.063.840.700;17.792.720.192.051.500;17.792.722.000.763.700;17.792.720.178.859.000;17.792.720.442.273.000;1;1;76;;0.0;share_both;;;;;;;0;75.5;0.0;0.0;0.0;75.5;6.41;6.41;-1;1;1;76;;0.0;2;50;Economy;2;employee;5;5;8;5;5;10;2.0;106.85;6.92;156.71;4.88;12.18;4.23;10.63;12.05;6.26;7.63;106.85;0.0;1;1
77;04u70zp4;;0;32;32;bargaining_tdl_survey;FinalResults;2026-05-20 10:02:14.952027;1;;;0.0;;;;;;0;1;ln6s1ftc;;;;;0;bargaining_tdl;0.0;1.0;5;0;0;https://app.prolific.com/submissions/complete?cc=C1HQEIID;77;;0.0;;;;;;;;;;6;0;6;4;4;4;0;0;0;4.12;6.15;156.96;0.0;0.0;156.96;1;1;3;;0.0;Blue;0.0;split_you;split_both;left;4.12;296.63;90.77;387.4;Right;split_both;split_both;zq85fk59;1635k3od;0.0;57.44;3.68;3.68;1;17.792.719.061.159.300;1;0;0;0;0;10;0;0;0;1;1;1;1;17.792.720.373.094.000;1;17.792.719.220.993.300;1.779.271.921.018.730;1.779.271.906.179.580;1.779.271.920.296.220;17.792.718.900.547.200;17.792.719.335.462.000;1;1;77;;0.0;share_one;;;;;;;0;14.65;0.0;0.0;0.0;14.65;1.64;1.64;-1;1;1;77;;0.0;0;50;degree;5;employee;8;5;8;8;8;7;1.1;97.1;1.43;32.18;6.51;20.89;7.29;6.97;43.18;6.25;10.79;97.1;0.0;1;1
78;zptzfp8u;;0;8;32;bargaining_tdl_intro;Goodbye;2026-05-20 10:02:28.686458;1;;;0.0;;;;1;intro_control_questions_attempt_2_timeout;;;ln6s1ftc;;;;;0;bargaining_tdl;0.0;1.0;5;0;0;https://app.prolific.com/submissions/complete?cc=C1HQEIID;78;;0.0;;;;;;;;;;6;0;6;4;4;4;0;0;0;1.69;2.36;18.25;0.0;0.0;18.25;1;1;78;;0.0;;0.0;;;;0.0;0.0;0.0;0.0;;;;;;0.0;0.0;0.0;0.0;0;0.0;1;0;0;0;0;1;0;0;-1;0;0;0;0;0.0;0;0.0;0.0;0.0;0.0;0.0;0.0;1;1;78;;0.0;;;;;;;;0;0.0;0.0;0.0;0.0;0.0;0.0;0.0;-1;1;1;78;;0.0;;;;;;;;;;;;;0.0;0.0;0.0;0.0;0.0;0.0;0.0;0.0;0.0;0.0;0.0;0.0;1;1
79;y3atyre1;;0;32;32;bargaining_tdl_survey;FinalResults;2026-05-20 10:02:34.318752;1;;;4.0;;;;;;0;1;ln6s1ftc;;;;;0;bargaining_tdl;0.0;1.0;5;0;0;https://app.prolific.com/submissions/complete?cc=C1HQEIID;79;;0.0;;;;;;;;;;6;0;6;4;4;4;0;0;0;2.36;179.5;58.28;0.0;0.0;58.28;1;1;3;;4.0;Blue;4.0;split_both;split_both;left;2.36;195.79;16.87;212.66;Both;split_both;split_both;gn5d8gey;brln0ee7;0.0;23.87;111.88;111.88;1;177.927.186.459.643;1;0;0;0;0;4;1;1;1;1;1;1;0;177.927.195.459.643;3;17.792.718.653.547.900;17.792.718.645.963.800;1.779.271.797.158.920;0.0;17.792.718.923.301.500;17.792.718.213.759.600;1;1;79;;0.0;share_both;;;;;;;0;45.68;0.0;0.0;0.0;45.68;2.63;2.63;-1;1;1;79;;0.0;1;36;Matematica;8;employee;10;6;10;5;10;8;2.0;63.41;2.49;34.1;1.91;29.2;6.17;5.62;10.39;14.51;6.73;63.41;0.0;1;1
80;67esefc2;;0;8;32;bargaining_tdl_intro;Goodbye;2026-05-20 10:02:35.034561;1;;;0.0;;;;1;intro_control_questions_attempt_3_timeout;;;ln6s1ftc;;;;;0;bargaining_tdl;0.0;1.0;5;0;0;https://app.prolific.com/submissions/complete?cc=C1HQEIID;80;;0.0;;;;;;;;;;6;0;6;4;4;4;0;0;0;1.83;5.09;10.73;0.0;0.0;10.73;1;1;80;;0.0;;0.0;;;;0.0;0.0;0.0;0.0;;;;;;0.0;0.0;0.0;0.0;0;0.0;1;0;0;0;0;1;0;0;-1;0;0;0;0;0.0;0;0.0;0.0;0.0;0.0;0.0;0.0;1;1;80;;0.0;;;;;;;;0;0.0;0.0;0.0;0.0;0.0;0.0;0.0;-1;1;1;80;;0.0;;;;;;;;;;;;;0.0;0.0;0.0;0.0;0.0;0.0;0.0;0.0;0.0;0.0;0.0;0.0;1;1
81;bueb4u4i;;0;32;32;bargaining_tdl_survey;FinalResults;2026-05-20 10:02:36.641885;1;;;0.0;;;;;;0;1;ln6s1ftc;;;;;0;bargaining_tdl;0.0;1.0;5;0;0;https://app.prolific.com/submissions/complete?cc=C1HQEIID;81;;0.0;;;;;;;;;;6;0;6;4;4;4;0;0;0;2.4;3.67;226.7;0.0;0.0;226.7;1;1;3;;0.0;Blue;4.0;split_both;split_both;left;2.4;145.96;45.24;19.120.000.000.000.000;Both;split_both;split_both;7jq6qxh3;bab8wqjo;0.0;12.35;68.12;68.12;0;0.0;1;0;0;0;0;14;1;1;0;1;1;1;1;17.792.718.951.942.800;1;17.792.717.748.212.300;17.792.718.051.942.500;17.792.718.065.410.300;17.792.718.024.531.300;177.927.183.404.197;17.792.717.843.781.900;1;1;81;;0.0;share_both;;;;;;;0;26.86;0.0;0.0;0.0;26.86;3.91;3.91;-1;1;1;81;;0.0;1;60;pharmacy;9;employee;8;5;9;6;7;8;2.0;37.29;7.99;55.59;13.48;24.59;8.34;10.68;10.12;12.88;18.41;37.29;0.0;1;1
82;qjg0cuk3;;0;8;32;bargaining_tdl_intro;Goodbye;2026-05-20 10:02:46.353073;1;;;0.0;;;;;;;;ln6s1ftc;;;;;0;bargaining_tdl;0.0;1.0;5;0;0;https://app.prolific.com/submissions/complete?cc=C1HQEIID;82;;0.0;;;;;;;;;;6;4;0;4;4;4;0;0;0;2.23;3.39;9.19;0.0;0.0;9.19;1;1;82;;0.0;;0.0;;;;0.0;0.0;0.0;0.0;;;;;;0.0;0.0;0.0;0.0;0;0.0;1;0;0;0;0;1;0;0;-1;0;0;0;0;0.0;0;0.0;0.0;0.0;0.0;0.0;0.0;1;1;82;;0.0;;;;;;;;0;0.0;0.0;0.0;0.0;0.0;0.0;0.0;-1;1;1;82;;0.0;;;;;;;;;;;;;0.0;0.0;0.0;0.0;0.0;0.0;0.0;0.0;0.0;0.0;0.0;0.0;1;1
83;a5pham2n;;0;17;32;bargaining_tdl_main;InactivityGoodbyeMain;2026-05-20 10:03:08.977753;1;;;0.0;;;;;;1;0;ln6s1ftc;;;;;0;bargaining_tdl;0.0;1.0;5;0;0;https://app.prolific.com/submissions/complete?cc=C1HQEIID;83;;0.0;;;;;;;;;;6;0;6;4;4;4;0;0;0;6.29;10.52;195.09;0.0;0.0;195.09;1;1;3;;0.0;Blue;0.0;split_you;split_other;left;6.29;412.38;83.61;495.99;Left;split_both;split_other;qjrg1l5b;oyvufias;0.0;0.0;0.0;83.61;1;1.779.272.045.153.310;0;99;0;0;0;9;0;0;1;1;1;1;1;1.779.272.135.153.310;3;17.792.722.061.562.200;17.792.722.063.840.700;17.792.720.192.051.500;17.792.722.000.763.700;17.792.720.178.859.000;17.792.720.442.273.000;1;1;83;;0.0;;;;;;;;0;0.0;0.0;0.0;0.0;0.0;0.0;0.0;-1;1;1;83;;0.0;;;;;;;;;;;;;0.0;0.0;0.0;0.0;0.0;0.0;0.0;0.0;0.0;0.0;0.0;0.0;1;1
84;fkc0uwfh;;0;8;32;bargaining_tdl_intro;Goodbye;2026-05-20 10:03:14.397808;1;;;0.0;;;;1;intro_control_questions_attempt_1_timeout;;;ln6s1ftc;;;;;0;bargaining_tdl;0.0;1.0;5;0;0;https://app.prolific.com/submissions/complete?cc=C1HQEIID;84;;0.0;;;;;;;;;;6;0;6;4;4;4;0;0;0;9.2;3.89;3.89;0.0;0.0;3.89;1;1;84;;0.0;;0.0;;;;0.0;0.0;0.0;0.0;;;;;;0.0;0.0;0.0;0.0;0;0.0;1;0;0;0;0;1;0;0;-1;0;0;0;0;0.0;0;0.0;0.0;0.0;0.0;0.0;0.0;1;1;84;;0.0;;;;;;;;0;0.0;0.0;0.0;0.0;0.0;0.0;0.0;-1;1;1;84;;0.0;;;;;;;;;;;;;0.0;0.0;0.0;0.0;0.0;0.0;0.0;0.0;0.0;0.0;0.0;0.0;1;1
85;r6nruljo;;0;9;32;bargaining_tdl_main;GroupingAfterControlQuestions;2026-05-20 10:05:55.729932;1;;;0.0;;;;;;;;ln6s1ftc;;;;;0;bargaining_tdl;0.0;1.0;5;0;0;https://app.prolific.com/submissions/complete?cc=C1HQEIID;85;;0.0;;;;;;;;;;6;0;6;4;4;4;0;0;0;1.88;4.43;22.64;0.0;0.0;22.64;1;1;85;;0.0;;0.0;;;;0.0;0.0;0.0;0.0;;;;;;0.0;0.0;0.0;0.0;0;0.0;1;0;0;0;0;1;0;0;-1;0;0;0;0;0.0;0;0.0;0.0;0.0;0.0;0.0;0.0;1;1;85;;0.0;;;;;;;;0;0.0;0.0;0.0;0.0;0.0;0.0;0.0;-1;1;1;85;;0.0;;;;;;;;;;;;;0.0;0.0;0.0;0.0;0.0;0.0;0.0;0.0;0.0;0.0;0.0;0.0;1;1
86;umqy120s;;0;8;32;bargaining_tdl_intro;Goodbye;2026-05-20 10:08:05.617198;1;;;0.0;;;;;;;;ln6s1ftc;;;;;0;bargaining_tdl;0.0;1.0;5;0;0;https://app.prolific.com/submissions/complete?cc=C1HQEIID;86;;0.0;;;;;;;;;;4;4;6;4;0;6;0;0;6;2.01;6.18;11.38;0.0;0.0;11.38;1;1;86;;0.0;;0.0;;;;0.0;0.0;0.0;0.0;;;;;;0.0;0.0;0.0;0.0;0;0.0;1;0;0;0;0;1;0;0;-1;0;0;0;0;0.0;0;0.0;0.0;0.0;0.0;0.0;0.0;1;1;86;;0.0;;;;;;;;0;0.0;0.0;0.0;0.0;0.0;0.0;0.0;-1;1;1;86;;0.0;;;;;;;;;;;;;0.0;0.0;0.0;0.0;0.0;0.0;0.0;0.0;0.0;0.0;0.0;0.0;1;1
87;r4smz6e6;;0;32;32;bargaining_tdl_survey;FinalResults;2026-05-20 10:08:45.625330;1;;;0.0;;;;;;0;1;ln6s1ftc;;;;;0;bargaining_tdl;0.0;1.0;5;0;0;https://app.prolific.com/submissions/complete?cc=C1HQEIID;87;;0.0;;;;;;;;;;6;0;6;4;4;4;0;0;0;3.46;4.09;38.52;0.0;0.0;38.52;1;1;2;;0.0;Green;4.0;split_both;split_both;left;3.46;247.39;24.77;27.215.999.999.999.900;Both;split_both;split_both;vlhkphbu;fujp3a0k;0.0;33.87;142.11;142.11;1;17.792.720.265.488.300;1;0;0;0;0;16;1;1;0;1;1;1;1;17.792.721.333.380.300;1;1.779.272.008.628.050;17.792.720.265.652.000;17.792.720.273.040.100;177.927.203.251.137;17.792.720.432.882.000;0.0;1;1;87;;0.0;share_one;;;;;;;0;21.19;0.0;0.0;0.0;21.19;15.37;15.37;-1;1;1;87;;0.0;1;61;laurea;5;employee;8;6;8;6;8;6;2.0;37.52;21.66;56.27;9.11;13.63;5.17;6.77;17.61;53.46;9.05;37.52;0.0;1;1
88;fujp3a0k;;0;32;32;bargaining_tdl_survey;FinalResults;2026-05-20 10:08:51.651918;1;;;0.0;;;;;;0;1;ln6s1ftc;;;;;0;bargaining_tdl;0.0;1.0;5;0;0;https://app.prolific.com/submissions/complete?cc=C1HQEIID;88;;0.0;;;;;;;;;;6;0;6;4;4;4;0;0;0;1.44;12.21;26.33;0.0;0.0;26.33;1;1;3;;0.0;Blue;4.0;split_both;split_both;left;1.44;246.19;70.5;316.69;Both;split_both;split_both;r4smz6e6;vlhkphbu;0.0;20.06;397.22;397.22;0;0.0;1;0;0;0;0;16;1;1;0;1;1;1;1;17.792.721.333.380.300;1;1.779.272.008.628.050;17.792.720.265.652.000;17.792.720.273.040.100;177.927.203.251.137;17.792.720.432.882.000;0.0;1;1;88;;0.0;share_both;;;;;;;0;19.1;0.0;0.0;0.0;19.1;2.59;2.59;-1;1;1;88;;0.0;1;61;lettere;4;employee;7;5;10;6;8;8;1.2;48.59;8.5;19.41;2.86;10.72;9.89;7.01;6.68;6.64;5.16;48.59;0.0;1;1
89;wispbiwv;;0;1;32;bargaining_tdl_intro;Welcome;2026-05-20 10:10:42.482577;1;;;0.0;;;;;;;;ln6s1ftc;;;;;0;bargaining_tdl;0.0;1.0;5;0;0;https://app.prolific.com/submissions/complete?cc=C1HQEIID;89;;0.0;;;;;;;;;;;;;;;;;;;0.0;0.0;0.0;0.0;0.0;0.0;1;1;89;;0.0;;0.0;;;;0.0;0.0;0.0;0.0;;;;;;0.0;0.0;0.0;0.0;0;0.0;1;0;0;0;0;1;0;0;-1;0;0;0;0;0.0;0;0.0;0.0;0.0;0.0;0.0;0.0;1;1;89;;0.0;;;;;;;;0;0.0;0.0;0.0;0.0;0.0;0.0;0.0;-1;1;1;89;;0.0;;;;;;;;;;;;;0.0;0.0;0.0;0.0;0.0;0.0;0.0;0.0;0.0;0.0;0.0;0.0;1;1
90;vdk46c4w;;0;8;32;bargaining_tdl_intro;Goodbye;2026-05-20 10:16:54.393685;1;;;0.0;;;;;;;;ln6s1ftc;;;;;0;bargaining_tdl;0.0;1.0;5;0;0;https://app.prolific.com/submissions/complete?cc=C1HQEIID;90;;0.0;;;;;;;;;;6;4;4;4;6;4;4;6;0;4.91;6.87;4.45;0.0;0.0;4.45;1;1;90;;0.0;;0.0;;;;0.0;0.0;0.0;0.0;;;;;;0.0;0.0;0.0;0.0;0;0.0;1;0;0;0;0;1;0;0;-1;0;0;0;0;0.0;0;0.0;0.0;0.0;0.0;0.0;0.0;1;1;90;;0.0;;;;;;;;0;0.0;0.0;0.0;0.0;0.0;0.0;0.0;-1;1;1;90;;0.0;;;;;;;;;;;;;0.0;0.0;0.0;0.0;0.0;0.0;0.0;0.0;0.0;0.0;0.0;0.0;1;1
91;i8tliuh9;;0;0;32;;;;0;;;0.0;;;;;;;;ln6s1ftc;;;;;0;bargaining_tdl;0.0;1.0;5;0;0;https://app.prolific.com/submissions/complete?cc=C1HQEIID;91;;0.0;;;;;;;;;;;;;;;;;;;0.0;0.0;0.0;0.0;0.0;0.0;1;1;91;;0.0;;0.0;;;;0.0;0.0;0.0;0.0;;;;;;0.0;0.0;0.0;0.0;0;0.0;1;0;0;0;0;1;0;0;-1;0;0;0;0;0.0;0;0.0;0.0;0.0;0.0;0.0;0.0;1;1;91;;0.0;;;;;;;;0;0.0;0.0;0.0;0.0;0.0;0.0;0.0;-1;1;1;91;;0.0;;;;;;;;;;;;;0.0;0.0;0.0;0.0;0.0;0.0;0.0;0.0;0.0;0.0;0.0;0.0;1;1
92;wkfdxsel;;0;0;32;;;;0;;;0.0;;;;;;;;ln6s1ftc;;;;;0;bargaining_tdl;0.0;1.0;5;0;0;https://app.prolific.com/submissions/complete?cc=C1HQEIID;92;;0.0;;;;;;;;;;;;;;;;;;;0.0;0.0;0.0;0.0;0.0;0.0;1;1;92;;0.0;;0.0;;;;0.0;0.0;0.0;0.0;;;;;;0.0;0.0;0.0;0.0;0;0.0;1;0;0;0;0;1;0;0;-1;0;0;0;0;0.0;0;0.0;0.0;0.0;0.0;0.0;0.0;1;1;92;;0.0;;;;;;;;0;0.0;0.0;0.0;0.0;0.0;0.0;0.0;-1;1;1;92;;0.0;;;;;;;;;;;;;0.0;0.0;0.0;0.0;0.0;0.0;0.0;0.0;0.0;0.0;0.0;0.0;1;1
93;g8c33lgy;;0;0;32;;;;0;;;0.0;;;;;;;;ln6s1ftc;;;;;0;bargaining_tdl;0.0;1.0;5;0;0;https://app.prolific.com/submissions/complete?cc=C1HQEIID;93;;0.0;;;;;;;;;;;;;;;;;;;0.0;0.0;0.0;0.0;0.0;0.0;1;1;93;;0.0;;0.0;;;;0.0;0.0;0.0;0.0;;;;;;0.0;0.0;0.0;0.0;0;0.0;1;0;0;0;0;1;0;0;-1;0;0;0;0;0.0;0;0.0;0.0;0.0;0.0;0.0;0.0;1;1;93;;0.0;;;;;;;;0;0.0;0.0;0.0;0.0;0.0;0.0;0.0;-1;1;1;93;;0.0;;;;;;;;;;;;;0.0;0.0;0.0;0.0;0.0;0.0;0.0;0.0;0.0;0.0;0.0;0.0;1;1
94;5eeytytj;;0;0;32;;;;0;;;0.0;;;;;;;;ln6s1ftc;;;;;0;bargaining_tdl;0.0;1.0;5;0;0;https://app.prolific.com/submissions/complete?cc=C1HQEIID;94;;0.0;;;;;;;;;;;;;;;;;;;0.0;0.0;0.0;0.0;0.0;0.0;1;1;94;;0.0;;0.0;;;;0.0;0.0;0.0;0.0;;;;;;0.0;0.0;0.0;0.0;0;0.0;1;0;0;0;0;1;0;0;-1;0;0;0;0;0.0;0;0.0;0.0;0.0;0.0;0.0;0.0;1;1;94;;0.0;;;;;;;;0;0.0;0.0;0.0;0.0;0.0;0.0;0.0;-1;1;1;94;;0.0;;;;;;;;;;;;;0.0;0.0;0.0;0.0;0.0;0.0;0.0;0.0;0.0;0.0;0.0;0.0;1;1
95;i9i8n3ij;;0;0;32;;;;0;;;0.0;;;;;;;;ln6s1ftc;;;;;0;bargaining_tdl;0.0;1.0;5;0;0;https://app.prolific.com/submissions/complete?cc=C1HQEIID;95;;0.0;;;;;;;;;;;;;;;;;;;0.0;0.0;0.0;0.0;0.0;0.0;1;1;95;;0.0;;0.0;;;;0.0;0.0;0.0;0.0;;;;;;0.0;0.0;0.0;0.0;0;0.0;1;0;0;0;0;1;0;0;-1;0;0;0;0;0.0;0;0.0;0.0;0.0;0.0;0.0;0.0;1;1;95;;0.0;;;;;;;;0;0.0;0.0;0.0;0.0;0.0;0.0;0.0;-1;1;1;95;;0.0;;;;;;;;;;;;;0.0;0.0;0.0;0.0;0.0;0.0;0.0;0.0;0.0;0.0;0.0;0.0;1;1
96;kp033yd5;;0;0;32;;;;0;;;0.0;;;;;;;;ln6s1ftc;;;;;0;bargaining_tdl;0.0;1.0;5;0;0;https://app.prolific.com/submissions/complete?cc=C1HQEIID;96;;0.0;;;;;;;;;;;;;;;;;;;0.0;0.0;0.0;0.0;0.0;0.0;1;1;96;;0.0;;0.0;;;;0.0;0.0;0.0;0.0;;;;;;0.0;0.0;0.0;0.0;0;0.0;1;0;0;0;0;1;0;0;-1;0;0;0;0;0.0;0;0.0;0.0;0.0;0.0;0.0;0.0;1;1;96;;0.0;;;;;;;;0;0.0;0.0;0.0;0.0;0.0;0.0;0.0;-1;1;1;96;;0.0;;;;;;;;;;;;;0.0;0.0;0.0;0.0;0.0;0.0;0.0;0.0;0.0;0.0;0.0;0.0;1;1
97;avtn78cn;;0;0;32;;;;0;;;0.0;;;;;;;;ln6s1ftc;;;;;0;bargaining_tdl;0.0;1.0;5;0;0;https://app.prolific.com/submissions/complete?cc=C1HQEIID;97;;0.0;;;;;;;;;;;;;;;;;;;0.0;0.0;0.0;0.0;0.0;0.0;1;1;97;;0.0;;0.0;;;;0.0;0.0;0.0;0.0;;;;;;0.0;0.0;0.0;0.0;0;0.0;1;0;0;0;0;1;0;0;-1;0;0;0;0;0.0;0;0.0;0.0;0.0;0.0;0.0;0.0;1;1;97;;0.0;;;;;;;;0;0.0;0.0;0.0;0.0;0.0;0.0;0.0;-1;1;1;97;;0.0;;;;;;;;;;;;;0.0;0.0;0.0;0.0;0.0;0.0;0.0;0.0;0.0;0.0;0.0;0.0;1;1
98;izwzfez3;;0;0;32;;;;0;;;0.0;;;;;;;;ln6s1ftc;;;;;0;bargaining_tdl;0.0;1.0;5;0;0;https://app.prolific.com/submissions/complete?cc=C1HQEIID;98;;0.0;;;;;;;;;;;;;;;;;;;0.0;0.0;0.0;0.0;0.0;0.0;1;1;98;;0.0;;0.0;;;;0.0;0.0;0.0;0.0;;;;;;0.0;0.0;0.0;0.0;0;0.0;1;0;0;0;0;1;0;0;-1;0;0;0;0;0.0;0;0.0;0.0;0.0;0.0;0.0;0.0;1;1;98;;0.0;;;;;;;;0;0.0;0.0;0.0;0.0;0.0;0.0;0.0;-1;1;1;98;;0.0;;;;;;;;;;;;;0.0;0.0;0.0;0.0;0.0;0.0;0.0;0.0;0.0;0.0;0.0;0.0;1;1
99;owhqwdf3;;0;0;32;;;;0;;;0.0;;;;;;;;ln6s1ftc;;;;;0;bargaining_tdl;0.0;1.0;5;0;0;https://app.prolific.com/submissions/complete?cc=C1HQEIID;99;;0.0;;;;;;;;;;;;;;;;;;;0.0;0.0;0.0;0.0;0.0;0.0;1;1;99;;0.0;;0.0;;;;0.0;0.0;0.0;0.0;;;;;;0.0;0.0;0.0;0.0;0;0.0;1;0;0;0;0;1;0;0;-1;0;0;0;0;0.0;0;0.0;0.0;0.0;0.0;0.0;0.0;1;1;99;;0.0;;;;;;;;0;0.0;0.0;0.0;0.0;0.0;0.0;0.0;-1;1;1;99;;0.0;;;;;;;;;;;;;0.0;0.0;0.0;0.0;0.0;0.0;0.0;0.0;0.0;0.0;0.0;0.0;1;1
100;rvo6hdxf;;0;0;32;;;;0;;;0.0;;;;;;;;ln6s1ftc;;;;;0;bargaining_tdl;0.0;1.0;5;0;0;https://app.prolific.com/submissions/complete?cc=C1HQEIID;100;;0.0;;;;;;;;;;;;;;;;;;;0.0;0.0;0.0;0.0;0.0;0.0;1;1;100;;0.0;;0.0;;;;0.0;0.0;0.0;0.0;;;;;;0.0;0.0;0.0;0.0;0;0.0;1;0;0;0;0;1;0;0;-1;0;0;0;0;0.0;0;0.0;0.0;0.0;0.0;0.0;0.0;1;1;100;;0.0;;;;;;;;0;0.0;0.0;0.0;0.0;0.0;0.0;0.0;-1;1;1;100;;0.0;;;;;;;;;;;;;0.0;0.0;0.0;0.0;0.0;0.0;0.0;0.0;0.0;0.0;0.0;0.0;1;1
101;qzo8zj4l;;0;0;32;;;;0;;;0.0;;;;;;;;ln6s1ftc;;;;;0;bargaining_tdl;0.0;1.0;5;0;0;https://app.prolific.com/submissions/complete?cc=C1HQEIID;101;;0.0;;;;;;;;;;;;;;;;;;;0.0;0.0;0.0;0.0;0.0;0.0;1;1;101;;0.0;;0.0;;;;0.0;0.0;0.0;0.0;;;;;;0.0;0.0;0.0;0.0;0;0.0;1;0;0;0;0;1;0;0;-1;0;0;0;0;0.0;0;0.0;0.0;0.0;0.0;0.0;0.0;1;1;101;;0.0;;;;;;;;0;0.0;0.0;0.0;0.0;0.0;0.0;0.0;-1;1;1;101;;0.0;;;;;;;;;;;;;0.0;0.0;0.0;0.0;0.0;0.0;0.0;0.0;0.0;0.0;0.0;0.0;1;1
102;d4l8670p;;0;0;32;;;;0;;;0.0;;;;;;;;ln6s1ftc;;;;;0;bargaining_tdl;0.0;1.0;5;0;0;https://app.prolific.com/submissions/complete?cc=C1HQEIID;102;;0.0;;;;;;;;;;;;;;;;;;;0.0;0.0;0.0;0.0;0.0;0.0;1;1;102;;0.0;;0.0;;;;0.0;0.0;0.0;0.0;;;;;;0.0;0.0;0.0;0.0;0;0.0;1;0;0;0;0;1;0;0;-1;0;0;0;0;0.0;0;0.0;0.0;0.0;0.0;0.0;0.0;1;1;102;;0.0;;;;;;;;0;0.0;0.0;0.0;0.0;0.0;0.0;0.0;-1;1;1;102;;0.0;;;;;;;;;;;;;0.0;0.0;0.0;0.0;0.0;0.0;0.0;0.0;0.0;0.0;0.0;0.0;1;1
103;ap4wj4dm;;0;0;32;;;;0;;;0.0;;;;;;;;ln6s1ftc;;;;;0;bargaining_tdl;0.0;1.0;5;0;0;https://app.prolific.com/submissions/complete?cc=C1HQEIID;103;;0.0;;;;;;;;;;;;;;;;;;;0.0;0.0;0.0;0.0;0.0;0.0;1;1;103;;0.0;;0.0;;;;0.0;0.0;0.0;0.0;;;;;;0.0;0.0;0.0;0.0;0;0.0;1;0;0;0;0;1;0;0;-1;0;0;0;0;0.0;0;0.0;0.0;0.0;0.0;0.0;0.0;1;1;103;;0.0;;;;;;;;0;0.0;0.0;0.0;0.0;0.0;0.0;0.0;-1;1;1;103;;0.0;;;;;;;;;;;;;0.0;0.0;0.0;0.0;0.0;0.0;0.0;0.0;0.0;0.0;0.0;0.0;1;1
104;v53v7ol3;;0;0;32;;;;0;;;0.0;;;;;;;;ln6s1ftc;;;;;0;bargaining_tdl;0.0;1.0;5;0;0;https://app.prolific.com/submissions/complete?cc=C1HQEIID;104;;0.0;;;;;;;;;;;;;;;;;;;0.0;0.0;0.0;0.0;0.0;0.0;1;1;104;;0.0;;0.0;;;;0.0;0.0;0.0;0.0;;;;;;0.0;0.0;0.0;0.0;0;0.0;1;0;0;0;0;1;0;0;-1;0;0;0;0;0.0;0;0.0;0.0;0.0;0.0;0.0;0.0;1;1;104;;0.0;;;;;;;;0;0.0;0.0;0.0;0.0;0.0;0.0;0.0;-1;1;1;104;;0.0;;;;;;;;;;;;;0.0;0.0;0.0;0.0;0.0;0.0;0.0;0.0;0.0;0.0;0.0;0.0;1;1
105;e66maqfd;;0;0;32;;;;0;;;0.0;;;;;;;;ln6s1ftc;;;;;0;bargaining_tdl;0.0;1.0;5;0;0;https://app.prolific.com/submissions/complete?cc=C1HQEIID;105;;0.0;;;;;;;;;;;;;;;;;;;0.0;0.0;0.0;0.0;0.0;0.0;1;1;105;;0.0;;0.0;;;;0.0;0.0;0.0;0.0;;;;;;0.0;0.0;0.0;0.0;0;0.0;1;0;0;0;0;1;0;0;-1;0;0;0;0;0.0;0;0.0;0.0;0.0;0.0;0.0;0.0;1;1;105;;0.0;;;;;;;;0;0.0;0.0;0.0;0.0;0.0;0.0;0.0;-1;1;1;105;;0.0;;;;;;;;;;;;;0.0;0.0;0.0;0.0;0.0;0.0;0.0;0.0;0.0;0.0;0.0;0.0;1;1
106;3axp6fd7;;0;0;32;;;;0;;;0.0;;;;;;;;ln6s1ftc;;;;;0;bargaining_tdl;0.0;1.0;5;0;0;https://app.prolific.com/submissions/complete?cc=C1HQEIID;106;;0.0;;;;;;;;;;;;;;;;;;;0.0;0.0;0.0;0.0;0.0;0.0;1;1;106;;0.0;;0.0;;;;0.0;0.0;0.0;0.0;;;;;;0.0;0.0;0.0;0.0;0;0.0;1;0;0;0;0;1;0;0;-1;0;0;0;0;0.0;0;0.0;0.0;0.0;0.0;0.0;0.0;1;1;106;;0.0;;;;;;;;0;0.0;0.0;0.0;0.0;0.0;0.0;0.0;-1;1;1;106;;0.0;;;;;;;;;;;;;0.0;0.0;0.0;0.0;0.0;0.0;0.0;0.0;0.0;0.0;0.0;0.0;1;1
107;ap7rx8ba;;0;0;32;;;;0;;;0.0;;;;;;;;ln6s1ftc;;;;;0;bargaining_tdl;0.0;1.0;5;0;0;https://app.prolific.com/submissions/complete?cc=C1HQEIID;107;;0.0;;;;;;;;;;;;;;;;;;;0.0;0.0;0.0;0.0;0.0;0.0;1;1;107;;0.0;;0.0;;;;0.0;0.0;0.0;0.0;;;;;;0.0;0.0;0.0;0.0;0;0.0;1;0;0;0;0;1;0;0;-1;0;0;0;0;0.0;0;0.0;0.0;0.0;0.0;0.0;0.0;1;1;107;;0.0;;;;;;;;0;0.0;0.0;0.0;0.0;0.0;0.0;0.0;-1;1;1;107;;0.0;;;;;;;;;;;;;0.0;0.0;0.0;0.0;0.0;0.0;0.0;0.0;0.0;0.0;0.0;0.0;1;1
108;a48p7afy;;0;0;32;;;;0;;;0.0;;;;;;;;ln6s1ftc;;;;;0;bargaining_tdl;0.0;1.0;5;0;0;https://app.prolific.com/submissions/complete?cc=C1HQEIID;108;;0.0;;;;;;;;;;;;;;;;;;;0.0;0.0;0.0;0.0;0.0;0.0;1;1;108;;0.0;;0.0;;;;0.0;0.0;0.0;0.0;;;;;;0.0;0.0;0.0;0.0;0;0.0;1;0;0;0;0;1;0;0;-1;0;0;0;0;0.0;0;0.0;0.0;0.0;0.0;0.0;0.0;1;1;108;;0.0;;;;;;;;0;0.0;0.0;0.0;0.0;0.0;0.0;0.0;-1;1;1;108;;0.0;;;;;;;;;;;;;0.0;0.0;0.0;0.0;0.0;0.0;0.0;0.0;0.0;0.0;0.0;0.0;1;1
109;neyyqppa;;0;0;32;;;;0;;;0.0;;;;;;;;ln6s1ftc;;;;;0;bargaining_tdl;0.0;1.0;5;0;0;https://app.prolific.com/submissions/complete?cc=C1HQEIID;109;;0.0;;;;;;;;;;;;;;;;;;;0.0;0.0;0.0;0.0;0.0;0.0;1;1;109;;0.0;;0.0;;;;0.0;0.0;0.0;0.0;;;;;;0.0;0.0;0.0;0.0;0;0.0;1;0;0;0;0;1;0;0;-1;0;0;0;0;0.0;0;0.0;0.0;0.0;0.0;0.0;0.0;1;1;109;;0.0;;;;;;;;0;0.0;0.0;0.0;0.0;0.0;0.0;0.0;-1;1;1;109;;0.0;;;;;;;;;;;;;0.0;0.0;0.0;0.0;0.0;0.0;0.0;0.0;0.0;0.0;0.0;0.0;1;1
110;87f5lyym;;0;0;32;;;;0;;;0.0;;;;;;;;ln6s1ftc;;;;;0;bargaining_tdl;0.0;1.0;5;0;0;https://app.prolific.com/submissions/complete?cc=C1HQEIID;110;;0.0;;;;;;;;;;;;;;;;;;;0.0;0.0;0.0;0.0;0.0;0.0;1;1;110;;0.0;;0.0;;;;0.0;0.0;0.0;0.0;;;;;;0.0;0.0;0.0;0.0;0;0.0;1;0;0;0;0;1;0;0;-1;0;0;0;0;0.0;0;0.0;0.0;0.0;0.0;0.0;0.0;1;1;110;;0.0;;;;;;;;0;0.0;0.0;0.0;0.0;0.0;0.0;0.0;-1;1;1;110;;0.0;;;;;;;;;;;;;0.0;0.0;0.0;0.0;0.0;0.0;0.0;0.0;0.0;0.0;0.0;0.0;1;1
111;k7a6c102;;0;0;32;;;;0;;;0.0;;;;;;;;ln6s1ftc;;;;;0;bargaining_tdl;0.0;1.0;5;0;0;https://app.prolific.com/submissions/complete?cc=C1HQEIID;111;;0.0;;;;;;;;;;;;;;;;;;;0.0;0.0;0.0;0.0;0.0;0.0;1;1;111;;0.0;;0.0;;;;0.0;0.0;0.0;0.0;;;;;;0.0;0.0;0.0;0.0;0;0.0;1;0;0;0;0;1;0;0;-1;0;0;0;0;0.0;0;0.0;0.0;0.0;0.0;0.0;0.0;1;1;111;;0.0;;;;;;;;0;0.0;0.0;0.0;0.0;0.0;0.0;0.0;-1;1;1;111;;0.0;;;;;;;;;;;;;0.0;0.0;0.0;0.0;0.0;0.0;0.0;0.0;0.0;0.0;0.0;0.0;1;1
112;2e9aj8n7;;0;0;32;;;;0;;;0.0;;;;;;;;ln6s1ftc;;;;;0;bargaining_tdl;0.0;1.0;5;0;0;https://app.prolific.com/submissions/complete?cc=C1HQEIID;112;;0.0;;;;;;;;;;;;;;;;;;;0.0;0.0;0.0;0.0;0.0;0.0;1;1;112;;0.0;;0.0;;;;0.0;0.0;0.0;0.0;;;;;;0.0;0.0;0.0;0.0;0;0.0;1;0;0;0;0;1;0;0;-1;0;0;0;0;0.0;0;0.0;0.0;0.0;0.0;0.0;0.0;1;1;112;;0.0;;;;;;;;0;0.0;0.0;0.0;0.0;0.0;0.0;0.0;-1;1;1;112;;0.0;;;;;;;;;;;;;0.0;0.0;0.0;0.0;0.0;0.0;0.0;0.0;0.0;0.0;0.0;0.0;1;1
113;pvr6mvk5;;0;0;32;;;;0;;;0.0;;;;;;;;ln6s1ftc;;;;;0;bargaining_tdl;0.0;1.0;5;0;0;https://app.prolific.com/submissions/complete?cc=C1HQEIID;113;;0.0;;;;;;;;;;;;;;;;;;;0.0;0.0;0.0;0.0;0.0;0.0;1;1;113;;0.0;;0.0;;;;0.0;0.0;0.0;0.0;;;;;;0.0;0.0;0.0;0.0;0;0.0;1;0;0;0;0;1;0;0;-1;0;0;0;0;0.0;0;0.0;0.0;0.0;0.0;0.0;0.0;1;1;113;;0.0;;;;;;;;0;0.0;0.0;0.0;0.0;0.0;0.0;0.0;-1;1;1;113;;0.0;;;;;;;;;;;;;0.0;0.0;0.0;0.0;0.0;0.0;0.0;0.0;0.0;0.0;0.0;0.0;1;1
114;owvqtaev;;0;0;32;;;;0;;;0.0;;;;;;;;ln6s1ftc;;;;;0;bargaining_tdl;0.0;1.0;5;0;0;https://app.prolific.com/submissions/complete?cc=C1HQEIID;114;;0.0;;;;;;;;;;;;;;;;;;;0.0;0.0;0.0;0.0;0.0;0.0;1;1;114;;0.0;;0.0;;;;0.0;0.0;0.0;0.0;;;;;;0.0;0.0;0.0;0.0;0;0.0;1;0;0;0;0;1;0;0;-1;0;0;0;0;0.0;0;0.0;0.0;0.0;0.0;0.0;0.0;1;1;114;;0.0;;;;;;;;0;0.0;0.0;0.0;0.0;0.0;0.0;0.0;-1;1;1;114;;0.0;;;;;;;;;;;;;0.0;0.0;0.0;0.0;0.0;0.0;0.0;0.0;0.0;0.0;0.0;0.0;1;1
115;zjwd50ty;;0;0;32;;;;0;;;0.0;;;;;;;;ln6s1ftc;;;;;0;bargaining_tdl;0.0;1.0;5;0;0;https://app.prolific.com/submissions/complete?cc=C1HQEIID;115;;0.0;;;;;;;;;;;;;;;;;;;0.0;0.0;0.0;0.0;0.0;0.0;1;1;115;;0.0;;0.0;;;;0.0;0.0;0.0;0.0;;;;;;0.0;0.0;0.0;0.0;0;0.0;1;0;0;0;0;1;0;0;-1;0;0;0;0;0.0;0;0.0;0.0;0.0;0.0;0.0;0.0;1;1;115;;0.0;;;;;;;;0;0.0;0.0;0.0;0.0;0.0;0.0;0.0;-1;1;1;115;;0.0;;;;;;;;;;;;;0.0;0.0;0.0;0.0;0.0;0.0;0.0;0.0;0.0;0.0;0.0;0.0;1;1
116;p36uyuhp;;0;0;32;;;;0;;;0.0;;;;;;;;ln6s1ftc;;;;;0;bargaining_tdl;0.0;1.0;5;0;0;https://app.prolific.com/submissions/complete?cc=C1HQEIID;116;;0.0;;;;;;;;;;;;;;;;;;;0.0;0.0;0.0;0.0;0.0;0.0;1;1;116;;0.0;;0.0;;;;0.0;0.0;0.0;0.0;;;;;;0.0;0.0;0.0;0.0;0;0.0;1;0;0;0;0;1;0;0;-1;0;0;0;0;0.0;0;0.0;0.0;0.0;0.0;0.0;0.0;1;1;116;;0.0;;;;;;;;0;0.0;0.0;0.0;0.0;0.0;0.0;0.0;-1;1;1;116;;0.0;;;;;;;;;;;;;0.0;0.0;0.0;0.0;0.0;0.0;0.0;0.0;0.0;0.0;0.0;0.0;1;1
117;7odlzoep;;0;0;32;;;;0;;;0.0;;;;;;;;ln6s1ftc;;;;;0;bargaining_tdl;0.0;1.0;5;0;0;https://app.prolific.com/submissions/complete?cc=C1HQEIID;117;;0.0;;;;;;;;;;;;;;;;;;;0.0;0.0;0.0;0.0;0.0;0.0;1;1;117;;0.0;;0.0;;;;0.0;0.0;0.0;0.0;;;;;;0.0;0.0;0.0;0.0;0;0.0;1;0;0;0;0;1;0;0;-1;0;0;0;0;0.0;0;0.0;0.0;0.0;0.0;0.0;0.0;1;1;117;;0.0;;;;;;;;0;0.0;0.0;0.0;0.0;0.0;0.0;0.0;-1;1;1;117;;0.0;;;;;;;;;;;;;0.0;0.0;0.0;0.0;0.0;0.0;0.0;0.0;0.0;0.0;0.0;0.0;1;1
118;9veu38i1;;0;0;32;;;;0;;;0.0;;;;;;;;ln6s1ftc;;;;;0;bargaining_tdl;0.0;1.0;5;0;0;https://app.prolific.com/submissions/complete?cc=C1HQEIID;118;;0.0;;;;;;;;;;;;;;;;;;;0.0;0.0;0.0;0.0;0.0;0.0;1;1;118;;0.0;;0.0;;;;0.0;0.0;0.0;0.0;;;;;;0.0;0.0;0.0;0.0;0;0.0;1;0;0;0;0;1;0;0;-1;0;0;0;0;0.0;0;0.0;0.0;0.0;0.0;0.0;0.0;1;1;118;;0.0;;;;;;;;0;0.0;0.0;0.0;0.0;0.0;0.0;0.0;-1;1;1;118;;0.0;;;;;;;;;;;;;0.0;0.0;0.0;0.0;0.0;0.0;0.0;0.0;0.0;0.0;0.0;0.0;1;1
119;3jf1172g;;0;0;32;;;;0;;;0.0;;;;;;;;ln6s1ftc;;;;;0;bargaining_tdl;0.0;1.0;5;0;0;https://app.prolific.com/submissions/complete?cc=C1HQEIID;119;;0.0;;;;;;;;;;;;;;;;;;;0.0;0.0;0.0;0.0;0.0;0.0;1;1;119;;0.0;;0.0;;;;0.0;0.0;0.0;0.0;;;;;;0.0;0.0;0.0;0.0;0;0.0;1;0;0;0;0;1;0;0;-1;0;0;0;0;0.0;0;0.0;0.0;0.0;0.0;0.0;0.0;1;1;119;;0.0;;;;;;;;0;0.0;0.0;0.0;0.0;0.0;0.0;0.0;-1;1;1;119;;0.0;;;;;;;;;;;;;0.0;0.0;0.0;0.0;0.0;0.0;0.0;0.0;0.0;0.0;0.0;0.0;1;1
120;9v7hh6i6;;0;0;32;;;;0;;;0.0;;;;;;;;ln6s1ftc;;;;;0;bargaining_tdl;0.0;1.0;5;0;0;https://app.prolific.com/submissions/complete?cc=C1HQEIID;120;;0.0;;;;;;;;;;;;;;;;;;;0.0;0.0;0.0;0.0;0.0;0.0;1;1;120;;0.0;;0.0;;;;0.0;0.0;0.0;0.0;;;;;;0.0;0.0;0.0;0.0;0;0.0;1;0;0;0;0;1;0;0;-1;0;0;0;0;0.0;0;0.0;0.0;0.0;0.0;0.0;0.0;1;1;120;;0.0;;;;;;;;0;0.0;0.0;0.0;0.0;0.0;0.0;0.0;-1;1;1;120;;0.0;;;;;;;;;;;;;0.0;0.0;0.0;0.0;0.0;0.0;0.0;0.0;0.0;0.0;0.0;0.0;1;1
121;okraxoiz;;0;0;32;;;;0;;;0.0;;;;;;;;ln6s1ftc;;;;;0;bargaining_tdl;0.0;1.0;5;0;0;https://app.prolific.com/submissions/complete?cc=C1HQEIID;121;;0.0;;;;;;;;;;;;;;;;;;;0.0;0.0;0.0;0.0;0.0;0.0;1;1;121;;0.0;;0.0;;;;0.0;0.0;0.0;0.0;;;;;;0.0;0.0;0.0;0.0;0;0.0;1;0;0;0;0;1;0;0;-1;0;0;0;0;0.0;0;0.0;0.0;0.0;0.0;0.0;0.0;1;1;121;;0.0;;;;;;;;0;0.0;0.0;0.0;0.0;0.0;0.0;0.0;-1;1;1;121;;0.0;;;;;;;;;;;;;0.0;0.0;0.0;0.0;0.0;0.0;0.0;0.0;0.0;0.0;0.0;0.0;1;1
122;qtnqukev;;0;0;32;;;;0;;;0.0;;;;;;;;ln6s1ftc;;;;;0;bargaining_tdl;0.0;1.0;5;0;0;https://app.prolific.com/submissions/complete?cc=C1HQEIID;122;;0.0;;;;;;;;;;;;;;;;;;;0.0;0.0;0.0;0.0;0.0;0.0;1;1;122;;0.0;;0.0;;;;0.0;0.0;0.0;0.0;;;;;;0.0;0.0;0.0;0.0;0;0.0;1;0;0;0;0;1;0;0;-1;0;0;0;0;0.0;0;0.0;0.0;0.0;0.0;0.0;0.0;1;1;122;;0.0;;;;;;;;0;0.0;0.0;0.0;0.0;0.0;0.0;0.0;-1;1;1;122;;0.0;;;;;;;;;;;;;0.0;0.0;0.0;0.0;0.0;0.0;0.0;0.0;0.0;0.0;0.0;0.0;1;1
123;xjse8lyq;;0;0;32;;;;0;;;0.0;;;;;;;;ln6s1ftc;;;;;0;bargaining_tdl;0.0;1.0;5;0;0;https://app.prolific.com/submissions/complete?cc=C1HQEIID;123;;0.0;;;;;;;;;;;;;;;;;;;0.0;0.0;0.0;0.0;0.0;0.0;1;1;123;;0.0;;0.0;;;;0.0;0.0;0.0;0.0;;;;;;0.0;0.0;0.0;0.0;0;0.0;1;0;0;0;0;1;0;0;-1;0;0;0;0;0.0;0;0.0;0.0;0.0;0.0;0.0;0.0;1;1;123;;0.0;;;;;;;;0;0.0;0.0;0.0;0.0;0.0;0.0;0.0;-1;1;1;123;;0.0;;;;;;;;;;;;;0.0;0.0;0.0;0.0;0.0;0.0;0.0;0.0;0.0;0.0;0.0;0.0;1;1
124;pasg63gc;;0;0;32;;;;0;;;0.0;;;;;;;;ln6s1ftc;;;;;0;bargaining_tdl;0.0;1.0;5;0;0;https://app.prolific.com/submissions/complete?cc=C1HQEIID;124;;0.0;;;;;;;;;;;;;;;;;;;0.0;0.0;0.0;0.0;0.0;0.0;1;1;124;;0.0;;0.0;;;;0.0;0.0;0.0;0.0;;;;;;0.0;0.0;0.0;0.0;0;0.0;1;0;0;0;0;1;0;0;-1;0;0;0;0;0.0;0;0.0;0.0;0.0;0.0;0.0;0.0;1;1;124;;0.0;;;;;;;;0;0.0;0.0;0.0;0.0;0.0;0.0;0.0;-1;1;1;124;;0.0;;;;;;;;;;;;;0.0;0.0;0.0;0.0;0.0;0.0;0.0;0.0;0.0;0.0;0.0;0.0;1;1
125;1vgrdv5n;;0;0;32;;;;0;;;0.0;;;;;;;;ln6s1ftc;;;;;0;bargaining_tdl;0.0;1.0;5;0;0;https://app.prolific.com/submissions/complete?cc=C1HQEIID;125;;0.0;;;;;;;;;;;;;;;;;;;0.0;0.0;0.0;0.0;0.0;0.0;1;1;125;;0.0;;0.0;;;;0.0;0.0;0.0;0.0;;;;;;0.0;0.0;0.0;0.0;0;0.0;1;0;0;0;0;1;0;0;-1;0;0;0;0;0.0;0;0.0;0.0;0.0;0.0;0.0;0.0;1;1;125;;0.0;;;;;;;;0;0.0;0.0;0.0;0.0;0.0;0.0;0.0;-1;1;1;125;;0.0;;;;;;;;;;;;;0.0;0.0;0.0;0.0;0.0;0.0;0.0;0.0;0.0;0.0;0.0;0.0;1;1
126;1933us98;;0;0;32;;;;0;;;0.0;;;;;;;;ln6s1ftc;;;;;0;bargaining_tdl;0.0;1.0;5;0;0;https://app.prolific.com/submissions/complete?cc=C1HQEIID;126;;0.0;;;;;;;;;;;;;;;;;;;0.0;0.0;0.0;0.0;0.0;0.0;1;1;126;;0.0;;0.0;;;;0.0;0.0;0.0;0.0;;;;;;0.0;0.0;0.0;0.0;0;0.0;1;0;0;0;0;1;0;0;-1;0;0;0;0;0.0;0;0.0;0.0;0.0;0.0;0.0;0.0;1;1;126;;0.0;;;;;;;;0;0.0;0.0;0.0;0.0;0.0;0.0;0.0;-1;1;1;126;;0.0;;;;;;;;;;;;;0.0;0.0;0.0;0.0;0.0;0.0;0.0;0.0;0.0;0.0;0.0;0.0;1;1
127;ti5oyken;;0;0;32;;;;0;;;0.0;;;;;;;;ln6s1ftc;;;;;0;bargaining_tdl;0.0;1.0;5;0;0;https://app.prolific.com/submissions/complete?cc=C1HQEIID;127;;0.0;;;;;;;;;;;;;;;;;;;0.0;0.0;0.0;0.0;0.0;0.0;1;1;127;;0.0;;0.0;;;;0.0;0.0;0.0;0.0;;;;;;0.0;0.0;0.0;0.0;0;0.0;1;0;0;0;0;1;0;0;-1;0;0;0;0;0.0;0;0.0;0.0;0.0;0.0;0.0;0.0;1;1;127;;0.0;;;;;;;;0;0.0;0.0;0.0;0.0;0.0;0.0;0.0;-1;1;1;127;;0.0;;;;;;;;;;;;;0.0;0.0;0.0;0.0;0.0;0.0;0.0;0.0;0.0;0.0;0.0;0.0;1;1
128;qpd26lu5;;0;0;32;;;;0;;;0.0;;;;;;;;ln6s1ftc;;;;;0;bargaining_tdl;0.0;1.0;5;0;0;https://app.prolific.com/submissions/complete?cc=C1HQEIID;128;;0.0;;;;;;;;;;;;;;;;;;;0.0;0.0;0.0;0.0;0.0;0.0;1;1;128;;0.0;;0.0;;;;0.0;0.0;0.0;0.0;;;;;;0.0;0.0;0.0;0.0;0;0.0;1;0;0;0;0;1;0;0;-1;0;0;0;0;0.0;0;0.0;0.0;0.0;0.0;0.0;0.0;1;1;128;;0.0;;;;;;;;0;0.0;0.0;0.0;0.0;0.0;0.0;0.0;-1;1;1;128;;0.0;;;;;;;;;;;;;0.0;0.0;0.0;0.0;0.0;0.0;0.0;0.0;0.0;0.0;0.0;0.0;1;1
129;z5rkzd76;;0;0;32;;;;0;;;0.0;;;;;;;;ln6s1ftc;;;;;0;bargaining_tdl;0.0;1.0;5;0;0;https://app.prolific.com/submissions/complete?cc=C1HQEIID;129;;0.0;;;;;;;;;;;;;;;;;;;0.0;0.0;0.0;0.0;0.0;0.0;1;1;129;;0.0;;0.0;;;;0.0;0.0;0.0;0.0;;;;;;0.0;0.0;0.0;0.0;0;0.0;1;0;0;0;0;1;0;0;-1;0;0;0;0;0.0;0;0.0;0.0;0.0;0.0;0.0;0.0;1;1;129;;0.0;;;;;;;;0;0.0;0.0;0.0;0.0;0.0;0.0;0.0;-1;1;1;129;;0.0;;;;;;;;;;;;;0.0;0.0;0.0;0.0;0.0;0.0;0.0;0.0;0.0;0.0;0.0;0.0;1;1
130;trgtucd8;;0;0;32;;;;0;;;0.0;;;;;;;;ln6s1ftc;;;;;0;bargaining_tdl;0.0;1.0;5;0;0;https://app.prolific.com/submissions/complete?cc=C1HQEIID;130;;0.0;;;;;;;;;;;;;;;;;;;0.0;0.0;0.0;0.0;0.0;0.0;1;1;130;;0.0;;0.0;;;;0.0;0.0;0.0;0.0;;;;;;0.0;0.0;0.0;0.0;0;0.0;1;0;0;0;0;1;0;0;-1;0;0;0;0;0.0;0;0.0;0.0;0.0;0.0;0.0;0.0;1;1;130;;0.0;;;;;;;;0;0.0;0.0;0.0;0.0;0.0;0.0;0.0;-1;1;1;130;;0.0;;;;;;;;;;;;;0.0;0.0;0.0;0.0;0.0;0.0;0.0;0.0;0.0;0.0;0.0;0.0;1;1
131;xs6vbc9o;;0;0;32;;;;0;;;0.0;;;;;;;;ln6s1ftc;;;;;0;bargaining_tdl;0.0;1.0;5;0;0;https://app.prolific.com/submissions/complete?cc=C1HQEIID;131;;0.0;;;;;;;;;;;;;;;;;;;0.0;0.0;0.0;0.0;0.0;0.0;1;1;131;;0.0;;0.0;;;;0.0;0.0;0.0;0.0;;;;;;0.0;0.0;0.0;0.0;0;0.0;1;0;0;0;0;1;0;0;-1;0;0;0;0;0.0;0;0.0;0.0;0.0;0.0;0.0;0.0;1;1;131;;0.0;;;;;;;;0;0.0;0.0;0.0;0.0;0.0;0.0;0.0;-1;1;1;131;;0.0;;;;;;;;;;;;;0.0;0.0;0.0;0.0;0.0;0.0;0.0;0.0;0.0;0.0;0.0;0.0;1;1
132;73wdpoq1;;0;0;32;;;;0;;;0.0;;;;;;;;ln6s1ftc;;;;;0;bargaining_tdl;0.0;1.0;5;0;0;https://app.prolific.com/submissions/complete?cc=C1HQEIID;132;;0.0;;;;;;;;;;;;;;;;;;;0.0;0.0;0.0;0.0;0.0;0.0;1;1;132;;0.0;;0.0;;;;0.0;0.0;0.0;0.0;;;;;;0.0;0.0;0.0;0.0;0;0.0;1;0;0;0;0;1;0;0;-1;0;0;0;0;0.0;0;0.0;0.0;0.0;0.0;0.0;0.0;1;1;132;;0.0;;;;;;;;0;0.0;0.0;0.0;0.0;0.0;0.0;0.0;-1;1;1;132;;0.0;;;;;;;;;;;;;0.0;0.0;0.0;0.0;0.0;0.0;0.0;0.0;0.0;0.0;0.0;0.0;1;1
133;tgzjz4fo;;0;0;32;;;;0;;;0.0;;;;;;;;ln6s1ftc;;;;;0;bargaining_tdl;0.0;1.0;5;0;0;https://app.prolific.com/submissions/complete?cc=C1HQEIID;133;;0.0;;;;;;;;;;;;;;;;;;;0.0;0.0;0.0;0.0;0.0;0.0;1;1;133;;0.0;;0.0;;;;0.0;0.0;0.0;0.0;;;;;;0.0;0.0;0.0;0.0;0;0.0;1;0;0;0;0;1;0;0;-1;0;0;0;0;0.0;0;0.0;0.0;0.0;0.0;0.0;0.0;1;1;133;;0.0;;;;;;;;0;0.0;0.0;0.0;0.0;0.0;0.0;0.0;-1;1;1;133;;0.0;;;;;;;;;;;;;0.0;0.0;0.0;0.0;0.0;0.0;0.0;0.0;0.0;0.0;0.0;0.0;1;1
134;anjzvdy2;;0;0;32;;;;0;;;0.0;;;;;;;;ln6s1ftc;;;;;0;bargaining_tdl;0.0;1.0;5;0;0;https://app.prolific.com/submissions/complete?cc=C1HQEIID;134;;0.0;;;;;;;;;;;;;;;;;;;0.0;0.0;0.0;0.0;0.0;0.0;1;1;134;;0.0;;0.0;;;;0.0;0.0;0.0;0.0;;;;;;0.0;0.0;0.0;0.0;0;0.0;1;0;0;0;0;1;0;0;-1;0;0;0;0;0.0;0;0.0;0.0;0.0;0.0;0.0;0.0;1;1;134;;0.0;;;;;;;;0;0.0;0.0;0.0;0.0;0.0;0.0;0.0;-1;1;1;134;;0.0;;;;;;;;;;;;;0.0;0.0;0.0;0.0;0.0;0.0;0.0;0.0;0.0;0.0;0.0;0.0;1;1
135;mnbzx1p1;;0;0;32;;;;0;;;0.0;;;;;;;;ln6s1ftc;;;;;0;bargaining_tdl;0.0;1.0;5;0;0;https://app.prolific.com/submissions/complete?cc=C1HQEIID;135;;0.0;;;;;;;;;;;;;;;;;;;0.0;0.0;0.0;0.0;0.0;0.0;1;1;135;;0.0;;0.0;;;;0.0;0.0;0.0;0.0;;;;;;0.0;0.0;0.0;0.0;0;0.0;1;0;0;0;0;1;0;0;-1;0;0;0;0;0.0;0;0.0;0.0;0.0;0.0;0.0;0.0;1;1;135;;0.0;;;;;;;;0;0.0;0.0;0.0;0.0;0.0;0.0;0.0;-1;1;1;135;;0.0;;;;;;;;;;;;;0.0;0.0;0.0;0.0;0.0;0.0;0.0;0.0;0.0;0.0;0.0;0.0;1;1
1;ibfwgkpl;;0;0;32;;;;0;;;0.0;;;;;;;;x893jo6h;;;;;1;bargaining_tdl;0.0;1.0;5;0;0;https://app.prolific.com/submissions/complete?cc=C1HQEIID;1;;0.0;;;;;;;;;;;;;;;;;;;0.0;0.0;0.0;0.0;0.0;0.0;1;1;1;;0.0;;0.0;;;;0.0;0.0;0.0;0.0;;;;;;0.0;0.0;0.0;0.0;0;0.0;1;0;0;0;0;1;0;0;-1;0;0;0;0;0.0;0;0.0;0.0;0.0;0.0;0.0;0.0;1;1;1;;0.0;;;;;;;;0;0.0;0.0;0.0;0.0;0.0;0.0;0.0;-1;1;1;1;;0.0;;;;;;;;;;;;;0.0;0.0;0.0;0.0;0.0;0.0;0.0;0.0;0.0;0.0;0.0;0.0;1;1
2;fpgmjzgf;;0;0;32;;;;0;;;0.0;;;;;;;;x893jo6h;;;;;1;bargaining_tdl;0.0;1.0;5;0;0;https://app.prolific.com/submissions/complete?cc=C1HQEIID;2;;0.0;;;;;;;;;;;;;;;;;;;0.0;0.0;0.0;0.0;0.0;0.0;1;1;2;;0.0;;0.0;;;;0.0;0.0;0.0;0.0;;;;;;0.0;0.0;0.0;0.0;0;0.0;1;0;0;0;0;1;0;0;-1;0;0;0;0;0.0;0;0.0;0.0;0.0;0.0;0.0;0.0;1;1;2;;0.0;;;;;;;;0;0.0;0.0;0.0;0.0;0.0;0.0;0.0;-1;1;1;2;;0.0;;;;;;;;;;;;;0.0;0.0;0.0;0.0;0.0;0.0;0.0;0.0;0.0;0.0;0.0;0.0;1;1
3;orexdhup;;0;0;32;;;;0;;;0.0;;;;;;;;x893jo6h;;;;;1;bargaining_tdl;0.0;1.0;5;0;0;https://app.prolific.com/submissions/complete?cc=C1HQEIID;3;;0.0;;;;;;;;;;;;;;;;;;;0.0;0.0;0.0;0.0;0.0;0.0;1;1;3;;0.0;;0.0;;;;0.0;0.0;0.0;0.0;;;;;;0.0;0.0;0.0;0.0;0;0.0;1;0;0;0;0;1;0;0;-1;0;0;0;0;0.0;0;0.0;0.0;0.0;0.0;0.0;0.0;1;1;3;;0.0;;;;;;;;0;0.0;0.0;0.0;0.0;0.0;0.0;0.0;-1;1;1;3;;0.0;;;;;;;;;;;;;0.0;0.0;0.0;0.0;0.0;0.0;0.0;0.0;0.0;0.0;0.0;0.0;1;1
1;ax6us4rn;;0;0;32;;;;0;;;0.0;;;;;;;;sxx57wi6;;;;;1;bargaining_tdl;0.0;1.0;5;0;0;https://app.prolific.com/submissions/complete?cc=C1HQEIID;1;;0.0;;;;;;;;;;;;;;;;;;;0.0;0.0;0.0;0.0;0.0;0.0;1;1;1;;0.0;;0.0;;;;0.0;0.0;0.0;0.0;;;;;;0.0;0.0;0.0;0.0;0;0.0;1;0;0;0;0;1;0;0;-1;0;0;0;0;0.0;0;0.0;0.0;0.0;0.0;0.0;0.0;1;1;1;;0.0;;;;;;;;0;0.0;0.0;0.0;0.0;0.0;0.0;0.0;-1;1;1;1;;0.0;;;;;;;;;;;;;0.0;0.0;0.0;0.0;0.0;0.0;0.0;0.0;0.0;0.0;0.0;0.0;1;1
2;z9xwja3d;;0;0;32;;;;0;;;0.0;;;;;;;;sxx57wi6;;;;;1;bargaining_tdl;0.0;1.0;5;0;0;https://app.prolific.com/submissions/complete?cc=C1HQEIID;2;;0.0;;;;;;;;;;;;;;;;;;;0.0;0.0;0.0;0.0;0.0;0.0;1;1;2;;0.0;;0.0;;;;0.0;0.0;0.0;0.0;;;;;;0.0;0.0;0.0;0.0;0;0.0;1;0;0;0;0;1;0;0;-1;0;0;0;0;0.0;0;0.0;0.0;0.0;0.0;0.0;0.0;1;1;2;;0.0;;;;;;;;0;0.0;0.0;0.0;0.0;0.0;0.0;0.0;-1;1;1;2;;0.0;;;;;;;;;;;;;0.0;0.0;0.0;0.0;0.0;0.0;0.0;0.0;0.0;0.0;0.0;0.0;1;1
3;2bw6bnk9;;0;0;32;;;;0;;;0.0;;;;;;;;sxx57wi6;;;;;1;bargaining_tdl;0.0;1.0;5;0;0;https://app.prolific.com/submissions/complete?cc=C1HQEIID;3;;0.0;;;;;;;;;;;;;;;;;;;0.0;0.0;0.0;0.0;0.0;0.0;1;1;3;;0.0;;0.0;;;;0.0;0.0;0.0;0.0;;;;;;0.0;0.0;0.0;0.0;0;0.0;1;0;0;0;0;1;0;0;-1;0;0;0;0;0.0;0;0.0;0.0;0.0;0.0;0.0;0.0;1;1;3;;0.0;;;;;;;;0;0.0;0.0;0.0;0.0;0.0;0.0;0.0;-1;1;1;3;;0.0;;;;;;;;;;;;;0.0;0.0;0.0;0.0;0.0;0.0;0.0;0.0;0.0;0.0;0.0;0.0;1;1
1;i4i3tmug;;0;32;32;bargaining_tdl_survey;FinalResults;2026-05-22 08:29:59.616594;1;;;4.0;;;;;;0;1;yd5nzig1;;;;;0;bargaining_tdl;0.0;1.0;5;0;0;https://app.prolific.com/submissions/complete?cc=C1HQEIID;1;;0.0;;;;;;;;;;6;0;6;4;4;4;0;0;0;284.13;88.51;117.08;0.0;0.0;117.08;1;1;1;;4.0;Red;4.0;split_other;split_you;right;284.13;24.01;30.43;54.44;Right;split_both;split_both;simlh0ez;9lowtshx;0.0;14.21;12.36;12.36;0;0.0;1;0;0;0;0;5;1;1;1;1;1;1;1;17.794.397.356.368.700;3;1.779.439.646.105.810;17.794.396.456.368.200;1.779.439.612.192.780;0.0;17.794.396.738.752.400;1.779.439.642.192.780;1;1;1;;0.0;share_both;;;;;;;0;63.4;0.0;0.0;0.0;63.4;2.05;2.05;-1;1;1;1;;0.0;0;23;Economics;5;not_in_labour_force;8;7;10;6;8;10;2.0;26.6;4.93;19.55;5.4;13.77;5.0;3.09;8.42;6.23;3.17;26.6;0.0;1;1
2;9lowtshx;;0;32;32;bargaining_tdl_survey;FinalResults;2026-05-22 08:37:27.855501;1;;;4.0;;;;;;0;1;yd5nzig1;;;;;0;bargaining_tdl;0.0;1.0;5;0;0;https://app.prolific.com/submissions/complete?cc=C1HQEIID;2;;0.0;;;;;;;;;;6;0;6;4;4;4;0;0;0;19.93;192.66;36.99;0.0;0.0;36.99;1;1;2;;4.0;Green;4.0;split_both;split_both;left;19.93;145.22;74.24;21.945.999.999.999.900;Both;split_you;split_both;i4i3tmug;simlh0ez;0.0;61.77;20.23;20.23;1;1.779.439.645.622.120;1;0;0;0;0;5;1;1;1;1;1;1;1;17.794.397.356.368.700;3;1.779.439.646.105.810;17.794.396.456.368.200;1.779.439.612.192.780;0.0;17.794.396.738.752.400;1.779.439.642.192.780;1;1;2;;0.0;share_both;;;;;;;0;79.77;0.0;0.0;0.0;79.77;5.38;5.38;-1;1;1;2;;0.0;0;22;Economia Politica;3;not_in_labour_force;10;10;10;10;10;10;1.9;63.36;0.94;18.61;3.47;3.49;9.62;5.43;3.22;3.69;25.42;63.36;0.0;1;1
3;simlh0ez;;0;17;32;bargaining_tdl_main;InactivityGoodbyeMain;2026-05-22 08:38:37.395552;1;;;0.0;;;;;;1;0;yd5nzig1;;;;;0;bargaining_tdl;0.0;1.0;5;0;0;https://app.prolific.com/submissions/complete?cc=C1HQEIID;3;;0.0;;;;;;;;;;6;0;6;4;4;4;0;0;0;73.66;78.46;92.35;0.0;0.0;92.35;1;1;3;;0.0;Blue;4.0;split_both;split_both;left;73.66;112.06;94.04;20.610.000.000.000.000;Both;split_both;split_other;9lowtshx;i4i3tmug;0.0;62.6;0.0;62.6;1;17.794.396.456.368.700;0;99;0;0;0;5;1;1;1;1;1;1;1;17.794.397.356.368.700;3;1.779.439.646.105.810;17.794.396.456.368.200;1.779.439.612.192.780;0.0;17.794.396.738.752.400;1.779.439.642.192.780;1;1;3;;0.0;;;;;;;;0;0.0;0.0;0.0;0.0;0.0;0.0;0.0;-1;1;1;3;;0.0;;;;;;;;;;;;;0.0;0.0;0.0;0.0;0.0;0.0;0.0;0.0;0.0;0.0;0.0;0.0;1;1
4;viaxlpcy;;0;32;32;bargaining_tdl_survey;FinalResults;2026-05-22 08:29:57.036231;1;;;0.0;;;;;;0;1;yd5nzig1;;;;;0;bargaining_tdl;0.0;1.0;5;0;0;https://app.prolific.com/submissions/complete?cc=C1HQEIID;4;;0.0;;;;;;;;;;6;0;6;4;4;4;0;0;0;129.15;170.5;291.43;0.0;0.0;291.43;1;1;1;;0.0;Red;6.0;split_both;split_both;left;129.15;155.92;33.98;18.989.999.999.999.900;Left;split_you;split_both;sthih2j8;bnuc6jnp;0.0;53.96;27.29;27.29;1;17.794.394.039.987.600;1;0;0;0;0;4;1;0;0;1;1;1;1;17.794.394.940.172.900;3;1.779.439.404.017.260;17.794.393.918.164.400;17.794.393.151.819.700;17.794.394.250.779.300;1.779.439.417.659.350;0.0;1;1;4;;0.0;share_one;;;;;;;0;84.28;0.0;0.0;0.0;84.28;16.39;16.39;-1;1;1;4;;0.0;1;22;Economics;5;not_in_labour_force;8;6;5;3;7;5;1.9;122.07;17.81;41.31;23.88;32.34;7.98;7.64;33.57;8.61;5.34;122.07;0.0;1;1
5;b6mb3dyb;;0;32;32;bargaining_tdl_survey;FinalResults;2026-05-22 08:29:50.871217;1;;;0.0;;;;;;0;1;yd5nzig1;;;;;0;bargaining_tdl;0.0;1.0;5;0;0;https://app.prolific.com/submissions/complete?cc=C1HQEIID;5;;0.0;;;;;;;;;;6;0;6;4;4;4;0;0;0;153.05;298.04;108.3;0.0;0.0;108.3;1;1;1;;0.0;Red;6.0;split_other;split_you;right;153.05;332.94;23.08;356.02;Right;split_you;split_you;cpn08rvz;4uvdbn2v;0.0;26.39;9.13;9.13;0;0.0;1;0;0;0;0;3;1;0;0;1;1;1;1;17.794.395.152.354.300;3;17.794.395.182.393.600;17.794.395.177.432.400;1.779.439.412.998.350;0.0;17.794.395.435.179.800;0.0;1;1;5;;0.0;share_both;;;;;;;0;50.45;0.0;0.0;0.0;50.45;2.03;2.03;-1;1;1;5;;0.0;1;22;economics;4;not_in_labour_force;9;5;10;4;9;4;1.4;66.08;4.09;17.08;9.14;25.4;6.83;6.4;9.34;6.64;11.81;66.08;0.0;1;1
6;9r3ttt9c;;0;32;32;bargaining_tdl_survey;FinalResults;2026-05-22 08:29:56.050759;1;;;0.0;;;;;;0;1;yd5nzig1;;;;;0;bargaining_tdl;0.0;1.0;5;0;0;https://app.prolific.com/submissions/complete?cc=C1HQEIID;6;;0.0;;;;;;;;;;6;0;6;4;4;4;0;0;0;37.88;280.8;19.38;0.0;0.0;19.38;1;1;1;;0.0;Red;6.0;split_you;split_other;left;37.88;145.62;8.88;154.5;Left;split_other;split_both;dbc3qlg7;n3fe0c5q;0.0;9.65;9.9;9.9;1;17.794.391.728.963.100;1;0;0;0;0;2;1;0;0;1;1;1;0;17.794.392.629.104.600;2;17.794.391.729.104.200;17.794.390.666.489.400;177.943.917.326.988;17.794.391.998.934.700;17.794.390.934.372.300;0.0;1;1;6;;0.0;share_one;;;;;;;0;188.29;0.0;0.0;0.0;188.29;3.14;3.14;-1;1;1;6;;0.0;0;22;development economics;4;not_in_labour_force;10;8;9;2;8;0;1.8;62.85;7.61;20.75;28.89;42.6;11.38;7.54;12.65;25.43;20.68;62.85;0.0;1;1
7;uq4bno51;;0;8;32;bargaining_tdl_intro;Goodbye;2026-05-22 08:30:06.258171;1;;;0.0;;;;;;;;yd5nzig1;;;;;0;bargaining_tdl;0.0;1.0;5;0;0;https://app.prolific.com/submissions/complete?cc=C1HQEIID;7;;0.0;;;;;;;;;;6;0;6;4;4;4;4;4;4;10.9;422.66;56.81;0.0;0.0;56.81;1;1;7;;0.0;;0.0;;;;0.0;0.0;0.0;0.0;;;;;;0.0;0.0;0.0;0.0;0;0.0;1;0;0;0;0;1;0;0;-1;0;0;0;0;0.0;0;0.0;0.0;0.0;0.0;0.0;0.0;1;1;7;;0.0;;;;;;;;0;0.0;0.0;0.0;0.0;0.0;0.0;0.0;-1;1;1;7;;0.0;;;;;;;;;;;;;0.0;0.0;0.0;0.0;0.0;0.0;0.0;0.0;0.0;0.0;0.0;0.0;1;1
8;4xzbaozv;;0;8;32;bargaining_tdl_intro;Goodbye;2026-05-22 08:30:59.094500;1;;;0.0;;;;;;;;yd5nzig1;;;;;0;bargaining_tdl;0.0;1.0;5;0;0;https://app.prolific.com/submissions/complete?cc=C1HQEIID;8;;0.0;;;;;;;;;;6;0;6;4;4;4;6;0;6;52.09;315.13;12.21;0.0;0.0;12.21;1;1;8;;0.0;;0.0;;;;0.0;0.0;0.0;0.0;;;;;;0.0;0.0;0.0;0.0;0;0.0;1;0;0;0;0;1;0;0;-1;0;0;0;0;0.0;0;0.0;0.0;0.0;0.0;0.0;0.0;1;1;8;;0.0;;;;;;;;0;0.0;0.0;0.0;0.0;0.0;0.0;0.0;-1;1;1;8;;0.0;;;;;;;;;;;;;0.0;0.0;0.0;0.0;0.0;0.0;0.0;0.0;0.0;0.0;0.0;0.0;1;1
9;bnuc6jnp;;0;32;32;bargaining_tdl_survey;FinalResults;2026-05-22 08:30:23.870058;1;;;0.0;;;;;;0;1;yd5nzig1;;;;;0;bargaining_tdl;0.0;1.0;5;0;0;https://app.prolific.com/submissions/complete?cc=C1HQEIID;9;;0.0;;;;;;;;;;6;0;6;4;4;4;0;0;0;419.87;129.1;71.72;0.0;0.0;71.72;1;1;2;;0.0;Green;0.0;split_both;split_both;left;419.87;143.93;21.74;16.567.000.000.000.000;Both;split_both;split_you;viaxlpcy;sthih2j8;0.0;18.83;10.9;10.9;1;1.779.439.391.803.180;1;0;0;0;0;4;1;0;0;1;1;1;1;17.794.394.940.172.900;3;1.779.439.404.017.260;17.794.393.918.164.400;17.794.393.151.819.700;17.794.394.250.779.300;1.779.439.417.659.350;0.0;1;1;9;;0.0;share_both;;;;;;;0;61.33;0.0;0.0;0.0;61.33;7.22;7.22;-1;1;1;9;;0.0;1;22;Economy;4;not_in_labour_force;6;1;8;1;7;4;1.8;94.21;10.27;31.53;21.21;12.32;7.89;6.3;8.89;9.4;5.51;94.21;0.0;1;1
10;qv5ox1qc;;0;8;32;bargaining_tdl_intro;Goodbye;2026-05-22 08:35:13.078226;1;;;0.0;;;;;;;;yd5nzig1;;;;;0;bargaining_tdl;0.0;1.0;5;0;0;https://app.prolific.com/submissions/complete?cc=C1HQEIID;10;;0.0;;;;;;;;;;6;0;6;4;4;4;4;0;0;9.47;120.85;7.45;0.0;0.0;7.45;1;1;10;;0.0;;0.0;;;;0.0;0.0;0.0;0.0;;;;;;0.0;0.0;0.0;0.0;0;0.0;1;0;0;0;0;1;0;0;-1;0;0;0;0;0.0;0;0.0;0.0;0.0;0.0;0.0;0.0;1;1;10;;0.0;;;;;;;;0;0.0;0.0;0.0;0.0;0.0;0.0;0.0;-1;1;1;10;;0.0;;;;;;;;;;;;;0.0;0.0;0.0;0.0;0.0;0.0;0.0;0.0;0.0;0.0;0.0;0.0;1;1
11;n3fe0c5q;;0;32;32;bargaining_tdl_survey;FinalResults;2026-05-22 08:29:58.363352;1;;;0.0;;;;;;0;1;yd5nzig1;;;;;0;bargaining_tdl;0.0;1.0;5;0;0;https://app.prolific.com/submissions/complete?cc=C1HQEIID;11;;0.0;;;;;;;;;;6;0;6;4;4;4;0;0;0;30.05;223.75;65.11;0.0;0.0;65.11;1;1;2;;0.0;Green;0.0;split_both;split_both;left;30.05;39.52;10.78;50.300.000.000.000.000;Both;split_other;split_other;9r3ttt9c;dbc3qlg7;0.0;10.81;7.67;7.67;1;17.794.391.729.104.600;1;0;0;0;0;2;1;0;0;1;1;1;0;17.794.392.629.104.600;2;17.794.391.729.104.200;17.794.390.666.489.400;177.943.917.326.988;17.794.391.998.934.700;17.794.390.934.372.300;0.0;1;1;11;;0.0;share_both;;;;;;;0;42.72;0.0;0.0;0.0;42.72;3.95;3.95;-1;1;1;11;;0.0;0;27;economics;5;not_in_labour_force;4;7;8;4;8;2;1.4;41.99;5.85;26.04;13.58;12.41;4.73;5.42;6.88;6.51;4.46;41.99;0.0;1;1
12;4uvdbn2v;;0;32;32;bargaining_tdl_survey;FinalResults;2026-05-22 08:31:18.249389;1;;;0.0;;;;;;0;1;yd5nzig1;;;;;0;bargaining_tdl;0.0;1.0;5;0;0;https://app.prolific.com/submissions/complete?cc=C1HQEIID;12;;0.0;;;;;;;;;;6;0;6;4;4;4;0;0;0;70.43;187.91;127.92;0.0;0.0;127.92;1;1;2;;0.0;Green;6.0;split_you;split_other;left;70.43;331.94;48.51;380.45;Left;split_you;split_you;b6mb3dyb;cpn08rvz;0.0;13.85;7.55;7.55;0;0.0;1;0;0;0;0;3;1;0;0;1;1;1;1;17.794.395.152.354.300;3;17.794.395.182.393.600;17.794.395.177.432.400;1.779.439.412.998.350;0.0;17.794.395.435.179.800;0.0;1;1;12;;0.0;share_one;;;;;;;0;45.42;0.0;0.0;0.0;45.42;7.1;7.1;-1;1;1;12;;0.0;0;23;economics;5;not_in_labour_force;3;4;8;4;6;2;2.0;67.28;2.54;26.23;16.64;13.96;14.03;7.82;10.24;6.62;4.98;67.28;0.0;1;1
13;dbc3qlg7;;0;32;32;bargaining_tdl_survey;FinalResults;2026-05-22 08:30:57.834710;1;;;0.0;;;;;;0;1;yd5nzig1;;;;;0;bargaining_tdl;0.0;1.0;5;0;0;https://app.prolific.com/submissions/complete?cc=C1HQEIID;13;;0.0;;;;;;;;;;6;0;6;4;4;4;0;0;0;68.34;174.99;85.25;0.0;0.0;85.25;1;1;3;;0.0;Blue;6.0;split_other;split_other;right;68.34;145.01;39.73;18.473.999.999.999.900;Right;split_both;split_you;n3fe0c5q;9r3ttt9c;0.0;34.18;4.78;4.78;0;0.0;1;0;0;0;0;2;1;0;0;1;1;1;0;17.794.392.629.104.600;2;17.794.391.729.104.200;17.794.390.666.489.400;177.943.917.326.988;17.794.391.998.934.700;17.794.390.934.372.300;0.0;1;1;13;;0.0;share_one;;;;;;;0;97.63;0.0;0.0;0.0;97.63;27.77;27.77;-1;1;1;13;;0.0;1;24;economics;4;not_in_labour_force;3;3;7;5;8;5;1.8;27.15;2.15;141.33;3.48;30.19;14.51;6.44;32.74;5.98;24.12;27.15;0.0;1;1
14;p9ai9mti;;0;0;32;;;;0;;;0.0;;;;;;;;yd5nzig1;;;;;0;bargaining_tdl;0.0;1.0;5;0;0;https://app.prolific.com/submissions/complete?cc=C1HQEIID;14;;0.0;;;;;;;;;;;;;;;;;;;0.0;0.0;0.0;0.0;0.0;0.0;1;1;14;;0.0;;0.0;;;;0.0;0.0;0.0;0.0;;;;;;0.0;0.0;0.0;0.0;0;0.0;1;0;0;0;0;1;0;0;-1;0;0;0;0;0.0;0;0.0;0.0;0.0;0.0;0.0;0.0;1;1;14;;0.0;;;;;;;;0;0.0;0.0;0.0;0.0;0.0;0.0;0.0;-1;1;1;14;;0.0;;;;;;;;;;;;;0.0;0.0;0.0;0.0;0.0;0.0;0.0;0.0;0.0;0.0;0.0;0.0;1;1
15;sthih2j8;;0;17;32;bargaining_tdl_main;InactivityGoodbyeMain;2026-05-22 08:29:50.324057;1;;;0.0;;;;;;1;0;yd5nzig1;;;;;0;bargaining_tdl;0.0;1.0;5;0;0;https://app.prolific.com/submissions/complete?cc=C1HQEIID;15;;0.0;;;;;;;;;;6;0;6;4;4;4;0;0;0;349.6;196.13;35.86;0.0;0.0;35.86;1;1;3;;0.0;Blue;6.0;split_you;split_you;left;349.6;0.0;61.24;61.24;Right;split_both;split_both;bnuc6jnp;viaxlpcy;0.0;0.0;0.0;61.24;1;17.794.394.040.172.900;0;99;0;0;0;4;1;0;0;1;1;1;1;17.794.394.940.172.900;3;1.779.439.404.017.260;17.794.393.918.164.400;17.794.393.151.819.700;17.794.394.250.779.300;1.779.439.417.659.350;0.0;1;1;15;;0.0;;;;;;;;0;0.0;0.0;0.0;0.0;0.0;0.0;0.0;-1;1;1;15;;0.0;;;;;;;;;;;;;0.0;0.0;0.0;0.0;0.0;0.0;0.0;0.0;0.0;0.0;0.0;0.0;1;1
16;cpn08rvz;;0;17;32;bargaining_tdl_main;InactivityGoodbyeMain;2026-05-22 08:34:59.372381;1;;;0.0;;;;;;1;0;yd5nzig1;;;;;0;bargaining_tdl;0.0;1.0;5;0;0;https://app.prolific.com/submissions/complete?cc=C1HQEIID;16;;0.0;;;;;;;;;;6;0;6;4;4;4;0;0;0;66.26;156.38;17.84;0.0;0.0;17.84;1;1;3;;0.0;Blue;0.0;split_you;split_you;left;66.26;0.0;51.75;51.75;Left;split_other;split_other;4uvdbn2v;b6mb3dyb;0.0;0.0;0.0;51.75;1;17.794.394.252.354.300;0;99;0;0;0;3;1;0;0;1;1;1;1;17.794.395.152.354.300;3;17.794.395.182.393.600;17.794.395.177.432.400;1.779.439.412.998.350;0.0;17.794.395.435.179.800;0.0;1;1;16;;0.0;;;;;;;;0;0.0;0.0;0.0;0.0;0.0;0.0;0.0;-1;1;1;16;;0.0;;;;;;;;;;;;;0.0;0.0;0.0;0.0;0.0;0.0;0.0;0.0;0.0;0.0;0.0;0.0;1;1
17;xm9pybg5;;0;0;32;;;;0;;;0.0;;;;;;;;yd5nzig1;;;;;0;bargaining_tdl;0.0;1.0;5;0;0;https://app.prolific.com/submissions/complete?cc=C1HQEIID;17;;0.0;;;;;;;;;;;;;;;;;;;0.0;0.0;0.0;0.0;0.0;0.0;1;1;17;;0.0;;0.0;;;;0.0;0.0;0.0;0.0;;;;;;0.0;0.0;0.0;0.0;0;0.0;1;0;0;0;0;1;0;0;-1;0;0;0;0;0.0;0;0.0;0.0;0.0;0.0;0.0;0.0;1;1;17;;0.0;;;;;;;;0;0.0;0.0;0.0;0.0;0.0;0.0;0.0;-1;1;1;17;;0.0;;;;;;;;;;;;;0.0;0.0;0.0;0.0;0.0;0.0;0.0;0.0;0.0;0.0;0.0;0.0;1;1
18;5co5ezka;;0;0;32;;;;0;;;0.0;;;;;;;;yd5nzig1;;;;;0;bargaining_tdl;0.0;1.0;5;0;0;https://app.prolific.com/submissions/complete?cc=C1HQEIID;18;;0.0;;;;;;;;;;;;;;;;;;;0.0;0.0;0.0;0.0;0.0;0.0;1;1;18;;0.0;;0.0;;;;0.0;0.0;0.0;0.0;;;;;;0.0;0.0;0.0;0.0;0;0.0;1;0;0;0;0;1;0;0;-1;0;0;0;0;0.0;0;0.0;0.0;0.0;0.0;0.0;0.0;1;1;18;;0.0;;;;;;;;0;0.0;0.0;0.0;0.0;0.0;0.0;0.0;-1;1;1;18;;0.0;;;;;;;;;;;;;0.0;0.0;0.0;0.0;0.0;0.0;0.0;0.0;0.0;0.0;0.0;0.0;1;1
19;q0yfile5;;0;0;32;;;;0;;;0.0;;;;;;;;yd5nzig1;;;;;0;bargaining_tdl;0.0;1.0;5;0;0;https://app.prolific.com/submissions/complete?cc=C1HQEIID;19;;0.0;;;;;;;;;;;;;;;;;;;0.0;0.0;0.0;0.0;0.0;0.0;1;1;19;;0.0;;0.0;;;;0.0;0.0;0.0;0.0;;;;;;0.0;0.0;0.0;0.0;0;0.0;1;0;0;0;0;1;0;0;-1;0;0;0;0;0.0;0;0.0;0.0;0.0;0.0;0.0;0.0;1;1;19;;0.0;;;;;;;;0;0.0;0.0;0.0;0.0;0.0;0.0;0.0;-1;1;1;19;;0.0;;;;;;;;;;;;;0.0;0.0;0.0;0.0;0.0;0.0;0.0;0.0;0.0;0.0;0.0;0.0;1;1
20;ax1202mv;;0;0;32;;;;0;;;0.0;;;;;;;;yd5nzig1;;;;;0;bargaining_tdl;0.0;1.0;5;0;0;https://app.prolific.com/submissions/complete?cc=C1HQEIID;20;;0.0;;;;;;;;;;;;;;;;;;;0.0;0.0;0.0;0.0;0.0;0.0;1;1;20;;0.0;;0.0;;;;0.0;0.0;0.0;0.0;;;;;;0.0;0.0;0.0;0.0;0;0.0;1;0;0;0;0;1;0;0;-1;0;0;0;0;0.0;0;0.0;0.0;0.0;0.0;0.0;0.0;1;1;20;;0.0;;;;;;;;0;0.0;0.0;0.0;0.0;0.0;0.0;0.0;-1;1;1;20;;0.0;;;;;;;;;;;;;0.0;0.0;0.0;0.0;0.0;0.0;0.0;0.0;0.0;0.0;0.0;0.0;1;1
21;sfp1e8ab;;0;0;32;;;;0;;;0.0;;;;;;;;yd5nzig1;;;;;0;bargaining_tdl;0.0;1.0;5;0;0;https://app.prolific.com/submissions/complete?cc=C1HQEIID;21;;0.0;;;;;;;;;;;;;;;;;;;0.0;0.0;0.0;0.0;0.0;0.0;1;1;21;;0.0;;0.0;;;;0.0;0.0;0.0;0.0;;;;;;0.0;0.0;0.0;0.0;0;0.0;1;0;0;0;0;1;0;0;-1;0;0;0;0;0.0;0;0.0;0.0;0.0;0.0;0.0;0.0;1;1;21;;0.0;;;;;;;;0;0.0;0.0;0.0;0.0;0.0;0.0;0.0;-1;1;1;21;;0.0;;;;;;;;;;;;;0.0;0.0;0.0;0.0;0.0;0.0;0.0;0.0;0.0;0.0;0.0;0.0;1;1
22;szv94ink;;0;0;32;;;;0;;;0.0;;;;;;;;yd5nzig1;;;;;0;bargaining_tdl;0.0;1.0;5;0;0;https://app.prolific.com/submissions/complete?cc=C1HQEIID;22;;0.0;;;;;;;;;;;;;;;;;;;0.0;0.0;0.0;0.0;0.0;0.0;1;1;22;;0.0;;0.0;;;;0.0;0.0;0.0;0.0;;;;;;0.0;0.0;0.0;0.0;0;0.0;1;0;0;0;0;1;0;0;-1;0;0;0;0;0.0;0;0.0;0.0;0.0;0.0;0.0;0.0;1;1;22;;0.0;;;;;;;;0;0.0;0.0;0.0;0.0;0.0;0.0;0.0;-1;1;1;22;;0.0;;;;;;;;;;;;;0.0;0.0;0.0;0.0;0.0;0.0;0.0;0.0;0.0;0.0;0.0;0.0;1;1
23;vdhncyrq;;0;0;32;;;;0;;;0.0;;;;;;;;yd5nzig1;;;;;0;bargaining_tdl;0.0;1.0;5;0;0;https://app.prolific.com/submissions/complete?cc=C1HQEIID;23;;0.0;;;;;;;;;;;;;;;;;;;0.0;0.0;0.0;0.0;0.0;0.0;1;1;23;;0.0;;0.0;;;;0.0;0.0;0.0;0.0;;;;;;0.0;0.0;0.0;0.0;0;0.0;1;0;0;0;0;1;0;0;-1;0;0;0;0;0.0;0;0.0;0.0;0.0;0.0;0.0;0.0;1;1;23;;0.0;;;;;;;;0;0.0;0.0;0.0;0.0;0.0;0.0;0.0;-1;1;1;23;;0.0;;;;;;;;;;;;;0.0;0.0;0.0;0.0;0.0;0.0;0.0;0.0;0.0;0.0;0.0;0.0;1;1
24;gc76c1t3;;0;0;32;;;;0;;;0.0;;;;;;;;yd5nzig1;;;;;0;bargaining_tdl;0.0;1.0;5;0;0;https://app.prolific.com/submissions/complete?cc=C1HQEIID;24;;0.0;;;;;;;;;;;;;;;;;;;0.0;0.0;0.0;0.0;0.0;0.0;1;1;24;;0.0;;0.0;;;;0.0;0.0;0.0;0.0;;;;;;0.0;0.0;0.0;0.0;0;0.0;1;0;0;0;0;1;0;0;-1;0;0;0;0;0.0;0;0.0;0.0;0.0;0.0;0.0;0.0;1;1;24;;0.0;;;;;;;;0;0.0;0.0;0.0;0.0;0.0;0.0;0.0;-1;1;1;24;;0.0;;;;;;;;;;;;;0.0;0.0;0.0;0.0;0.0;0.0;0.0;0.0;0.0;0.0;0.0;0.0;1;1
25;zr62s55h;;0;0;32;;;;0;;;0.0;;;;;;;;yd5nzig1;;;;;0;bargaining_tdl;0.0;1.0;5;0;0;https://app.prolific.com/submissions/complete?cc=C1HQEIID;25;;0.0;;;;;;;;;;;;;;;;;;;0.0;0.0;0.0;0.0;0.0;0.0;1;1;25;;0.0;;0.0;;;;0.0;0.0;0.0;0.0;;;;;;0.0;0.0;0.0;0.0;0;0.0;1;0;0;0;0;1;0;0;-1;0;0;0;0;0.0;0;0.0;0.0;0.0;0.0;0.0;0.0;1;1;25;;0.0;;;;;;;;0;0.0;0.0;0.0;0.0;0.0;0.0;0.0;-1;1;1;25;;0.0;;;;;;;;;;;;;0.0;0.0;0.0;0.0;0.0;0.0;0.0;0.0;0.0;0.0;0.0;0.0;1;1
26;ae9eyrrf;;0;0;32;;;;0;;;0.0;;;;;;;;yd5nzig1;;;;;0;bargaining_tdl;0.0;1.0;5;0;0;https://app.prolific.com/submissions/complete?cc=C1HQEIID;26;;0.0;;;;;;;;;;;;;;;;;;;0.0;0.0;0.0;0.0;0.0;0.0;1;1;26;;0.0;;0.0;;;;0.0;0.0;0.0;0.0;;;;;;0.0;0.0;0.0;0.0;0;0.0;1;0;0;0;0;1;0;0;-1;0;0;0;0;0.0;0;0.0;0.0;0.0;0.0;0.0;0.0;1;1;26;;0.0;;;;;;;;0;0.0;0.0;0.0;0.0;0.0;0.0;0.0;-1;1;1;26;;0.0;;;;;;;;;;;;;0.0;0.0;0.0;0.0;0.0;0.0;0.0;0.0;0.0;0.0;0.0;0.0;1;1
27;uw7jbxqu;;0;0;32;;;;0;;;0.0;;;;;;;;yd5nzig1;;;;;0;bargaining_tdl;0.0;1.0;5;0;0;https://app.prolific.com/submissions/complete?cc=C1HQEIID;27;;0.0;;;;;;;;;;;;;;;;;;;0.0;0.0;0.0;0.0;0.0;0.0;1;1;27;;0.0;;0.0;;;;0.0;0.0;0.0;0.0;;;;;;0.0;0.0;0.0;0.0;0;0.0;1;0;0;0;0;1;0;0;-1;0;0;0;0;0.0;0;0.0;0.0;0.0;0.0;0.0;0.0;1;1;27;;0.0;;;;;;;;0;0.0;0.0;0.0;0.0;0.0;0.0;0.0;-1;1;1;27;;0.0;;;;;;;;;;;;;0.0;0.0;0.0;0.0;0.0;0.0;0.0;0.0;0.0;0.0;0.0;0.0;1;1
28;wch6gi7w;;0;0;32;;;;0;;;0.0;;;;;;;;yd5nzig1;;;;;0;bargaining_tdl;0.0;1.0;5;0;0;https://app.prolific.com/submissions/complete?cc=C1HQEIID;28;;0.0;;;;;;;;;;;;;;;;;;;0.0;0.0;0.0;0.0;0.0;0.0;1;1;28;;0.0;;0.0;;;;0.0;0.0;0.0;0.0;;;;;;0.0;0.0;0.0;0.0;0;0.0;1;0;0;0;0;1;0;0;-1;0;0;0;0;0.0;0;0.0;0.0;0.0;0.0;0.0;0.0;1;1;28;;0.0;;;;;;;;0;0.0;0.0;0.0;0.0;0.0;0.0;0.0;-1;1;1;28;;0.0;;;;;;;;;;;;;0.0;0.0;0.0;0.0;0.0;0.0;0.0;0.0;0.0;0.0;0.0;0.0;1;1
29;2fff8441;;0;0;32;;;;0;;;0.0;;;;;;;;yd5nzig1;;;;;0;bargaining_tdl;0.0;1.0;5;0;0;https://app.prolific.com/submissions/complete?cc=C1HQEIID;29;;0.0;;;;;;;;;;;;;;;;;;;0.0;0.0;0.0;0.0;0.0;0.0;1;1;29;;0.0;;0.0;;;;0.0;0.0;0.0;0.0;;;;;;0.0;0.0;0.0;0.0;0;0.0;1;0;0;0;0;1;0;0;-1;0;0;0;0;0.0;0;0.0;0.0;0.0;0.0;0.0;0.0;1;1;29;;0.0;;;;;;;;0;0.0;0.0;0.0;0.0;0.0;0.0;0.0;-1;1;1;29;;0.0;;;;;;;;;;;;;0.0;0.0;0.0;0.0;0.0;0.0;0.0;0.0;0.0;0.0;0.0;0.0;1;1
30;h6gbkfz7;;0;0;32;;;;0;;;0.0;;;;;;;;yd5nzig1;;;;;0;bargaining_tdl;0.0;1.0;5;0;0;https://app.prolific.com/submissions/complete?cc=C1HQEIID;30;;0.0;;;;;;;;;;;;;;;;;;;0.0;0.0;0.0;0.0;0.0;0.0;1;1;30;;0.0;;0.0;;;;0.0;0.0;0.0;0.0;;;;;;0.0;0.0;0.0;0.0;0;0.0;1;0;0;0;0;1;0;0;-1;0;0;0;0;0.0;0;0.0;0.0;0.0;0.0;0.0;0.0;1;1;30;;0.0;;;;;;;;0;0.0;0.0;0.0;0.0;0.0;0.0;0.0;-1;1;1;30;;0.0;;;;;;;;;;;;;0.0;0.0;0.0;0.0;0.0;0.0;0.0;0.0;0.0;0.0;0.0;0.0;1;1
31;p5nxs3dx;;0;0;32;;;;0;;;0.0;;;;;;;;yd5nzig1;;;;;0;bargaining_tdl;0.0;1.0;5;0;0;https://app.prolific.com/submissions/complete?cc=C1HQEIID;31;;0.0;;;;;;;;;;;;;;;;;;;0.0;0.0;0.0;0.0;0.0;0.0;1;1;31;;0.0;;0.0;;;;0.0;0.0;0.0;0.0;;;;;;0.0;0.0;0.0;0.0;0;0.0;1;0;0;0;0;1;0;0;-1;0;0;0;0;0.0;0;0.0;0.0;0.0;0.0;0.0;0.0;1;1;31;;0.0;;;;;;;;0;0.0;0.0;0.0;0.0;0.0;0.0;0.0;-1;1;1;31;;0.0;;;;;;;;;;;;;0.0;0.0;0.0;0.0;0.0;0.0;0.0;0.0;0.0;0.0;0.0;0.0;1;1
32;qayalwfz;;0;0;32;;;;0;;;0.0;;;;;;;;yd5nzig1;;;;;0;bargaining_tdl;0.0;1.0;5;0;0;https://app.prolific.com/submissions/complete?cc=C1HQEIID;32;;0.0;;;;;;;;;;;;;;;;;;;0.0;0.0;0.0;0.0;0.0;0.0;1;1;32;;0.0;;0.0;;;;0.0;0.0;0.0;0.0;;;;;;0.0;0.0;0.0;0.0;0;0.0;1;0;0;0;0;1;0;0;-1;0;0;0;0;0.0;0;0.0;0.0;0.0;0.0;0.0;0.0;1;1;32;;0.0;;;;;;;;0;0.0;0.0;0.0;0.0;0.0;0.0;0.0;-1;1;1;32;;0.0;;;;;;;;;;;;;0.0;0.0;0.0;0.0;0.0;0.0;0.0;0.0;0.0;0.0;0.0;0.0;1;1
33;augtm4kx;;0;0;32;;;;0;;;0.0;;;;;;;;yd5nzig1;;;;;0;bargaining_tdl;0.0;1.0;5;0;0;https://app.prolific.com/submissions/complete?cc=C1HQEIID;33;;0.0;;;;;;;;;;;;;;;;;;;0.0;0.0;0.0;0.0;0.0;0.0;1;1;33;;0.0;;0.0;;;;0.0;0.0;0.0;0.0;;;;;;0.0;0.0;0.0;0.0;0;0.0;1;0;0;0;0;1;0;0;-1;0;0;0;0;0.0;0;0.0;0.0;0.0;0.0;0.0;0.0;1;1;33;;0.0;;;;;;;;0;0.0;0.0;0.0;0.0;0.0;0.0;0.0;-1;1;1;33;;0.0;;;;;;;;;;;;;0.0;0.0;0.0;0.0;0.0;0.0;0.0;0.0;0.0;0.0;0.0;0.0;1;1
34;1bcvc3ws;;0;0;32;;;;0;;;0.0;;;;;;;;yd5nzig1;;;;;0;bargaining_tdl;0.0;1.0;5;0;0;https://app.prolific.com/submissions/complete?cc=C1HQEIID;34;;0.0;;;;;;;;;;;;;;;;;;;0.0;0.0;0.0;0.0;0.0;0.0;1;1;34;;0.0;;0.0;;;;0.0;0.0;0.0;0.0;;;;;;0.0;0.0;0.0;0.0;0;0.0;1;0;0;0;0;1;0;0;-1;0;0;0;0;0.0;0;0.0;0.0;0.0;0.0;0.0;0.0;1;1;34;;0.0;;;;;;;;0;0.0;0.0;0.0;0.0;0.0;0.0;0.0;-1;1;1;34;;0.0;;;;;;;;;;;;;0.0;0.0;0.0;0.0;0.0;0.0;0.0;0.0;0.0;0.0;0.0;0.0;1;1
35;763sni21;;0;0;32;;;;0;;;0.0;;;;;;;;yd5nzig1;;;;;0;bargaining_tdl;0.0;1.0;5;0;0;https://app.prolific.com/submissions/complete?cc=C1HQEIID;35;;0.0;;;;;;;;;;;;;;;;;;;0.0;0.0;0.0;0.0;0.0;0.0;1;1;35;;0.0;;0.0;;;;0.0;0.0;0.0;0.0;;;;;;0.0;0.0;0.0;0.0;0;0.0;1;0;0;0;0;1;0;0;-1;0;0;0;0;0.0;0;0.0;0.0;0.0;0.0;0.0;0.0;1;1;35;;0.0;;;;;;;;0;0.0;0.0;0.0;0.0;0.0;0.0;0.0;-1;1;1;35;;0.0;;;;;;;;;;;;;0.0;0.0;0.0;0.0;0.0;0.0;0.0;0.0;0.0;0.0;0.0;0.0;1;1
36;5etlsf4c;;0;0;32;;;;0;;;0.0;;;;;;;;yd5nzig1;;;;;0;bargaining_tdl;0.0;1.0;5;0;0;https://app.prolific.com/submissions/complete?cc=C1HQEIID;36;;0.0;;;;;;;;;;;;;;;;;;;0.0;0.0;0.0;0.0;0.0;0.0;1;1;36;;0.0;;0.0;;;;0.0;0.0;0.0;0.0;;;;;;0.0;0.0;0.0;0.0;0;0.0;1;0;0;0;0;1;0;0;-1;0;0;0;0;0.0;0;0.0;0.0;0.0;0.0;0.0;0.0;1;1;36;;0.0;;;;;;;;0;0.0;0.0;0.0;0.0;0.0;0.0;0.0;-1;1;1;36;;0.0;;;;;;;;;;;;;0.0;0.0;0.0;0.0;0.0;0.0;0.0;0.0;0.0;0.0;0.0;0.0;1;1
37;956krz20;;0;0;32;;;;0;;;0.0;;;;;;;;yd5nzig1;;;;;0;bargaining_tdl;0.0;1.0;5;0;0;https://app.prolific.com/submissions/complete?cc=C1HQEIID;37;;0.0;;;;;;;;;;;;;;;;;;;0.0;0.0;0.0;0.0;0.0;0.0;1;1;37;;0.0;;0.0;;;;0.0;0.0;0.0;0.0;;;;;;0.0;0.0;0.0;0.0;0;0.0;1;0;0;0;0;1;0;0;-1;0;0;0;0;0.0;0;0.0;0.0;0.0;0.0;0.0;0.0;1;1;37;;0.0;;;;;;;;0;0.0;0.0;0.0;0.0;0.0;0.0;0.0;-1;1;1;37;;0.0;;;;;;;;;;;;;0.0;0.0;0.0;0.0;0.0;0.0;0.0;0.0;0.0;0.0;0.0;0.0;1;1
38;x162l4q3;;0;0;32;;;;0;;;0.0;;;;;;;;yd5nzig1;;;;;0;bargaining_tdl;0.0;1.0;5;0;0;https://app.prolific.com/submissions/complete?cc=C1HQEIID;38;;0.0;;;;;;;;;;;;;;;;;;;0.0;0.0;0.0;0.0;0.0;0.0;1;1;38;;0.0;;0.0;;;;0.0;0.0;0.0;0.0;;;;;;0.0;0.0;0.0;0.0;0;0.0;1;0;0;0;0;1;0;0;-1;0;0;0;0;0.0;0;0.0;0.0;0.0;0.0;0.0;0.0;1;1;38;;0.0;;;;;;;;0;0.0;0.0;0.0;0.0;0.0;0.0;0.0;-1;1;1;38;;0.0;;;;;;;;;;;;;0.0;0.0;0.0;0.0;0.0;0.0;0.0;0.0;0.0;0.0;0.0;0.0;1;1
39;v885n7i8;;0;0;32;;;;0;;;0.0;;;;;;;;yd5nzig1;;;;;0;bargaining_tdl;0.0;1.0;5;0;0;https://app.prolific.com/submissions/complete?cc=C1HQEIID;39;;0.0;;;;;;;;;;;;;;;;;;;0.0;0.0;0.0;0.0;0.0;0.0;1;1;39;;0.0;;0.0;;;;0.0;0.0;0.0;0.0;;;;;;0.0;0.0;0.0;0.0;0;0.0;1;0;0;0;0;1;0;0;-1;0;0;0;0;0.0;0;0.0;0.0;0.0;0.0;0.0;0.0;1;1;39;;0.0;;;;;;;;0;0.0;0.0;0.0;0.0;0.0;0.0;0.0;-1;1;1;39;;0.0;;;;;;;;;;;;;0.0;0.0;0.0;0.0;0.0;0.0;0.0;0.0;0.0;0.0;0.0;0.0;1;1
