participant.id_in_session,participant.code,participant.label,participant._is_bot,participant._index_in_pages,participant._max_page_index,participant._current_app_name,participant._current_page_name,participant.time_started_utc,participant.visited,participant.mturk_worker_id,participant.mturk_assignment_id,participant.payoff,participant.prolific_id,participant.prolific_study_id,participant.prolific_session_id,participant.inactive_excluded,participant.inactive_excluded_reason,participant.group_dropped,participant.part1_payoff_eligible,participant.treatment,participant.allocation_slot,participant.allocation_block,participant.allocation_attempt,participant.assignment_timestamp,participant.assignment_status,participant.is_replacement,participant.allocation_failure_reason,participant.group_outcome,session.code,session.label,session.mturk_HITId,session.mturk_HITGroupId,session.comment,session.is_demo,session.config.name,session.config.participation_fee,session.config.real_world_currency_per_point,session.config.control_questions_max_attempts,session.config.skip_intro_control_questions,session.config.use_test_timers,session.config.require_prolific_id,session.config.completionlink,session.config.dropoutlink_cq,session.config.dropoutlink_inactive,session.randomization_seed,session.randomization_schedule,session.randomization_block_size,bargaining_tdl_intro.1.player.id_in_group,bargaining_tdl_intro.1.player.role,bargaining_tdl_intro.1.player.payoff,bargaining_tdl_intro.1.player.prolific_id,bargaining_tdl_intro.1.player.prolific_pid_url,bargaining_tdl_intro.1.player.prolific_study_id,bargaining_tdl_intro.1.player.prolific_session_id,bargaining_tdl_intro.1.player.assigned_treatment,bargaining_tdl_intro.1.player.allocation_slot,bargaining_tdl_intro.1.player.allocation_block,bargaining_tdl_intro.1.player.allocation_attempt,bargaining_tdl_intro.1.player.assignment_timestamp,bargaining_tdl_intro.1.player.assignment_status,bargaining_tdl_intro.1.player.is_replacement,bargaining_tdl_intro.1.player.draft_history_left,bargaining_tdl_intro.1.player.draft_history_right,bargaining_tdl_intro.1.player.signal_left,bargaining_tdl_intro.1.player.signal_right,bargaining_tdl_intro.1.player.first_intention_selected,bargaining_tdl_intro.1.player.example1_earnings_you,bargaining_tdl_intro.1.player.example1_earnings_left,bargaining_tdl_intro.1.player.example1_earnings_right,bargaining_tdl_intro.1.player.example2_earnings_you,bargaining_tdl_intro.1.player.example2_earnings_left,bargaining_tdl_intro.1.player.example2_earnings_right,bargaining_tdl_intro.1.player.example3_earnings_you,bargaining_tdl_intro.1.player.example3_earnings_left,bargaining_tdl_intro.1.player.example3_earnings_right,bargaining_tdl_intro.1.player.time_welcome,bargaining_tdl_intro.1.player.time_instructions_part1,bargaining_tdl_intro.1.player.time_control_questions,bargaining_tdl_intro.1.player.time_goodbye,bargaining_tdl_intro.1.player.time_on_page,bargaining_tdl_intro.1.group.id_in_subsession,bargaining_tdl_intro.1.subsession.round_number,bargaining_tdl_main.1.player.id_in_group,bargaining_tdl_main.1.player.role,bargaining_tdl_main.1.player.payoff,bargaining_tdl_main.1.player.player_color,bargaining_tdl_main.1.player.treatment,bargaining_tdl_main.1.player.part1_calculated_payoff,bargaining_tdl_main.1.player.signal_left,bargaining_tdl_main.1.player.signal_right,bargaining_tdl_main.1.player.first_intention_selected,bargaining_tdl_main.1.player.guess_left_confidence,bargaining_tdl_main.1.player.guess_right_confidence,bargaining_tdl_main.1.player.time_welcome,bargaining_tdl_main.1.player.time_chat,bargaining_tdl_main.1.player.time_signals,bargaining_tdl_main.1.player.decision_choice,bargaining_tdl_main.1.player.received_signal_left,bargaining_tdl_main.1.player.received_signal_right,bargaining_tdl_main.1.player.id_player_on_the_left,bargaining_tdl_main.1.player.id_player_on_the_right,bargaining_tdl_main.1.player.time_experiment_terminated,bargaining_tdl_main.1.player.time_decision,bargaining_tdl_main.1.player.time_post_decision_confidence,bargaining_tdl_main.1.player.time_results,bargaining_tdl_main.1.player.time_on_page,bargaining_tdl_main.1.player.chat_interrupted,bargaining_tdl_main.1.player.participant_left_ts,bargaining_tdl_main.1.player.part1_payoff_eligible,bargaining_tdl_main.1.player.decision_inactive,bargaining_tdl_main.1.player.signal_inactive,bargaining_tdl_main.1.player.received_signal_left_inactive,bargaining_tdl_main.1.player.received_signal_right_inactive,bargaining_tdl_main.1.player.guess_left_choice,bargaining_tdl_main.1.player.guess_right_choice,bargaining_tdl_main.1.group.id_in_subsession,bargaining_tdl_main.1.group.grp_coordinate,bargaining_tdl_main.1.group.group_outcome,bargaining_tdl_main.1.group.chat_left_p1,bargaining_tdl_main.1.group.chat_left_p2,bargaining_tdl_main.1.group.chat_left_p3,bargaining_tdl_main.1.group.group_dropped,bargaining_tdl_main.1.group.reconnect_deadline_ts,bargaining_tdl_main.1.group.interrupted_player_id,bargaining_tdl_main.1.group.last_ping_p1,bargaining_tdl_main.1.group.last_ping_p2,bargaining_tdl_main.1.group.last_ping_p3,bargaining_tdl_main.1.group.submit_grace_until_p1,bargaining_tdl_main.1.group.submit_grace_until_p2,bargaining_tdl_main.1.group.submit_grace_until_p3,bargaining_tdl_main.1.group.part1_payoff_eligible,bargaining_tdl_main.1.subsession.round_number,bargaining_tdl_survey.1.player.id_in_group,bargaining_tdl_survey.1.player.role,bargaining_tdl_survey.1.player.payoff,bargaining_tdl_survey.1.player.gender,bargaining_tdl_survey.1.player.birth_year,bargaining_tdl_survey.1.player.field_of_study,bargaining_tdl_survey.1.player.university_years,bargaining_tdl_survey.1.player.main_situation,bargaining_tdl_survey.1.player.job_type,bargaining_tdl_survey.1.player.sd3_mach_01,bargaining_tdl_survey.1.player.sd3_mach_02,bargaining_tdl_survey.1.player.sd3_mach_03,bargaining_tdl_survey.1.player.sd3_mach_04,bargaining_tdl_survey.1.player.sd3_mach_05,bargaining_tdl_survey.1.player.sd3_mach_06,bargaining_tdl_survey.1.player.sd3_mach_07,bargaining_tdl_survey.1.player.sd3_mach_08,bargaining_tdl_survey.1.player.sd3_mach_09,bargaining_tdl_survey.1.player.sd3_narc_01,bargaining_tdl_survey.1.player.sd3_narc_02,bargaining_tdl_survey.1.player.sd3_narc_03,bargaining_tdl_survey.1.player.sd3_narc_04,bargaining_tdl_survey.1.player.sd3_narc_05,bargaining_tdl_survey.1.player.sd3_narc_06,bargaining_tdl_survey.1.player.sd3_narc_07,bargaining_tdl_survey.1.player.sd3_narc_08,bargaining_tdl_survey.1.player.sd3_narc_09,bargaining_tdl_survey.1.player.sd3_psych_01,bargaining_tdl_survey.1.player.sd3_psych_02,bargaining_tdl_survey.1.player.sd3_psych_03,bargaining_tdl_survey.1.player.sd3_psych_04,bargaining_tdl_survey.1.player.sd3_psych_05,bargaining_tdl_survey.1.player.sd3_psych_06,bargaining_tdl_survey.1.player.sd3_psych_07,bargaining_tdl_survey.1.player.sd3_psych_08,bargaining_tdl_survey.1.player.sd3_psych_09,bargaining_tdl_survey.1.player.willingness_future,bargaining_tdl_survey.1.player.willingness_risk,bargaining_tdl_survey.1.player.reciprocity_positive,bargaining_tdl_survey.1.player.reciprocity_negative,bargaining_tdl_survey.1.player.willingness_donate,bargaining_tdl_survey.1.player.trust_general,bargaining_tdl_survey.1.player.beauty_contest_guess,bargaining_tdl_survey.1.player.instructions_clarity,bargaining_tdl_survey.1.player.general_comment,bargaining_tdl_survey.1.player.time_on_page,bargaining_tdl_survey.1.player.time_survey_questions,bargaining_tdl_survey.1.player.time_survey_sd3_mach,bargaining_tdl_survey.1.player.time_survey_sd3_narc,bargaining_tdl_survey.1.player.time_survey_sd3_psych,bargaining_tdl_survey.1.player.time_survey_page4,bargaining_tdl_survey.1.player.time_survey_page5,bargaining_tdl_survey.1.player.time_survey_page6,bargaining_tdl_survey.1.player.time_survey_page7,bargaining_tdl_survey.1.player.time_survey_page8,bargaining_tdl_survey.1.player.time_survey_page9,bargaining_tdl_survey.1.player.time_survey_page10,bargaining_tdl_survey.1.player.time_survey_feedback,bargaining_tdl_survey.1.player.time_final_results,bargaining_tdl_survey.1.group.id_in_subsession,bargaining_tdl_survey.1.subsession.round_number
1,czr16vt2,,0,0,32,,,,0,,,0.0,,,,,,,,,,,,,,,,,kq5veqh7,,,,,1,bargaining_tdl_public,1.5,1.0,5,0,0,1,https://app.prolific.com/submissions/complete?cc=CTKDYE8E,https://app.prolific.com/submissions/complete?cc=C7WZD8AX,https://app.prolific.com/submissions/complete?cc=CHWGZZMH,2481861805071857700,"['public', 'public', 'public', 'public', 'public', 'public', 'public', 'public', 'public']",3,1,,0.0,,,,,,0,0,0,0.0,unassigned,0,,,,,,,,,,,,,,,0.0,0.0,0.0,0.0,0.0,1,1,1,,0.0,,,0.0,,,,,,0.0,0.0,0.0,,,,,,0.0,0.0,0.0,0.0,0.0,0,0.0,1,0,0,0,0,,,1,0,pending,0,0,0,0,0.0,0,0.0,0.0,0.0,0.0,0.0,0.0,1,1,1,,0.0,,,,,,,,,,,,,,,,,,,,,,,,,,,,,,,,,,,,,,,,,,,0.0,0.0,0.0,0.0,0.0,0.0,0.0,0.0,0.0,0.0,0.0,0.0,0.0,0.0,1,1
2,w6wypp4b,,0,0,32,,,,0,,,0.0,,,,,,,,,,,,,,,,,kq5veqh7,,,,,1,bargaining_tdl_public,1.5,1.0,5,0,0,1,https://app.prolific.com/submissions/complete?cc=CTKDYE8E,https://app.prolific.com/submissions/complete?cc=C7WZD8AX,https://app.prolific.com/submissions/complete?cc=CHWGZZMH,2481861805071857700,"['public', 'public', 'public', 'public', 'public', 'public', 'public', 'public', 'public']",3,2,,0.0,,,,,,0,0,0,0.0,unassigned,0,,,,,,,,,,,,,,,0.0,0.0,0.0,0.0,0.0,1,1,2,,0.0,,,0.0,,,,,,0.0,0.0,0.0,,,,,,0.0,0.0,0.0,0.0,0.0,0,0.0,1,0,0,0,0,,,1,0,pending,0,0,0,0,0.0,0,0.0,0.0,0.0,0.0,0.0,0.0,1,1,2,,0.0,,,,,,,,,,,,,,,,,,,,,,,,,,,,,,,,,,,,,,,,,,,0.0,0.0,0.0,0.0,0.0,0.0,0.0,0.0,0.0,0.0,0.0,0.0,0.0,0.0,1,1
3,andn6smu,,0,0,32,,,,0,,,0.0,,,,,,,,,,,,,,,,,kq5veqh7,,,,,1,bargaining_tdl_public,1.5,1.0,5,0,0,1,https://app.prolific.com/submissions/complete?cc=CTKDYE8E,https://app.prolific.com/submissions/complete?cc=C7WZD8AX,https://app.prolific.com/submissions/complete?cc=CHWGZZMH,2481861805071857700,"['public', 'public', 'public', 'public', 'public', 'public', 'public', 'public', 'public']",3,3,,0.0,,,,,,0,0,0,0.0,unassigned,0,,,,,,,,,,,,,,,0.0,0.0,0.0,0.0,0.0,1,1,3,,0.0,,,0.0,,,,,,0.0,0.0,0.0,,,,,,0.0,0.0,0.0,0.0,0.0,0,0.0,1,0,0,0,0,,,1,0,pending,0,0,0,0,0.0,0,0.0,0.0,0.0,0.0,0.0,0.0,1,1,3,,0.0,,,,,,,,,,,,,,,,,,,,,,,,,,,,,,,,,,,,,,,,,,,0.0,0.0,0.0,0.0,0.0,0.0,0.0,0.0,0.0,0.0,0.0,0.0,0.0,0.0,1,1
4,z858i2vf,,0,0,32,,,,0,,,0.0,,,,,,,,,,,,,,,,,kq5veqh7,,,,,1,bargaining_tdl_public,1.5,1.0,5,0,0,1,https://app.prolific.com/submissions/complete?cc=CTKDYE8E,https://app.prolific.com/submissions/complete?cc=C7WZD8AX,https://app.prolific.com/submissions/complete?cc=CHWGZZMH,2481861805071857700,"['public', 'public', 'public', 'public', 'public', 'public', 'public', 'public', 'public']",3,4,,0.0,,,,,,0,0,0,0.0,unassigned,0,,,,,,,,,,,,,,,0.0,0.0,0.0,0.0,0.0,1,1,4,,0.0,,,0.0,,,,,,0.0,0.0,0.0,,,,,,0.0,0.0,0.0,0.0,0.0,0,0.0,1,0,0,0,0,,,1,0,pending,0,0,0,0,0.0,0,0.0,0.0,0.0,0.0,0.0,0.0,1,1,4,,0.0,,,,,,,,,,,,,,,,,,,,,,,,,,,,,,,,,,,,,,,,,,,0.0,0.0,0.0,0.0,0.0,0.0,0.0,0.0,0.0,0.0,0.0,0.0,0.0,0.0,1,1
5,ddk3m6y7,,0,0,32,,,,0,,,0.0,,,,,,,,,,,,,,,,,kq5veqh7,,,,,1,bargaining_tdl_public,1.5,1.0,5,0,0,1,https://app.prolific.com/submissions/complete?cc=CTKDYE8E,https://app.prolific.com/submissions/complete?cc=C7WZD8AX,https://app.prolific.com/submissions/complete?cc=CHWGZZMH,2481861805071857700,"['public', 'public', 'public', 'public', 'public', 'public', 'public', 'public', 'public']",3,5,,0.0,,,,,,0,0,0,0.0,unassigned,0,,,,,,,,,,,,,,,0.0,0.0,0.0,0.0,0.0,1,1,5,,0.0,,,0.0,,,,,,0.0,0.0,0.0,,,,,,0.0,0.0,0.0,0.0,0.0,0,0.0,1,0,0,0,0,,,1,0,pending,0,0,0,0,0.0,0,0.0,0.0,0.0,0.0,0.0,0.0,1,1,5,,0.0,,,,,,,,,,,,,,,,,,,,,,,,,,,,,,,,,,,,,,,,,,,0.0,0.0,0.0,0.0,0.0,0.0,0.0,0.0,0.0,0.0,0.0,0.0,0.0,0.0,1,1
6,0h3oo6vz,,0,0,32,,,,0,,,0.0,,,,,,,,,,,,,,,,,kq5veqh7,,,,,1,bargaining_tdl_public,1.5,1.0,5,0,0,1,https://app.prolific.com/submissions/complete?cc=CTKDYE8E,https://app.prolific.com/submissions/complete?cc=C7WZD8AX,https://app.prolific.com/submissions/complete?cc=CHWGZZMH,2481861805071857700,"['public', 'public', 'public', 'public', 'public', 'public', 'public', 'public', 'public']",3,6,,0.0,,,,,,0,0,0,0.0,unassigned,0,,,,,,,,,,,,,,,0.0,0.0,0.0,0.0,0.0,1,1,6,,0.0,,,0.0,,,,,,0.0,0.0,0.0,,,,,,0.0,0.0,0.0,0.0,0.0,0,0.0,1,0,0,0,0,,,1,0,pending,0,0,0,0,0.0,0,0.0,0.0,0.0,0.0,0.0,0.0,1,1,6,,0.0,,,,,,,,,,,,,,,,,,,,,,,,,,,,,,,,,,,,,,,,,,,0.0,0.0,0.0,0.0,0.0,0.0,0.0,0.0,0.0,0.0,0.0,0.0,0.0,0.0,1,1
7,yplichb1,,0,0,32,,,,0,,,0.0,,,,,,,,,,,,,,,,,kq5veqh7,,,,,1,bargaining_tdl_public,1.5,1.0,5,0,0,1,https://app.prolific.com/submissions/complete?cc=CTKDYE8E,https://app.prolific.com/submissions/complete?cc=C7WZD8AX,https://app.prolific.com/submissions/complete?cc=CHWGZZMH,2481861805071857700,"['public', 'public', 'public', 'public', 'public', 'public', 'public', 'public', 'public']",3,7,,0.0,,,,,,0,0,0,0.0,unassigned,0,,,,,,,,,,,,,,,0.0,0.0,0.0,0.0,0.0,1,1,7,,0.0,,,0.0,,,,,,0.0,0.0,0.0,,,,,,0.0,0.0,0.0,0.0,0.0,0,0.0,1,0,0,0,0,,,1,0,pending,0,0,0,0,0.0,0,0.0,0.0,0.0,0.0,0.0,0.0,1,1,7,,0.0,,,,,,,,,,,,,,,,,,,,,,,,,,,,,,,,,,,,,,,,,,,0.0,0.0,0.0,0.0,0.0,0.0,0.0,0.0,0.0,0.0,0.0,0.0,0.0,0.0,1,1
8,kli22t04,,0,0,32,,,,0,,,0.0,,,,,,,,,,,,,,,,,kq5veqh7,,,,,1,bargaining_tdl_public,1.5,1.0,5,0,0,1,https://app.prolific.com/submissions/complete?cc=CTKDYE8E,https://app.prolific.com/submissions/complete?cc=C7WZD8AX,https://app.prolific.com/submissions/complete?cc=CHWGZZMH,2481861805071857700,"['public', 'public', 'public', 'public', 'public', 'public', 'public', 'public', 'public']",3,8,,0.0,,,,,,0,0,0,0.0,unassigned,0,,,,,,,,,,,,,,,0.0,0.0,0.0,0.0,0.0,1,1,8,,0.0,,,0.0,,,,,,0.0,0.0,0.0,,,,,,0.0,0.0,0.0,0.0,0.0,0,0.0,1,0,0,0,0,,,1,0,pending,0,0,0,0,0.0,0,0.0,0.0,0.0,0.0,0.0,0.0,1,1,8,,0.0,,,,,,,,,,,,,,,,,,,,,,,,,,,,,,,,,,,,,,,,,,,0.0,0.0,0.0,0.0,0.0,0.0,0.0,0.0,0.0,0.0,0.0,0.0,0.0,0.0,1,1
9,eyyyr8ba,,0,0,32,,,,0,,,0.0,,,,,,,,,,,,,,,,,kq5veqh7,,,,,1,bargaining_tdl_public,1.5,1.0,5,0,0,1,https://app.prolific.com/submissions/complete?cc=CTKDYE8E,https://app.prolific.com/submissions/complete?cc=C7WZD8AX,https://app.prolific.com/submissions/complete?cc=CHWGZZMH,2481861805071857700,"['public', 'public', 'public', 'public', 'public', 'public', 'public', 'public', 'public']",3,9,,0.0,,,,,,0,0,0,0.0,unassigned,0,,,,,,,,,,,,,,,0.0,0.0,0.0,0.0,0.0,1,1,9,,0.0,,,0.0,,,,,,0.0,0.0,0.0,,,,,,0.0,0.0,0.0,0.0,0.0,0,0.0,1,0,0,0,0,,,1,0,pending,0,0,0,0,0.0,0,0.0,0.0,0.0,0.0,0.0,0.0,1,1,9,,0.0,,,,,,,,,,,,,,,,,,,,,,,,,,,,,,,,,,,,,,,,,,,0.0,0.0,0.0,0.0,0.0,0.0,0.0,0.0,0.0,0.0,0.0,0.0,0.0,0.0,1,1
1,jd7x1zcm,,0,0,32,,,,0,,,0.0,,,,,,,,,,,,,,,,,jgsxnziz,,,,,1,bargaining_tdl_private,1.5,1.0,5,0,0,1,https://app.prolific.com/submissions/complete?cc=C1G2IEC2,https://app.prolific.com/submissions/complete?cc=C13STBXG,https://app.prolific.com/submissions/complete?cc=CSXVWB27,8533488013361936314,"['private', 'private', 'private', 'private', 'private', 'private', 'private', 'private', 'private']",3,1,,0.0,,,,,,0,0,0,0.0,unassigned,0,,,,,,,,,,,,,,,0.0,0.0,0.0,0.0,0.0,1,1,1,,0.0,,,0.0,,,,,,0.0,0.0,0.0,,,,,,0.0,0.0,0.0,0.0,0.0,0,0.0,1,0,0,0,0,,,1,0,pending,0,0,0,0,0.0,0,0.0,0.0,0.0,0.0,0.0,0.0,1,1,1,,0.0,,,,,,,,,,,,,,,,,,,,,,,,,,,,,,,,,,,,,,,,,,,0.0,0.0,0.0,0.0,0.0,0.0,0.0,0.0,0.0,0.0,0.0,0.0,0.0,0.0,1,1
2,k49pqze3,,0,0,32,,,,0,,,0.0,,,,,,,,,,,,,,,,,jgsxnziz,,,,,1,bargaining_tdl_private,1.5,1.0,5,0,0,1,https://app.prolific.com/submissions/complete?cc=C1G2IEC2,https://app.prolific.com/submissions/complete?cc=C13STBXG,https://app.prolific.com/submissions/complete?cc=CSXVWB27,8533488013361936314,"['private', 'private', 'private', 'private', 'private', 'private', 'private', 'private', 'private']",3,2,,0.0,,,,,,0,0,0,0.0,unassigned,0,,,,,,,,,,,,,,,0.0,0.0,0.0,0.0,0.0,1,1,2,,0.0,,,0.0,,,,,,0.0,0.0,0.0,,,,,,0.0,0.0,0.0,0.0,0.0,0,0.0,1,0,0,0,0,,,1,0,pending,0,0,0,0,0.0,0,0.0,0.0,0.0,0.0,0.0,0.0,1,1,2,,0.0,,,,,,,,,,,,,,,,,,,,,,,,,,,,,,,,,,,,,,,,,,,0.0,0.0,0.0,0.0,0.0,0.0,0.0,0.0,0.0,0.0,0.0,0.0,0.0,0.0,1,1
3,8n4ujcpj,,0,0,32,,,,0,,,0.0,,,,,,,,,,,,,,,,,jgsxnziz,,,,,1,bargaining_tdl_private,1.5,1.0,5,0,0,1,https://app.prolific.com/submissions/complete?cc=C1G2IEC2,https://app.prolific.com/submissions/complete?cc=C13STBXG,https://app.prolific.com/submissions/complete?cc=CSXVWB27,8533488013361936314,"['private', 'private', 'private', 'private', 'private', 'private', 'private', 'private', 'private']",3,3,,0.0,,,,,,0,0,0,0.0,unassigned,0,,,,,,,,,,,,,,,0.0,0.0,0.0,0.0,0.0,1,1,3,,0.0,,,0.0,,,,,,0.0,0.0,0.0,,,,,,0.0,0.0,0.0,0.0,0.0,0,0.0,1,0,0,0,0,,,1,0,pending,0,0,0,0,0.0,0,0.0,0.0,0.0,0.0,0.0,0.0,1,1,3,,0.0,,,,,,,,,,,,,,,,,,,,,,,,,,,,,,,,,,,,,,,,,,,0.0,0.0,0.0,0.0,0.0,0.0,0.0,0.0,0.0,0.0,0.0,0.0,0.0,0.0,1,1
4,28y3cce6,,0,0,32,,,,0,,,0.0,,,,,,,,,,,,,,,,,jgsxnziz,,,,,1,bargaining_tdl_private,1.5,1.0,5,0,0,1,https://app.prolific.com/submissions/complete?cc=C1G2IEC2,https://app.prolific.com/submissions/complete?cc=C13STBXG,https://app.prolific.com/submissions/complete?cc=CSXVWB27,8533488013361936314,"['private', 'private', 'private', 'private', 'private', 'private', 'private', 'private', 'private']",3,4,,0.0,,,,,,0,0,0,0.0,unassigned,0,,,,,,,,,,,,,,,0.0,0.0,0.0,0.0,0.0,1,1,4,,0.0,,,0.0,,,,,,0.0,0.0,0.0,,,,,,0.0,0.0,0.0,0.0,0.0,0,0.0,1,0,0,0,0,,,1,0,pending,0,0,0,0,0.0,0,0.0,0.0,0.0,0.0,0.0,0.0,1,1,4,,0.0,,,,,,,,,,,,,,,,,,,,,,,,,,,,,,,,,,,,,,,,,,,0.0,0.0,0.0,0.0,0.0,0.0,0.0,0.0,0.0,0.0,0.0,0.0,0.0,0.0,1,1
5,ggqa2wi1,,0,0,32,,,,0,,,0.0,,,,,,,,,,,,,,,,,jgsxnziz,,,,,1,bargaining_tdl_private,1.5,1.0,5,0,0,1,https://app.prolific.com/submissions/complete?cc=C1G2IEC2,https://app.prolific.com/submissions/complete?cc=C13STBXG,https://app.prolific.com/submissions/complete?cc=CSXVWB27,8533488013361936314,"['private', 'private', 'private', 'private', 'private', 'private', 'private', 'private', 'private']",3,5,,0.0,,,,,,0,0,0,0.0,unassigned,0,,,,,,,,,,,,,,,0.0,0.0,0.0,0.0,0.0,1,1,5,,0.0,,,0.0,,,,,,0.0,0.0,0.0,,,,,,0.0,0.0,0.0,0.0,0.0,0,0.0,1,0,0,0,0,,,1,0,pending,0,0,0,0,0.0,0,0.0,0.0,0.0,0.0,0.0,0.0,1,1,5,,0.0,,,,,,,,,,,,,,,,,,,,,,,,,,,,,,,,,,,,,,,,,,,0.0,0.0,0.0,0.0,0.0,0.0,0.0,0.0,0.0,0.0,0.0,0.0,0.0,0.0,1,1
6,x6q6kp4c,,0,0,32,,,,0,,,0.0,,,,,,,,,,,,,,,,,jgsxnziz,,,,,1,bargaining_tdl_private,1.5,1.0,5,0,0,1,https://app.prolific.com/submissions/complete?cc=C1G2IEC2,https://app.prolific.com/submissions/complete?cc=C13STBXG,https://app.prolific.com/submissions/complete?cc=CSXVWB27,8533488013361936314,"['private', 'private', 'private', 'private', 'private', 'private', 'private', 'private', 'private']",3,6,,0.0,,,,,,0,0,0,0.0,unassigned,0,,,,,,,,,,,,,,,0.0,0.0,0.0,0.0,0.0,1,1,6,,0.0,,,0.0,,,,,,0.0,0.0,0.0,,,,,,0.0,0.0,0.0,0.0,0.0,0,0.0,1,0,0,0,0,,,1,0,pending,0,0,0,0,0.0,0,0.0,0.0,0.0,0.0,0.0,0.0,1,1,6,,0.0,,,,,,,,,,,,,,,,,,,,,,,,,,,,,,,,,,,,,,,,,,,0.0,0.0,0.0,0.0,0.0,0.0,0.0,0.0,0.0,0.0,0.0,0.0,0.0,0.0,1,1
7,ouigeojk,,0,0,32,,,,0,,,0.0,,,,,,,,,,,,,,,,,jgsxnziz,,,,,1,bargaining_tdl_private,1.5,1.0,5,0,0,1,https://app.prolific.com/submissions/complete?cc=C1G2IEC2,https://app.prolific.com/submissions/complete?cc=C13STBXG,https://app.prolific.com/submissions/complete?cc=CSXVWB27,8533488013361936314,"['private', 'private', 'private', 'private', 'private', 'private', 'private', 'private', 'private']",3,7,,0.0,,,,,,0,0,0,0.0,unassigned,0,,,,,,,,,,,,,,,0.0,0.0,0.0,0.0,0.0,1,1,7,,0.0,,,0.0,,,,,,0.0,0.0,0.0,,,,,,0.0,0.0,0.0,0.0,0.0,0,0.0,1,0,0,0,0,,,1,0,pending,0,0,0,0,0.0,0,0.0,0.0,0.0,0.0,0.0,0.0,1,1,7,,0.0,,,,,,,,,,,,,,,,,,,,,,,,,,,,,,,,,,,,,,,,,,,0.0,0.0,0.0,0.0,0.0,0.0,0.0,0.0,0.0,0.0,0.0,0.0,0.0,0.0,1,1
8,6bpkq2ff,,0,0,32,,,,0,,,0.0,,,,,,,,,,,,,,,,,jgsxnziz,,,,,1,bargaining_tdl_private,1.5,1.0,5,0,0,1,https://app.prolific.com/submissions/complete?cc=C1G2IEC2,https://app.prolific.com/submissions/complete?cc=C13STBXG,https://app.prolific.com/submissions/complete?cc=CSXVWB27,8533488013361936314,"['private', 'private', 'private', 'private', 'private', 'private', 'private', 'private', 'private']",3,8,,0.0,,,,,,0,0,0,0.0,unassigned,0,,,,,,,,,,,,,,,0.0,0.0,0.0,0.0,0.0,1,1,8,,0.0,,,0.0,,,,,,0.0,0.0,0.0,,,,,,0.0,0.0,0.0,0.0,0.0,0,0.0,1,0,0,0,0,,,1,0,pending,0,0,0,0,0.0,0,0.0,0.0,0.0,0.0,0.0,0.0,1,1,8,,0.0,,,,,,,,,,,,,,,,,,,,,,,,,,,,,,,,,,,,,,,,,,,0.0,0.0,0.0,0.0,0.0,0.0,0.0,0.0,0.0,0.0,0.0,0.0,0.0,0.0,1,1
9,upxtr7fr,,0,0,32,,,,0,,,0.0,,,,,,,,,,,,,,,,,jgsxnziz,,,,,1,bargaining_tdl_private,1.5,1.0,5,0,0,1,https://app.prolific.com/submissions/complete?cc=C1G2IEC2,https://app.prolific.com/submissions/complete?cc=C13STBXG,https://app.prolific.com/submissions/complete?cc=CSXVWB27,8533488013361936314,"['private', 'private', 'private', 'private', 'private', 'private', 'private', 'private', 'private']",3,9,,0.0,,,,,,0,0,0,0.0,unassigned,0,,,,,,,,,,,,,,,0.0,0.0,0.0,0.0,0.0,1,1,9,,0.0,,,0.0,,,,,,0.0,0.0,0.0,,,,,,0.0,0.0,0.0,0.0,0.0,0,0.0,1,0,0,0,0,,,1,0,pending,0,0,0,0,0.0,0,0.0,0.0,0.0,0.0,0.0,0.0,1,1,9,,0.0,,,,,,,,,,,,,,,,,,,,,,,,,,,,,,,,,,,,,,,,,,,0.0,0.0,0.0,0.0,0.0,0.0,0.0,0.0,0.0,0.0,0.0,0.0,0.0,0.0,1,1
1,tfph6f6d,,0,15,32,bargaining_tdl_main,PostDecisionConfidence,2026-08-15 08:14:06.672829,1,,,0.0,test,,,,,0,1,private_no_dwl,3,1,1,1786781809.1249516,passed,0,,,k8wv0sg5,,,,,1,bargaining_tdl_private_no_dwl,1.5,1.0,5,0,0,1,https://app.prolific.com/submissions/complete?cc=CU9DDEAQ,https://app.prolific.com/submissions/complete?cc=CMPNPYY3,https://app.prolific.com/submissions/complete?cc=CFORQW3N,98629120356879258,"['private_no_dwl', 'private_no_dwl', 'private_no_dwl', 'private_no_dwl', 'private_no_dwl', 'private_no_dwl', 'private_no_dwl', 'private_no_dwl', 'private_no_dwl']",3,1,,0.0,test,test,,,private_no_dwl,3,1,1,1786781809.1249516,passed,0,,,,,,0,0,0,6,0,0,0,3,3,161.51,3.0,26.92,0.0,26.92,1,1,3,,0.0,Purple,private_no_dwl,0.0,split_other,support_none,right,,,161.51,82.11,5.87,Right,split_you,split_you,zr1axy36,agkaofd4,0.0,16.23,0.0,0.0,16.23,0,0.0,1,0,0,0,0,,,2,0,pending,1,1,1,0,0.0,0,1786782893.5555797,1786781965.5421498,1786781959.5287158,1786781921.9136398,1786781951.7884982,0.0,1,1,1,,0.0,,,,,,,,,,,,,,,,,,,,,,,,,,,,,,,,,,,,,,,,,,,0.0,0.0,0.0,0.0,0.0,0.0,0.0,0.0,0.0,0.0,0.0,0.0,0.0,0.0,1,1
2,zr1axy36,,0,15,32,bargaining_tdl_main,PostDecisionConfidence,2026-08-15 08:14:09.696830,1,,,0.0,test,,,,,0,1,private_no_dwl,2,1,1,1786781764.5345366,passed,0,,,k8wv0sg5,,,,,1,bargaining_tdl_private_no_dwl,1.5,1.0,5,0,0,1,https://app.prolific.com/submissions/complete?cc=CU9DDEAQ,https://app.prolific.com/submissions/complete?cc=CMPNPYY3,https://app.prolific.com/submissions/complete?cc=CFORQW3N,98629120356879258,"['private_no_dwl', 'private_no_dwl', 'private_no_dwl', 'private_no_dwl', 'private_no_dwl', 'private_no_dwl', 'private_no_dwl', 'private_no_dwl', 'private_no_dwl']",3,2,,0.0,test,test,,,private_no_dwl,2,1,1,1786781764.5345366,passed,0,,,,,,0,0,0,6,0,0,0,3,3,114.19,3.21,25.85,0.0,25.85,1,1,2,,0.0,Orange,private_no_dwl,0.0,split_you,split_you,left,,,114.19,80.96,18.57,NoOne,split_other,split_other,agkaofd4,tfph6f6d,0.0,22.21,0.0,0.0,22.21,1,1786781923.0975213,1,0,0,0,0,,,2,0,pending,1,1,1,0,0.0,0,1786782893.5555797,1786781965.5421498,1786781959.5287158,1786781921.9136398,1786781951.7884982,0.0,1,1,2,,0.0,,,,,,,,,,,,,,,,,,,,,,,,,,,,,,,,,,,,,,,,,,,0.0,0.0,0.0,0.0,0.0,0.0,0.0,0.0,0.0,0.0,0.0,0.0,0.0,0.0,1,1
3,agkaofd4,,0,14,32,bargaining_tdl_main,Decision,2026-08-15 08:14:11.347132,1,,,0.0,test,,,,,0,1,private_no_dwl,1,1,1,1786781660.3764932,passed,0,,,k8wv0sg5,,,,,1,bargaining_tdl_private_no_dwl,1.5,1.0,5,0,0,1,https://app.prolific.com/submissions/complete?cc=CU9DDEAQ,https://app.prolific.com/submissions/complete?cc=CMPNPYY3,https://app.prolific.com/submissions/complete?cc=CFORQW3N,98629120356879258,"['private_no_dwl', 'private_no_dwl', 'private_no_dwl', 'private_no_dwl', 'private_no_dwl', 'private_no_dwl', 'private_no_dwl', 'private_no_dwl', 'private_no_dwl']",3,3,,0.0,test,test,,,private_no_dwl,1,1,1,1786781660.3764932,passed,0,,,,,,0,0,0,6,0,0,0,3,3,8.38,60.52,32.12,0.0,32.12,1,1,1,,0.0,Yellow,private_no_dwl,0.0,split_you,split_other,left,,,8.38,51.74,16.64,,support_none,split_you,tfph6f6d,zr1axy36,0.0,0.0,0.0,0.0,16.64,1,1786781893.5191174,1,0,0,0,0,,,2,0,pending,1,1,1,0,0.0,0,1786782893.5555797,1786781965.5421498,1786781959.5287158,1786781921.9136398,1786781951.7884982,0.0,1,1,3,,0.0,,,,,,,,,,,,,,,,,,,,,,,,,,,,,,,,,,,,,,,,,,,0.0,0.0,0.0,0.0,0.0,0.0,0.0,0.0,0.0,0.0,0.0,0.0,0.0,0.0,1,1
4,wnv35nc3,,0,0,32,,,,0,,,0.0,,,,,,,,,,,,,,,,,k8wv0sg5,,,,,1,bargaining_tdl_private_no_dwl,1.5,1.0,5,0,0,1,https://app.prolific.com/submissions/complete?cc=CU9DDEAQ,https://app.prolific.com/submissions/complete?cc=CMPNPYY3,https://app.prolific.com/submissions/complete?cc=CFORQW3N,98629120356879258,"['private_no_dwl', 'private_no_dwl', 'private_no_dwl', 'private_no_dwl', 'private_no_dwl', 'private_no_dwl', 'private_no_dwl', 'private_no_dwl', 'private_no_dwl']",3,4,,0.0,,,,,,0,0,0,0.0,unassigned,0,,,,,,,,,,,,,,,0.0,0.0,0.0,0.0,0.0,1,1,4,,0.0,,,0.0,,,,,,0.0,0.0,0.0,,,,,,0.0,0.0,0.0,0.0,0.0,0,0.0,1,0,0,0,0,,,1,0,pending,0,0,0,0,0.0,0,0.0,0.0,0.0,0.0,0.0,0.0,1,1,4,,0.0,,,,,,,,,,,,,,,,,,,,,,,,,,,,,,,,,,,,,,,,,,,0.0,0.0,0.0,0.0,0.0,0.0,0.0,0.0,0.0,0.0,0.0,0.0,0.0,0.0,1,1
5,9cbwvzbv,,0,0,32,,,,0,,,0.0,,,,,,,,,,,,,,,,,k8wv0sg5,,,,,1,bargaining_tdl_private_no_dwl,1.5,1.0,5,0,0,1,https://app.prolific.com/submissions/complete?cc=CU9DDEAQ,https://app.prolific.com/submissions/complete?cc=CMPNPYY3,https://app.prolific.com/submissions/complete?cc=CFORQW3N,98629120356879258,"['private_no_dwl', 'private_no_dwl', 'private_no_dwl', 'private_no_dwl', 'private_no_dwl', 'private_no_dwl', 'private_no_dwl', 'private_no_dwl', 'private_no_dwl']",3,5,,0.0,,,,,,0,0,0,0.0,unassigned,0,,,,,,,,,,,,,,,0.0,0.0,0.0,0.0,0.0,1,1,5,,0.0,,,0.0,,,,,,0.0,0.0,0.0,,,,,,0.0,0.0,0.0,0.0,0.0,0,0.0,1,0,0,0,0,,,1,0,pending,0,0,0,0,0.0,0,0.0,0.0,0.0,0.0,0.0,0.0,1,1,5,,0.0,,,,,,,,,,,,,,,,,,,,,,,,,,,,,,,,,,,,,,,,,,,0.0,0.0,0.0,0.0,0.0,0.0,0.0,0.0,0.0,0.0,0.0,0.0,0.0,0.0,1,1
6,ghwkb9r7,,0,0,32,,,,0,,,0.0,,,,,,,,,,,,,,,,,k8wv0sg5,,,,,1,bargaining_tdl_private_no_dwl,1.5,1.0,5,0,0,1,https://app.prolific.com/submissions/complete?cc=CU9DDEAQ,https://app.prolific.com/submissions/complete?cc=CMPNPYY3,https://app.prolific.com/submissions/complete?cc=CFORQW3N,98629120356879258,"['private_no_dwl', 'private_no_dwl', 'private_no_dwl', 'private_no_dwl', 'private_no_dwl', 'private_no_dwl', 'private_no_dwl', 'private_no_dwl', 'private_no_dwl']",3,6,,0.0,,,,,,0,0,0,0.0,unassigned,0,,,,,,,,,,,,,,,0.0,0.0,0.0,0.0,0.0,1,1,6,,0.0,,,0.0,,,,,,0.0,0.0,0.0,,,,,,0.0,0.0,0.0,0.0,0.0,0,0.0,1,0,0,0,0,,,1,0,pending,0,0,0,0,0.0,0,0.0,0.0,0.0,0.0,0.0,0.0,1,1,6,,0.0,,,,,,,,,,,,,,,,,,,,,,,,,,,,,,,,,,,,,,,,,,,0.0,0.0,0.0,0.0,0.0,0.0,0.0,0.0,0.0,0.0,0.0,0.0,0.0,0.0,1,1
7,cqi3icqm,,0,0,32,,,,0,,,0.0,,,,,,,,,,,,,,,,,k8wv0sg5,,,,,1,bargaining_tdl_private_no_dwl,1.5,1.0,5,0,0,1,https://app.prolific.com/submissions/complete?cc=CU9DDEAQ,https://app.prolific.com/submissions/complete?cc=CMPNPYY3,https://app.prolific.com/submissions/complete?cc=CFORQW3N,98629120356879258,"['private_no_dwl', 'private_no_dwl', 'private_no_dwl', 'private_no_dwl', 'private_no_dwl', 'private_no_dwl', 'private_no_dwl', 'private_no_dwl', 'private_no_dwl']",3,7,,0.0,,,,,,0,0,0,0.0,unassigned,0,,,,,,,,,,,,,,,0.0,0.0,0.0,0.0,0.0,1,1,7,,0.0,,,0.0,,,,,,0.0,0.0,0.0,,,,,,0.0,0.0,0.0,0.0,0.0,0,0.0,1,0,0,0,0,,,1,0,pending,0,0,0,0,0.0,0,0.0,0.0,0.0,0.0,0.0,0.0,1,1,7,,0.0,,,,,,,,,,,,,,,,,,,,,,,,,,,,,,,,,,,,,,,,,,,0.0,0.0,0.0,0.0,0.0,0.0,0.0,0.0,0.0,0.0,0.0,0.0,0.0,0.0,1,1
8,vy6gpywk,,0,0,32,,,,0,,,0.0,,,,,,,,,,,,,,,,,k8wv0sg5,,,,,1,bargaining_tdl_private_no_dwl,1.5,1.0,5,0,0,1,https://app.prolific.com/submissions/complete?cc=CU9DDEAQ,https://app.prolific.com/submissions/complete?cc=CMPNPYY3,https://app.prolific.com/submissions/complete?cc=CFORQW3N,98629120356879258,"['private_no_dwl', 'private_no_dwl', 'private_no_dwl', 'private_no_dwl', 'private_no_dwl', 'private_no_dwl', 'private_no_dwl', 'private_no_dwl', 'private_no_dwl']",3,8,,0.0,,,,,,0,0,0,0.0,unassigned,0,,,,,,,,,,,,,,,0.0,0.0,0.0,0.0,0.0,1,1,8,,0.0,,,0.0,,,,,,0.0,0.0,0.0,,,,,,0.0,0.0,0.0,0.0,0.0,0,0.0,1,0,0,0,0,,,1,0,pending,0,0,0,0,0.0,0,0.0,0.0,0.0,0.0,0.0,0.0,1,1,8,,0.0,,,,,,,,,,,,,,,,,,,,,,,,,,,,,,,,,,,,,,,,,,,0.0,0.0,0.0,0.0,0.0,0.0,0.0,0.0,0.0,0.0,0.0,0.0,0.0,0.0,1,1
9,9ywatfr3,,0,0,32,,,,0,,,0.0,,,,,,,,,,,,,,,,,k8wv0sg5,,,,,1,bargaining_tdl_private_no_dwl,1.5,1.0,5,0,0,1,https://app.prolific.com/submissions/complete?cc=CU9DDEAQ,https://app.prolific.com/submissions/complete?cc=CMPNPYY3,https://app.prolific.com/submissions/complete?cc=CFORQW3N,98629120356879258,"['private_no_dwl', 'private_no_dwl', 'private_no_dwl', 'private_no_dwl', 'private_no_dwl', 'private_no_dwl', 'private_no_dwl', 'private_no_dwl', 'private_no_dwl']",3,9,,0.0,,,,,,0,0,0,0.0,unassigned,0,,,,,,,,,,,,,,,0.0,0.0,0.0,0.0,0.0,1,1,9,,0.0,,,0.0,,,,,,0.0,0.0,0.0,,,,,,0.0,0.0,0.0,0.0,0.0,0,0.0,1,0,0,0,0,,,1,0,pending,0,0,0,0,0.0,0,0.0,0.0,0.0,0.0,0.0,0.0,1,1,9,,0.0,,,,,,,,,,,,,,,,,,,,,,,,,,,,,,,,,,,,,,,,,,,0.0,0.0,0.0,0.0,0.0,0.0,0.0,0.0,0.0,0.0,0.0,0.0,0.0,0.0,1,1
1,pizxz9zh,,0,26,32,bargaining_tdl_survey,SurveyPage1,2026-08-16 12:02:25.723921,1,,,0.0,test,,,,,0,1,public,1,1,1,1786881760.155762,passed,0,,disagreement,d9jfdfw6,,,,,1,bargaining_tdl_public,1.5,1.0,5,0,0,1,https://app.prolific.com/submissions/complete?cc=CTKDYE8E,https://app.prolific.com/submissions/complete?cc=C7WZD8AX,https://app.prolific.com/submissions/complete?cc=CHWGZZMH,97605070827698130,"['public', 'public', 'public', 'public', 'public', 'public', 'public', 'public', 'public']",3,1,,0.0,test,test,,,public,1,1,1,1786881760.155762,passed,0,,,,,,0,0,0,0,0,0,0,3,3,13.47,64.58,11.38,0.0,11.38,1,1,1,,0.0,Yellow,public,0.0,support_none,support_none,left,6,6,13.47,0.0,10.24,Right,split_you,split_other,3or3rkd3,qwsd43d3,0.0,115.54,878.75,23.91,23.91,0,0.0,1,0,0,0,0,Right,Left,2,0,disagreement,1,1,1,0,0.0,0,1786881981.33673,1786881963.8305237,1786881973.7334619,0.0,1786881883.047368,1786881872.694821,1,1,1,,0.0,1,1987,6,15,unemployed,not_employed,,,,,,,,,,,,,,,,,,,,,,,,,,,,5,8,5,2,7,5,1.3,,,2.5,26.32,0.0,0.0,0.0,77.41,3.48,1.42,1.66,2.78,2.5,5.91,0.0,0.0,1,1
2,qwsd43d3,,0,32,32,bargaining_tdl_survey,FinalResults,2026-08-16 12:02:28.066847,1,,,0.0,test,,,,,0,1,public,2,1,1,1786881771.2057762,passed,0,,disagreement,d9jfdfw6,,,,,1,bargaining_tdl_public,1.5,1.0,5,0,0,1,https://app.prolific.com/submissions/complete?cc=CTKDYE8E,https://app.prolific.com/submissions/complete?cc=C7WZD8AX,https://app.prolific.com/submissions/complete?cc=CHWGZZMH,97605070827698130,"['public', 'public', 'public', 'public', 'public', 'public', 'public', 'public', 'public']",3,2,,0.0,test,test,,,public,2,1,1,1786881771.2057762,passed,0,,,,,,0,0,0,0,0,0,0,3,3,22.1,33.77,13.97,0.0,13.97,1,1,2,,0.0,Orange,public,0.0,split_other,split_other,left,5,1,22.1,14.63,5.36,NoOne,support_none,split_you,pizxz9zh,3or3rkd3,0.0,97.55,782.55,1.73,1.73,1,1786881854.1638362,1,0,0,0,0,Right,Right,2,0,disagreement,1,1,1,0,0.0,0,1786881981.33673,1786881963.8305237,1786881973.7334619,0.0,1786881883.047368,1786881872.694821,1,1,2,,0.0,0,1987,1,5,paid_work,self_employed,1,2,3,4,4,4,3,4,5,2,2,2,3,3,4,4,4,4,1,1,1,1,1,1,1,1,1,6,3,4,6,5,4,1.2,3,rskjtrk,7.17,24.88,11.34,8.18,8.92,5.28,2.94,8.71,3.3,2.52,3.54,4.14,7.17,0.0,1,1
3,3or3rkd3,,0,23,32,bargaining_tdl_survey,SurveyPage7,2026-08-16 12:02:29.253660,1,,,0.0,test,,,,,0,1,public,3,1,1,1786881782.3586314,passed,0,,disagreement,d9jfdfw6,,,,,1,bargaining_tdl_public,1.5,1.0,5,0,0,1,https://app.prolific.com/submissions/complete?cc=CTKDYE8E,https://app.prolific.com/submissions/complete?cc=C7WZD8AX,https://app.prolific.com/submissions/complete?cc=CHWGZZMH,97605070827698130,"['public', 'public', 'public', 'public', 'public', 'public', 'public', 'public', 'public']",3,3,,0.0,test,test,,,public,3,1,1,1786881782.3586314,passed,0,,,,,,0,0,0,0,0,0,0,3,3,32.36,3.29,14.05,0.0,14.05,1,1,3,,0.0,Purple,public,0.0,split_you,split_you,left,6,5,32.36,3.94,5.5,Left,split_other,support_none,qwsd43d3,pizxz9zh,0.0,107.07,649.22,5.55,5.55,1,1786881843.7104323,1,0,0,0,0,Right,Left,2,0,disagreement,1,1,1,0,0.0,0,1786881981.33673,1786881963.8305237,1786881973.7334619,0.0,1786881883.047368,1786881872.694821,1,1,3,,0.0,1,1987,11,3,education,not_employed,,,,,,,,,,,,,,,,,,,,,,,,,,,,7,7,7,,,,1.4,,,2.68,17.4,0.0,0.0,0.0,494.41,2.31,2.68,0.0,0.0,0.0,76.36,0.0,0.0,1,1
4,i3d6xrjt,,0,2,32,bargaining_tdl_intro,InstructionsPart1,2026-08-16 12:10:51.659797,1,,,0.0,test,,,,,,,public,4,2,1,1786882259.710304,assigned,0,,,d9jfdfw6,,,,,1,bargaining_tdl_public,1.5,1.0,5,0,0,1,https://app.prolific.com/submissions/complete?cc=CTKDYE8E,https://app.prolific.com/submissions/complete?cc=C7WZD8AX,https://app.prolific.com/submissions/complete?cc=CHWGZZMH,97605070827698130,"['public', 'public', 'public', 'public', 'public', 'public', 'public', 'public', 'public']",3,4,,0.0,test,test,,,public,4,2,1,1786882259.710304,assigned,0,,,,,,,,,,,,,,,7.35,0.0,0.0,0.0,7.35,1,1,4,,0.0,,,0.0,,,,,,0.0,0.0,0.0,,,,,,0.0,0.0,0.0,0.0,0.0,0,0.0,1,0,0,0,0,,,1,0,pending,0,0,0,0,0.0,0,0.0,0.0,0.0,0.0,0.0,0.0,1,1,4,,0.0,,,,,,,,,,,,,,,,,,,,,,,,,,,,,,,,,,,,,,,,,,,0.0,0.0,0.0,0.0,0.0,0.0,0.0,0.0,0.0,0.0,0.0,0.0,0.0,0.0,1,1
5,uxr7sx39,,0,0,32,,,,0,,,0.0,,,,,,,,,,,,,,,,,d9jfdfw6,,,,,1,bargaining_tdl_public,1.5,1.0,5,0,0,1,https://app.prolific.com/submissions/complete?cc=CTKDYE8E,https://app.prolific.com/submissions/complete?cc=C7WZD8AX,https://app.prolific.com/submissions/complete?cc=CHWGZZMH,97605070827698130,"['public', 'public', 'public', 'public', 'public', 'public', 'public', 'public', 'public']",3,5,,0.0,,,,,,0,0,0,0.0,unassigned,0,,,,,,,,,,,,,,,0.0,0.0,0.0,0.0,0.0,1,1,5,,0.0,,,0.0,,,,,,0.0,0.0,0.0,,,,,,0.0,0.0,0.0,0.0,0.0,0,0.0,1,0,0,0,0,,,1,0,pending,0,0,0,0,0.0,0,0.0,0.0,0.0,0.0,0.0,0.0,1,1,5,,0.0,,,,,,,,,,,,,,,,,,,,,,,,,,,,,,,,,,,,,,,,,,,0.0,0.0,0.0,0.0,0.0,0.0,0.0,0.0,0.0,0.0,0.0,0.0,0.0,0.0,1,1
6,acmdsa6b,,0,0,32,,,,0,,,0.0,,,,,,,,,,,,,,,,,d9jfdfw6,,,,,1,bargaining_tdl_public,1.5,1.0,5,0,0,1,https://app.prolific.com/submissions/complete?cc=CTKDYE8E,https://app.prolific.com/submissions/complete?cc=C7WZD8AX,https://app.prolific.com/submissions/complete?cc=CHWGZZMH,97605070827698130,"['public', 'public', 'public', 'public', 'public', 'public', 'public', 'public', 'public']",3,6,,0.0,,,,,,0,0,0,0.0,unassigned,0,,,,,,,,,,,,,,,0.0,0.0,0.0,0.0,0.0,1,1,6,,0.0,,,0.0,,,,,,0.0,0.0,0.0,,,,,,0.0,0.0,0.0,0.0,0.0,0,0.0,1,0,0,0,0,,,1,0,pending,0,0,0,0,0.0,0,0.0,0.0,0.0,0.0,0.0,0.0,1,1,6,,0.0,,,,,,,,,,,,,,,,,,,,,,,,,,,,,,,,,,,,,,,,,,,0.0,0.0,0.0,0.0,0.0,0.0,0.0,0.0,0.0,0.0,0.0,0.0,0.0,0.0,1,1
7,sg2mzvi0,,0,0,32,,,,0,,,0.0,,,,,,,,,,,,,,,,,d9jfdfw6,,,,,1,bargaining_tdl_public,1.5,1.0,5,0,0,1,https://app.prolific.com/submissions/complete?cc=CTKDYE8E,https://app.prolific.com/submissions/complete?cc=C7WZD8AX,https://app.prolific.com/submissions/complete?cc=CHWGZZMH,97605070827698130,"['public', 'public', 'public', 'public', 'public', 'public', 'public', 'public', 'public']",3,7,,0.0,,,,,,0,0,0,0.0,unassigned,0,,,,,,,,,,,,,,,0.0,0.0,0.0,0.0,0.0,1,1,7,,0.0,,,0.0,,,,,,0.0,0.0,0.0,,,,,,0.0,0.0,0.0,0.0,0.0,0,0.0,1,0,0,0,0,,,1,0,pending,0,0,0,0,0.0,0,0.0,0.0,0.0,0.0,0.0,0.0,1,1,7,,0.0,,,,,,,,,,,,,,,,,,,,,,,,,,,,,,,,,,,,,,,,,,,0.0,0.0,0.0,0.0,0.0,0.0,0.0,0.0,0.0,0.0,0.0,0.0,0.0,0.0,1,1
8,g4wnwvx0,,0,0,32,,,,0,,,0.0,,,,,,,,,,,,,,,,,d9jfdfw6,,,,,1,bargaining_tdl_public,1.5,1.0,5,0,0,1,https://app.prolific.com/submissions/complete?cc=CTKDYE8E,https://app.prolific.com/submissions/complete?cc=C7WZD8AX,https://app.prolific.com/submissions/complete?cc=CHWGZZMH,97605070827698130,"['public', 'public', 'public', 'public', 'public', 'public', 'public', 'public', 'public']",3,8,,0.0,,,,,,0,0,0,0.0,unassigned,0,,,,,,,,,,,,,,,0.0,0.0,0.0,0.0,0.0,1,1,8,,0.0,,,0.0,,,,,,0.0,0.0,0.0,,,,,,0.0,0.0,0.0,0.0,0.0,0,0.0,1,0,0,0,0,,,1,0,pending,0,0,0,0,0.0,0,0.0,0.0,0.0,0.0,0.0,0.0,1,1,8,,0.0,,,,,,,,,,,,,,,,,,,,,,,,,,,,,,,,,,,,,,,,,,,0.0,0.0,0.0,0.0,0.0,0.0,0.0,0.0,0.0,0.0,0.0,0.0,0.0,0.0,1,1
9,swrckgp1,,0,0,32,,,,0,,,0.0,,,,,,,,,,,,,,,,,d9jfdfw6,,,,,1,bargaining_tdl_public,1.5,1.0,5,0,0,1,https://app.prolific.com/submissions/complete?cc=CTKDYE8E,https://app.prolific.com/submissions/complete?cc=C7WZD8AX,https://app.prolific.com/submissions/complete?cc=CHWGZZMH,97605070827698130,"['public', 'public', 'public', 'public', 'public', 'public', 'public', 'public', 'public']",3,9,,0.0,,,,,,0,0,0,0.0,unassigned,0,,,,,,,,,,,,,,,0.0,0.0,0.0,0.0,0.0,1,1,9,,0.0,,,0.0,,,,,,0.0,0.0,0.0,,,,,,0.0,0.0,0.0,0.0,0.0,0,0.0,1,0,0,0,0,,,1,0,pending,0,0,0,0,0.0,0,0.0,0.0,0.0,0.0,0.0,0.0,1,1,9,,0.0,,,,,,,,,,,,,,,,,,,,,,,,,,,,,,,,,,,,,,,,,,,0.0,0.0,0.0,0.0,0.0,0.0,0.0,0.0,0.0,0.0,0.0,0.0,0.0,0.0,1,1
1,hq6n467v,,0,28,28,bargaining_tdl_survey,FinalResults,2026-08-17 15:53:52.760615,1,,,3.0,shshaga,,,,,0,1,public,3,1,1,1786982140.1137726,passed,0,,mutual_12,ida1gq0j,,,,,1,bargaining_tdl_public,1.5,1.0,5,0,0,1,https://app.prolific.com/submissions/complete?cc=CTKDYE8E,https://app.prolific.com/submissions/complete?cc=C7WZD8AX,https://app.prolific.com/submissions/complete?cc=CHWGZZMH,8362325132736252743,"['public', 'public', 'public', 'public', 'public', 'public', 'public', 'public', 'public']",3,1,,0.0,shshaga,shshaga,,,public,3,1,1,1786982140.1137726,passed,0,,,,,,0,0,0,0,0,0,0,3,3,106.65,2.7,11.77,0.0,11.77,1,1,1,,3.0,Yellow,public,3.0,split_other,split_you,left,4,6,106.65,74.69,33.44,Right,support_none,split_you,qx1ilups,ladsefp8,0.0,20.34,21.47,1.42,1.42,1,1786982231.4327786,1,0,0,99,0,NoOne,Left,2,1,mutual_12,1,1,1,1,0.0,3,1786982554.2644048,1786982553.22361,1786982531.931039,1786982260.2019858,1786982256.4610732,0.0,1,1,1,,0.0,2,1927,2,7,paid_work,employee,1,2,2,1,2,1,2,1,2,2,1,2,1,2,1,2,2,1,1,2,1,2,1,2,1,2,1,7,7,7,9,9,9,2.0,5,srhrhwrhwrhwh,9.67,54.54,18.75,10.36,27.43,19.52,0.0,0.0,0.0,0.0,0.0,8.06,9.67,0.0,1,1
2,ladsefp8,,0,28,28,bargaining_tdl_survey,FinalResults,2026-08-17 15:53:54.950185,1,,,3.0,rgrhshrshr,,,,,0,1,public,1,1,1,1786982090.5997899,passed,0,,mutual_12,ida1gq0j,,,,,1,bargaining_tdl_public,1.5,1.0,5,0,0,1,https://app.prolific.com/submissions/complete?cc=CTKDYE8E,https://app.prolific.com/submissions/complete?cc=C7WZD8AX,https://app.prolific.com/submissions/complete?cc=CHWGZZMH,8362325132736252743,"['public', 'public', 'public', 'public', 'public', 'public', 'public', 'public', 'public']",3,2,,0.0,rgrhshrshr,rgrhshrshr,,,public,1,1,1,1786982090.5997899,passed,0,,,,,,0,0,0,0,0,0,0,3,3,54.31,32.57,12.63,0.0,12.63,1,1,2,,3.0,Orange,public,3.0,split_you,split_other,left,5,5,54.31,70.51,44.1,Left,split_you,split_other,hq6n467v,qx1ilups,0.0,19.49,12.61,12.02,12.02,1,1786982227.294621,1,0,0,0,99,Right,Left,2,1,mutual_12,1,1,1,1,0.0,3,1786982554.2644048,1786982553.22361,1786982531.931039,1786982260.2019858,1786982256.4610732,0.0,1,1,2,,0.0,2,1934,2,5,sick_disabled,not_employed,1,2,2,1,2,2,1,2,2,2,1,2,1,2,1,2,1,2,2,1,2,1,2,1,2,1,2,10,10,9,9,9,9,1.8,5,dtjnsnsn,16.96,45.32,10.4,28.97,9.18,28.65,0.0,0.0,0.0,0.0,0.0,4.82,16.96,0.0,1,1
3,qx1ilups,,0,17,28,bargaining_tdl_main,InactivityGoodbyeMain,2026-08-17 15:53:56.810446,1,,,0.0,shshah,,,,,1,0,public,2,1,1,1786982097.0979393,passed,0,,mutual_12,ida1gq0j,,,,,1,bargaining_tdl_public,1.5,1.0,5,0,0,1,https://app.prolific.com/submissions/complete?cc=CTKDYE8E,https://app.prolific.com/submissions/complete?cc=C7WZD8AX,https://app.prolific.com/submissions/complete?cc=CHWGZZMH,8362325132736252743,"['public', 'public', 'public', 'public', 'public', 'public', 'public', 'public', 'public']",3,3,,0.0,shshah,shshah,,,public,2,1,1,1786982097.0979393,passed,0,,,,,,0,0,0,0,0,0,0,3,3,59.41,4.78,16.77,0.0,16.77,1,1,3,,0.0,Purple,public,0.0,split_other,support_none,,1,1,59.41,0.0,298.45,Left,split_other,split_other,ladsefp8,hq6n467v,298.45,0.0,0.0,0.0,298.45,1,1786982531.931039,0,99,99,0,0,Left,NoOne,2,1,mutual_12,1,1,1,1,0.0,3,1786982554.2644048,1786982553.22361,1786982531.931039,1786982260.2019858,1786982256.4610732,0.0,1,1,3,,0.0,,,,,,,,,,,,,,,,,,,,,,,,,,,,,,,,,,,,,,,,,,,0.0,0.0,0.0,0.0,0.0,0.0,0.0,0.0,0.0,0.0,0.0,0.0,0.0,0.0,1,1
4,mqwgsznm,,0,17,28,bargaining_tdl_main,InactivityGoodbyeMain,2026-08-17 16:07:05.623284,1,,,0.0,fhbshrsha,,,,,0,0,public,5,2,1,1786982868.5592105,passed,0,,mutual_31,ida1gq0j,,,,,1,bargaining_tdl_public,1.5,1.0,5,0,0,1,https://app.prolific.com/submissions/complete?cc=CTKDYE8E,https://app.prolific.com/submissions/complete?cc=C7WZD8AX,https://app.prolific.com/submissions/complete?cc=CHWGZZMH,8362325132736252743,"['public', 'public', 'public', 'public', 'public', 'public', 'public', 'public', 'public']",3,4,,0.0,fhbshrsha,fhbshrsha,,,public,5,2,1,1786982868.5592105,passed,0,,,,,,0,0,0,0,0,0,0,3,3,39.85,2.96,10.42,0.0,10.42,1,1,2,,0.0,Orange,public,0.0,support_none,support_none,left,,,39.85,34.39,26.08,Right,split_other,support_none,022lsgxg,dppd11s7,0.0,300.01,0.0,0.0,300.01,1,1786983272.9781063,0,99,0,0,0,,,3,1,mutual_31,1,1,1,0,0.0,0,1786982996.0575597,1786983272.9781063,1786983004.1878135,1786982972.6203358,1786982968.7866838,0.0,1,1,4,,0.0,,,,,,,,,,,,,,,,,,,,,,,,,,,,,,,,,,,,,,,,,,,0.0,0.0,0.0,0.0,0.0,0.0,0.0,0.0,0.0,0.0,0.0,0.0,0.0,0.0,1,1
5,dppd11s7,,0,28,28,bargaining_tdl_survey,FinalResults,2026-08-17 16:07:07.987732,1,,,3.0,shshahjah,,,,,0,1,public,6,2,1,1786982887.0470304,passed,0,,mutual_31,ida1gq0j,,,,,1,bargaining_tdl_public,1.5,1.0,5,0,0,1,https://app.prolific.com/submissions/complete?cc=CTKDYE8E,https://app.prolific.com/submissions/complete?cc=C7WZD8AX,https://app.prolific.com/submissions/complete?cc=CHWGZZMH,8362325132736252743,"['public', 'public', 'public', 'public', 'public', 'public', 'public', 'public', 'public']",3,5,,0.0,shshahjah,shshahjah,,,public,6,2,1,1786982887.0470304,passed,0,,,,,,0,0,0,0,0,0,0,3,3,53.2,2.84,13.44,0.0,13.44,1,1,3,,3.0,Purple,public,3.0,support_none,split_you,right,4,8,53.2,0.0,14.62,Right,support_none,split_you,mqwgsznm,022lsgxg,0.0,31.87,20.73,18.36,18.36,1,1786982973.1638672,1,0,0,0,0,NoOne,Left,3,1,mutual_31,1,1,1,0,0.0,0,1786982996.0575597,1786983272.9781063,1786983004.1878135,1786982972.6203358,1786982968.7866838,0.0,1,1,5,,0.0,2,1924,4,2,unemployed,not_employed,2,1,2,1,2,1,2,1,2,2,2,1,2,1,2,2,1,2,1,2,1,2,2,1,2,1,2,9,10,9,10,8,10,1.7,5,shahahagaegsb  ,5.73,9.49,9.66,31.69,20.04,38.06,0.0,0.0,0.0,0.0,0.0,3.41,5.73,0.0,1,1
6,022lsgxg,,0,28,28,bargaining_tdl_survey,FinalResults,2026-08-17 16:07:10.035900,1,,,3.0,xfbsbsbs,,,,,0,1,public,4,2,1,1786982846.2514238,passed,0,,mutual_31,ida1gq0j,,,,,1,bargaining_tdl_public,1.5,1.0,5,0,0,1,https://app.prolific.com/submissions/complete?cc=CTKDYE8E,https://app.prolific.com/submissions/complete?cc=C7WZD8AX,https://app.prolific.com/submissions/complete?cc=CHWGZZMH,8362325132736252743,"['public', 'public', 'public', 'public', 'public', 'public', 'public', 'public', 'public']",3,6,,0.0,xfbsbsbs,xfbsbsbs,,,public,4,2,1,1786982846.2514238,passed,0,,,,,,0,0,0,0,0,0,0,3,3,15.2,3.39,11.83,0.0,11.83,1,1,1,,3.0,Yellow,public,3.0,split_you,split_other,left,1,3,15.2,38.01,27.63,Left,split_you,support_none,dppd11s7,mqwgsznm,0.0,23.21,38.56,1.21,1.21,1,1786982943.6721432,1,0,0,0,0,Left,Right,3,1,mutual_31,1,1,1,0,0.0,0,1786982996.0575597,1786983272.9781063,1786983004.1878135,1786982972.6203358,1786982968.7866838,0.0,1,1,6,,0.0,0,1928,5,1,education,not_employed,5,4,5,4,5,4,5,4,5,5,4,5,4,5,4,5,4,5,5,4,5,4,5,4,5,4,5,10,10,10,8,9,8,2.0,5,fdhsbaegagea,30.35,27.76,31.18,8.65,9.13,15.52,0.0,0.0,0.0,0.0,0.0,4.02,30.35,0.0,1,1
7,maqon0cg,,0,0,28,,,,0,,,0.0,,,,,,,,,,,,,,,,,ida1gq0j,,,,,1,bargaining_tdl_public,1.5,1.0,5,0,0,1,https://app.prolific.com/submissions/complete?cc=CTKDYE8E,https://app.prolific.com/submissions/complete?cc=C7WZD8AX,https://app.prolific.com/submissions/complete?cc=CHWGZZMH,8362325132736252743,"['public', 'public', 'public', 'public', 'public', 'public', 'public', 'public', 'public']",3,7,,0.0,,,,,,0,0,0,0.0,unassigned,0,,,,,,,,,,,,,,,0.0,0.0,0.0,0.0,0.0,1,1,7,,0.0,,,0.0,,,,,,0.0,0.0,0.0,,,,,,0.0,0.0,0.0,0.0,0.0,0,0.0,1,0,0,0,0,,,1,0,pending,0,0,0,0,0.0,0,0.0,0.0,0.0,0.0,0.0,0.0,1,1,7,,0.0,,,,,,,,,,,,,,,,,,,,,,,,,,,,,,,,,,,,,,,,,,,0.0,0.0,0.0,0.0,0.0,0.0,0.0,0.0,0.0,0.0,0.0,0.0,0.0,0.0,1,1
8,fv6lk5aw,,0,0,28,,,,0,,,0.0,,,,,,,,,,,,,,,,,ida1gq0j,,,,,1,bargaining_tdl_public,1.5,1.0,5,0,0,1,https://app.prolific.com/submissions/complete?cc=CTKDYE8E,https://app.prolific.com/submissions/complete?cc=C7WZD8AX,https://app.prolific.com/submissions/complete?cc=CHWGZZMH,8362325132736252743,"['public', 'public', 'public', 'public', 'public', 'public', 'public', 'public', 'public']",3,8,,0.0,,,,,,0,0,0,0.0,unassigned,0,,,,,,,,,,,,,,,0.0,0.0,0.0,0.0,0.0,1,1,8,,0.0,,,0.0,,,,,,0.0,0.0,0.0,,,,,,0.0,0.0,0.0,0.0,0.0,0,0.0,1,0,0,0,0,,,1,0,pending,0,0,0,0,0.0,0,0.0,0.0,0.0,0.0,0.0,0.0,1,1,8,,0.0,,,,,,,,,,,,,,,,,,,,,,,,,,,,,,,,,,,,,,,,,,,0.0,0.0,0.0,0.0,0.0,0.0,0.0,0.0,0.0,0.0,0.0,0.0,0.0,0.0,1,1
9,ww3ezpck,,0,0,28,,,,0,,,0.0,,,,,,,,,,,,,,,,,ida1gq0j,,,,,1,bargaining_tdl_public,1.5,1.0,5,0,0,1,https://app.prolific.com/submissions/complete?cc=CTKDYE8E,https://app.prolific.com/submissions/complete?cc=C7WZD8AX,https://app.prolific.com/submissions/complete?cc=CHWGZZMH,8362325132736252743,"['public', 'public', 'public', 'public', 'public', 'public', 'public', 'public', 'public']",3,9,,0.0,,,,,,0,0,0,0.0,unassigned,0,,,,,,,,,,,,,,,0.0,0.0,0.0,0.0,0.0,1,1,9,,0.0,,,0.0,,,,,,0.0,0.0,0.0,,,,,,0.0,0.0,0.0,0.0,0.0,0,0.0,1,0,0,0,0,,,1,0,pending,0,0,0,0,0.0,0,0.0,0.0,0.0,0.0,0.0,0.0,1,1,9,,0.0,,,,,,,,,,,,,,,,,,,,,,,,,,,,,,,,,,,,,,,,,,,0.0,0.0,0.0,0.0,0.0,0.0,0.0,0.0,0.0,0.0,0.0,0.0,0.0,0.0,1,1
1,0kzudzle,,0,0,28,,,,0,,,0.0,,,,,,,,,,,,,,,,,21n4wqt4,,,,,1,bargaining_tdl_private,1.5,1.0,5,0,0,1,https://app.prolific.com/submissions/complete?cc=C1G2IEC2,https://app.prolific.com/submissions/complete?cc=C13STBXG,https://app.prolific.com/submissions/complete?cc=CSXVWB27,5113422937601291570,"['private', 'private', 'private', 'private', 'private', 'private', 'private', 'private', 'private']",3,1,,0.0,,,,,,0,0,0,0.0,unassigned,0,,,,,,,,,,,,,,,0.0,0.0,0.0,0.0,0.0,1,1,1,,0.0,,,0.0,,,,,,0.0,0.0,0.0,,,,,,0.0,0.0,0.0,0.0,0.0,0,0.0,1,0,0,0,0,,,1,0,pending,0,0,0,0,0.0,0,0.0,0.0,0.0,0.0,0.0,0.0,1,1,1,,0.0,,,,,,,,,,,,,,,,,,,,,,,,,,,,,,,,,,,,,,,,,,,0.0,0.0,0.0,0.0,0.0,0.0,0.0,0.0,0.0,0.0,0.0,0.0,0.0,0.0,1,1
2,drj4j5h3,,0,0,28,,,,0,,,0.0,,,,,,,,,,,,,,,,,21n4wqt4,,,,,1,bargaining_tdl_private,1.5,1.0,5,0,0,1,https://app.prolific.com/submissions/complete?cc=C1G2IEC2,https://app.prolific.com/submissions/complete?cc=C13STBXG,https://app.prolific.com/submissions/complete?cc=CSXVWB27,5113422937601291570,"['private', 'private', 'private', 'private', 'private', 'private', 'private', 'private', 'private']",3,2,,0.0,,,,,,0,0,0,0.0,unassigned,0,,,,,,,,,,,,,,,0.0,0.0,0.0,0.0,0.0,1,1,2,,0.0,,,0.0,,,,,,0.0,0.0,0.0,,,,,,0.0,0.0,0.0,0.0,0.0,0,0.0,1,0,0,0,0,,,1,0,pending,0,0,0,0,0.0,0,0.0,0.0,0.0,0.0,0.0,0.0,1,1,2,,0.0,,,,,,,,,,,,,,,,,,,,,,,,,,,,,,,,,,,,,,,,,,,0.0,0.0,0.0,0.0,0.0,0.0,0.0,0.0,0.0,0.0,0.0,0.0,0.0,0.0,1,1
3,i07v7i6h,,0,0,28,,,,0,,,0.0,,,,,,,,,,,,,,,,,21n4wqt4,,,,,1,bargaining_tdl_private,1.5,1.0,5,0,0,1,https://app.prolific.com/submissions/complete?cc=C1G2IEC2,https://app.prolific.com/submissions/complete?cc=C13STBXG,https://app.prolific.com/submissions/complete?cc=CSXVWB27,5113422937601291570,"['private', 'private', 'private', 'private', 'private', 'private', 'private', 'private', 'private']",3,3,,0.0,,,,,,0,0,0,0.0,unassigned,0,,,,,,,,,,,,,,,0.0,0.0,0.0,0.0,0.0,1,1,3,,0.0,,,0.0,,,,,,0.0,0.0,0.0,,,,,,0.0,0.0,0.0,0.0,0.0,0,0.0,1,0,0,0,0,,,1,0,pending,0,0,0,0,0.0,0,0.0,0.0,0.0,0.0,0.0,0.0,1,1,3,,0.0,,,,,,,,,,,,,,,,,,,,,,,,,,,,,,,,,,,,,,,,,,,0.0,0.0,0.0,0.0,0.0,0.0,0.0,0.0,0.0,0.0,0.0,0.0,0.0,0.0,1,1
4,a5xgczos,,0,0,28,,,,0,,,0.0,,,,,,,,,,,,,,,,,21n4wqt4,,,,,1,bargaining_tdl_private,1.5,1.0,5,0,0,1,https://app.prolific.com/submissions/complete?cc=C1G2IEC2,https://app.prolific.com/submissions/complete?cc=C13STBXG,https://app.prolific.com/submissions/complete?cc=CSXVWB27,5113422937601291570,"['private', 'private', 'private', 'private', 'private', 'private', 'private', 'private', 'private']",3,4,,0.0,,,,,,0,0,0,0.0,unassigned,0,,,,,,,,,,,,,,,0.0,0.0,0.0,0.0,0.0,1,1,4,,0.0,,,0.0,,,,,,0.0,0.0,0.0,,,,,,0.0,0.0,0.0,0.0,0.0,0,0.0,1,0,0,0,0,,,1,0,pending,0,0,0,0,0.0,0,0.0,0.0,0.0,0.0,0.0,0.0,1,1,4,,0.0,,,,,,,,,,,,,,,,,,,,,,,,,,,,,,,,,,,,,,,,,,,0.0,0.0,0.0,0.0,0.0,0.0,0.0,0.0,0.0,0.0,0.0,0.0,0.0,0.0,1,1
5,twiz7luq,,0,0,28,,,,0,,,0.0,,,,,,,,,,,,,,,,,21n4wqt4,,,,,1,bargaining_tdl_private,1.5,1.0,5,0,0,1,https://app.prolific.com/submissions/complete?cc=C1G2IEC2,https://app.prolific.com/submissions/complete?cc=C13STBXG,https://app.prolific.com/submissions/complete?cc=CSXVWB27,5113422937601291570,"['private', 'private', 'private', 'private', 'private', 'private', 'private', 'private', 'private']",3,5,,0.0,,,,,,0,0,0,0.0,unassigned,0,,,,,,,,,,,,,,,0.0,0.0,0.0,0.0,0.0,1,1,5,,0.0,,,0.0,,,,,,0.0,0.0,0.0,,,,,,0.0,0.0,0.0,0.0,0.0,0,0.0,1,0,0,0,0,,,1,0,pending,0,0,0,0,0.0,0,0.0,0.0,0.0,0.0,0.0,0.0,1,1,5,,0.0,,,,,,,,,,,,,,,,,,,,,,,,,,,,,,,,,,,,,,,,,,,0.0,0.0,0.0,0.0,0.0,0.0,0.0,0.0,0.0,0.0,0.0,0.0,0.0,0.0,1,1
6,g5u6a9v9,,0,0,28,,,,0,,,0.0,,,,,,,,,,,,,,,,,21n4wqt4,,,,,1,bargaining_tdl_private,1.5,1.0,5,0,0,1,https://app.prolific.com/submissions/complete?cc=C1G2IEC2,https://app.prolific.com/submissions/complete?cc=C13STBXG,https://app.prolific.com/submissions/complete?cc=CSXVWB27,5113422937601291570,"['private', 'private', 'private', 'private', 'private', 'private', 'private', 'private', 'private']",3,6,,0.0,,,,,,0,0,0,0.0,unassigned,0,,,,,,,,,,,,,,,0.0,0.0,0.0,0.0,0.0,1,1,6,,0.0,,,0.0,,,,,,0.0,0.0,0.0,,,,,,0.0,0.0,0.0,0.0,0.0,0,0.0,1,0,0,0,0,,,1,0,pending,0,0,0,0,0.0,0,0.0,0.0,0.0,0.0,0.0,0.0,1,1,6,,0.0,,,,,,,,,,,,,,,,,,,,,,,,,,,,,,,,,,,,,,,,,,,0.0,0.0,0.0,0.0,0.0,0.0,0.0,0.0,0.0,0.0,0.0,0.0,0.0,0.0,1,1
7,8qv3xd8j,,0,0,28,,,,0,,,0.0,,,,,,,,,,,,,,,,,21n4wqt4,,,,,1,bargaining_tdl_private,1.5,1.0,5,0,0,1,https://app.prolific.com/submissions/complete?cc=C1G2IEC2,https://app.prolific.com/submissions/complete?cc=C13STBXG,https://app.prolific.com/submissions/complete?cc=CSXVWB27,5113422937601291570,"['private', 'private', 'private', 'private', 'private', 'private', 'private', 'private', 'private']",3,7,,0.0,,,,,,0,0,0,0.0,unassigned,0,,,,,,,,,,,,,,,0.0,0.0,0.0,0.0,0.0,1,1,7,,0.0,,,0.0,,,,,,0.0,0.0,0.0,,,,,,0.0,0.0,0.0,0.0,0.0,0,0.0,1,0,0,0,0,,,1,0,pending,0,0,0,0,0.0,0,0.0,0.0,0.0,0.0,0.0,0.0,1,1,7,,0.0,,,,,,,,,,,,,,,,,,,,,,,,,,,,,,,,,,,,,,,,,,,0.0,0.0,0.0,0.0,0.0,0.0,0.0,0.0,0.0,0.0,0.0,0.0,0.0,0.0,1,1
8,2aqwgla0,,0,0,28,,,,0,,,0.0,,,,,,,,,,,,,,,,,21n4wqt4,,,,,1,bargaining_tdl_private,1.5,1.0,5,0,0,1,https://app.prolific.com/submissions/complete?cc=C1G2IEC2,https://app.prolific.com/submissions/complete?cc=C13STBXG,https://app.prolific.com/submissions/complete?cc=CSXVWB27,5113422937601291570,"['private', 'private', 'private', 'private', 'private', 'private', 'private', 'private', 'private']",3,8,,0.0,,,,,,0,0,0,0.0,unassigned,0,,,,,,,,,,,,,,,0.0,0.0,0.0,0.0,0.0,1,1,8,,0.0,,,0.0,,,,,,0.0,0.0,0.0,,,,,,0.0,0.0,0.0,0.0,0.0,0,0.0,1,0,0,0,0,,,1,0,pending,0,0,0,0,0.0,0,0.0,0.0,0.0,0.0,0.0,0.0,1,1,8,,0.0,,,,,,,,,,,,,,,,,,,,,,,,,,,,,,,,,,,,,,,,,,,0.0,0.0,0.0,0.0,0.0,0.0,0.0,0.0,0.0,0.0,0.0,0.0,0.0,0.0,1,1
9,kpoe0zck,,0,0,28,,,,0,,,0.0,,,,,,,,,,,,,,,,,21n4wqt4,,,,,1,bargaining_tdl_private,1.5,1.0,5,0,0,1,https://app.prolific.com/submissions/complete?cc=C1G2IEC2,https://app.prolific.com/submissions/complete?cc=C13STBXG,https://app.prolific.com/submissions/complete?cc=CSXVWB27,5113422937601291570,"['private', 'private', 'private', 'private', 'private', 'private', 'private', 'private', 'private']",3,9,,0.0,,,,,,0,0,0,0.0,unassigned,0,,,,,,,,,,,,,,,0.0,0.0,0.0,0.0,0.0,1,1,9,,0.0,,,0.0,,,,,,0.0,0.0,0.0,,,,,,0.0,0.0,0.0,0.0,0.0,0,0.0,1,0,0,0,0,,,1,0,pending,0,0,0,0,0.0,0,0.0,0.0,0.0,0.0,0.0,0.0,1,1,9,,0.0,,,,,,,,,,,,,,,,,,,,,,,,,,,,,,,,,,,,,,,,,,,0.0,0.0,0.0,0.0,0.0,0.0,0.0,0.0,0.0,0.0,0.0,0.0,0.0,0.0,1,1
1,v82mb1l6,,0,28,28,bargaining_tdl_survey,FinalResults,2026-08-17 16:17:41.017697,1,,,3.0,shashah,,,,,0,1,private_no_dwl,2,1,1,1786983511.7074482,passed,0,,mutual_31,42wyqhtt,,,,,1,bargaining_tdl_private_no_dwl,1.5,1.0,5,0,0,1,https://app.prolific.com/submissions/complete?cc=CU9DDEAQ,https://app.prolific.com/submissions/complete?cc=CMPNPYY3,https://app.prolific.com/submissions/complete?cc=CFORQW3N,4386056384426961437,"['private_no_dwl', 'private_no_dwl', 'private_no_dwl', 'private_no_dwl', 'private_no_dwl', 'private_no_dwl', 'private_no_dwl', 'private_no_dwl', 'private_no_dwl']",3,1,,0.0,shashah,shashah,,,private_no_dwl,2,1,1,1786983511.7074482,passed,0,,,,,,0,0,0,6,0,0,0,3,3,48.05,3.0,11.35,0.0,11.35,1,1,1,,3.0,Yellow,private_no_dwl,3.0,split_you,split_other,left,8,7,48.05,23.18,15.61,Left,split_you,split_you,1c8niseg,916rj59e,0.0,17.07,23.81,1.18,1.18,1,1786983589.0382938,1,0,0,0,99,Right,Left,2,1,mutual_31,1,1,1,1,1786983700.910554,2,1786983908.1953647,1786983598.5531995,1786983918.11265,1786983617.9651875,0.0,1786983605.0925848,1,1,1,,0.0,2,1929,1,3,education,not_employed,1,2,2,2,2,2,2,2,2,1,2,2,2,2,2,2,2,2,1,1,1,2,2,1,2,1,2,10,9,9,8,9,8,2.0,5,shsh  ,4.14,65.35,8.43,7.78,8.19,8.16,0.0,0.0,0.0,0.0,0.0,8.91,4.14,0.0,1,1
2,916rj59e,,0,17,28,bargaining_tdl_main,InactivityGoodbyeMain,2026-08-17 16:17:43.844819,1,,,0.0,sahahagag,,,,,1,0,private_no_dwl,3,1,1,1786983534.3530385,passed,0,,mutual_31,42wyqhtt,,,,,1,bargaining_tdl_private_no_dwl,1.5,1.0,5,0,0,1,https://app.prolific.com/submissions/complete?cc=CU9DDEAQ,https://app.prolific.com/submissions/complete?cc=CMPNPYY3,https://app.prolific.com/submissions/complete?cc=CFORQW3N,4386056384426961437,"['private_no_dwl', 'private_no_dwl', 'private_no_dwl', 'private_no_dwl', 'private_no_dwl', 'private_no_dwl', 'private_no_dwl', 'private_no_dwl', 'private_no_dwl']",3,2,,0.0,sahahagag,sahahagag,,,private_no_dwl,3,1,1,1786983534.3530385,passed,0,,,,,,0,0,0,6,0,0,0,3,3,62.57,3.83,24.97,0.0,24.97,1,1,2,,0.0,Orange,private_no_dwl,0.0,split_you,split_other,,1,1,62.57,0.0,0.0,Right,split_other,split_other,v82mb1l6,1c8niseg,0.0,0.0,0.0,0.0,0.0,1,1786983610.910554,0,99,99,0,0,Left,Left,2,1,mutual_31,1,1,1,1,1786983700.910554,2,1786983908.1953647,1786983598.5531995,1786983918.11265,1786983617.9651875,0.0,1786983605.0925848,1,1,2,,0.0,,,,,,,,,,,,,,,,,,,,,,,,,,,,,,,,,,,,,,,,,,,0.0,0.0,0.0,0.0,0.0,0.0,0.0,0.0,0.0,0.0,0.0,0.0,0.0,0.0,1,1
3,iawj6evl,,0,0,28,,,,0,,,0.0,,,,,,,,,,,,,,,,,42wyqhtt,,,,,1,bargaining_tdl_private_no_dwl,1.5,1.0,5,0,0,1,https://app.prolific.com/submissions/complete?cc=CU9DDEAQ,https://app.prolific.com/submissions/complete?cc=CMPNPYY3,https://app.prolific.com/submissions/complete?cc=CFORQW3N,4386056384426961437,"['private_no_dwl', 'private_no_dwl', 'private_no_dwl', 'private_no_dwl', 'private_no_dwl', 'private_no_dwl', 'private_no_dwl', 'private_no_dwl', 'private_no_dwl']",3,3,,0.0,,,,,,0,0,0,0.0,unassigned,0,,,,,,,,,,,,,,,0.0,0.0,0.0,0.0,0.0,1,1,3,,0.0,,,0.0,,,,,,0.0,0.0,0.0,,,,,,0.0,0.0,0.0,0.0,0.0,0,0.0,1,0,0,0,0,,,1,0,pending,0,0,0,0,0.0,0,0.0,0.0,0.0,0.0,0.0,0.0,1,1,3,,0.0,,,,,,,,,,,,,,,,,,,,,,,,,,,,,,,,,,,,,,,,,,,0.0,0.0,0.0,0.0,0.0,0.0,0.0,0.0,0.0,0.0,0.0,0.0,0.0,0.0,1,1
4,1c8niseg,,0,28,28,bargaining_tdl_survey,FinalResults,2026-08-17 16:17:46.227481,1,,,3.0,sffhagag,,,,,0,1,private_no_dwl,1,1,1,1786983486.8958354,passed,0,,mutual_31,42wyqhtt,,,,,1,bargaining_tdl_private_no_dwl,1.5,1.0,5,0,0,1,https://app.prolific.com/submissions/complete?cc=CU9DDEAQ,https://app.prolific.com/submissions/complete?cc=CMPNPYY3,https://app.prolific.com/submissions/complete?cc=CFORQW3N,4386056384426961437,"['private_no_dwl', 'private_no_dwl', 'private_no_dwl', 'private_no_dwl', 'private_no_dwl', 'private_no_dwl', 'private_no_dwl', 'private_no_dwl', 'private_no_dwl']",3,4,,0.0,sffhagag,sffhagag,,,private_no_dwl,1,1,1,1786983486.8958354,passed,0,,,,,,0,0,0,6,0,0,0,3,3,19.1,2.25,14.53,0.0,14.53,1,1,3,,3.0,Purple,private_no_dwl,3.0,split_other,split_you,right,7,3,19.1,10.49,36.28,Right,split_other,split_you,916rj59e,v82mb1l6,0.0,25.99,7.89,8.92,8.92,1,1786983576.228015,1,0,0,99,0,Right,Right,2,1,mutual_31,1,1,1,1,1786983700.910554,2,1786983908.1953647,1786983598.5531995,1786983918.11265,1786983617.9651875,0.0,1786983605.0925848,1,1,4,,0.0,2,1927,5,6,paid_work,employer,1,2,3,4,5,4,4,3,3,1,2,3,4,5,4,3,2,1,1,2,3,4,5,4,3,2,1,9,10,9,10,9,10,1.8,5,aegage  ,4.57,16.09,9.47,10.9,8.4,8.26,0.0,0.0,0.0,0.0,0.0,3.24,4.57,0.0,1,1
5,44qyeilc,,0,0,28,,,,0,,,0.0,,,,,,,,,,,,,,,,,42wyqhtt,,,,,1,bargaining_tdl_private_no_dwl,1.5,1.0,5,0,0,1,https://app.prolific.com/submissions/complete?cc=CU9DDEAQ,https://app.prolific.com/submissions/complete?cc=CMPNPYY3,https://app.prolific.com/submissions/complete?cc=CFORQW3N,4386056384426961437,"['private_no_dwl', 'private_no_dwl', 'private_no_dwl', 'private_no_dwl', 'private_no_dwl', 'private_no_dwl', 'private_no_dwl', 'private_no_dwl', 'private_no_dwl']",3,5,,0.0,,,,,,0,0,0,0.0,unassigned,0,,,,,,,,,,,,,,,0.0,0.0,0.0,0.0,0.0,1,1,5,,0.0,,,0.0,,,,,,0.0,0.0,0.0,,,,,,0.0,0.0,0.0,0.0,0.0,0,0.0,1,0,0,0,0,,,1,0,pending,0,0,0,0,0.0,0,0.0,0.0,0.0,0.0,0.0,0.0,1,1,5,,0.0,,,,,,,,,,,,,,,,,,,,,,,,,,,,,,,,,,,,,,,,,,,0.0,0.0,0.0,0.0,0.0,0.0,0.0,0.0,0.0,0.0,0.0,0.0,0.0,0.0,1,1
6,spefyr83,,0,0,28,,,,0,,,0.0,,,,,,,,,,,,,,,,,42wyqhtt,,,,,1,bargaining_tdl_private_no_dwl,1.5,1.0,5,0,0,1,https://app.prolific.com/submissions/complete?cc=CU9DDEAQ,https://app.prolific.com/submissions/complete?cc=CMPNPYY3,https://app.prolific.com/submissions/complete?cc=CFORQW3N,4386056384426961437,"['private_no_dwl', 'private_no_dwl', 'private_no_dwl', 'private_no_dwl', 'private_no_dwl', 'private_no_dwl', 'private_no_dwl', 'private_no_dwl', 'private_no_dwl']",3,6,,0.0,,,,,,0,0,0,0.0,unassigned,0,,,,,,,,,,,,,,,0.0,0.0,0.0,0.0,0.0,1,1,6,,0.0,,,0.0,,,,,,0.0,0.0,0.0,,,,,,0.0,0.0,0.0,0.0,0.0,0,0.0,1,0,0,0,0,,,1,0,pending,0,0,0,0,0.0,0,0.0,0.0,0.0,0.0,0.0,0.0,1,1,6,,0.0,,,,,,,,,,,,,,,,,,,,,,,,,,,,,,,,,,,,,,,,,,,0.0,0.0,0.0,0.0,0.0,0.0,0.0,0.0,0.0,0.0,0.0,0.0,0.0,0.0,1,1
7,jtfiygco,,0,28,28,bargaining_tdl_survey,FinalResults,2026-08-17 16:28:10.508879,1,,,0.0,shshsh,,,,,0,1,private_no_dwl,4,2,1,1786984106.77406,passed,0,,disagreement,42wyqhtt,,,,,1,bargaining_tdl_private_no_dwl,1.5,1.0,5,0,0,1,https://app.prolific.com/submissions/complete?cc=CU9DDEAQ,https://app.prolific.com/submissions/complete?cc=CMPNPYY3,https://app.prolific.com/submissions/complete?cc=CFORQW3N,4386056384426961437,"['private_no_dwl', 'private_no_dwl', 'private_no_dwl', 'private_no_dwl', 'private_no_dwl', 'private_no_dwl', 'private_no_dwl', 'private_no_dwl', 'private_no_dwl']",3,7,,0.0,shshsh,shshsh,,,private_no_dwl,4,2,1,1786984106.77406,passed,0,,,,,,0,0,0,6,0,0,0,3,3,15.25,3.04,10.63,0.0,10.63,1,1,2,,0.0,Orange,private_no_dwl,0.0,split_other,split_you,right,4,2,15.25,9.53,52.03,NoOne,split_other,split_you,0sp1r3vj,msqk2dfp,0.0,22.94,16.75,0.86,0.86,1,1786984173.2665744,1,0,0,0,0,Left,Right,3,0,disagreement,1,1,1,0,1786984343.3137228,1,1786984240.743943,1786984253.313667,1786984249.2087843,0.0,1786984202.139408,1786984215.783831,1,1,7,,0.0,2,1929,5,4,education,not_employed,5,4,4,4,5,5,5,5,5,5,4,5,4,5,4,5,4,5,5,4,5,4,5,4,5,4,5,9,9,9,9,8,9,2.0,5,saahahsrh  ,6.08,17.29,54.62,9.03,20.28,8.32,0.0,0.0,0.0,0.0,0.0,5.22,6.08,0.0,1,1
8,msqk2dfp,,0,28,28,bargaining_tdl_survey,FinalResults,2026-08-17 16:28:08.262808,1,,,0.0,srhshjj,,,,,0,1,private_no_dwl,6,2,1,1786984145.9277942,passed,0,,disagreement,42wyqhtt,,,,,1,bargaining_tdl_private_no_dwl,1.5,1.0,5,0,0,1,https://app.prolific.com/submissions/complete?cc=CU9DDEAQ,https://app.prolific.com/submissions/complete?cc=CMPNPYY3,https://app.prolific.com/submissions/complete?cc=CFORQW3N,4386056384426961437,"['private_no_dwl', 'private_no_dwl', 'private_no_dwl', 'private_no_dwl', 'private_no_dwl', 'private_no_dwl', 'private_no_dwl', 'private_no_dwl', 'private_no_dwl']",3,8,,0.0,srhshjj,srhshjj,,,private_no_dwl,6,2,1,1786984145.9277942,passed,0,,,,,,0,0,0,6,0,0,0,3,3,51.63,2.62,11.79,0.0,11.79,1,1,3,,0.0,Purple,private_no_dwl,0.0,split_you,split_you,left,3,2,51.63,22.94,42.87,Left,split_you,split_you,jtfiygco,0sp1r3vj,0.0,18.79,12.29,11.41,11.41,1,1786984186.6412048,1,0,0,0,0,NoOne,Right,3,0,disagreement,1,1,1,0,1786984343.3137228,1,1786984240.743943,1786984253.313667,1786984249.2087843,0.0,1786984202.139408,1786984215.783831,1,1,8,,0.0,1,1928,11,3,unemployed,not_employed,1,2,1,2,1,2,1,2,1,2,1,2,1,2,1,2,1,2,1,2,1,2,1,2,1,2,1,9,8,7,8,9,9,1.7,5,sagagag  ,4.72,9.39,9.83,8.38,8.11,25.97,0.0,0.0,0.0,0.0,0.0,7.95,4.72,0.0,1,1
9,0sp1r3vj,,0,17,28,bargaining_tdl_main,InactivityGoodbyeMain,2026-08-17 16:28:05.797815,1,,,0.0,djsjsjs,,,,,0,0,private_no_dwl,5,2,1,1786984125.9702988,passed,0,,disagreement,42wyqhtt,,,,,1,bargaining_tdl_private_no_dwl,1.5,1.0,5,0,0,1,https://app.prolific.com/submissions/complete?cc=CU9DDEAQ,https://app.prolific.com/submissions/complete?cc=CMPNPYY3,https://app.prolific.com/submissions/complete?cc=CFORQW3N,4386056384426961437,"['private_no_dwl', 'private_no_dwl', 'private_no_dwl', 'private_no_dwl', 'private_no_dwl', 'private_no_dwl', 'private_no_dwl', 'private_no_dwl', 'private_no_dwl']",3,9,,0.0,djsjsjs,djsjsjs,,,private_no_dwl,5,2,1,1786984125.9702988,passed,0,,,,,,0,0,0,6,0,0,0,3,3,37.06,2.22,12.28,0.0,12.28,1,1,1,,0.0,Yellow,private_no_dwl,0.0,split_you,split_other,left,,,37.06,0.0,40.46,Left,split_you,split_other,msqk2dfp,jtfiygco,0.0,40.46,0.0,0.0,40.46,1,1786984253.3137228,0,99,0,0,0,,,3,0,disagreement,1,1,1,0,1786984343.3137228,1,1786984240.743943,1786984253.313667,1786984249.2087843,0.0,1786984202.139408,1786984215.783831,1,1,9,,0.0,,,,,,,,,,,,,,,,,,,,,,,,,,,,,,,,,,,,,,,,,,,0.0,0.0,0.0,0.0,0.0,0.0,0.0,0.0,0.0,0.0,0.0,0.0,0.0,0.0,1,1
1,k2u9n4ub,665b7b047373d8da553237a6,0,2,28,bargaining_tdl_intro,InstructionsPart1,2026-08-18 14:41:58.703682,1,,,0.0,665b7b047373d8da553237a6,,,,,,,private,1,1,1,1787064123.3218908,assigned,0,,,yv2jggqe,,,,,0,bargaining_tdl_private,1.5,1.0,5,0,0,1,https://app.prolific.com/submissions/complete?cc=C1G2IEC2,https://app.prolific.com/submissions/complete?cc=C13STBXG,https://app.prolific.com/submissions/complete?cc=CSXVWB27,4732951669508025626,"['private', 'private', 'private', 'private', 'private', 'private', 'private', 'private', 'private', 'private', 'private', 'private', 'private', 'private', 'private', 'private', 'private', 'private', 'private', 'private', 'private', 'private', 'private', 'private', 'private', 'private', 'private', 'private', 'private', 'private']",3,1,,0.0,665b7b047373d8da553237a6,665b7b047373d8da553237a6,,,private,1,1,1,1787064123.3218908,assigned,0,,,,,,,,,,,,,,,4.14,0.0,0.0,0.0,4.14,1,1,1,,0.0,,,0.0,,,,,,0.0,0.0,0.0,,,,,,0.0,0.0,0.0,0.0,0.0,0,0.0,1,0,0,0,0,,,1,0,pending,0,0,0,0,0.0,0,0.0,0.0,0.0,0.0,0.0,0.0,1,1,1,,0.0,,,,,,,,,,,,,,,,,,,,,,,,,,,,,,,,,,,,,,,,,,,0.0,0.0,0.0,0.0,0.0,0.0,0.0,0.0,0.0,0.0,0.0,0.0,0.0,0.0,1,1
2,r42bpll1,5f504fd2cc049d1cbf29c40d,0,28,28,bargaining_tdl_survey,FinalResults,2026-08-18 14:42:00.335697,1,,,0.0,5f504fd2cc049d1cbf29c40d,,,,,0,1,private,3,1,1,1787064133.7705698,passed,0,,mutual_31,yv2jggqe,,,,,0,bargaining_tdl_private,1.5,1.0,5,0,0,1,https://app.prolific.com/submissions/complete?cc=C1G2IEC2,https://app.prolific.com/submissions/complete?cc=C13STBXG,https://app.prolific.com/submissions/complete?cc=CSXVWB27,4732951669508025626,"['private', 'private', 'private', 'private', 'private', 'private', 'private', 'private', 'private', 'private', 'private', 'private', 'private', 'private', 'private', 'private', 'private', 'private', 'private', 'private', 'private', 'private', 'private', 'private', 'private', 'private', 'private', 'private', 'private', 'private']",3,2,,0.0,5f504fd2cc049d1cbf29c40d,5f504fd2cc049d1cbf29c40d,,,private,3,1,1,1787064133.7705698,passed,0,,,,,,0,0,0,0,0,0,0,3,3,10.91,37.97,72.23,0.0,72.23,1,1,2,,0.0,Orange,private,0.0,split_you,split_other,left,1,1,10.91,0.0,18.75,NoOne,split_other,split_other,v502ejx4,kfy3livq,0.0,24.57,33.38,8.12,8.12,0,0.0,1,0,0,0,0,Left,Right,2,1,mutual_31,1,1,1,0,0.0,0,1787064401.0926037,1787064410.5969348,1787064392.1927204,1787064366.2477129,0.0,0.0,1,1,2,,0.0,0,1993,1,0,paid_work,employee,5,1,5,5,5,5,5,5,4,5,5,1,3,5,1,3,5,3,1,4,3,1,4,3,5,1,1,10,5,10,5,10,0,2.0,5,The experiment ran just fine.,23.59,45.67,23.2,18.54,53.49,22.84,0.0,0.0,0.0,0.0,0.0,30.14,23.59,0.0,1,1
3,kfy3livq,69f4a4a6ae47a729b6e55356,0,28,28,bargaining_tdl_survey,FinalResults,2026-08-18 14:42:06.133276,1,,,3.0,69f4a4a6ae47a729b6e55356,,,,,0,1,private,2,1,1,1787064128.5425978,passed,0,,mutual_31,yv2jggqe,,,,,0,bargaining_tdl_private,1.5,1.0,5,0,0,1,https://app.prolific.com/submissions/complete?cc=C1G2IEC2,https://app.prolific.com/submissions/complete?cc=C13STBXG,https://app.prolific.com/submissions/complete?cc=CSXVWB27,4732951669508025626,"['private', 'private', 'private', 'private', 'private', 'private', 'private', 'private', 'private', 'private', 'private', 'private', 'private', 'private', 'private', 'private', 'private', 'private', 'private', 'private', 'private', 'private', 'private', 'private', 'private', 'private', 'private', 'private', 'private', 'private']",3,3,,0.0,69f4a4a6ae47a729b6e55356,69f4a4a6ae47a729b6e55356,,,private,2,1,1,1787064128.5425978,passed,0,,,,,,0,0,0,0,0,0,0,3,3,1.94,60.86,33.95,0.0,33.95,1,1,3,,3.0,Purple,private,3.0,split_other,split_you,right,3,6,1.94,110.32,8.26,Right,split_other,split_you,r42bpll1,v502ejx4,0.0,6.03,8.65,4.09,4.09,0,0.0,1,0,0,0,0,NoOne,Left,2,1,mutual_31,1,1,1,0,0.0,0,1787064401.0926037,1787064410.5969348,1787064392.1927204,1787064366.2477129,0.0,0.0,1,1,3,,0.0,1,2003,3,4,paid_work,self_employed,2,2,1,1,1,1,1,1,2,4,5,2,2,1,4,1,4,3,1,5,1,1,2,1,5,1,1,7,4,9,0,10,5,1.5,5,The instructions were very clear and easy to understand! ,20.02,22.16,25.32,22.27,15.56,25.2,0.0,0.0,0.0,0.0,0.0,17.0,20.02,0.0,1,1
4,v8t611q5,6995d8ad91e057a634c6438c,0,28,28,bargaining_tdl_survey,FinalResults,2026-08-18 14:42:10.858829,1,,,0.0,6995d8ad91e057a634c6438c,,,,,0,1,private,4,2,1,1787064134.9654152,passed,0,,mutual_12,yv2jggqe,,,,,0,bargaining_tdl_private,1.5,1.0,5,0,0,1,https://app.prolific.com/submissions/complete?cc=C1G2IEC2,https://app.prolific.com/submissions/complete?cc=C13STBXG,https://app.prolific.com/submissions/complete?cc=CSXVWB27,4732951669508025626,"['private', 'private', 'private', 'private', 'private', 'private', 'private', 'private', 'private', 'private', 'private', 'private', 'private', 'private', 'private', 'private', 'private', 'private', 'private', 'private', 'private', 'private', 'private', 'private', 'private', 'private', 'private', 'private', 'private', 'private']",3,4,,0.0,6995d8ad91e057a634c6438c,6995d8ad91e057a634c6438c,,,private,4,2,1,1787064134.9654152,passed,0,,,,,,0,0,0,0,0,0,0,3,3,2.86,51.38,24.81,0.0,24.81,1,1,3,,0.0,Purple,private,0.0,split_you,split_other,left,7,4,2.86,77.05,7.25,Left,split_you,split_other,if1qrxe2,exlf647s,0.0,13.03,15.81,3.93,3.93,1,1787064515.96902,1,0,0,0,0,Right,Right,3,1,mutual_12,1,1,1,0,0.0,0,1787064530.5422754,1787064520.3505557,1787064527.800176,1787064503.372176,1787064503.4017818,1787064467.9763682,1,1,4,,0.0,1,1978,7,2,paid_work,self_employed,4,1,3,3,3,2,4,3,3,3,4,4,3,2,2,2,5,3,1,4,1,1,1,1,4,1,1,7,7,8,1,7,7,1.9,5,All good!,9.69,18.43,33.6,18.47,19.2,17.43,0.0,0.0,0.0,0.0,0.0,28.14,9.69,0.0,1,1
5,v502ejx4,5f4a7a00dc1bde60ab8f7ac5,0,28,28,bargaining_tdl_survey,FinalResults,2026-08-18 14:42:14.206857,1,,,3.0,5f4a7a00dc1bde60ab8f7ac5,,,,,0,1,private,5,2,1,1787064136.1617064,passed,0,,mutual_31,yv2jggqe,,,,,0,bargaining_tdl_private,1.5,1.0,5,0,0,1,https://app.prolific.com/submissions/complete?cc=C1G2IEC2,https://app.prolific.com/submissions/complete?cc=C13STBXG,https://app.prolific.com/submissions/complete?cc=CSXVWB27,4732951669508025626,"['private', 'private', 'private', 'private', 'private', 'private', 'private', 'private', 'private', 'private', 'private', 'private', 'private', 'private', 'private', 'private', 'private', 'private', 'private', 'private', 'private', 'private', 'private', 'private', 'private', 'private', 'private', 'private', 'private', 'private']",3,5,,0.0,5f4a7a00dc1bde60ab8f7ac5,5f4a7a00dc1bde60ab8f7ac5,,,private,5,2,1,1787064136.1617064,passed,0,,,,,,0,0,0,0,0,0,0,3,3,1.65,3.75,43.78,0.0,43.78,1,1,1,,3.0,Yellow,private,3.0,split_you,split_other,left,7,4,1.65,87.19,18.94,Left,split_you,split_you,kfy3livq,r42bpll1,0.0,15.14,12.95,1.27,1.27,1,1787064386.8907602,1,0,0,0,0,Right,Right,2,1,mutual_31,1,1,1,0,0.0,0,1787064401.0926037,1787064410.5969348,1787064392.1927204,1787064366.2477129,0.0,0.0,1,1,5,,0.0,0,1994,4,4,paid_work,employee,5,3,5,5,5,5,5,3,5,2,4,3,1,4,4,1,5,1,3,4,5,1,5,4,5,1,1,10,6,10,5,10,0,1.9,5,Straightforward and easy to understand.,14.72,16.76,11.71,12.96,13.75,13.23,0.0,0.0,0.0,0.0,0.0,24.29,14.72,0.0,1,1
6,grq8uybw,69fdfdd06a8b86bc46481957,0,28,28,bargaining_tdl_survey,FinalResults,2026-08-18 14:42:26.656498,1,,,0.0,69fdfdd06a8b86bc46481957,,,,,0,1,private,13,5,1,1787064217.361926,passed,0,,mutual_23,yv2jggqe,,,,,0,bargaining_tdl_private,1.5,1.0,5,0,0,1,https://app.prolific.com/submissions/complete?cc=C1G2IEC2,https://app.prolific.com/submissions/complete?cc=C13STBXG,https://app.prolific.com/submissions/complete?cc=CSXVWB27,4732951669508025626,"['private', 'private', 'private', 'private', 'private', 'private', 'private', 'private', 'private', 'private', 'private', 'private', 'private', 'private', 'private', 'private', 'private', 'private', 'private', 'private', 'private', 'private', 'private', 'private', 'private', 'private', 'private', 'private', 'private', 'private']",3,6,,0.0,69fdfdd06a8b86bc46481957,69fdfdd06a8b86bc46481957,,,private,13,5,1,1787064217.361926,passed,0,,,,,,0,0,0,0,0,0,0,3,3,69.74,47.95,93.56,0.0,93.56,1,1,1,,0.0,Yellow,private,0.0,split_you,split_you,left,6,2,69.74,116.63,33.57,Left,split_other,split_other,enx0bvqy,havx50xw,0.0,13.59,19.43,7.94,7.94,1,1787064506.9523504,1,0,0,0,0,Right,Right,4,1,mutual_23,1,1,1,0,0.0,0,1787064556.9050436,1787064551.8298717,1787064555.154787,1787064532.7148979,1787064542.4026225,1787064542.9377747,1,1,6,,0.0,0,1966,10,0,paid_work,self_employed,4,2,4,4,3,3,4,3,4,4,4,3,3,4,4,2,4,3,2,4,3,3,4,2,2,4,3,5,6,8,3,3,2,1.6,4,"this was an intriguing experiment, rather enjoyable even",30.0,41.93,39.8,36.39,37.37,32.62,0.0,0.0,0.0,0.0,0.0,53.67,30.0,0.0,1,1
7,exlf647s,69b32bdf1b7617a66b7b7f2a,0,28,28,bargaining_tdl_survey,FinalResults,2026-08-18 14:42:30.305307,1,,,3.0,69b32bdf1b7617a66b7b7f2a,,,,,0,1,private,7,3,1,1787064162.6937842,passed,0,,mutual_12,yv2jggqe,,,,,0,bargaining_tdl_private,1.5,1.0,5,0,0,1,https://app.prolific.com/submissions/complete?cc=C1G2IEC2,https://app.prolific.com/submissions/complete?cc=C13STBXG,https://app.prolific.com/submissions/complete?cc=CSXVWB27,4732951669508025626,"['private', 'private', 'private', 'private', 'private', 'private', 'private', 'private', 'private', 'private', 'private', 'private', 'private', 'private', 'private', 'private', 'private', 'private', 'private', 'private', 'private', 'private', 'private', 'private', 'private', 'private', 'private', 'private', 'private', 'private']",3,7,,0.0,69b32bdf1b7617a66b7b7f2a,69b32bdf1b7617a66b7b7f2a,,,private,7,3,1,1787064162.6937842,passed,0,,,,,,0,0,0,0,0,0,0,3,3,11.79,15.68,95.23,0.0,95.23,1,1,1,,3.0,Yellow,private,3.0,split_other,split_you,right,1,7,11.79,0.0,14.57,Right,split_other,split_you,v8t611q5,if1qrxe2,0.0,18.04,13.01,5.38,5.38,1,1787064514.357509,1,0,0,0,0,NoOne,Left,3,1,mutual_12,1,1,1,0,0.0,0,1787064530.5422754,1787064520.3505557,1787064527.800176,1787064503.372176,1787064503.4017818,1787064467.9763682,1,1,7,,0.0,0,1986,11,16,paid_work,self_employed,3,1,1,1,1,1,1,3,4,3,5,1,1,1,4,1,5,1,1,5,1,1,1,1,5,4,1,10,10,10,0,10,9,1.9,5,"it was perfectly fine, all of it",18.13,38.0,153.32,38.12,26.88,29.75,0.0,0.0,0.0,0.0,0.0,65.96,18.13,0.0,1,1
8,at14sitx,6a01e86995470b850035a1a9,0,8,28,bargaining_tdl_intro,Goodbye,2026-08-18 14:42:35.323506,1,,,0.0,6a01e86995470b850035a1a9,,,1,intro_control_questions_attempt_4_timeout,,,private,6,2,1,1787064160.7227519,failed,0,intro_control_questions_attempt_4_timeout,,yv2jggqe,,,,,0,bargaining_tdl_private,1.5,1.0,5,0,0,1,https://app.prolific.com/submissions/complete?cc=C1G2IEC2,https://app.prolific.com/submissions/complete?cc=C13STBXG,https://app.prolific.com/submissions/complete?cc=CSXVWB27,4732951669508025626,"['private', 'private', 'private', 'private', 'private', 'private', 'private', 'private', 'private', 'private', 'private', 'private', 'private', 'private', 'private', 'private', 'private', 'private', 'private', 'private', 'private', 'private', 'private', 'private', 'private', 'private', 'private', 'private', 'private', 'private']",3,8,,0.0,6a01e86995470b850035a1a9,6a01e86995470b850035a1a9,,,private,6,2,1,1787064160.7227519,failed,0,,,,,,6,6,6,3,6,6,6,6,6,5.1,70.6,28.75,0.0,28.75,1,1,8,,0.0,,,0.0,,,,,,0.0,0.0,0.0,,,,,,0.0,0.0,0.0,0.0,0.0,0,0.0,1,0,0,0,0,,,1,0,pending,0,0,0,0,0.0,0,0.0,0.0,0.0,0.0,0.0,0.0,1,1,8,,0.0,,,,,,,,,,,,,,,,,,,,,,,,,,,,,,,,,,,,,,,,,,,0.0,0.0,0.0,0.0,0.0,0.0,0.0,0.0,0.0,0.0,0.0,0.0,0.0,0.0,1,1
9,1967xq76,69f19e8f651a0a0e96b3faa0,0,2,28,bargaining_tdl_intro,InstructionsPart1,2026-08-18 14:42:36.737279,1,,,0.0,69f19e8f651a0a0e96b3faa0,,,,,,,private,10,4,1,1787064176.618942,assigned,0,,,yv2jggqe,,,,,0,bargaining_tdl_private,1.5,1.0,5,0,0,1,https://app.prolific.com/submissions/complete?cc=C1G2IEC2,https://app.prolific.com/submissions/complete?cc=C13STBXG,https://app.prolific.com/submissions/complete?cc=CSXVWB27,4732951669508025626,"['private', 'private', 'private', 'private', 'private', 'private', 'private', 'private', 'private', 'private', 'private', 'private', 'private', 'private', 'private', 'private', 'private', 'private', 'private', 'private', 'private', 'private', 'private', 'private', 'private', 'private', 'private', 'private', 'private', 'private']",3,9,,0.0,69f19e8f651a0a0e96b3faa0,69f19e8f651a0a0e96b3faa0,,,private,10,4,1,1787064176.618942,assigned,0,,,,,,,,,,,,,,,19.42,0.0,0.0,0.0,19.42,1,1,9,,0.0,,,0.0,,,,,,0.0,0.0,0.0,,,,,,0.0,0.0,0.0,0.0,0.0,0,0.0,1,0,0,0,0,,,1,0,pending,0,0,0,0,0.0,0,0.0,0.0,0.0,0.0,0.0,0.0,1,1,9,,0.0,,,,,,,,,,,,,,,,,,,,,,,,,,,,,,,,,,,,,,,,,,,0.0,0.0,0.0,0.0,0.0,0.0,0.0,0.0,0.0,0.0,0.0,0.0,0.0,0.0,1,1
10,havx50xw,58ac91c38bf22a00015b91b3,0,28,28,bargaining_tdl_survey,FinalResults,2026-08-18 14:42:39.320981,1,,,3.0,58ac91c38bf22a00015b91b3,,,,,0,1,private,8,3,1,1787064172.3174436,passed,0,,mutual_23,yv2jggqe,,,,,0,bargaining_tdl_private,1.5,1.0,5,0,0,1,https://app.prolific.com/submissions/complete?cc=C1G2IEC2,https://app.prolific.com/submissions/complete?cc=C13STBXG,https://app.prolific.com/submissions/complete?cc=CSXVWB27,4732951669508025626,"['private', 'private', 'private', 'private', 'private', 'private', 'private', 'private', 'private', 'private', 'private', 'private', 'private', 'private', 'private', 'private', 'private', 'private', 'private', 'private', 'private', 'private', 'private', 'private', 'private', 'private', 'private', 'private', 'private', 'private']",3,10,,0.0,58ac91c38bf22a00015b91b3,58ac91c38bf22a00015b91b3,,,private,8,3,1,1787064172.3174436,passed,0,,,,,,0,0,0,0,0,0,0,3,3,12.63,110.47,87.16,0.0,87.16,1,1,2,,3.0,Orange,private,3.0,split_other,split_you,right,4,7,12.63,122.88,15.18,Right,split_you,split_you,grq8uybw,enx0bvqy,0.0,8.84,48.04,4.77,4.77,1,1787064513.1778393,1,0,0,0,0,Left,Left,4,1,mutual_23,1,1,1,0,0.0,0,1787064556.9050436,1787064551.8298717,1787064555.154787,1787064532.7148979,1787064542.4026225,1787064542.9377747,1,1,10,,0.0,0,1967,3,4,paid_work,employee,5,2,2,2,5,5,5,2,4,2,4,2,2,2,4,1,4,2,2,4,2,1,4,1,4,2,2,7,6,9,0,8,4,1.8,5,You really don't need 10 minutes for the chat.,57.32,29.8,35.2,20.11,25.17,23.04,0.0,0.0,0.0,0.0,0.0,68.69,57.32,0.0,1,1
11,2d5c84ka,6a2038d16bc1270a5e53f0a4,0,28,28,bargaining_tdl_survey,FinalResults,2026-08-18 14:42:40.374647,1,,,3.0,6a2038d16bc1270a5e53f0a4,,,,,0,1,private,14,5,1,1787064233.5402887,passed,0,,mutual_12,yv2jggqe,,,,,0,bargaining_tdl_private,1.5,1.0,5,0,0,1,https://app.prolific.com/submissions/complete?cc=C1G2IEC2,https://app.prolific.com/submissions/complete?cc=C13STBXG,https://app.prolific.com/submissions/complete?cc=CSXVWB27,4732951669508025626,"['private', 'private', 'private', 'private', 'private', 'private', 'private', 'private', 'private', 'private', 'private', 'private', 'private', 'private', 'private', 'private', 'private', 'private', 'private', 'private', 'private', 'private', 'private', 'private', 'private', 'private', 'private', 'private', 'private', 'private']",3,11,,0.0,6a2038d16bc1270a5e53f0a4,6a2038d16bc1270a5e53f0a4,,,private,14,5,1,1787064233.5402887,passed,0,,,,,,0,0,0,0,0,0,0,3,3,72.61,213.48,171.22,0.0,171.22,1,1,1,,3.0,Yellow,private,3.0,support_none,split_you,right,3,8,72.61,72.0,41.69,Right,split_you,split_you,qks4bcf5,0siypf2w,0.0,18.42,18.0,9.49,9.49,0,0.0,1,0,0,0,0,NoOne,Left,6,1,mutual_12,1,1,1,0,0.0,0,1787065125.5747905,1787065140.5879414,1787065120.7765656,0.0,1787065091.2857995,1787065041.6085951,1,1,11,,0.0,0,1993,6,4,paid_work,employee,4,3,3,5,1,3,3,2,3,5,3,3,3,4,2,3,2,4,1,3,1,1,2,1,5,1,1,6,9,10,0,9,9,1.9,5,i had to wait too long for participants to join,30.12,40.42,55.98,36.63,37.76,45.93,0.0,0.0,0.0,0.0,0.0,65.4,30.12,0.0,1,1
12,if1qrxe2,65d306f8b16eb5011ccb2025,0,28,28,bargaining_tdl_survey,FinalResults,2026-08-18 14:42:45.519566,1,,,3.0,65d306f8b16eb5011ccb2025,,,,,0,1,private,9,3,1,1787064172.7826993,passed,0,,mutual_12,yv2jggqe,,,,,0,bargaining_tdl_private,1.5,1.0,5,0,0,1,https://app.prolific.com/submissions/complete?cc=C1G2IEC2,https://app.prolific.com/submissions/complete?cc=C13STBXG,https://app.prolific.com/submissions/complete?cc=CSXVWB27,4732951669508025626,"['private', 'private', 'private', 'private', 'private', 'private', 'private', 'private', 'private', 'private', 'private', 'private', 'private', 'private', 'private', 'private', 'private', 'private', 'private', 'private', 'private', 'private', 'private', 'private', 'private', 'private', 'private', 'private', 'private', 'private']",3,12,,0.0,65d306f8b16eb5011ccb2025,65d306f8b16eb5011ccb2025,,,private,9,3,1,1787064172.7826993,passed,0,,,,,,0,0,0,0,0,0,0,3,3,6.51,128.53,52.22,0.0,52.22,1,1,2,,3.0,Orange,private,3.0,split_you,split_you,right,7,6,6.51,112.0,31.76,Left,split_you,split_you,exlf647s,v8t611q5,0.0,7.83,14.88,2.97,2.97,1,1787064476.2838507,1,0,0,0,0,Right,Left,3,1,mutual_12,1,1,1,0,0.0,0,1787064530.5422754,1787064520.3505557,1787064527.800176,1787064503.372176,1787064503.4017818,1787064467.9763682,1,1,12,,0.0,0,1974,10,4,paid_work,employee,5,5,4,2,1,3,5,3,5,4,3,2,1,4,1,4,3,4,1,5,3,1,1,1,1,1,2,8,6,8,6,9,3,1.8,4,I liked the chat interface ,51.78,28.94,42.4,31.91,24.1,38.46,0.0,0.0,0.0,0.0,0.0,52.21,51.78,0.0,1,1
13,bzzfud31,6a20db8468a2f9a94a2ec237,0,2,28,bargaining_tdl_intro,InstructionsPart1,2026-08-18 14:42:56.790040,1,,,0.0,6a20db8468a2f9a94a2ec237,,,,,,,private,12,4,1,1787064209.108924,assigned,0,,,yv2jggqe,,,,,0,bargaining_tdl_private,1.5,1.0,5,0,0,1,https://app.prolific.com/submissions/complete?cc=C1G2IEC2,https://app.prolific.com/submissions/complete?cc=C13STBXG,https://app.prolific.com/submissions/complete?cc=CSXVWB27,4732951669508025626,"['private', 'private', 'private', 'private', 'private', 'private', 'private', 'private', 'private', 'private', 'private', 'private', 'private', 'private', 'private', 'private', 'private', 'private', 'private', 'private', 'private', 'private', 'private', 'private', 'private', 'private', 'private', 'private', 'private', 'private']",3,13,,0.0,6a20db8468a2f9a94a2ec237,6a20db8468a2f9a94a2ec237,,,private,12,4,1,1787064209.108924,assigned,0,,,,,,,,,,,,,,,31.52,0.0,0.0,0.0,31.52,1,1,13,,0.0,,,0.0,,,,,,0.0,0.0,0.0,,,,,,0.0,0.0,0.0,0.0,0.0,0,0.0,1,0,0,0,0,,,1,0,pending,0,0,0,0,0.0,0,0.0,0.0,0.0,0.0,0.0,0.0,1,1,13,,0.0,,,,,,,,,,,,,,,,,,,,,,,,,,,,,,,,,,,,,,,,,,,0.0,0.0,0.0,0.0,0.0,0.0,0.0,0.0,0.0,0.0,0.0,0.0,0.0,0.0,1,1
14,gkp838um,6296cc20de63a753209d7d02,0,28,28,bargaining_tdl_survey,FinalResults,2026-08-18 14:43:02.643521,1,,,3.0,6296cc20de63a753209d7d02,,,,,0,1,private,18,6,1,1787064338.317358,passed,0,,mutual_31,yv2jggqe,,,,,0,bargaining_tdl_private,1.5,1.0,5,0,0,1,https://app.prolific.com/submissions/complete?cc=C1G2IEC2,https://app.prolific.com/submissions/complete?cc=C13STBXG,https://app.prolific.com/submissions/complete?cc=CSXVWB27,4732951669508025626,"['private', 'private', 'private', 'private', 'private', 'private', 'private', 'private', 'private', 'private', 'private', 'private', 'private', 'private', 'private', 'private', 'private', 'private', 'private', 'private', 'private', 'private', 'private', 'private', 'private', 'private', 'private', 'private', 'private', 'private']",3,14,,0.0,6296cc20de63a753209d7d02,6296cc20de63a753209d7d02,,,private,18,6,1,1787064338.317358,passed,0,,,,,,0,0,0,0,0,0,0,3,3,152.86,80.87,43.65,0.0,43.65,1,1,1,,3.0,Yellow,private,3.0,split_you,split_you,left,7,3,152.86,108.69,11.49,Left,split_you,split_you,f6rye8x3,rm787w0a,0.0,8.0,17.94,5.19,5.19,1,1787064654.6434155,1,0,0,0,0,Right,NoOne,5,1,mutual_31,1,1,1,0,0.0,0,1787064661.774238,1787064671.6442647,1787064665.7301576,1787064652.8030443,0.0,1787064630.070452,1,1,14,,0.0,1,1964,3,1,paid_work,employee,4,1,3,4,1,1,3,2,2,4,3,2,2,3,4,2,4,3,2,4,1,1,2,1,5,1,1,9,4,10,1,10,4,1.8,5,No comments.,7.94,31.73,39.63,29.15,83.99,29.72,0.0,0.0,0.0,0.0,0.0,68.66,7.94,0.0,1,1
15,0m9g5f2v,669424e6b661e0a098ec66a4,0,2,28,bargaining_tdl_intro,InstructionsPart1,2026-08-18 14:43:16.418519,1,,,0.0,669424e6b661e0a098ec66a4,,,,,,,private,11,4,1,1787064199.9561133,assigned,0,,,yv2jggqe,,,,,0,bargaining_tdl_private,1.5,1.0,5,0,0,1,https://app.prolific.com/submissions/complete?cc=C1G2IEC2,https://app.prolific.com/submissions/complete?cc=C13STBXG,https://app.prolific.com/submissions/complete?cc=CSXVWB27,4732951669508025626,"['private', 'private', 'private', 'private', 'private', 'private', 'private', 'private', 'private', 'private', 'private', 'private', 'private', 'private', 'private', 'private', 'private', 'private', 'private', 'private', 'private', 'private', 'private', 'private', 'private', 'private', 'private', 'private', 'private', 'private']",3,15,,0.0,669424e6b661e0a098ec66a4,669424e6b661e0a098ec66a4,,,private,11,4,1,1787064199.9561133,assigned,0,,,,,,,,,,,,,,,2.25,0.0,0.0,0.0,2.25,1,1,15,,0.0,,,0.0,,,,,,0.0,0.0,0.0,,,,,,0.0,0.0,0.0,0.0,0.0,0,0.0,1,0,0,0,0,,,1,0,pending,0,0,0,0,0.0,0,0.0,0.0,0.0,0.0,0.0,0.0,1,1,15,,0.0,,,,,,,,,,,,,,,,,,,,,,,,,,,,,,,,,,,,,,,,,,,0.0,0.0,0.0,0.0,0.0,0.0,0.0,0.0,0.0,0.0,0.0,0.0,0.0,0.0,1,1
16,rm787w0a,6a17326cb6cfc54663afb83b,0,28,28,bargaining_tdl_survey,FinalResults,2026-08-18 14:44:04.287889,1,,,0.0,6a17326cb6cfc54663afb83b,,,,,0,1,private,15,5,1,1787064248.5102518,passed,0,,mutual_31,yv2jggqe,,,,,0,bargaining_tdl_private,1.5,1.0,5,0,0,1,https://app.prolific.com/submissions/complete?cc=C1G2IEC2,https://app.prolific.com/submissions/complete?cc=C13STBXG,https://app.prolific.com/submissions/complete?cc=CSXVWB27,4732951669508025626,"['private', 'private', 'private', 'private', 'private', 'private', 'private', 'private', 'private', 'private', 'private', 'private', 'private', 'private', 'private', 'private', 'private', 'private', 'private', 'private', 'private', 'private', 'private', 'private', 'private', 'private', 'private', 'private', 'private', 'private']",3,16,,0.0,6a17326cb6cfc54663afb83b,6a17326cb6cfc54663afb83b,,,private,15,5,1,1787064248.5102518,passed,0,,,,,,0,0,0,0,0,0,0,3,3,3.8,86.26,153.51,0.0,153.51,1,1,2,,0.0,Orange,private,0.0,split_you,split_other,left,8,1,3.8,0.0,25.86,Left,split_you,split_other,gkp838um,f6rye8x3,0.0,17.59,40.44,7.38,7.38,0,0.0,1,0,0,0,0,Right,Right,5,1,mutual_31,1,1,1,0,0.0,0,1787064661.774238,1787064671.6442647,1787064665.7301576,1787064652.8030443,0.0,1787064630.070452,1,1,16,,0.0,1,1982,4,4,paid_work,self_employed,4,1,2,3,1,1,4,1,2,3,4,1,1,2,4,1,5,4,1,4,1,1,1,1,4,1,1,4,5,10,1,8,7,2.0,5,The study was straightforward and easy to navigate.,44.45,63.95,47.04,46.49,70.4,128.88,0.0,0.0,0.0,0.0,0.0,84.27,44.45,0.0,1,1
17,f6rye8x3,6a1c25431e9643bb4d5a87b2,0,28,28,bargaining_tdl_survey,FinalResults,2026-08-18 14:44:16.759164,1,,,3.0,6a1c25431e9643bb4d5a87b2,,,,,0,1,private,17,6,1,1787064322.0927167,passed,0,,mutual_31,yv2jggqe,,,,,0,bargaining_tdl_private,1.5,1.0,5,0,0,1,https://app.prolific.com/submissions/complete?cc=C1G2IEC2,https://app.prolific.com/submissions/complete?cc=C13STBXG,https://app.prolific.com/submissions/complete?cc=CSXVWB27,4732951669508025626,"['private', 'private', 'private', 'private', 'private', 'private', 'private', 'private', 'private', 'private', 'private', 'private', 'private', 'private', 'private', 'private', 'private', 'private', 'private', 'private', 'private', 'private', 'private', 'private', 'private', 'private', 'private', 'private', 'private', 'private']",3,17,,0.0,6a1c25431e9643bb4d5a87b2,6a1c25431e9643bb4d5a87b2,,,private,17,6,1,1787064322.0927167,passed,0,,,,,,0,0,0,0,0,0,0,3,3,64.97,128.78,26.22,0.0,26.22,1,1,3,,3.0,Purple,private,3.0,split_other,split_you,right,4,6,64.97,85.36,22.83,Right,split_other,split_you,rm787w0a,gkp838um,0.0,11.85,27.83,5.72,5.72,1,1787064603.8407502,1,0,0,0,0,Left,Left,5,1,mutual_31,1,1,1,0,0.0,0,1787064661.774238,1787064671.6442647,1787064665.7301576,1787064652.8030443,0.0,1787064630.070452,1,1,17,,0.0,1,1982,9,7,housework,not_employed,4,2,2,3,3,3,3,3,4,3,4,2,2,3,4,2,4,3,2,4,2,2,3,2,4,1,2,8,4,7,2,4,2,1.8,4,best of luck with your studies :),14.73,60.24,55.84,28.9,31.18,28.27,0.0,0.0,0.0,0.0,0.0,64.74,14.73,0.0,1,1
18,enx0bvqy,5c3272172f0f3500010284c0,0,28,28,bargaining_tdl_survey,FinalResults,2026-08-18 14:44:30.248567,1,,,3.0,5c3272172f0f3500010284c0,,,,,0,1,private,16,6,1,1787064275.5045664,passed,0,,mutual_23,yv2jggqe,,,,,0,bargaining_tdl_private,1.5,1.0,5,0,0,1,https://app.prolific.com/submissions/complete?cc=C1G2IEC2,https://app.prolific.com/submissions/complete?cc=C13STBXG,https://app.prolific.com/submissions/complete?cc=CSXVWB27,4732951669508025626,"['private', 'private', 'private', 'private', 'private', 'private', 'private', 'private', 'private', 'private', 'private', 'private', 'private', 'private', 'private', 'private', 'private', 'private', 'private', 'private', 'private', 'private', 'private', 'private', 'private', 'private', 'private', 'private', 'private', 'private']",3,18,,0.0,5c3272172f0f3500010284c0,5c3272172f0f3500010284c0,,,private,16,6,1,1787064275.5045664,passed,0,,,,,,0,0,0,0,0,0,0,3,3,4.67,74.0,35.89,0.0,35.89,1,1,3,,3.0,Purple,private,3.0,split_you,split_other,left,8,3,4.67,122.83,11.53,Left,split_you,split_you,havx50xw,grq8uybw,0.0,11.77,12.58,5.15,5.15,1,1787064543.8358915,1,0,0,0,0,Right,NoOne,4,1,mutual_23,1,1,1,0,0.0,0,1787064556.9050436,1787064551.8298717,1787064555.154787,1787064532.7148979,1787064542.4026225,1787064542.9377747,1,1,18,,0.0,1,1988,5,4,paid_work,employee,4,1,3,3,3,4,4,2,2,2,1,2,1,2,5,2,4,4,2,4,2,1,2,3,4,2,2,10,1,10,5,10,2,1.9,5,"Nothing, thank you! It was fun!",12.36,20.11,45.12,30.39,78.41,18.15,0.0,0.0,0.0,0.0,0.0,151.45,12.36,0.0,1,1
19,igogup9t,6a0c87ea966225f4c2dcea52,0,2,28,bargaining_tdl_intro,InstructionsPart1,2026-08-18 14:46:19.322927,1,,,0.0,6a0c87ea966225f4c2dcea52,,,,,,,private,19,7,1,1787064408.6338272,assigned,0,,,yv2jggqe,,,,,0,bargaining_tdl_private,1.5,1.0,5,0,0,1,https://app.prolific.com/submissions/complete?cc=C1G2IEC2,https://app.prolific.com/submissions/complete?cc=C13STBXG,https://app.prolific.com/submissions/complete?cc=CSXVWB27,4732951669508025626,"['private', 'private', 'private', 'private', 'private', 'private', 'private', 'private', 'private', 'private', 'private', 'private', 'private', 'private', 'private', 'private', 'private', 'private', 'private', 'private', 'private', 'private', 'private', 'private', 'private', 'private', 'private', 'private', 'private', 'private']",3,19,,0.0,6a0c87ea966225f4c2dcea52,6a0c87ea966225f4c2dcea52,,,private,19,7,1,1787064408.6338272,assigned,0,,,,,,,,,,,,,,,24.39,0.0,0.0,0.0,24.39,1,1,19,,0.0,,,0.0,,,,,,0.0,0.0,0.0,,,,,,0.0,0.0,0.0,0.0,0.0,0,0.0,1,0,0,0,0,,,1,0,pending,0,0,0,0,0.0,0,0.0,0.0,0.0,0.0,0.0,0.0,1,1,19,,0.0,,,,,,,,,,,,,,,,,,,,,,,,,,,,,,,,,,,,,,,,,,,0.0,0.0,0.0,0.0,0.0,0.0,0.0,0.0,0.0,0.0,0.0,0.0,0.0,0.0,1,1
20,0siypf2w,6166c0eb123b6e8b34628249,0,28,28,bargaining_tdl_survey,FinalResults,2026-08-18 14:48:25.799796,1,,,3.0,6166c0eb123b6e8b34628249,,,,,0,1,private,20,7,1,1787064518.111135,passed,0,,mutual_12,yv2jggqe,,,,,0,bargaining_tdl_private,1.5,1.0,5,0,0,1,https://app.prolific.com/submissions/complete?cc=C1G2IEC2,https://app.prolific.com/submissions/complete?cc=C13STBXG,https://app.prolific.com/submissions/complete?cc=CSXVWB27,4732951669508025626,"['private', 'private', 'private', 'private', 'private', 'private', 'private', 'private', 'private', 'private', 'private', 'private', 'private', 'private', 'private', 'private', 'private', 'private', 'private', 'private', 'private', 'private', 'private', 'private', 'private', 'private', 'private', 'private', 'private', 'private']",3,20,,0.0,6166c0eb123b6e8b34628249,6166c0eb123b6e8b34628249,,,private,20,7,1,1787064518.111135,passed,0,,,,,,0,0,0,0,0,0,0,3,3,8.67,125.88,38.16,0.0,38.16,1,1,2,,3.0,Orange,private,3.0,split_you,split_other,left,7,4,8.67,71.98,29.95,Left,split_you,split_you,2d5c84ka,qks4bcf5,0.0,34.15,21.44,5.6,5.6,1,1787065107.5496123,1,0,0,0,0,Right,NoOne,6,1,mutual_12,1,1,1,0,0.0,0,1787065125.5747905,1787065140.5879414,1787065120.7765656,0.0,1787065091.2857995,1787065041.6085951,1,1,20,,0.0,1,1997,3,4,paid_work,self_employed,5,2,2,3,3,3,4,3,4,1,3,2,3,3,2,2,2,2,4,4,3,2,3,4,4,1,2,8,3,8,5,10,2,1.9,5,I understood the instructions. I just was not aware of the exact format.,81.38,37.04,44.47,75.04,55.46,33.93,0.0,0.0,0.0,0.0,0.0,43.21,81.38,0.0,1,1
21,qks4bcf5,69f919a2b9a34ba9c800761b,0,28,28,bargaining_tdl_survey,FinalResults,2026-08-18 14:54:45.072754,1,,,0.0,69f919a2b9a34ba9c800761b,,,,,0,1,private,6,2,2,1787064894.600901,passed,1,,mutual_12,yv2jggqe,,,,,0,bargaining_tdl_private,1.5,1.0,5,0,0,1,https://app.prolific.com/submissions/complete?cc=C1G2IEC2,https://app.prolific.com/submissions/complete?cc=C13STBXG,https://app.prolific.com/submissions/complete?cc=CSXVWB27,4732951669508025626,"['private', 'private', 'private', 'private', 'private', 'private', 'private', 'private', 'private', 'private', 'private', 'private', 'private', 'private', 'private', 'private', 'private', 'private', 'private', 'private', 'private', 'private', 'private', 'private', 'private', 'private', 'private', 'private', 'private', 'private']",3,21,,0.0,69f919a2b9a34ba9c800761b,69f919a2b9a34ba9c800761b,,,private,6,2,2,1787064894.600901,passed,1,,,,,,0,0,0,0,0,0,0,3,3,8.68,42.98,16.76,0.0,16.76,1,1,3,,0.0,Purple,private,0.0,split_you,split_you,left,6,5,8.68,21.84,19.82,Left,split_other,support_none,0siypf2w,2d5c84ka,0.0,14.13,23.67,3.98,3.98,1,1787065014.0764613,1,0,0,0,0,Right,Left,6,1,mutual_12,1,1,1,0,0.0,0,1787065125.5747905,1787065140.5879414,1787065120.7765656,0.0,1787065091.2857995,1787065041.6085951,1,1,21,,0.0,1,1971,11,16,paid_work,self_employed,4,1,2,3,1,1,2,3,2,3,3,2,3,4,3,4,2,4,2,4,1,1,2,1,4,1,1,6,8,8,0,9,7,1.5,5,It was clear to follow instructions - I had a moderate amount of wait time for other participants.,35.79,25.36,87.53,19.11,20.82,21.5,0.0,0.0,0.0,0.0,0.0,26.72,35.79,0.0,1,1
22,aqeot5wb,6a1904814a3d3379f01c8d88,0,28,28,bargaining_tdl_survey,FinalResults,2026-08-18 14:55:34.094117,1,,,3.0,6a1904814a3d3379f01c8d88,,,,,0,1,private,21,7,1,1787064939.8936357,passed,0,,mutual_31,yv2jggqe,,,,,0,bargaining_tdl_private,1.5,1.0,5,0,0,1,https://app.prolific.com/submissions/complete?cc=C1G2IEC2,https://app.prolific.com/submissions/complete?cc=C13STBXG,https://app.prolific.com/submissions/complete?cc=CSXVWB27,4732951669508025626,"['private', 'private', 'private', 'private', 'private', 'private', 'private', 'private', 'private', 'private', 'private', 'private', 'private', 'private', 'private', 'private', 'private', 'private', 'private', 'private', 'private', 'private', 'private', 'private', 'private', 'private', 'private', 'private', 'private', 'private']",3,22,,0.0,6a1904814a3d3379f01c8d88,6a1904814a3d3379f01c8d88,,,private,21,7,1,1787064939.8936357,passed,0,,,,,,0,0,0,0,0,0,0,3,3,5.48,97.6,111.44,0.0,111.44,1,1,1,,3.0,Yellow,private,3.0,split_you,split_other,left,7,3,5.48,263.72,16.78,Left,split_you,split_you,gaqr15d3,v4052mjl,0.0,11.02,40.9,30.86,30.86,0,0.0,1,0,0,0,0,Right,NoOne,7,1,mutual_31,1,1,1,0,0.0,0,1787065896.3675933,1787065888.7578378,1787065911.932538,0.0,1787065803.231922,0.0,1,1,22,,0.0,0,1998,3,6,paid_work,employee,4,3,4,4,2,3,4,4,4,5,4,2,3,4,3,2,2,3,2,2,2,1,4,4,5,3,2,7,7,8,4,6,6,1.5,5,I waited a little long to connect with other participants. ,18.83,33.24,42.55,153.39,197.19,33.12,0.0,0.0,0.0,0.0,0.0,19.32,18.83,0.0,1,1
23,v4052mjl,6a0b6ce480c9cee5dff976df,0,28,28,bargaining_tdl_survey,FinalResults,2026-08-18 15:00:14.533289,1,,,0.0,6a0b6ce480c9cee5dff976df,,,,,0,1,private,23,8,1,1787065269.859712,passed,0,,mutual_31,yv2jggqe,,,,,0,bargaining_tdl_private,1.5,1.0,5,0,0,1,https://app.prolific.com/submissions/complete?cc=C1G2IEC2,https://app.prolific.com/submissions/complete?cc=C13STBXG,https://app.prolific.com/submissions/complete?cc=CSXVWB27,4732951669508025626,"['private', 'private', 'private', 'private', 'private', 'private', 'private', 'private', 'private', 'private', 'private', 'private', 'private', 'private', 'private', 'private', 'private', 'private', 'private', 'private', 'private', 'private', 'private', 'private', 'private', 'private', 'private', 'private', 'private', 'private']",3,23,,0.0,6a0b6ce480c9cee5dff976df,6a0b6ce480c9cee5dff976df,,,private,23,8,1,1787065269.859712,passed,0,,,,,,0,0,0,0,0,0,0,3,3,46.43,30.45,40.92,0.0,40.92,1,1,2,,0.0,Orange,private,0.0,split_you,split_other,left,5,2,46.43,185.85,13.1,Left,split_other,split_other,aqeot5wb,gaqr15d3,0.0,9.53,18.05,4.59,4.59,1,1787065775.6667976,1,0,0,0,0,Right,Right,7,1,mutual_31,1,1,1,0,0.0,0,1787065896.3675933,1787065888.7578378,1787065911.932538,0.0,1787065803.231922,0.0,1,1,23,,0.0,0,2001,6,3,paid_work,employee,4,2,3,4,3,3,4,3,5,5,4,3,3,3,2,3,2,3,4,4,3,5,4,4,4,3,2,10,8,8,7,9,5,1.9,5,it was a very decent study,16.46,27.76,31.5,23.14,33.94,23.91,0.0,0.0,0.0,0.0,0.0,43.54,16.46,0.0,1,1
24,gaqr15d3,6a1852511b3e320f7f658165,0,28,28,bargaining_tdl_survey,FinalResults,2026-08-18 15:00:20.307779,1,,,3.0,6a1852511b3e320f7f658165,,,,,0,1,private,22,8,1,1787065223.3943822,passed,0,,mutual_31,yv2jggqe,,,,,0,bargaining_tdl_private,1.5,1.0,5,0,0,1,https://app.prolific.com/submissions/complete?cc=C1G2IEC2,https://app.prolific.com/submissions/complete?cc=C13STBXG,https://app.prolific.com/submissions/complete?cc=CSXVWB27,4732951669508025626,"['private', 'private', 'private', 'private', 'private', 'private', 'private', 'private', 'private', 'private', 'private', 'private', 'private', 'private', 'private', 'private', 'private', 'private', 'private', 'private', 'private', 'private', 'private', 'private', 'private', 'private', 'private', 'private', 'private', 'private']",3,24,,0.0,6a1852511b3e320f7f658165,6a1852511b3e320f7f658165,,,private,22,8,1,1787065223.3943822,passed,0,,,,,,0,0,0,0,0,0,0,3,3,2.01,149.04,32.85,0.0,32.85,1,1,3,,3.0,Purple,private,3.0,split_other,split_you,left,2,8,2.01,0.0,6.51,Right,split_other,split_you,v4052mjl,aqeot5wb,0.0,32.6,9.42,2.48,2.48,0,0.0,1,0,0,0,0,Left,Left,7,1,mutual_31,1,1,1,0,0.0,0,1787065896.3675933,1787065888.7578378,1787065911.932538,0.0,1787065803.231922,0.0,1,1,24,,0.0,0,2002,5,4,paid_work,employee,4,2,2,3,1,1,3,2,3,4,2,3,2,4,3,2,3,4,1,4,1,1,2,2,5,2,1,8,6,9,2,7,6,1.9,4,there were points i had to wait a while for the other participants to join and i faced an error crash in the middle but after i refreshed i was okay,25.48,21.49,17.66,19.42,26.03,36.0,0.0,0.0,0.0,0.0,0.0,23.95,25.48,0.0,1,1
25,nobib5zc,,0,0,28,,,,0,,,0.0,,,,,,,,,,,,,,,,,yv2jggqe,,,,,0,bargaining_tdl_private,1.5,1.0,5,0,0,1,https://app.prolific.com/submissions/complete?cc=C1G2IEC2,https://app.prolific.com/submissions/complete?cc=C13STBXG,https://app.prolific.com/submissions/complete?cc=CSXVWB27,4732951669508025626,"['private', 'private', 'private', 'private', 'private', 'private', 'private', 'private', 'private', 'private', 'private', 'private', 'private', 'private', 'private', 'private', 'private', 'private', 'private', 'private', 'private', 'private', 'private', 'private', 'private', 'private', 'private', 'private', 'private', 'private']",3,25,,0.0,,,,,,0,0,0,0.0,unassigned,0,,,,,,,,,,,,,,,0.0,0.0,0.0,0.0,0.0,1,1,25,,0.0,,,0.0,,,,,,0.0,0.0,0.0,,,,,,0.0,0.0,0.0,0.0,0.0,0,0.0,1,0,0,0,0,,,1,0,pending,0,0,0,0,0.0,0,0.0,0.0,0.0,0.0,0.0,0.0,1,1,25,,0.0,,,,,,,,,,,,,,,,,,,,,,,,,,,,,,,,,,,,,,,,,,,0.0,0.0,0.0,0.0,0.0,0.0,0.0,0.0,0.0,0.0,0.0,0.0,0.0,0.0,1,1
26,hljdqmmu,,0,0,28,,,,0,,,0.0,,,,,,,,,,,,,,,,,yv2jggqe,,,,,0,bargaining_tdl_private,1.5,1.0,5,0,0,1,https://app.prolific.com/submissions/complete?cc=C1G2IEC2,https://app.prolific.com/submissions/complete?cc=C13STBXG,https://app.prolific.com/submissions/complete?cc=CSXVWB27,4732951669508025626,"['private', 'private', 'private', 'private', 'private', 'private', 'private', 'private', 'private', 'private', 'private', 'private', 'private', 'private', 'private', 'private', 'private', 'private', 'private', 'private', 'private', 'private', 'private', 'private', 'private', 'private', 'private', 'private', 'private', 'private']",3,26,,0.0,,,,,,0,0,0,0.0,unassigned,0,,,,,,,,,,,,,,,0.0,0.0,0.0,0.0,0.0,1,1,26,,0.0,,,0.0,,,,,,0.0,0.0,0.0,,,,,,0.0,0.0,0.0,0.0,0.0,0,0.0,1,0,0,0,0,,,1,0,pending,0,0,0,0,0.0,0,0.0,0.0,0.0,0.0,0.0,0.0,1,1,26,,0.0,,,,,,,,,,,,,,,,,,,,,,,,,,,,,,,,,,,,,,,,,,,0.0,0.0,0.0,0.0,0.0,0.0,0.0,0.0,0.0,0.0,0.0,0.0,0.0,0.0,1,1
27,wcjcwxn9,,0,0,28,,,,0,,,0.0,,,,,,,,,,,,,,,,,yv2jggqe,,,,,0,bargaining_tdl_private,1.5,1.0,5,0,0,1,https://app.prolific.com/submissions/complete?cc=C1G2IEC2,https://app.prolific.com/submissions/complete?cc=C13STBXG,https://app.prolific.com/submissions/complete?cc=CSXVWB27,4732951669508025626,"['private', 'private', 'private', 'private', 'private', 'private', 'private', 'private', 'private', 'private', 'private', 'private', 'private', 'private', 'private', 'private', 'private', 'private', 'private', 'private', 'private', 'private', 'private', 'private', 'private', 'private', 'private', 'private', 'private', 'private']",3,27,,0.0,,,,,,0,0,0,0.0,unassigned,0,,,,,,,,,,,,,,,0.0,0.0,0.0,0.0,0.0,1,1,27,,0.0,,,0.0,,,,,,0.0,0.0,0.0,,,,,,0.0,0.0,0.0,0.0,0.0,0,0.0,1,0,0,0,0,,,1,0,pending,0,0,0,0,0.0,0,0.0,0.0,0.0,0.0,0.0,0.0,1,1,27,,0.0,,,,,,,,,,,,,,,,,,,,,,,,,,,,,,,,,,,,,,,,,,,0.0,0.0,0.0,0.0,0.0,0.0,0.0,0.0,0.0,0.0,0.0,0.0,0.0,0.0,1,1
28,qdpown3m,,0,0,28,,,,0,,,0.0,,,,,,,,,,,,,,,,,yv2jggqe,,,,,0,bargaining_tdl_private,1.5,1.0,5,0,0,1,https://app.prolific.com/submissions/complete?cc=C1G2IEC2,https://app.prolific.com/submissions/complete?cc=C13STBXG,https://app.prolific.com/submissions/complete?cc=CSXVWB27,4732951669508025626,"['private', 'private', 'private', 'private', 'private', 'private', 'private', 'private', 'private', 'private', 'private', 'private', 'private', 'private', 'private', 'private', 'private', 'private', 'private', 'private', 'private', 'private', 'private', 'private', 'private', 'private', 'private', 'private', 'private', 'private']",3,28,,0.0,,,,,,0,0,0,0.0,unassigned,0,,,,,,,,,,,,,,,0.0,0.0,0.0,0.0,0.0,1,1,28,,0.0,,,0.0,,,,,,0.0,0.0,0.0,,,,,,0.0,0.0,0.0,0.0,0.0,0,0.0,1,0,0,0,0,,,1,0,pending,0,0,0,0,0.0,0,0.0,0.0,0.0,0.0,0.0,0.0,1,1,28,,0.0,,,,,,,,,,,,,,,,,,,,,,,,,,,,,,,,,,,,,,,,,,,0.0,0.0,0.0,0.0,0.0,0.0,0.0,0.0,0.0,0.0,0.0,0.0,0.0,0.0,1,1
29,edalm20f,,0,0,28,,,,0,,,0.0,,,,,,,,,,,,,,,,,yv2jggqe,,,,,0,bargaining_tdl_private,1.5,1.0,5,0,0,1,https://app.prolific.com/submissions/complete?cc=C1G2IEC2,https://app.prolific.com/submissions/complete?cc=C13STBXG,https://app.prolific.com/submissions/complete?cc=CSXVWB27,4732951669508025626,"['private', 'private', 'private', 'private', 'private', 'private', 'private', 'private', 'private', 'private', 'private', 'private', 'private', 'private', 'private', 'private', 'private', 'private', 'private', 'private', 'private', 'private', 'private', 'private', 'private', 'private', 'private', 'private', 'private', 'private']",3,29,,0.0,,,,,,0,0,0,0.0,unassigned,0,,,,,,,,,,,,,,,0.0,0.0,0.0,0.0,0.0,1,1,29,,0.0,,,0.0,,,,,,0.0,0.0,0.0,,,,,,0.0,0.0,0.0,0.0,0.0,0,0.0,1,0,0,0,0,,,1,0,pending,0,0,0,0,0.0,0,0.0,0.0,0.0,0.0,0.0,0.0,1,1,29,,0.0,,,,,,,,,,,,,,,,,,,,,,,,,,,,,,,,,,,,,,,,,,,0.0,0.0,0.0,0.0,0.0,0.0,0.0,0.0,0.0,0.0,0.0,0.0,0.0,0.0,1,1
30,csm0pk90,,0,0,28,,,,0,,,0.0,,,,,,,,,,,,,,,,,yv2jggqe,,,,,0,bargaining_tdl_private,1.5,1.0,5,0,0,1,https://app.prolific.com/submissions/complete?cc=C1G2IEC2,https://app.prolific.com/submissions/complete?cc=C13STBXG,https://app.prolific.com/submissions/complete?cc=CSXVWB27,4732951669508025626,"['private', 'private', 'private', 'private', 'private', 'private', 'private', 'private', 'private', 'private', 'private', 'private', 'private', 'private', 'private', 'private', 'private', 'private', 'private', 'private', 'private', 'private', 'private', 'private', 'private', 'private', 'private', 'private', 'private', 'private']",3,30,,0.0,,,,,,0,0,0,0.0,unassigned,0,,,,,,,,,,,,,,,0.0,0.0,0.0,0.0,0.0,1,1,30,,0.0,,,0.0,,,,,,0.0,0.0,0.0,,,,,,0.0,0.0,0.0,0.0,0.0,0,0.0,1,0,0,0,0,,,1,0,pending,0,0,0,0,0.0,0,0.0,0.0,0.0,0.0,0.0,0.0,1,1,30,,0.0,,,,,,,,,,,,,,,,,,,,,,,,,,,,,,,,,,,,,,,,,,,0.0,0.0,0.0,0.0,0.0,0.0,0.0,0.0,0.0,0.0,0.0,0.0,0.0,0.0,1,1
1,g3efttuc,6a177da8b59d5576eaca4df0,0,28,28,bargaining_tdl_survey,FinalResults,2026-08-18 15:41:14.927046,1,,,3.0,6a177da8b59d5576eaca4df0,,,,,0,1,public,1,1,1,1787067679.2217035,passed,0,,mutual_12,wvbg5of9,,,,,0,bargaining_tdl_public,1.5,1.0,5,0,0,1,https://app.prolific.com/submissions/complete?cc=CTKDYE8E,https://app.prolific.com/submissions/complete?cc=C7WZD8AX,https://app.prolific.com/submissions/complete?cc=CHWGZZMH,5982364939000573364,"['public', 'public', 'public', 'public', 'public', 'public', 'public', 'public', 'public', 'public', 'public', 'public', 'public', 'public', 'public', 'public', 'public', 'public', 'public', 'public', 'public', 'public', 'public', 'public', 'public', 'public', 'public', 'public', 'public', 'public']",3,1,,0.0,6a177da8b59d5576eaca4df0,6a177da8b59d5576eaca4df0,,,public,1,1,1,1787067679.2217035,passed,0,,,,,,0,0,0,0,0,0,0,3,3,3.61,51.74,12.29,0.0,12.29,1,1,1,,3.0,Yellow,public,3.0,split_you,split_you,left,4,3,3.61,155.75,6.32,Right,split_you,split_you,4opo986d,s6y8ch8h,0.0,21.0,14.89,4.65,4.65,1,1787068009.945197,1,0,0,0,0,Left,Right,2,1,mutual_12,1,1,1,0,0.0,0,1787068056.0056796,1787068063.144776,1787068102.8495805,1787068038.1466672,1787068048.478739,0.0,1,1,1,,0.0,1,1991,3,4,paid_work,employee,4,2,5,4,3,1,5,4,2,1,5,1,1,2,4,1,4,1,1,5,1,1,4,1,5,1,1,5,4,9,1,0,1,1.9,5,It was fun but I wonder if the people were real,16.08,15.7,25.22,14.9,16.38,17.19,0.0,0.0,0.0,0.0,0.0,28.36,16.08,0.0,1,1
2,3dfdiore,6a264eef1e8c5e32fe756c69,0,28,28,bargaining_tdl_survey,FinalResults,2026-08-18 15:41:14.970744,1,,,3.0,6a264eef1e8c5e32fe756c69,,,,,0,1,public,7,3,1,1787067707.4293954,passed,0,,mutual_31,wvbg5of9,,,,,0,bargaining_tdl_public,1.5,1.0,5,0,0,1,https://app.prolific.com/submissions/complete?cc=CTKDYE8E,https://app.prolific.com/submissions/complete?cc=C7WZD8AX,https://app.prolific.com/submissions/complete?cc=CHWGZZMH,5982364939000573364,"['public', 'public', 'public', 'public', 'public', 'public', 'public', 'public', 'public', 'public', 'public', 'public', 'public', 'public', 'public', 'public', 'public', 'public', 'public', 'public', 'public', 'public', 'public', 'public', 'public', 'public', 'public', 'public', 'public', 'public']",3,2,,0.0,6a264eef1e8c5e32fe756c69,6a264eef1e8c5e32fe756c69,,,public,7,3,1,1787067707.4293954,passed,0,,,,,,0,0,0,0,0,0,0,3,3,31.34,79.03,34.17,0.0,34.17,1,1,1,,3.0,Yellow,public,3.0,split_you,split_other,left,7,3,31.34,189.99,16.74,Left,split_you,split_other,jppzjqct,zmgip65k,0.0,45.0,23.12,5.57,5.57,1,1787068165.833906,1,0,0,0,0,Right,Right,4,1,mutual_31,1,1,1,0,0.0,0,1787068209.9752004,1787068178.924267,1787068223.841348,1787068142.676387,0.0,1787068158.2900767,1,1,2,,0.0,1,1970,9,1,paid_work,employee,4,1,1,2,1,1,2,1,1,2,4,2,2,2,4,2,4,4,1,5,1,1,1,1,2,1,1,7,1,10,0,10,7,2.0,5,one of the participants took awhile to write back a reply,24.12,24.84,46.64,28.72,22.39,25.9,0.0,0.0,0.0,0.0,0.0,25.69,24.12,0.0,1,1
3,upjqerpa,60fc2ec58ad0da367daee3c1,0,28,28,bargaining_tdl_survey,FinalResults,2026-08-18 15:41:14.986519,1,,,3.0,60fc2ec58ad0da367daee3c1,,,,,0,1,public,4,2,1,1787067689.0349104,passed,0,,mutual_12,wvbg5of9,,,,,0,bargaining_tdl_public,1.5,1.0,5,0,0,1,https://app.prolific.com/submissions/complete?cc=CTKDYE8E,https://app.prolific.com/submissions/complete?cc=C7WZD8AX,https://app.prolific.com/submissions/complete?cc=CHWGZZMH,5982364939000573364,"['public', 'public', 'public', 'public', 'public', 'public', 'public', 'public', 'public', 'public', 'public', 'public', 'public', 'public', 'public', 'public', 'public', 'public', 'public', 'public', 'public', 'public', 'public', 'public', 'public', 'public', 'public', 'public', 'public', 'public']",3,3,,0.0,60fc2ec58ad0da367daee3c1,60fc2ec58ad0da367daee3c1,,,public,4,2,1,1787067689.0349104,passed,0,,,,,,0,0,0,0,0,0,0,3,3,13.06,143.58,40.69,0.0,40.69,1,1,1,,3.0,Yellow,public,3.0,split_you,split_you,right,2,8,13.06,267.04,44.96,Right,split_you,split_you,6revs3qy,k6l9s4cc,0.0,37.25,43.91,4.02,4.02,1,1787068328.428894,1,0,0,0,0,NoOne,Left,5,1,mutual_12,1,1,1,0,0.0,0,1787068414.599227,1787068426.7914343,1787068398.9354827,1787068354.819838,0.0,1787068175.8126645,1,1,3,,0.0,1,1989,10,12,paid_work,self_employed,5,2,2,4,5,5,5,4,4,1,5,1,1,1,5,1,5,2,2,5,2,2,5,2,2,1,1,3,1,5,1,5,1,1.9,4,"Note I only have a high school education(I graduated) so I have no higher ed credentials. I wasn't sure how to answer the main field of study of my highest education qual, so I chose services(seemed the most generic option). ",100.67,88.07,22.32,22.42,20.38,22.43,0.0,0.0,0.0,0.0,0.0,47.43,100.67,0.0,1,1
4,6x1dthvs,5c42de14ccacc10001ccf1b5,0,28,28,bargaining_tdl_survey,FinalResults,2026-08-18 15:41:18.583884,1,,,3.0,5c42de14ccacc10001ccf1b5,,,,,0,1,public,5,2,1,1787067698.2309186,passed,0,,mutual_31,wvbg5of9,,,,,0,bargaining_tdl_public,1.5,1.0,5,0,0,1,https://app.prolific.com/submissions/complete?cc=CTKDYE8E,https://app.prolific.com/submissions/complete?cc=C7WZD8AX,https://app.prolific.com/submissions/complete?cc=CHWGZZMH,5982364939000573364,"['public', 'public', 'public', 'public', 'public', 'public', 'public', 'public', 'public', 'public', 'public', 'public', 'public', 'public', 'public', 'public', 'public', 'public', 'public', 'public', 'public', 'public', 'public', 'public', 'public', 'public', 'public', 'public', 'public', 'public']",3,4,,0.0,5c42de14ccacc10001ccf1b5,5c42de14ccacc10001ccf1b5,,,public,5,2,1,1787067698.2309186,passed,0,,,,,,0,0,0,0,0,0,0,3,3,19.2,61.73,97.84,0.0,97.84,1,1,1,,3.0,Yellow,public,3.0,split_you,split_other,left,7,6,19.2,112.87,11.29,Left,split_you,split_other,b376mnjs,f0bz9ljc,0.0,13.06,29.89,4.25,4.25,1,1787068007.118672,1,0,0,0,0,Right,Left,3,1,mutual_31,1,1,1,0,0.0,0,1787068031.3572671,1787068053.5433168,1787068049.387001,1787068035.2168767,0.0,1787068020.9281821,1,1,4,,0.0,0,1996,6,7,paid_work,employee,5,4,4,3,2,2,4,3,5,4,5,2,2,4,4,2,5,4,2,2,2,1,4,3,5,1,3,8,9,9,4,9,1,1.4,5,I will follow purple to hell and back.,20.8,43.32,41.92,26.67,24.06,30.6,0.0,0.0,0.0,0.0,0.0,25.37,20.8,0.0,1,1
5,s6y8ch8h,6318be45a49442eee3a88cb3,0,28,28,bargaining_tdl_survey,FinalResults,2026-08-18 15:41:22.738273,1,,,3.0,6318be45a49442eee3a88cb3,,,,,0,1,public,2,1,1,1787067687.2175314,passed,0,,mutual_12,wvbg5of9,,,,,0,bargaining_tdl_public,1.5,1.0,5,0,0,1,https://app.prolific.com/submissions/complete?cc=CTKDYE8E,https://app.prolific.com/submissions/complete?cc=C7WZD8AX,https://app.prolific.com/submissions/complete?cc=CHWGZZMH,5982364939000573364,"['public', 'public', 'public', 'public', 'public', 'public', 'public', 'public', 'public', 'public', 'public', 'public', 'public', 'public', 'public', 'public', 'public', 'public', 'public', 'public', 'public', 'public', 'public', 'public', 'public', 'public', 'public', 'public', 'public', 'public']",3,5,,0.0,6318be45a49442eee3a88cb3,6318be45a49442eee3a88cb3,,,public,2,1,1,1787067687.2175314,passed,0,,,,,,0,0,0,0,0,0,0,3,3,3.59,77.47,45.61,0.0,45.61,1,1,2,,3.0,Orange,public,3.0,split_you,split_other,left,6,2,3.59,167.13,11.15,Left,split_you,split_you,g3efttuc,4opo986d,0.0,27.91,14.71,8.61,8.61,1,1787068021.4693499,1,0,0,0,0,Right,Right,2,1,mutual_12,1,1,1,0,0.0,0,1787068056.0056796,1787068063.144776,1787068102.8495805,1787068038.1466672,1787068048.478739,0.0,1,1,5,,0.0,1,1955,9,0,retired,not_employed,3,1,1,1,1,1,2,1,4,3,5,5,3,1,5,1,5,3,1,4,1,1,3,1,5,1,1,10,3,10,0,10,10,2.0,5,It was interesting to talk to the other two.,21.8,29.11,23.73,18.73,19.01,24.94,0.0,0.0,0.0,0.0,0.0,41.48,21.8,0.0,1,1
6,4opo986d,6a1319c4c12cd346dece9fba,0,28,28,bargaining_tdl_survey,FinalResults,2026-08-18 15:41:24.634159,1,,,0.0,6a1319c4c12cd346dece9fba,,,,,0,1,public,3,1,1,1787067688.8275197,passed,0,,mutual_12,wvbg5of9,,,,,0,bargaining_tdl_public,1.5,1.0,5,0,0,1,https://app.prolific.com/submissions/complete?cc=CTKDYE8E,https://app.prolific.com/submissions/complete?cc=C7WZD8AX,https://app.prolific.com/submissions/complete?cc=CHWGZZMH,5982364939000573364,"['public', 'public', 'public', 'public', 'public', 'public', 'public', 'public', 'public', 'public', 'public', 'public', 'public', 'public', 'public', 'public', 'public', 'public', 'public', 'public', 'public', 'public', 'public', 'public', 'public', 'public', 'public', 'public', 'public', 'public']",3,6,,0.0,6a1319c4c12cd346dece9fba,6a1319c4c12cd346dece9fba,,,public,3,1,1,1787067688.8275197,passed,0,,,,,,0,0,0,0,0,0,0,3,3,3.33,10.49,151.53,0.0,151.53,1,1,3,,0.0,Purple,public,0.0,split_you,split_you,left,2,6,3.33,0.0,10.51,Right,split_other,split_you,s6y8ch8h,g3efttuc,0.0,67.29,11.39,10.03,10.03,0,0.0,1,0,0,0,0,Left,Left,2,1,mutual_12,1,1,1,0,0.0,0,1787068056.0056796,1787068063.144776,1787068102.8495805,1787068038.1466672,1787068048.478739,0.0,1,1,6,,0.0,0,1994,1,2,paid_work,employee,4,2,2,4,2,2,4,2,2,3,4,3,3,4,3,4,4,4,4,4,2,2,2,2,2,1,1,7,7,7,4,6,6,1.9,4,i think the people were ai,19.42,27.18,29.35,18.83,23.61,34.17,0.0,0.0,0.0,0.0,0.0,42.48,19.42,0.0,1,1
7,f0bz9ljc,5e09ffd8fa3d102a583771c1,0,28,28,bargaining_tdl_survey,FinalResults,2026-08-18 15:41:36.258403,1,,,0.0,5e09ffd8fa3d102a583771c1,,,,,0,1,public,6,2,1,1787067706.7026913,passed,0,,mutual_31,wvbg5of9,,,,,0,bargaining_tdl_public,1.5,1.0,5,0,0,1,https://app.prolific.com/submissions/complete?cc=CTKDYE8E,https://app.prolific.com/submissions/complete?cc=C7WZD8AX,https://app.prolific.com/submissions/complete?cc=CHWGZZMH,5982364939000573364,"['public', 'public', 'public', 'public', 'public', 'public', 'public', 'public', 'public', 'public', 'public', 'public', 'public', 'public', 'public', 'public', 'public', 'public', 'public', 'public', 'public', 'public', 'public', 'public', 'public', 'public', 'public', 'public', 'public', 'public']",3,7,,0.0,5e09ffd8fa3d102a583771c1,5e09ffd8fa3d102a583771c1,,,public,6,2,1,1787067706.7026913,passed,0,,,,,,0,0,0,0,0,0,0,3,3,9.61,23.05,35.88,0.0,35.88,1,1,2,,0.0,Orange,public,0.0,split_other,split_you,left,3,3,9.61,0.0,7.76,Right,split_other,split_other,6x1dthvs,b376mnjs,0.0,34.89,20.51,2.0,2.0,0,0.0,1,0,0,0,0,Left,Right,3,1,mutual_31,1,1,1,0,0.0,0,1787068031.3572671,1787068053.5433168,1787068049.387001,1787068035.2168767,0.0,1787068020.9281821,1,1,7,,0.0,1,1988,5,6,paid_work,employee,4,1,3,3,3,4,4,2,3,2,4,2,2,2,4,2,2,2,2,3,3,3,3,2,4,1,1,4,1,6,0,5,2,1.7,4,"It was a little tricky to understand, but definitely doable.",20.55,17.09,31.33,29.57,26.51,66.6,0.0,0.0,0.0,0.0,0.0,36.5,20.55,0.0,1,1
8,zmgip65k,69a9b65c2ff9187ae9bda652,0,28,28,bargaining_tdl_survey,FinalResults,2026-08-18 15:41:41.794272,1,,,0.0,69a9b65c2ff9187ae9bda652,,,,,0,1,public,10,4,1,1787067718.3753915,passed,0,,mutual_31,wvbg5of9,,,,,0,bargaining_tdl_public,1.5,1.0,5,0,0,1,https://app.prolific.com/submissions/complete?cc=CTKDYE8E,https://app.prolific.com/submissions/complete?cc=C7WZD8AX,https://app.prolific.com/submissions/complete?cc=CHWGZZMH,5982364939000573364,"['public', 'public', 'public', 'public', 'public', 'public', 'public', 'public', 'public', 'public', 'public', 'public', 'public', 'public', 'public', 'public', 'public', 'public', 'public', 'public', 'public', 'public', 'public', 'public', 'public', 'public', 'public', 'public', 'public', 'public']",3,8,,0.0,69a9b65c2ff9187ae9bda652,69a9b65c2ff9187ae9bda652,,,public,10,4,1,1787067718.3753915,passed,0,,,,,,0,0,0,0,0,0,0,3,3,15.65,127.93,72.88,0.0,72.88,1,1,2,,0.0,Orange,public,0.0,split_other,split_you,left,2,4,15.65,0.0,30.31,Right,split_other,split_other,3dfdiore,jppzjqct,0.0,14.23,25.27,8.24,8.24,0,0.0,1,0,0,0,0,Left,NoOne,4,1,mutual_31,1,1,1,0,0.0,0,1787068209.9752004,1787068178.924267,1787068223.841348,1787068142.676387,0.0,1787068158.2900767,1,1,8,,0.0,1,1989,9,5,unemployed,not_employed,3,1,3,4,2,1,2,2,2,3,3,3,3,3,1,2,4,3,1,4,1,1,1,1,4,1,1,7,5,10,0,10,7,1.9,5,It was tough making a decision when you don’t know much about the other participants ,58.19,38.35,82.82,44.19,55.01,30.58,0.0,0.0,0.0,0.0,0.0,61.25,58.19,0.0,1,1
9,pl3lutbg,5fefefa4c9707d3516361c9c,0,8,28,bargaining_tdl_intro,Goodbye,2026-08-18 15:41:44.287521,1,,,0.0,5fefefa4c9707d3516361c9c,,,1,intro_control_questions_attempt_1_timeout,,,public,9,3,1,1787067710.0991137,failed,0,intro_control_questions_attempt_1_timeout,,wvbg5of9,,,,,0,bargaining_tdl_public,1.5,1.0,5,0,0,1,https://app.prolific.com/submissions/complete?cc=CTKDYE8E,https://app.prolific.com/submissions/complete?cc=C7WZD8AX,https://app.prolific.com/submissions/complete?cc=CHWGZZMH,5982364939000573364,"['public', 'public', 'public', 'public', 'public', 'public', 'public', 'public', 'public', 'public', 'public', 'public', 'public', 'public', 'public', 'public', 'public', 'public', 'public', 'public', 'public', 'public', 'public', 'public', 'public', 'public', 'public', 'public', 'public', 'public']",3,9,,0.0,5fefefa4c9707d3516361c9c,5fefefa4c9707d3516361c9c,,,public,9,3,1,1787067710.0991137,failed,0,,,,,,6,6,6,3,6,6,6,6,6,4.93,32.7,32.7,0.0,32.7,1,1,9,,0.0,,,0.0,,,,,,0.0,0.0,0.0,,,,,,0.0,0.0,0.0,0.0,0.0,0,0.0,1,0,0,0,0,,,1,0,pending,0,0,0,0,0.0,0,0.0,0.0,0.0,0.0,0.0,0.0,1,1,9,,0.0,,,,,,,,,,,,,,,,,,,,,,,,,,,,,,,,,,,,,,,,,,,0.0,0.0,0.0,0.0,0.0,0.0,0.0,0.0,0.0,0.0,0.0,0.0,0.0,0.0,1,1
10,b376mnjs,694b0b65c56cff65c2c22201,0,28,28,bargaining_tdl_survey,FinalResults,2026-08-18 15:41:45.484239,1,,,3.0,694b0b65c56cff65c2c22201,,,,,0,1,public,8,3,1,1787067708.0195596,passed,0,,mutual_31,wvbg5of9,,,,,0,bargaining_tdl_public,1.5,1.0,5,0,0,1,https://app.prolific.com/submissions/complete?cc=CTKDYE8E,https://app.prolific.com/submissions/complete?cc=C7WZD8AX,https://app.prolific.com/submissions/complete?cc=CHWGZZMH,5982364939000573364,"['public', 'public', 'public', 'public', 'public', 'public', 'public', 'public', 'public', 'public', 'public', 'public', 'public', 'public', 'public', 'public', 'public', 'public', 'public', 'public', 'public', 'public', 'public', 'public', 'public', 'public', 'public', 'public', 'public', 'public']",3,10,,0.0,694b0b65c56cff65c2c22201,694b0b65c56cff65c2c22201,,,public,8,3,1,1787067708.0195596,passed,0,,,,,,0,0,0,0,0,0,0,3,3,2.17,101.2,59.62,0.0,59.62,1,1,3,,3.0,Purple,public,3.0,split_other,split_you,left,1,8,2.17,99.16,6.92,Right,split_you,split_you,f0bz9ljc,6x1dthvs,0.0,30.84,44.82,3.53,3.53,1,1787067993.5696476,1,0,0,0,0,Left,Left,3,1,mutual_31,1,1,1,0,0.0,0,1787068031.3572671,1787068053.5433168,1787068049.387001,1787068035.2168767,0.0,1787068020.9281821,1,1,10,,0.0,1,1981,9,2,unemployed,not_employed,2,4,4,2,4,3,4,4,4,2,4,2,3,1,4,2,4,1,1,4,4,2,2,1,1,1,4,4,5,10,0,10,4,1.9,4,The instructions were clear after reading them multiple times. The study was interesting though and I am not sure that the truth was told concerning the other participants not being chatbots and being real people.,56.56,22.58,45.01,37.07,29.7,24.96,0.0,0.0,0.0,0.0,0.0,32.36,56.56,0.0,1,1
11,jppzjqct,6a1bdbbd94fb005951a5c320,0,28,28,bargaining_tdl_survey,FinalResults,2026-08-18 15:41:46.893864,1,,,3.0,6a1bdbbd94fb005951a5c320,,,,,0,1,public,13,5,1,1787067735.569835,passed,0,,mutual_31,wvbg5of9,,,,,0,bargaining_tdl_public,1.5,1.0,5,0,0,1,https://app.prolific.com/submissions/complete?cc=CTKDYE8E,https://app.prolific.com/submissions/complete?cc=C7WZD8AX,https://app.prolific.com/submissions/complete?cc=CHWGZZMH,5982364939000573364,"['public', 'public', 'public', 'public', 'public', 'public', 'public', 'public', 'public', 'public', 'public', 'public', 'public', 'public', 'public', 'public', 'public', 'public', 'public', 'public', 'public', 'public', 'public', 'public', 'public', 'public', 'public', 'public', 'public', 'public']",3,11,,0.0,6a1bdbbd94fb005951a5c320,6a1bdbbd94fb005951a5c320,,,public,13,5,1,1787067735.569835,passed,0,,,,,,0,0,0,0,0,0,0,3,3,27.9,71.99,106.78,0.0,106.78,1,1,3,,3.0,Purple,public,3.0,split_other,split_you,right,5,8,27.9,206.48,26.49,Right,split_you,split_you,zmgip65k,3dfdiore,0.0,59.13,23.15,7.74,7.74,1,1787068133.3111098,1,0,0,0,0,Right,Left,4,1,mutual_31,1,1,1,0,0.0,0,1787068209.9752004,1787068178.924267,1787068223.841348,1787068142.676387,0.0,1787068158.2900767,1,1,11,,0.0,0,1994,4,3,paid_work,employee,5,3,4,5,4,3,5,4,4,4,2,4,4,5,1,4,2,5,2,4,1,1,3,4,5,1,4,9,4,8,6,8,3,1.8,5,"it was quick and i was matched very quickly which was nice. It was definitely a unique experiment which I highly enjoyed being a part of, it was much different than other group tasks or activities and I enjoyed the the psychological aspect of it a lot. ",58.8,43.35,54.17,23.88,26.04,41.54,0.0,0.0,0.0,0.0,0.0,74.2,58.8,0.0,1,1
12,k6l9s4cc,6a1c7f324fa15fdd4076cab8,0,28,28,bargaining_tdl_survey,FinalResults,2026-08-18 15:41:48.552192,1,,,3.0,6a1c7f324fa15fdd4076cab8,,,,,0,1,public,12,4,1,1787067734.8368025,passed,0,,mutual_12,wvbg5of9,,,,,0,bargaining_tdl_public,1.5,1.0,5,0,0,1,https://app.prolific.com/submissions/complete?cc=CTKDYE8E,https://app.prolific.com/submissions/complete?cc=C7WZD8AX,https://app.prolific.com/submissions/complete?cc=CHWGZZMH,5982364939000573364,"['public', 'public', 'public', 'public', 'public', 'public', 'public', 'public', 'public', 'public', 'public', 'public', 'public', 'public', 'public', 'public', 'public', 'public', 'public', 'public', 'public', 'public', 'public', 'public', 'public', 'public', 'public', 'public', 'public', 'public']",3,12,,0.0,6a1c7f324fa15fdd4076cab8,6a1c7f324fa15fdd4076cab8,,,public,12,4,1,1787067734.8368025,passed,0,,,,,,0,0,0,0,0,0,0,3,3,25.65,124.77,134.13,0.0,134.13,1,1,2,,3.0,Orange,public,3.0,split_you,split_other,left,2,2,25.65,0.0,18.3,Left,split_you,split_other,upjqerpa,6revs3qy,0.0,49.23,18.62,3.93,3.93,1,1787068378.5850708,1,0,0,0,0,Left,Right,5,1,mutual_12,1,1,1,0,0.0,0,1787068414.599227,1787068426.7914343,1787068398.9354827,1787068354.819838,0.0,1787068175.8126645,1,1,12,,0.0,1,2002,8,4,paid_work,employee,4,2,3,5,2,1,5,3,2,2,4,2,3,4,4,1,4,3,1,5,1,2,4,2,5,1,2,9,3,10,4,8,5,2.0,5,I was a bit sad that the others formed a team without me knowing. I wish yellow would have just told me he already was teaming up with purple and I would have understood. ,57.66,26.97,43.52,39.41,46.78,43.54,0.0,0.0,0.0,0.0,0.0,58.89,57.66,0.0,1,1
13,j9yituj7,5d7047d764b37b0017ffa710,0,8,28,bargaining_tdl_intro,Goodbye,2026-08-18 15:41:54.043433,1,,,0.0,5d7047d764b37b0017ffa710,,,1,intro_control_questions_attempt_1_timeout,,,public,11,4,1,1787067718.4701257,failed,0,intro_control_questions_attempt_1_timeout,,wvbg5of9,,,,,0,bargaining_tdl_public,1.5,1.0,5,0,0,1,https://app.prolific.com/submissions/complete?cc=CTKDYE8E,https://app.prolific.com/submissions/complete?cc=C7WZD8AX,https://app.prolific.com/submissions/complete?cc=CHWGZZMH,5982364939000573364,"['public', 'public', 'public', 'public', 'public', 'public', 'public', 'public', 'public', 'public', 'public', 'public', 'public', 'public', 'public', 'public', 'public', 'public', 'public', 'public', 'public', 'public', 'public', 'public', 'public', 'public', 'public', 'public', 'public', 'public']",3,13,,0.0,5d7047d764b37b0017ffa710,5d7047d764b37b0017ffa710,,,public,11,4,1,1787067718.4701257,failed,0,,,,,,6,6,6,3,6,6,6,6,6,3.68,83.1,83.1,0.0,83.1,1,1,13,,0.0,,,0.0,,,,,,0.0,0.0,0.0,,,,,,0.0,0.0,0.0,0.0,0.0,0,0.0,1,0,0,0,0,,,1,0,pending,0,0,0,0,0.0,0,0.0,0.0,0.0,0.0,0.0,0.0,1,1,13,,0.0,,,,,,,,,,,,,,,,,,,,,,,,,,,,,,,,,,,,,,,,,,,0.0,0.0,0.0,0.0,0.0,0.0,0.0,0.0,0.0,0.0,0.0,0.0,0.0,0.0,1,1
14,6revs3qy,65e975039c7865e835a2936c,0,28,28,bargaining_tdl_survey,FinalResults,2026-08-18 15:42:11.838595,1,,,0.0,65e975039c7865e835a2936c,,,,,0,1,public,14,5,1,1787067740.5600295,passed,0,,mutual_12,wvbg5of9,,,,,0,bargaining_tdl_public,1.5,1.0,5,0,0,1,https://app.prolific.com/submissions/complete?cc=CTKDYE8E,https://app.prolific.com/submissions/complete?cc=C7WZD8AX,https://app.prolific.com/submissions/complete?cc=CHWGZZMH,5982364939000573364,"['public', 'public', 'public', 'public', 'public', 'public', 'public', 'public', 'public', 'public', 'public', 'public', 'public', 'public', 'public', 'public', 'public', 'public', 'public', 'public', 'public', 'public', 'public', 'public', 'public', 'public', 'public', 'public', 'public', 'public']",3,14,,0.0,65e975039c7865e835a2936c,65e975039c7865e835a2936c,,,public,14,5,1,1787067740.5600295,passed,0,,,,,,0,0,0,0,0,0,0,3,3,7.37,29.63,13.78,0.0,13.78,1,1,3,,0.0,Purple,public,0.0,split_other,split_you,left,2,6,7.37,87.19,8.63,Right,split_other,split_you,k6l9s4cc,upjqerpa,0.0,20.39,15.87,1.81,1.81,1,1787068148.5750248,1,0,0,0,0,Left,Left,5,1,mutual_12,1,1,1,0,0.0,0,1787068414.599227,1787068426.7914343,1787068398.9354827,1787068354.819838,0.0,1787068175.8126645,1,1,14,,0.0,0,1999,3,0,unemployed,not_employed,4,2,2,4,2,2,4,3,2,3,4,2,2,3,4,2,5,4,2,4,2,1,4,3,4,2,2,8,5,9,2,7,4,1.1,5,This was pretty straightforward. Thanks for the opportunity,21.5,42.3,34.77,16.68,16.62,20.58,0.0,0.0,0.0,0.0,0.0,110.11,21.5,0.0,1,1
15,igyt8pnn,6a20c44b3a3be9f4271365c6,0,28,28,bargaining_tdl_survey,FinalResults,2026-08-18 15:42:12.266751,1,,,3.0,6a20c44b3a3be9f4271365c6,,,,,0,1,public,16,6,1,1787067808.547398,passed,0,,mutual_12,wvbg5of9,,,,,0,bargaining_tdl_public,1.5,1.0,5,0,0,1,https://app.prolific.com/submissions/complete?cc=CTKDYE8E,https://app.prolific.com/submissions/complete?cc=C7WZD8AX,https://app.prolific.com/submissions/complete?cc=CHWGZZMH,5982364939000573364,"['public', 'public', 'public', 'public', 'public', 'public', 'public', 'public', 'public', 'public', 'public', 'public', 'public', 'public', 'public', 'public', 'public', 'public', 'public', 'public', 'public', 'public', 'public', 'public', 'public', 'public', 'public', 'public', 'public', 'public']",3,15,,0.0,6a20c44b3a3be9f4271365c6,6a20c44b3a3be9f4271365c6,,,public,16,6,1,1787067808.547398,passed,0,,,,,,0,0,0,0,0,0,0,3,3,75.32,231.74,107.17,0.0,107.17,1,1,1,,3.0,Yellow,public,3.0,split_other,split_you,right,8,8,75.32,0.0,65.62,Right,split_other,split_you,oo9ysixl,4mpo3xt7,0.0,92.28,179.46,17.25,17.25,0,0.0,1,0,0,99,0,Right,Left,6,1,mutual_12,1,1,1,1,1787068408.1108367,3,1787068712.5648906,1787068652.5588295,1787068305.951628,0.0,1787068491.308141,0.0,1,1,15,,0.0,0,1924,9,4,paid_work,employee,2,1,4,5,1,2,3,2,2,4,3,4,4,3,3,2,5,5,2,5,2,3,2,4,4,1,1,10,10,10,0,10,8,1.9,5,"Good study ,it had clear instructions",58.97,49.66,71.08,65.33,56.52,52.54,0.0,0.0,0.0,0.0,0.0,145.77,58.97,0.0,1,1
16,2awfjpcq,5ba292385301b80001c71ba2,0,8,28,bargaining_tdl_intro,Goodbye,2026-08-18 15:43:00.263927,1,,,0.0,5ba292385301b80001c71ba2,,,,,,,public,15,5,1,1787067783.5258405,failed,0,intro_control_questions_failed_after_5_attempts,,wvbg5of9,,,,,0,bargaining_tdl_public,1.5,1.0,5,0,0,1,https://app.prolific.com/submissions/complete?cc=CTKDYE8E,https://app.prolific.com/submissions/complete?cc=C7WZD8AX,https://app.prolific.com/submissions/complete?cc=CHWGZZMH,5982364939000573364,"['public', 'public', 'public', 'public', 'public', 'public', 'public', 'public', 'public', 'public', 'public', 'public', 'public', 'public', 'public', 'public', 'public', 'public', 'public', 'public', 'public', 'public', 'public', 'public', 'public', 'public', 'public', 'public', 'public', 'public']",3,16,,0.0,5ba292385301b80001c71ba2,5ba292385301b80001c71ba2,,,public,15,5,1,1787067783.5258405,failed,0,,,,,,0,3,3,0,0,0,0,3,3,2.85,197.1,24.85,0.0,24.85,1,1,16,,0.0,,,0.0,,,,,,0.0,0.0,0.0,,,,,,0.0,0.0,0.0,0.0,0.0,0,0.0,1,0,0,0,0,,,1,0,pending,0,0,0,0,0.0,0,0.0,0.0,0.0,0.0,0.0,0.0,1,1,16,,0.0,,,,,,,,,,,,,,,,,,,,,,,,,,,,,,,,,,,,,,,,,,,0.0,0.0,0.0,0.0,0.0,0.0,0.0,0.0,0.0,0.0,0.0,0.0,0.0,0.0,1,1
17,4mpo3xt7,6143af8721d1445864c4f6c8,0,28,28,bargaining_tdl_survey,FinalResults,2026-08-18 15:44:26.054699,1,,,3.0,6143af8721d1445864c4f6c8,,,,,0,1,public,9,3,2,1787068051.7222097,passed,1,,mutual_12,wvbg5of9,,,,,0,bargaining_tdl_public,1.5,1.0,5,0,0,1,https://app.prolific.com/submissions/complete?cc=CTKDYE8E,https://app.prolific.com/submissions/complete?cc=C7WZD8AX,https://app.prolific.com/submissions/complete?cc=CHWGZZMH,5982364939000573364,"['public', 'public', 'public', 'public', 'public', 'public', 'public', 'public', 'public', 'public', 'public', 'public', 'public', 'public', 'public', 'public', 'public', 'public', 'public', 'public', 'public', 'public', 'public', 'public', 'public', 'public', 'public', 'public', 'public', 'public']",3,17,,0.0,6143af8721d1445864c4f6c8,6143af8721d1445864c4f6c8,,,public,9,3,2,1787068051.7222097,passed,1,,,,,,0,0,0,0,0,0,0,3,3,182.31,75.46,25.51,0.0,25.51,1,1,2,,3.0,Orange,public,3.0,split_you,split_other,left,6,3,182.31,162.52,40.83,Left,split_you,split_other,igyt8pnn,oo9ysixl,0.0,32.85,16.73,6.57,6.57,0,0.0,1,0,0,0,99,Right,NoOne,6,1,mutual_12,1,1,1,1,1787068408.1108367,3,1787068712.5648906,1787068652.5588295,1787068305.951628,0.0,1787068491.308141,0.0,1,1,17,,0.0,0,1972,1,0,unemployed,not_employed,3,1,1,1,1,3,1,1,1,3,3,3,3,3,2,4,2,3,2,4,3,2,2,2,2,1,1,5,5,10,0,8,8,1.9,5,ty and have a good day,17.84,51.08,30.48,25.08,26.87,22.23,0.0,0.0,0.0,0.0,0.0,53.83,17.84,0.0,1,1
18,4njwr9zv,629642bfde2bf56c1ec2a420,0,28,28,bargaining_tdl_survey,FinalResults,2026-08-18 15:48:40.486997,1,,,3.0,629642bfde2bf56c1ec2a420,,,,,0,1,public,11,4,2,1787068130.6019328,passed,1,,mutual_12,wvbg5of9,,,,,0,bargaining_tdl_public,1.5,1.0,5,0,0,1,https://app.prolific.com/submissions/complete?cc=CTKDYE8E,https://app.prolific.com/submissions/complete?cc=C7WZD8AX,https://app.prolific.com/submissions/complete?cc=CHWGZZMH,5982364939000573364,"['public', 'public', 'public', 'public', 'public', 'public', 'public', 'public', 'public', 'public', 'public', 'public', 'public', 'public', 'public', 'public', 'public', 'public', 'public', 'public', 'public', 'public', 'public', 'public', 'public', 'public', 'public', 'public', 'public', 'public']",3,18,,0.0,629642bfde2bf56c1ec2a420,629642bfde2bf56c1ec2a420,,,public,11,4,2,1787068130.6019328,passed,1,,,,,,0,0,0,0,0,0,0,3,3,6.36,140.37,39.43,0.0,39.43,1,1,1,,3.0,Yellow,public,3.0,split_other,split_you,right,8,8,6.36,122.36,16.12,Right,split_you,split_you,icfadgzv,r9fverq5,0.0,24.26,51.17,5.45,5.45,1,1787068795.627954,1,0,0,0,0,Right,Left,7,1,mutual_12,1,1,1,0,0.0,0,1787068839.6731613,1787068825.194114,1787068831.3169196,1787068823.1102998,0.0,1787068774.8190575,1,1,18,,0.0,1,1986,2,2,paid_work,self_employed,5,3,3,4,4,5,5,3,5,3,3,1,3,2,2,3,4,1,4,2,1,1,4,2,2,3,4,7,7,10,5,8,0,1.5,4,Waiting for the other participants took a little long. The instructions in the second part were a little confusing.,48.75,36.41,31.53,34.07,24.46,37.7,0.0,0.0,0.0,0.0,0.0,82.06,48.75,0.0,1,1
19,oo9ysixl,650b03136ab3d4c832d98b71,0,17,28,bargaining_tdl_main,InactivityGoodbyeMain,2026-08-18 15:49:57.887943,1,,,0.0,650b03136ab3d4c832d98b71,,,,,1,0,public,15,5,2,1787068209.3577886,passed,1,,mutual_12,wvbg5of9,,,,,0,bargaining_tdl_public,1.5,1.0,5,0,0,1,https://app.prolific.com/submissions/complete?cc=CTKDYE8E,https://app.prolific.com/submissions/complete?cc=C7WZD8AX,https://app.prolific.com/submissions/complete?cc=CHWGZZMH,5982364939000573364,"['public', 'public', 'public', 'public', 'public', 'public', 'public', 'public', 'public', 'public', 'public', 'public', 'public', 'public', 'public', 'public', 'public', 'public', 'public', 'public', 'public', 'public', 'public', 'public', 'public', 'public', 'public', 'public', 'public', 'public']",3,19,,0.0,650b03136ab3d4c832d98b71,650b03136ab3d4c832d98b71,,,public,15,5,2,1787068209.3577886,passed,1,,,,,,0,0,0,0,0,0,0,3,3,10.18,5.54,28.78,0.0,28.78,1,1,3,,0.0,Purple,public,0.0,split_other,split_other,,1,1,10.18,0.0,0.0,NoOne,split_other,split_other,4mpo3xt7,igyt8pnn,0.0,0.0,0.0,0.0,0.0,1,1787068318.1108367,0,99,99,0,0,NoOne,Left,6,1,mutual_12,1,1,1,1,1787068408.1108367,3,1787068712.5648906,1787068652.5588295,1787068305.951628,0.0,1787068491.308141,0.0,1,1,19,,0.0,,,,,,,,,,,,,,,,,,,,,,,,,,,,,,,,,,,,,,,,,,,0.0,0.0,0.0,0.0,0.0,0.0,0.0,0.0,0.0,0.0,0.0,0.0,0.0,0.0,1,1
20,qeatwni5,63d69e4d6648b39324fdf0ad,0,8,28,bargaining_tdl_intro,Goodbye,2026-08-18 15:51:54.089590,1,,,0.0,63d69e4d6648b39324fdf0ad,,,,,,,public,17,6,1,1787068318.8909836,failed,0,intro_control_questions_failed_after_5_attempts,,wvbg5of9,,,,,0,bargaining_tdl_public,1.5,1.0,5,0,0,1,https://app.prolific.com/submissions/complete?cc=CTKDYE8E,https://app.prolific.com/submissions/complete?cc=C7WZD8AX,https://app.prolific.com/submissions/complete?cc=CHWGZZMH,5982364939000573364,"['public', 'public', 'public', 'public', 'public', 'public', 'public', 'public', 'public', 'public', 'public', 'public', 'public', 'public', 'public', 'public', 'public', 'public', 'public', 'public', 'public', 'public', 'public', 'public', 'public', 'public', 'public', 'public', 'public', 'public']",3,20,,0.0,63d69e4d6648b39324fdf0ad,63d69e4d6648b39324fdf0ad,,,public,17,6,1,1787068318.8909836,failed,0,,,,,,0,0,0,0,0,0,0,0,0,2.75,78.86,22.48,0.0,22.48,1,1,20,,0.0,,,0.0,,,,,,0.0,0.0,0.0,,,,,,0.0,0.0,0.0,0.0,0.0,0,0.0,1,0,0,0,0,,,1,0,pending,0,0,0,0,0.0,0,0.0,0.0,0.0,0.0,0.0,0.0,1,1,20,,0.0,,,,,,,,,,,,,,,,,,,,,,,,,,,,,,,,,,,,,,,,,,,0.0,0.0,0.0,0.0,0.0,0.0,0.0,0.0,0.0,0.0,0.0,0.0,0.0,0.0,1,1
21,r9fverq5,698ce10e5bdc0e27e6078608,0,28,28,bargaining_tdl_survey,FinalResults,2026-08-18 15:52:35.678872,1,,,3.0,698ce10e5bdc0e27e6078608,,,,,0,1,public,18,6,1,1787068364.723684,passed,0,,mutual_12,wvbg5of9,,,,,0,bargaining_tdl_public,1.5,1.0,5,0,0,1,https://app.prolific.com/submissions/complete?cc=CTKDYE8E,https://app.prolific.com/submissions/complete?cc=C7WZD8AX,https://app.prolific.com/submissions/complete?cc=CHWGZZMH,5982364939000573364,"['public', 'public', 'public', 'public', 'public', 'public', 'public', 'public', 'public', 'public', 'public', 'public', 'public', 'public', 'public', 'public', 'public', 'public', 'public', 'public', 'public', 'public', 'public', 'public', 'public', 'public', 'public', 'public', 'public', 'public']",3,21,,0.0,698ce10e5bdc0e27e6078608,698ce10e5bdc0e27e6078608,,,public,18,6,1,1787068364.723684,passed,0,,,,,,0,0,0,0,0,0,0,3,3,6.87,3.63,86.76,0.0,86.76,1,1,2,,3.0,Orange,public,3.0,split_you,split_other,left,8,3,6.87,123.0,7.49,Left,split_you,split_other,4njwr9zv,icfadgzv,0.0,10.24,12.18,3.09,3.09,1,1787068816.1593432,1,0,0,0,0,Right,NoOne,7,1,mutual_12,1,1,1,0,0.0,0,1787068839.6731613,1787068825.194114,1787068831.3169196,1787068823.1102998,0.0,1787068774.8190575,1,1,21,,0.0,1,1995,3,4,paid_work,employee,4,2,2,2,3,3,3,3,3,4,4,3,3,3,3,2,2,2,2,3,2,2,3,4,3,3,3,5,6,6,3,5,3,1.9,5,Good experiment,13.61,18.66,30.83,23.32,26.19,26.12,0.0,0.0,0.0,0.0,0.0,24.13,13.61,0.0,1,1
22,icfadgzv,69c406fa730cafd4e3a5c838,0,28,28,bargaining_tdl_survey,FinalResults,2026-08-18 15:55:20.015079,1,,,0.0,69c406fa730cafd4e3a5c838,,,,,0,1,public,17,6,2,1787068546.1453326,passed,1,,mutual_12,wvbg5of9,,,,,0,bargaining_tdl_public,1.5,1.0,5,0,0,1,https://app.prolific.com/submissions/complete?cc=CTKDYE8E,https://app.prolific.com/submissions/complete?cc=C7WZD8AX,https://app.prolific.com/submissions/complete?cc=CHWGZZMH,5982364939000573364,"['public', 'public', 'public', 'public', 'public', 'public', 'public', 'public', 'public', 'public', 'public', 'public', 'public', 'public', 'public', 'public', 'public', 'public', 'public', 'public', 'public', 'public', 'public', 'public', 'public', 'public', 'public', 'public', 'public', 'public']",3,22,,0.0,69c406fa730cafd4e3a5c838,69c406fa730cafd4e3a5c838,,,public,17,6,2,1787068546.1453326,passed,1,,,,,,0,0,0,0,0,0,0,3,3,24.98,80.38,44.91,0.0,44.91,1,1,3,,0.0,Purple,public,0.0,split_other,split_you,right,1,1,24.98,74.72,13.9,Right,split_other,split_other,r9fverq5,4njwr9zv,0.0,16.32,13.63,5.18,5.18,1,1787068747.723208,1,0,0,0,0,Left,Right,7,1,mutual_12,1,1,1,0,0.0,0,1787068839.6731613,1787068825.194114,1787068831.3169196,1787068823.1102998,0.0,1787068774.8190575,1,1,22,,0.0,0,1994,1,0,paid_work,employee,5,4,4,5,5,5,5,4,4,4,5,3,1,3,4,1,5,2,4,4,5,4,5,5,1,1,3,8,7,8,5,7,6,1.9,3,"I didn't like the study. It's just basically whoever agrees first then it's done. It's not a real life situation where you can bribe them, persuade them, etc. ",55.78,25.25,25.2,23.17,22.25,31.66,0.0,0.0,0.0,0.0,0.0,27.48,55.78,0.0,1,1
23,i30gwfdv,,0,0,28,,,,0,,,0.0,,,,,,,,,,,,,,,,,wvbg5of9,,,,,0,bargaining_tdl_public,1.5,1.0,5,0,0,1,https://app.prolific.com/submissions/complete?cc=CTKDYE8E,https://app.prolific.com/submissions/complete?cc=C7WZD8AX,https://app.prolific.com/submissions/complete?cc=CHWGZZMH,5982364939000573364,"['public', 'public', 'public', 'public', 'public', 'public', 'public', 'public', 'public', 'public', 'public', 'public', 'public', 'public', 'public', 'public', 'public', 'public', 'public', 'public', 'public', 'public', 'public', 'public', 'public', 'public', 'public', 'public', 'public', 'public']",3,23,,0.0,,,,,,0,0,0,0.0,unassigned,0,,,,,,,,,,,,,,,0.0,0.0,0.0,0.0,0.0,1,1,23,,0.0,,,0.0,,,,,,0.0,0.0,0.0,,,,,,0.0,0.0,0.0,0.0,0.0,0,0.0,1,0,0,0,0,,,1,0,pending,0,0,0,0,0.0,0,0.0,0.0,0.0,0.0,0.0,0.0,1,1,23,,0.0,,,,,,,,,,,,,,,,,,,,,,,,,,,,,,,,,,,,,,,,,,,0.0,0.0,0.0,0.0,0.0,0.0,0.0,0.0,0.0,0.0,0.0,0.0,0.0,0.0,1,1
24,jrxkzw7o,,0,0,28,,,,0,,,0.0,,,,,,,,,,,,,,,,,wvbg5of9,,,,,0,bargaining_tdl_public,1.5,1.0,5,0,0,1,https://app.prolific.com/submissions/complete?cc=CTKDYE8E,https://app.prolific.com/submissions/complete?cc=C7WZD8AX,https://app.prolific.com/submissions/complete?cc=CHWGZZMH,5982364939000573364,"['public', 'public', 'public', 'public', 'public', 'public', 'public', 'public', 'public', 'public', 'public', 'public', 'public', 'public', 'public', 'public', 'public', 'public', 'public', 'public', 'public', 'public', 'public', 'public', 'public', 'public', 'public', 'public', 'public', 'public']",3,24,,0.0,,,,,,0,0,0,0.0,unassigned,0,,,,,,,,,,,,,,,0.0,0.0,0.0,0.0,0.0,1,1,24,,0.0,,,0.0,,,,,,0.0,0.0,0.0,,,,,,0.0,0.0,0.0,0.0,0.0,0,0.0,1,0,0,0,0,,,1,0,pending,0,0,0,0,0.0,0,0.0,0.0,0.0,0.0,0.0,0.0,1,1,24,,0.0,,,,,,,,,,,,,,,,,,,,,,,,,,,,,,,,,,,,,,,,,,,0.0,0.0,0.0,0.0,0.0,0.0,0.0,0.0,0.0,0.0,0.0,0.0,0.0,0.0,1,1
25,o8kc1wyy,,0,0,28,,,,0,,,0.0,,,,,,,,,,,,,,,,,wvbg5of9,,,,,0,bargaining_tdl_public,1.5,1.0,5,0,0,1,https://app.prolific.com/submissions/complete?cc=CTKDYE8E,https://app.prolific.com/submissions/complete?cc=C7WZD8AX,https://app.prolific.com/submissions/complete?cc=CHWGZZMH,5982364939000573364,"['public', 'public', 'public', 'public', 'public', 'public', 'public', 'public', 'public', 'public', 'public', 'public', 'public', 'public', 'public', 'public', 'public', 'public', 'public', 'public', 'public', 'public', 'public', 'public', 'public', 'public', 'public', 'public', 'public', 'public']",3,25,,0.0,,,,,,0,0,0,0.0,unassigned,0,,,,,,,,,,,,,,,0.0,0.0,0.0,0.0,0.0,1,1,25,,0.0,,,0.0,,,,,,0.0,0.0,0.0,,,,,,0.0,0.0,0.0,0.0,0.0,0,0.0,1,0,0,0,0,,,1,0,pending,0,0,0,0,0.0,0,0.0,0.0,0.0,0.0,0.0,0.0,1,1,25,,0.0,,,,,,,,,,,,,,,,,,,,,,,,,,,,,,,,,,,,,,,,,,,0.0,0.0,0.0,0.0,0.0,0.0,0.0,0.0,0.0,0.0,0.0,0.0,0.0,0.0,1,1
26,r4ekvxof,,0,0,28,,,,0,,,0.0,,,,,,,,,,,,,,,,,wvbg5of9,,,,,0,bargaining_tdl_public,1.5,1.0,5,0,0,1,https://app.prolific.com/submissions/complete?cc=CTKDYE8E,https://app.prolific.com/submissions/complete?cc=C7WZD8AX,https://app.prolific.com/submissions/complete?cc=CHWGZZMH,5982364939000573364,"['public', 'public', 'public', 'public', 'public', 'public', 'public', 'public', 'public', 'public', 'public', 'public', 'public', 'public', 'public', 'public', 'public', 'public', 'public', 'public', 'public', 'public', 'public', 'public', 'public', 'public', 'public', 'public', 'public', 'public']",3,26,,0.0,,,,,,0,0,0,0.0,unassigned,0,,,,,,,,,,,,,,,0.0,0.0,0.0,0.0,0.0,1,1,26,,0.0,,,0.0,,,,,,0.0,0.0,0.0,,,,,,0.0,0.0,0.0,0.0,0.0,0,0.0,1,0,0,0,0,,,1,0,pending,0,0,0,0,0.0,0,0.0,0.0,0.0,0.0,0.0,0.0,1,1,26,,0.0,,,,,,,,,,,,,,,,,,,,,,,,,,,,,,,,,,,,,,,,,,,0.0,0.0,0.0,0.0,0.0,0.0,0.0,0.0,0.0,0.0,0.0,0.0,0.0,0.0,1,1
27,4pd8eqyx,,0,0,28,,,,0,,,0.0,,,,,,,,,,,,,,,,,wvbg5of9,,,,,0,bargaining_tdl_public,1.5,1.0,5,0,0,1,https://app.prolific.com/submissions/complete?cc=CTKDYE8E,https://app.prolific.com/submissions/complete?cc=C7WZD8AX,https://app.prolific.com/submissions/complete?cc=CHWGZZMH,5982364939000573364,"['public', 'public', 'public', 'public', 'public', 'public', 'public', 'public', 'public', 'public', 'public', 'public', 'public', 'public', 'public', 'public', 'public', 'public', 'public', 'public', 'public', 'public', 'public', 'public', 'public', 'public', 'public', 'public', 'public', 'public']",3,27,,0.0,,,,,,0,0,0,0.0,unassigned,0,,,,,,,,,,,,,,,0.0,0.0,0.0,0.0,0.0,1,1,27,,0.0,,,0.0,,,,,,0.0,0.0,0.0,,,,,,0.0,0.0,0.0,0.0,0.0,0,0.0,1,0,0,0,0,,,1,0,pending,0,0,0,0,0.0,0,0.0,0.0,0.0,0.0,0.0,0.0,1,1,27,,0.0,,,,,,,,,,,,,,,,,,,,,,,,,,,,,,,,,,,,,,,,,,,0.0,0.0,0.0,0.0,0.0,0.0,0.0,0.0,0.0,0.0,0.0,0.0,0.0,0.0,1,1
28,bunujdki,,0,0,28,,,,0,,,0.0,,,,,,,,,,,,,,,,,wvbg5of9,,,,,0,bargaining_tdl_public,1.5,1.0,5,0,0,1,https://app.prolific.com/submissions/complete?cc=CTKDYE8E,https://app.prolific.com/submissions/complete?cc=C7WZD8AX,https://app.prolific.com/submissions/complete?cc=CHWGZZMH,5982364939000573364,"['public', 'public', 'public', 'public', 'public', 'public', 'public', 'public', 'public', 'public', 'public', 'public', 'public', 'public', 'public', 'public', 'public', 'public', 'public', 'public', 'public', 'public', 'public', 'public', 'public', 'public', 'public', 'public', 'public', 'public']",3,28,,0.0,,,,,,0,0,0,0.0,unassigned,0,,,,,,,,,,,,,,,0.0,0.0,0.0,0.0,0.0,1,1,28,,0.0,,,0.0,,,,,,0.0,0.0,0.0,,,,,,0.0,0.0,0.0,0.0,0.0,0,0.0,1,0,0,0,0,,,1,0,pending,0,0,0,0,0.0,0,0.0,0.0,0.0,0.0,0.0,0.0,1,1,28,,0.0,,,,,,,,,,,,,,,,,,,,,,,,,,,,,,,,,,,,,,,,,,,0.0,0.0,0.0,0.0,0.0,0.0,0.0,0.0,0.0,0.0,0.0,0.0,0.0,0.0,1,1
29,1w2e4x2n,,0,0,28,,,,0,,,0.0,,,,,,,,,,,,,,,,,wvbg5of9,,,,,0,bargaining_tdl_public,1.5,1.0,5,0,0,1,https://app.prolific.com/submissions/complete?cc=CTKDYE8E,https://app.prolific.com/submissions/complete?cc=C7WZD8AX,https://app.prolific.com/submissions/complete?cc=CHWGZZMH,5982364939000573364,"['public', 'public', 'public', 'public', 'public', 'public', 'public', 'public', 'public', 'public', 'public', 'public', 'public', 'public', 'public', 'public', 'public', 'public', 'public', 'public', 'public', 'public', 'public', 'public', 'public', 'public', 'public', 'public', 'public', 'public']",3,29,,0.0,,,,,,0,0,0,0.0,unassigned,0,,,,,,,,,,,,,,,0.0,0.0,0.0,0.0,0.0,1,1,29,,0.0,,,0.0,,,,,,0.0,0.0,0.0,,,,,,0.0,0.0,0.0,0.0,0.0,0,0.0,1,0,0,0,0,,,1,0,pending,0,0,0,0,0.0,0,0.0,0.0,0.0,0.0,0.0,0.0,1,1,29,,0.0,,,,,,,,,,,,,,,,,,,,,,,,,,,,,,,,,,,,,,,,,,,0.0,0.0,0.0,0.0,0.0,0.0,0.0,0.0,0.0,0.0,0.0,0.0,0.0,0.0,1,1
30,i64cc0xb,,0,0,28,,,,0,,,0.0,,,,,,,,,,,,,,,,,wvbg5of9,,,,,0,bargaining_tdl_public,1.5,1.0,5,0,0,1,https://app.prolific.com/submissions/complete?cc=CTKDYE8E,https://app.prolific.com/submissions/complete?cc=C7WZD8AX,https://app.prolific.com/submissions/complete?cc=CHWGZZMH,5982364939000573364,"['public', 'public', 'public', 'public', 'public', 'public', 'public', 'public', 'public', 'public', 'public', 'public', 'public', 'public', 'public', 'public', 'public', 'public', 'public', 'public', 'public', 'public', 'public', 'public', 'public', 'public', 'public', 'public', 'public', 'public']",3,30,,0.0,,,,,,0,0,0,0.0,unassigned,0,,,,,,,,,,,,,,,0.0,0.0,0.0,0.0,0.0,1,1,30,,0.0,,,0.0,,,,,,0.0,0.0,0.0,,,,,,0.0,0.0,0.0,0.0,0.0,0,0.0,1,0,0,0,0,,,1,0,pending,0,0,0,0,0.0,0,0.0,0.0,0.0,0.0,0.0,0.0,1,1,30,,0.0,,,,,,,,,,,,,,,,,,,,,,,,,,,,,,,,,,,,,,,,,,,0.0,0.0,0.0,0.0,0.0,0.0,0.0,0.0,0.0,0.0,0.0,0.0,0.0,0.0,1,1
1,pn1cxd0l,6a0fa39a660c62f1e402df55,0,28,28,bargaining_tdl_survey,FinalResults,2026-08-18 16:15:56.379269,1,,,0.0,6a0fa39a660c62f1e402df55,,,,,0,1,private_no_dwl,1,1,1,1787069758.679013,passed,0,,disagreement,lz09lc4v,,,,,0,bargaining_tdl_private_no_dwl,1.5,1.0,5,0,0,1,https://app.prolific.com/submissions/complete?cc=CU9DDEAQ,https://app.prolific.com/submissions/complete?cc=CMPNPYY3,https://app.prolific.com/submissions/complete?cc=CFORQW3N,1518415944288374662,"['private_no_dwl', 'private_no_dwl', 'private_no_dwl', 'private_no_dwl', 'private_no_dwl', 'private_no_dwl', 'private_no_dwl', 'private_no_dwl', 'private_no_dwl', 'private_no_dwl', 'private_no_dwl', 'private_no_dwl', 'private_no_dwl', 'private_no_dwl', 'private_no_dwl', 'private_no_dwl', 'private_no_dwl', 'private_no_dwl', 'private_no_dwl', 'private_no_dwl', 'private_no_dwl', 'private_no_dwl', 'private_no_dwl', 'private_no_dwl', 'private_no_dwl', 'private_no_dwl', 'private_no_dwl', 'private_no_dwl', 'private_no_dwl', 'private_no_dwl']",3,1,,0.0,6a0fa39a660c62f1e402df55,6a0fa39a660c62f1e402df55,,,private_no_dwl,1,1,1,1787069758.679013,passed,0,,,,,,0,0,0,6,0,0,0,3,3,1.79,116.07,74.24,0.0,74.24,1,1,1,,0.0,Yellow,private_no_dwl,0.0,split_you,split_other,left,5,3,1.79,72.64,13.73,Left,split_you,split_you,iy9pih71,e9kms07f,0.0,4.66,13.58,5.29,5.29,1,1787070148.7553627,1,0,0,0,0,Right,NoOne,3,0,disagreement,1,1,1,0,0.0,0,1787070175.0430558,1787070199.9703124,1787070284.8330867,1787070176.658785,0.0,1787070158.2215462,1,1,1,,0.0,0,1998,4,4,paid_work,employee,4,4,5,4,4,4,5,4,3,4,4,1,1,4,3,4,4,4,1,5,2,1,4,4,5,2,2,8,2,9,10,9,0,1.8,5,I wish it said if everyone supports one another everyone gets zero instead of the confusing way of green supports red and red supports blue and blue supports green.,49.26,24.72,24.26,22.57,24.39,22.96,0.0,0.0,0.0,0.0,0.0,38.41,49.26,0.0,1,1
2,ieg3uwwe,6a24a4bcb7f06cbeb07c89f5,0,2,28,bargaining_tdl_intro,InstructionsPart1,2026-08-18 16:15:58.068294,1,,,0.0,6a24a4bcb7f06cbeb07c89f5,,,,,,,private_no_dwl,3,1,1,1787069780.366476,assigned,0,,,lz09lc4v,,,,,0,bargaining_tdl_private_no_dwl,1.5,1.0,5,0,0,1,https://app.prolific.com/submissions/complete?cc=CU9DDEAQ,https://app.prolific.com/submissions/complete?cc=CMPNPYY3,https://app.prolific.com/submissions/complete?cc=CFORQW3N,1518415944288374662,"['private_no_dwl', 'private_no_dwl', 'private_no_dwl', 'private_no_dwl', 'private_no_dwl', 'private_no_dwl', 'private_no_dwl', 'private_no_dwl', 'private_no_dwl', 'private_no_dwl', 'private_no_dwl', 'private_no_dwl', 'private_no_dwl', 'private_no_dwl', 'private_no_dwl', 'private_no_dwl', 'private_no_dwl', 'private_no_dwl', 'private_no_dwl', 'private_no_dwl', 'private_no_dwl', 'private_no_dwl', 'private_no_dwl', 'private_no_dwl', 'private_no_dwl', 'private_no_dwl', 'private_no_dwl', 'private_no_dwl', 'private_no_dwl', 'private_no_dwl']",3,2,,0.0,6a24a4bcb7f06cbeb07c89f5,6a24a4bcb7f06cbeb07c89f5,,,private_no_dwl,3,1,1,1787069780.366476,assigned,0,,,,,,,,,,,,,,,21.62,0.0,0.0,0.0,21.62,1,1,2,,0.0,,,0.0,,,,,,0.0,0.0,0.0,,,,,,0.0,0.0,0.0,0.0,0.0,0,0.0,1,0,0,0,0,,,1,0,pending,0,0,0,0,0.0,0,0.0,0.0,0.0,0.0,0.0,0.0,1,1,2,,0.0,,,,,,,,,,,,,,,,,,,,,,,,,,,,,,,,,,,,,,,,,,,0.0,0.0,0.0,0.0,0.0,0.0,0.0,0.0,0.0,0.0,0.0,0.0,0.0,0.0,1,1
3,ib3eigh4,696a651a32c5d3c0adb0b7cc,0,28,28,bargaining_tdl_survey,FinalResults,2026-08-18 16:15:59.658966,1,,,0.0,696a651a32c5d3c0adb0b7cc,,,,,0,1,private_no_dwl,10,4,1,1787069834.9263394,passed,0,,mutual_23,lz09lc4v,,,,,0,bargaining_tdl_private_no_dwl,1.5,1.0,5,0,0,1,https://app.prolific.com/submissions/complete?cc=CU9DDEAQ,https://app.prolific.com/submissions/complete?cc=CMPNPYY3,https://app.prolific.com/submissions/complete?cc=CFORQW3N,1518415944288374662,"['private_no_dwl', 'private_no_dwl', 'private_no_dwl', 'private_no_dwl', 'private_no_dwl', 'private_no_dwl', 'private_no_dwl', 'private_no_dwl', 'private_no_dwl', 'private_no_dwl', 'private_no_dwl', 'private_no_dwl', 'private_no_dwl', 'private_no_dwl', 'private_no_dwl', 'private_no_dwl', 'private_no_dwl', 'private_no_dwl', 'private_no_dwl', 'private_no_dwl', 'private_no_dwl', 'private_no_dwl', 'private_no_dwl', 'private_no_dwl', 'private_no_dwl', 'private_no_dwl', 'private_no_dwl', 'private_no_dwl', 'private_no_dwl', 'private_no_dwl']",3,3,,0.0,696a651a32c5d3c0adb0b7cc,696a651a32c5d3c0adb0b7cc,,,private_no_dwl,10,4,1,1787069834.9263394,passed,0,,,,,,0,0,0,6,0,0,0,3,3,73.87,138.86,44.65,0.0,44.65,1,1,1,,0.0,Yellow,private_no_dwl,0.0,support_none,support_none,left,3,1,73.87,0.0,13.54,NoOne,support_none,split_other,ypk0ruqj,szs0qre2,0.0,18.74,10.17,2.8,2.8,0,0.0,1,0,0,0,0,Left,Right,2,1,mutual_23,1,1,1,0,0.0,0,1787070218.6903534,1787070228.0921144,1787070226.7361271,1787070204.139107,1787070137.0587833,1787070202.2262876,1,1,3,,0.0,1,1987,3,7,paid_work,self_employed,4,2,3,3,3,2,3,3,3,4,4,1,2,2,3,2,4,3,3,4,1,2,4,2,3,1,2,4,6,7,5,9,2,1.1,4,It was interesting and new. I've never done an experiment like this. Though I expected it to go on longer.,33.07,53.52,45.73,34.42,31.52,32.31,0.0,0.0,0.0,0.0,0.0,63.24,33.07,0.0,1,1
4,szs0qre2,69b40f4cd1d882e08124a7fb,0,28,28,bargaining_tdl_survey,FinalResults,2026-08-18 16:16:06.626117,1,,,3.0,69b40f4cd1d882e08124a7fb,,,,,0,1,private_no_dwl,2,1,1,1787069773.309914,passed,0,,mutual_23,lz09lc4v,,,,,0,bargaining_tdl_private_no_dwl,1.5,1.0,5,0,0,1,https://app.prolific.com/submissions/complete?cc=CU9DDEAQ,https://app.prolific.com/submissions/complete?cc=CMPNPYY3,https://app.prolific.com/submissions/complete?cc=CFORQW3N,1518415944288374662,"['private_no_dwl', 'private_no_dwl', 'private_no_dwl', 'private_no_dwl', 'private_no_dwl', 'private_no_dwl', 'private_no_dwl', 'private_no_dwl', 'private_no_dwl', 'private_no_dwl', 'private_no_dwl', 'private_no_dwl', 'private_no_dwl', 'private_no_dwl', 'private_no_dwl', 'private_no_dwl', 'private_no_dwl', 'private_no_dwl', 'private_no_dwl', 'private_no_dwl', 'private_no_dwl', 'private_no_dwl', 'private_no_dwl', 'private_no_dwl', 'private_no_dwl', 'private_no_dwl', 'private_no_dwl', 'private_no_dwl', 'private_no_dwl', 'private_no_dwl']",3,4,,0.0,69b40f4cd1d882e08124a7fb,69b40f4cd1d882e08124a7fb,,,private_no_dwl,2,1,1,1787069773.309914,passed,0,,,,,,0,0,0,6,0,0,0,3,3,5.32,41.17,195.57,0.0,195.57,1,1,2,,3.0,Orange,private_no_dwl,3.0,split_other,split_you,left,3,5,5.32,88.54,14.8,Right,support_none,split_you,ib3eigh4,ypk0ruqj,0.0,27.46,25.93,3.43,3.43,1,1787070200.6847386,1,0,0,0,0,NoOne,Left,2,1,mutual_23,1,1,1,0,0.0,0,1787070218.6903534,1787070228.0921144,1787070226.7361271,1787070204.139107,1787070137.0587833,1787070202.2262876,1,1,4,,0.0,1,1996,1,6,paid_work,employee,4,1,1,2,2,2,4,2,3,4,5,2,1,3,5,1,5,4,4,5,2,1,3,2,5,1,1,7,4,9,3,10,7,2.0,3,"It was a bit confusing determining the $6 reward, but I understood after rereading the instructions and examples a few times.",34.89,17.37,48.49,23.4,20.97,18.83,0.0,0.0,0.0,0.0,0.0,30.01,34.89,0.0,1,1
5,4ij57zhp,69c1cc2fba8f4e060aaf0cd0,0,8,28,bargaining_tdl_intro,Goodbye,2026-08-18 16:16:12.840391,1,,,0.0,69c1cc2fba8f4e060aaf0cd0,,,,,,,private_no_dwl,15,5,1,1787069983.1885006,failed,0,intro_control_questions_failed_after_5_attempts,,lz09lc4v,,,,,0,bargaining_tdl_private_no_dwl,1.5,1.0,5,0,0,1,https://app.prolific.com/submissions/complete?cc=CU9DDEAQ,https://app.prolific.com/submissions/complete?cc=CMPNPYY3,https://app.prolific.com/submissions/complete?cc=CFORQW3N,1518415944288374662,"['private_no_dwl', 'private_no_dwl', 'private_no_dwl', 'private_no_dwl', 'private_no_dwl', 'private_no_dwl', 'private_no_dwl', 'private_no_dwl', 'private_no_dwl', 'private_no_dwl', 'private_no_dwl', 'private_no_dwl', 'private_no_dwl', 'private_no_dwl', 'private_no_dwl', 'private_no_dwl', 'private_no_dwl', 'private_no_dwl', 'private_no_dwl', 'private_no_dwl', 'private_no_dwl', 'private_no_dwl', 'private_no_dwl', 'private_no_dwl', 'private_no_dwl', 'private_no_dwl', 'private_no_dwl', 'private_no_dwl', 'private_no_dwl', 'private_no_dwl']",3,5,,0.0,69c1cc2fba8f4e060aaf0cd0,69c1cc2fba8f4e060aaf0cd0,,,private_no_dwl,15,5,1,1787069983.1885006,failed,0,,,,,,0,6,6,6,0,0,6,6,6,208.97,117.8,6.84,0.0,6.84,1,1,5,,0.0,,,0.0,,,,,,0.0,0.0,0.0,,,,,,0.0,0.0,0.0,0.0,0.0,0,0.0,1,0,0,0,0,,,1,0,pending,0,0,0,0,0.0,0,0.0,0.0,0.0,0.0,0.0,0.0,1,1,5,,0.0,,,,,,,,,,,,,,,,,,,,,,,,,,,,,,,,,,,,,,,,,,,0.0,0.0,0.0,0.0,0.0,0.0,0.0,0.0,0.0,0.0,0.0,0.0,0.0,0.0,1,1
6,e9kms07f,663ff3e539df6ec6f060f875,0,28,28,bargaining_tdl_survey,FinalResults,2026-08-18 16:16:17.288961,1,,,0.0,663ff3e539df6ec6f060f875,,,,,0,1,private_no_dwl,5,2,1,1787069799.7964869,passed,0,,disagreement,lz09lc4v,,,,,0,bargaining_tdl_private_no_dwl,1.5,1.0,5,0,0,1,https://app.prolific.com/submissions/complete?cc=CU9DDEAQ,https://app.prolific.com/submissions/complete?cc=CMPNPYY3,https://app.prolific.com/submissions/complete?cc=CFORQW3N,1518415944288374662,"['private_no_dwl', 'private_no_dwl', 'private_no_dwl', 'private_no_dwl', 'private_no_dwl', 'private_no_dwl', 'private_no_dwl', 'private_no_dwl', 'private_no_dwl', 'private_no_dwl', 'private_no_dwl', 'private_no_dwl', 'private_no_dwl', 'private_no_dwl', 'private_no_dwl', 'private_no_dwl', 'private_no_dwl', 'private_no_dwl', 'private_no_dwl', 'private_no_dwl', 'private_no_dwl', 'private_no_dwl', 'private_no_dwl', 'private_no_dwl', 'private_no_dwl', 'private_no_dwl', 'private_no_dwl', 'private_no_dwl', 'private_no_dwl', 'private_no_dwl']",3,6,,0.0,663ff3e539df6ec6f060f875,663ff3e539df6ec6f060f875,,,private_no_dwl,5,2,1,1787069799.7964869,passed,0,,,,,,0,0,0,6,0,0,0,3,3,21.88,103.9,75.39,0.0,75.39,1,1,2,,0.0,Orange,private_no_dwl,0.0,split_you,split_other,left,5,4,21.88,73.0,20.53,Left,split_other,split_other,pn1cxd0l,iy9pih71,0.0,29.43,16.35,3.64,3.64,0,0.0,1,0,0,0,0,Right,Right,3,0,disagreement,1,1,1,0,0.0,0,1787070175.0430558,1787070199.9703124,1787070284.8330867,1787070176.658785,0.0,1787070158.2215462,1,1,6,,0.0,1,1997,2,1,education,not_employed,4,1,4,4,1,1,5,4,3,1,5,1,1,2,5,1,5,2,1,5,1,3,4,2,5,1,3,7,5,10,2,9,0,2.0,3,"One part of the instructions was a little unclear to me, the part about who supports who, but once I read it like 5 times, it got clearer to me",22.33,24.15,22.91,19.99,26.84,17.88,0.0,0.0,0.0,0.0,0.0,23.67,22.33,0.0,1,1
7,1ygxe0ok,69f533b3b578a788f2cfb5a0,0,28,28,bargaining_tdl_survey,FinalResults,2026-08-18 16:16:30.269309,1,,,0.0,69f533b3b578a788f2cfb5a0,,,,,0,1,private_no_dwl,7,3,1,1787069812.2674434,passed,0,,disagreement,lz09lc4v,,,,,0,bargaining_tdl_private_no_dwl,1.5,1.0,5,0,0,1,https://app.prolific.com/submissions/complete?cc=CU9DDEAQ,https://app.prolific.com/submissions/complete?cc=CMPNPYY3,https://app.prolific.com/submissions/complete?cc=CFORQW3N,1518415944288374662,"['private_no_dwl', 'private_no_dwl', 'private_no_dwl', 'private_no_dwl', 'private_no_dwl', 'private_no_dwl', 'private_no_dwl', 'private_no_dwl', 'private_no_dwl', 'private_no_dwl', 'private_no_dwl', 'private_no_dwl', 'private_no_dwl', 'private_no_dwl', 'private_no_dwl', 'private_no_dwl', 'private_no_dwl', 'private_no_dwl', 'private_no_dwl', 'private_no_dwl', 'private_no_dwl', 'private_no_dwl', 'private_no_dwl', 'private_no_dwl', 'private_no_dwl', 'private_no_dwl', 'private_no_dwl', 'private_no_dwl', 'private_no_dwl', 'private_no_dwl']",3,7,,0.0,69f533b3b578a788f2cfb5a0,69f533b3b578a788f2cfb5a0,,,private_no_dwl,7,3,1,1787069812.2674434,passed,0,,,,,,0,0,0,6,0,0,0,3,3,21.25,180.17,146.29,0.0,146.29,1,1,1,,0.0,Yellow,private_no_dwl,0.0,support_none,support_none,left,2,7,21.25,376.46,7.72,NoOne,support_none,split_you,m7j79gp2,ido8g67i,0.0,24.32,28.64,8.9,8.9,1,1787070522.4031465,1,0,0,0,0,NoOne,Left,4,0,disagreement,1,1,1,0,0.0,0,1787070563.3129966,1787070547.0097039,1787070550.1073534,1787070549.2932544,0.0,1787070538.6050038,1,1,7,,0.0,1,1982,9,4,paid_work,employee,5,4,4,4,5,5,5,3,4,4,1,4,3,2,2,4,1,5,3,4,3,2,3,3,4,2,2,10,9,6,6,7,1,1.9,5,I loved it. ,12.13,44.92,55.79,43.38,41.38,49.27,0.0,0.0,0.0,0.0,0.0,72.73,12.13,0.0,1,1
8,ido8g67i,6369700320bc7dd22e733009,0,28,28,bargaining_tdl_survey,FinalResults,2026-08-18 16:16:30.470890,1,,,0.0,6369700320bc7dd22e733009,,,,,0,1,private_no_dwl,4,2,1,1787069796.5961363,passed,0,,disagreement,lz09lc4v,,,,,0,bargaining_tdl_private_no_dwl,1.5,1.0,5,0,0,1,https://app.prolific.com/submissions/complete?cc=CU9DDEAQ,https://app.prolific.com/submissions/complete?cc=CMPNPYY3,https://app.prolific.com/submissions/complete?cc=CFORQW3N,1518415944288374662,"['private_no_dwl', 'private_no_dwl', 'private_no_dwl', 'private_no_dwl', 'private_no_dwl', 'private_no_dwl', 'private_no_dwl', 'private_no_dwl', 'private_no_dwl', 'private_no_dwl', 'private_no_dwl', 'private_no_dwl', 'private_no_dwl', 'private_no_dwl', 'private_no_dwl', 'private_no_dwl', 'private_no_dwl', 'private_no_dwl', 'private_no_dwl', 'private_no_dwl', 'private_no_dwl', 'private_no_dwl', 'private_no_dwl', 'private_no_dwl', 'private_no_dwl', 'private_no_dwl', 'private_no_dwl', 'private_no_dwl', 'private_no_dwl', 'private_no_dwl']",3,8,,0.0,6369700320bc7dd22e733009,6369700320bc7dd22e733009,,,private_no_dwl,4,2,1,1787069796.5961363,passed,0,,,,,,0,0,0,6,0,0,0,3,3,5.28,231.06,58.61,0.0,58.61,1,1,2,,0.0,Orange,private_no_dwl,0.0,split_you,support_none,left,5,3,5.28,376.23,15.93,Left,support_none,support_none,1ygxe0ok,m7j79gp2,0.0,8.08,17.78,9.48,9.48,0,0.0,1,0,0,0,0,Right,NoOne,4,0,disagreement,1,1,1,0,0.0,0,1787070563.3129966,1787070547.0097039,1787070550.1073534,1787070549.2932544,0.0,1787070538.6050038,1,1,8,,0.0,1,1958,3,0,retired,not_employed,4,2,2,2,2,2,4,2,2,2,4,2,2,2,4,2,4,2,2,4,2,2,2,2,4,2,2,8,1,9,2,9,7,1.8,5,All was clear.,19.62,22.92,38.8,30.57,29.4,27.34,0.0,0.0,0.0,0.0,0.0,65.42,19.62,0.0,1,1
9,m7j79gp2,6400d9b9ff7296c2bce939ef,0,28,28,bargaining_tdl_survey,FinalResults,2026-08-18 16:16:35.681350,1,,,0.0,6400d9b9ff7296c2bce939ef,,,,,0,1,private_no_dwl,8,3,1,1787069820.4167628,passed,0,,disagreement,lz09lc4v,,,,,0,bargaining_tdl_private_no_dwl,1.5,1.0,5,0,0,1,https://app.prolific.com/submissions/complete?cc=CU9DDEAQ,https://app.prolific.com/submissions/complete?cc=CMPNPYY3,https://app.prolific.com/submissions/complete?cc=CFORQW3N,1518415944288374662,"['private_no_dwl', 'private_no_dwl', 'private_no_dwl', 'private_no_dwl', 'private_no_dwl', 'private_no_dwl', 'private_no_dwl', 'private_no_dwl', 'private_no_dwl', 'private_no_dwl', 'private_no_dwl', 'private_no_dwl', 'private_no_dwl', 'private_no_dwl', 'private_no_dwl', 'private_no_dwl', 'private_no_dwl', 'private_no_dwl', 'private_no_dwl', 'private_no_dwl', 'private_no_dwl', 'private_no_dwl', 'private_no_dwl', 'private_no_dwl', 'private_no_dwl', 'private_no_dwl', 'private_no_dwl', 'private_no_dwl', 'private_no_dwl', 'private_no_dwl']",3,9,,0.0,6400d9b9ff7296c2bce939ef,6400d9b9ff7296c2bce939ef,,,private_no_dwl,8,3,1,1787069820.4167628,passed,0,,,,,,0,0,0,6,0,0,0,3,3,23.88,107.56,80.64,0.0,80.64,1,1,3,,0.0,Purple,private_no_dwl,0.0,support_none,support_none,left,3,3,23.88,364.32,8.17,NoOne,support_none,support_none,ido8g67i,1ygxe0ok,0.0,10.41,30.24,3.22,3.22,1,1787070539.989207,1,0,0,0,0,NoOne,NoOne,4,0,disagreement,1,1,1,0,0.0,0,1787070563.3129966,1787070547.0097039,1787070550.1073534,1787070549.2932544,0.0,1787070538.6050038,1,1,9,,0.0,1,1980,3,4,unemployed,not_employed,4,1,2,3,3,2,3,2,3,2,5,2,2,2,4,1,5,2,2,4,1,2,4,3,4,1,2,8,7,10,0,10,7,2.0,4,sucks that one person was guaranteed to get nothing regardless of everyone's choices,34.27,24.49,31.87,18.89,36.01,20.03,0.0,0.0,0.0,0.0,0.0,32.8,34.27,0.0,1,1
10,gdk9rchg,5e07a0898dffa00ff1aaf60f,0,8,28,bargaining_tdl_intro,Goodbye,2026-08-18 16:16:38.489942,1,,,0.0,5e07a0898dffa00ff1aaf60f,,,,,,,private_no_dwl,12,4,1,1787069848.0355241,failed,0,intro_control_questions_failed_after_5_attempts,,lz09lc4v,,,,,0,bargaining_tdl_private_no_dwl,1.5,1.0,5,0,0,1,https://app.prolific.com/submissions/complete?cc=CU9DDEAQ,https://app.prolific.com/submissions/complete?cc=CMPNPYY3,https://app.prolific.com/submissions/complete?cc=CFORQW3N,1518415944288374662,"['private_no_dwl', 'private_no_dwl', 'private_no_dwl', 'private_no_dwl', 'private_no_dwl', 'private_no_dwl', 'private_no_dwl', 'private_no_dwl', 'private_no_dwl', 'private_no_dwl', 'private_no_dwl', 'private_no_dwl', 'private_no_dwl', 'private_no_dwl', 'private_no_dwl', 'private_no_dwl', 'private_no_dwl', 'private_no_dwl', 'private_no_dwl', 'private_no_dwl', 'private_no_dwl', 'private_no_dwl', 'private_no_dwl', 'private_no_dwl', 'private_no_dwl', 'private_no_dwl', 'private_no_dwl', 'private_no_dwl', 'private_no_dwl', 'private_no_dwl']",3,10,,0.0,5e07a0898dffa00ff1aaf60f,5e07a0898dffa00ff1aaf60f,,,private_no_dwl,12,4,1,1787069848.0355241,failed,0,,,,,,0,0,0,6,0,0,0,0,6,48.56,185.5,55.91,0.0,55.91,1,1,10,,0.0,,,0.0,,,,,,0.0,0.0,0.0,,,,,,0.0,0.0,0.0,0.0,0.0,0,0.0,1,0,0,0,0,,,1,0,pending,0,0,0,0,0.0,0,0.0,0.0,0.0,0.0,0.0,0.0,1,1,10,,0.0,,,,,,,,,,,,,,,,,,,,,,,,,,,,,,,,,,,,,,,,,,,0.0,0.0,0.0,0.0,0.0,0.0,0.0,0.0,0.0,0.0,0.0,0.0,0.0,0.0,1,1
11,iy9pih71,69dfec2216fd181bd5896d68,0,28,28,bargaining_tdl_survey,FinalResults,2026-08-18 16:16:41.615269,1,,,0.0,69dfec2216fd181bd5896d68,,,,,0,1,private_no_dwl,11,4,1,1787069838.2889166,passed,0,,disagreement,lz09lc4v,,,,,0,bargaining_tdl_private_no_dwl,1.5,1.0,5,0,0,1,https://app.prolific.com/submissions/complete?cc=CU9DDEAQ,https://app.prolific.com/submissions/complete?cc=CMPNPYY3,https://app.prolific.com/submissions/complete?cc=CFORQW3N,1518415944288374662,"['private_no_dwl', 'private_no_dwl', 'private_no_dwl', 'private_no_dwl', 'private_no_dwl', 'private_no_dwl', 'private_no_dwl', 'private_no_dwl', 'private_no_dwl', 'private_no_dwl', 'private_no_dwl', 'private_no_dwl', 'private_no_dwl', 'private_no_dwl', 'private_no_dwl', 'private_no_dwl', 'private_no_dwl', 'private_no_dwl', 'private_no_dwl', 'private_no_dwl', 'private_no_dwl', 'private_no_dwl', 'private_no_dwl', 'private_no_dwl', 'private_no_dwl', 'private_no_dwl', 'private_no_dwl', 'private_no_dwl', 'private_no_dwl', 'private_no_dwl']",3,11,,0.0,69dfec2216fd181bd5896d68,69dfec2216fd181bd5896d68,,,private_no_dwl,11,4,1,1787069838.2889166,passed,0,,,,,,0,0,0,6,0,0,0,3,3,35.23,75.29,114.22,0.0,114.22,1,1,3,,0.0,Purple,private_no_dwl,0.0,split_other,split_you,left,3,4,35.23,53.12,11.41,NoOne,split_other,split_you,e9kms07f,pn1cxd0l,0.0,70.19,10.09,1.85,1.85,1,1787070170.9631839,1,0,0,0,0,NoOne,Right,3,0,disagreement,1,1,1,0,0.0,0,1787070175.0430558,1787070199.9703124,1787070284.8330867,1787070176.658785,0.0,1787070158.2215462,1,1,11,,0.0,1,1990,6,2,paid_work,employee,4,1,1,3,1,1,4,2,1,1,1,1,1,1,4,1,3,4,1,4,1,1,1,1,4,1,1,10,7,10,1,9,2,1.3,2,It was just kind of hard to understand. ,12.53,21.5,24.78,17.2,19.82,18.77,0.0,0.0,0.0,0.0,0.0,27.57,12.53,0.0,1,1
12,fx4aau48,69af325ab00a2c61b1485ac4,0,8,28,bargaining_tdl_intro,Goodbye,2026-08-18 16:16:45.330729,1,,,0.0,69af325ab00a2c61b1485ac4,,,1,intro_control_questions_attempt_3_timeout,,,private_no_dwl,9,3,1,1787069833.83685,failed,0,intro_control_questions_attempt_3_timeout,,lz09lc4v,,,,,0,bargaining_tdl_private_no_dwl,1.5,1.0,5,0,0,1,https://app.prolific.com/submissions/complete?cc=CU9DDEAQ,https://app.prolific.com/submissions/complete?cc=CMPNPYY3,https://app.prolific.com/submissions/complete?cc=CFORQW3N,1518415944288374662,"['private_no_dwl', 'private_no_dwl', 'private_no_dwl', 'private_no_dwl', 'private_no_dwl', 'private_no_dwl', 'private_no_dwl', 'private_no_dwl', 'private_no_dwl', 'private_no_dwl', 'private_no_dwl', 'private_no_dwl', 'private_no_dwl', 'private_no_dwl', 'private_no_dwl', 'private_no_dwl', 'private_no_dwl', 'private_no_dwl', 'private_no_dwl', 'private_no_dwl', 'private_no_dwl', 'private_no_dwl', 'private_no_dwl', 'private_no_dwl', 'private_no_dwl', 'private_no_dwl', 'private_no_dwl', 'private_no_dwl', 'private_no_dwl', 'private_no_dwl']",3,12,,0.0,69af325ab00a2c61b1485ac4,69af325ab00a2c61b1485ac4,,,private_no_dwl,9,3,1,1787069833.83685,failed,0,,,,,,6,6,6,3,6,6,6,6,6,27.78,83.85,178.41,0.0,178.41,1,1,12,,0.0,,,0.0,,,,,,0.0,0.0,0.0,,,,,,0.0,0.0,0.0,0.0,0.0,0,0.0,1,0,0,0,0,,,1,0,pending,0,0,0,0,0.0,0,0.0,0.0,0.0,0.0,0.0,0.0,1,1,12,,0.0,,,,,,,,,,,,,,,,,,,,,,,,,,,,,,,,,,,,,,,,,,,0.0,0.0,0.0,0.0,0.0,0.0,0.0,0.0,0.0,0.0,0.0,0.0,0.0,0.0,1,1
13,ypk0ruqj,6a0637f16ec4cfdcaee76acf,0,28,28,bargaining_tdl_survey,FinalResults,2026-08-18 16:16:45.554581,1,,,3.0,6a0637f16ec4cfdcaee76acf,,,,,0,1,private_no_dwl,6,2,1,1787069808.4402835,passed,0,,mutual_23,lz09lc4v,,,,,0,bargaining_tdl_private_no_dwl,1.5,1.0,5,0,0,1,https://app.prolific.com/submissions/complete?cc=CU9DDEAQ,https://app.prolific.com/submissions/complete?cc=CMPNPYY3,https://app.prolific.com/submissions/complete?cc=CFORQW3N,1518415944288374662,"['private_no_dwl', 'private_no_dwl', 'private_no_dwl', 'private_no_dwl', 'private_no_dwl', 'private_no_dwl', 'private_no_dwl', 'private_no_dwl', 'private_no_dwl', 'private_no_dwl', 'private_no_dwl', 'private_no_dwl', 'private_no_dwl', 'private_no_dwl', 'private_no_dwl', 'private_no_dwl', 'private_no_dwl', 'private_no_dwl', 'private_no_dwl', 'private_no_dwl', 'private_no_dwl', 'private_no_dwl', 'private_no_dwl', 'private_no_dwl', 'private_no_dwl', 'private_no_dwl', 'private_no_dwl', 'private_no_dwl', 'private_no_dwl', 'private_no_dwl']",3,13,,0.0,6a0637f16ec4cfdcaee76acf,6a0637f16ec4cfdcaee76acf,,,private_no_dwl,6,2,1,1787069808.4402835,passed,0,,,,,,0,0,0,6,0,0,0,3,3,2.28,66.25,37.24,0.0,37.24,1,1,3,,3.0,Purple,private_no_dwl,3.0,split_you,support_none,left,6,7,2.28,155.24,23.36,Left,split_you,support_none,szs0qre2,ib3eigh4,0.0,27.31,15.63,2.41,2.41,1,1787070176.2111735,1,0,0,0,0,Right,Left,2,1,mutual_23,1,1,1,0,0.0,0,1787070218.6903534,1787070228.0921144,1787070226.7361271,1787070204.139107,1787070137.0587833,1787070202.2262876,1,1,13,,0.0,1,2003,1,0,paid_work,employee,4,2,2,3,2,2,4,3,2,4,4,2,4,4,5,2,5,3,2,4,2,2,4,2,2,1,2,6,5,9,3,8,7,1.5,4,"The experience was new, interesting, and easy to navigate.",38.42,42.74,56.88,53.33,107.04,22.29,0.0,0.0,0.0,0.0,0.0,36.23,38.42,0.0,1,1
14,zgntxztx,5c309bb410677f0001dda0ed,0,28,28,bargaining_tdl_survey,FinalResults,2026-08-18 16:17:35.256122,1,,,6.0,5c309bb410677f0001dda0ed,,,,,0,1,private_no_dwl,13,5,1,1787069914.2652388,passed,0,,no_dwl_star_1,lz09lc4v,,,,,0,bargaining_tdl_private_no_dwl,1.5,1.0,5,0,0,1,https://app.prolific.com/submissions/complete?cc=CU9DDEAQ,https://app.prolific.com/submissions/complete?cc=CMPNPYY3,https://app.prolific.com/submissions/complete?cc=CFORQW3N,1518415944288374662,"['private_no_dwl', 'private_no_dwl', 'private_no_dwl', 'private_no_dwl', 'private_no_dwl', 'private_no_dwl', 'private_no_dwl', 'private_no_dwl', 'private_no_dwl', 'private_no_dwl', 'private_no_dwl', 'private_no_dwl', 'private_no_dwl', 'private_no_dwl', 'private_no_dwl', 'private_no_dwl', 'private_no_dwl', 'private_no_dwl', 'private_no_dwl', 'private_no_dwl', 'private_no_dwl', 'private_no_dwl', 'private_no_dwl', 'private_no_dwl', 'private_no_dwl', 'private_no_dwl', 'private_no_dwl', 'private_no_dwl', 'private_no_dwl', 'private_no_dwl']",3,14,,0.0,5c309bb410677f0001dda0ed,5c309bb410677f0001dda0ed,,,private_no_dwl,13,5,1,1787069914.2652388,passed,0,,,,,,0,0,0,6,0,0,0,3,3,56.37,158.19,60.5,0.0,60.5,1,1,1,,6.0,Yellow,private_no_dwl,6.0,split_you,split_you,left,2,7,56.37,0.0,28.66,NoOne,split_you,split_you,qukn8o4s,iv1p8el6,0.0,20.37,25.36,6.89,6.89,0,0.0,1,0,0,0,0,NoOne,Left,5,1,no_dwl_star_1,1,1,1,0,0.0,0,1787070520.0314503,1787070516.8961499,1787070515.0053303,0.0,1787070484.6592689,1787070496.4985483,1,1,14,,0.0,0,1980,4,7,paid_work,self_employed,5,4,5,4,4,5,5,3,4,4,4,2,2,5,4,2,4,4,1,2,4,1,3,4,2,4,3,9,8,9,8,10,5,1.5,5,Very easy and clear instructions. Enjoyed the task. ,21.92,34.75,55.03,38.08,29.61,72.02,0.0,0.0,0.0,0.0,0.0,114.96,21.92,0.0,1,1
15,y1gmdbbo,69fafbc395647f49123655b2,0,2,28,bargaining_tdl_intro,InstructionsPart1,2026-08-18 16:18:17.248492,1,,,0.0,69fafbc395647f49123655b2,,,,,,,private_no_dwl,14,5,1,1787069971.1644893,assigned,0,,,lz09lc4v,,,,,0,bargaining_tdl_private_no_dwl,1.5,1.0,5,0,0,1,https://app.prolific.com/submissions/complete?cc=CU9DDEAQ,https://app.prolific.com/submissions/complete?cc=CMPNPYY3,https://app.prolific.com/submissions/complete?cc=CFORQW3N,1518415944288374662,"['private_no_dwl', 'private_no_dwl', 'private_no_dwl', 'private_no_dwl', 'private_no_dwl', 'private_no_dwl', 'private_no_dwl', 'private_no_dwl', 'private_no_dwl', 'private_no_dwl', 'private_no_dwl', 'private_no_dwl', 'private_no_dwl', 'private_no_dwl', 'private_no_dwl', 'private_no_dwl', 'private_no_dwl', 'private_no_dwl', 'private_no_dwl', 'private_no_dwl', 'private_no_dwl', 'private_no_dwl', 'private_no_dwl', 'private_no_dwl', 'private_no_dwl', 'private_no_dwl', 'private_no_dwl', 'private_no_dwl', 'private_no_dwl', 'private_no_dwl']",3,15,,0.0,69fafbc395647f49123655b2,69fafbc395647f49123655b2,,,private_no_dwl,14,5,1,1787069971.1644893,assigned,0,,,,,,,,,,,,,,,56.78,0.0,0.0,0.0,56.78,1,1,15,,0.0,,,0.0,,,,,,0.0,0.0,0.0,,,,,,0.0,0.0,0.0,0.0,0.0,0,0.0,1,0,0,0,0,,,1,0,pending,0,0,0,0,0.0,0,0.0,0.0,0.0,0.0,0.0,0.0,1,1,15,,0.0,,,,,,,,,,,,,,,,,,,,,,,,,,,,,,,,,,,,,,,,,,,0.0,0.0,0.0,0.0,0.0,0.0,0.0,0.0,0.0,0.0,0.0,0.0,0.0,0.0,1,1
16,1ev3rosc,699ca32b457209957a5ae366,0,8,28,bargaining_tdl_intro,Goodbye,2026-08-18 16:19:31.751724,1,,,0.0,699ca32b457209957a5ae366,,,1,intro_control_questions_attempt_1_timeout,,,private_no_dwl,17,6,1,1787070010.5448394,failed,0,intro_control_questions_attempt_1_timeout,,lz09lc4v,,,,,0,bargaining_tdl_private_no_dwl,1.5,1.0,5,0,0,1,https://app.prolific.com/submissions/complete?cc=CU9DDEAQ,https://app.prolific.com/submissions/complete?cc=CMPNPYY3,https://app.prolific.com/submissions/complete?cc=CFORQW3N,1518415944288374662,"['private_no_dwl', 'private_no_dwl', 'private_no_dwl', 'private_no_dwl', 'private_no_dwl', 'private_no_dwl', 'private_no_dwl', 'private_no_dwl', 'private_no_dwl', 'private_no_dwl', 'private_no_dwl', 'private_no_dwl', 'private_no_dwl', 'private_no_dwl', 'private_no_dwl', 'private_no_dwl', 'private_no_dwl', 'private_no_dwl', 'private_no_dwl', 'private_no_dwl', 'private_no_dwl', 'private_no_dwl', 'private_no_dwl', 'private_no_dwl', 'private_no_dwl', 'private_no_dwl', 'private_no_dwl', 'private_no_dwl', 'private_no_dwl', 'private_no_dwl']",3,16,,0.0,699ca32b457209957a5ae366,699ca32b457209957a5ae366,,,private_no_dwl,17,6,1,1787070010.5448394,failed,0,,,,,,6,6,6,3,6,6,6,6,6,38.1,324.58,324.58,0.0,324.58,1,1,16,,0.0,,,0.0,,,,,,0.0,0.0,0.0,,,,,,0.0,0.0,0.0,0.0,0.0,0,0.0,1,0,0,0,0,,,1,0,pending,0,0,0,0,0.0,0,0.0,0.0,0.0,0.0,0.0,0.0,1,1,16,,0.0,,,,,,,,,,,,,,,,,,,,,,,,,,,,,,,,,,,,,,,,,,,0.0,0.0,0.0,0.0,0.0,0.0,0.0,0.0,0.0,0.0,0.0,0.0,0.0,0.0,1,1
17,iv1p8el6,69b337d256d49893e2dcf6eb,0,28,28,bargaining_tdl_survey,FinalResults,2026-08-18 16:19:38.097864,1,,,0.0,69b337d256d49893e2dcf6eb,,,,,0,1,private_no_dwl,16,6,1,1787070002.8305125,passed,0,,no_dwl_star_1,lz09lc4v,,,,,0,bargaining_tdl_private_no_dwl,1.5,1.0,5,0,0,1,https://app.prolific.com/submissions/complete?cc=CU9DDEAQ,https://app.prolific.com/submissions/complete?cc=CMPNPYY3,https://app.prolific.com/submissions/complete?cc=CFORQW3N,1518415944288374662,"['private_no_dwl', 'private_no_dwl', 'private_no_dwl', 'private_no_dwl', 'private_no_dwl', 'private_no_dwl', 'private_no_dwl', 'private_no_dwl', 'private_no_dwl', 'private_no_dwl', 'private_no_dwl', 'private_no_dwl', 'private_no_dwl', 'private_no_dwl', 'private_no_dwl', 'private_no_dwl', 'private_no_dwl', 'private_no_dwl', 'private_no_dwl', 'private_no_dwl', 'private_no_dwl', 'private_no_dwl', 'private_no_dwl', 'private_no_dwl', 'private_no_dwl', 'private_no_dwl', 'private_no_dwl', 'private_no_dwl', 'private_no_dwl', 'private_no_dwl']",3,17,,0.0,69b337d256d49893e2dcf6eb,69b337d256d49893e2dcf6eb,,,private_no_dwl,16,6,1,1787070002.8305125,passed,0,,,,,,0,0,0,6,0,0,0,3,3,23.37,83.82,117.59,0.0,117.59,1,1,2,,0.0,Orange,private_no_dwl,0.0,split_you,split_other,left,6,4,23.37,185.33,22.71,Left,split_you,split_you,zgntxztx,qukn8o4s,0.0,17.65,20.54,6.72,6.72,1,1787070457.49434,1,0,0,0,0,Right,NoOne,5,1,no_dwl_star_1,1,1,1,0,0.0,0,1787070520.0314503,1787070516.8961499,1787070515.0053303,0.0,1787070484.6592689,1787070496.4985483,1,1,17,,0.0,1,1995,9,2,housework,not_employed,4,1,3,2,2,2,3,2,3,1,4,2,2,2,4,1,5,2,2,4,1,1,2,1,5,1,1,7,5,8,0,8,3,1.1,5,It was a cool experiment. ,22.03,69.7,58.31,24.2,23.45,31.45,0.0,0.0,0.0,0.0,0.0,50.92,22.03,0.0,1,1
18,qukn8o4s,6a2558e24ac88a664265fdf7,0,28,28,bargaining_tdl_survey,FinalResults,2026-08-18 16:20:22.527412,1,,,0.0,6a2558e24ac88a664265fdf7,,,,,0,1,private_no_dwl,18,6,1,1787070032.1588724,passed,0,,no_dwl_star_1,lz09lc4v,,,,,0,bargaining_tdl_private_no_dwl,1.5,1.0,5,0,0,1,https://app.prolific.com/submissions/complete?cc=CU9DDEAQ,https://app.prolific.com/submissions/complete?cc=CMPNPYY3,https://app.prolific.com/submissions/complete?cc=CFORQW3N,1518415944288374662,"['private_no_dwl', 'private_no_dwl', 'private_no_dwl', 'private_no_dwl', 'private_no_dwl', 'private_no_dwl', 'private_no_dwl', 'private_no_dwl', 'private_no_dwl', 'private_no_dwl', 'private_no_dwl', 'private_no_dwl', 'private_no_dwl', 'private_no_dwl', 'private_no_dwl', 'private_no_dwl', 'private_no_dwl', 'private_no_dwl', 'private_no_dwl', 'private_no_dwl', 'private_no_dwl', 'private_no_dwl', 'private_no_dwl', 'private_no_dwl', 'private_no_dwl', 'private_no_dwl', 'private_no_dwl', 'private_no_dwl', 'private_no_dwl', 'private_no_dwl']",3,18,,0.0,6a2558e24ac88a664265fdf7,6a2558e24ac88a664265fdf7,,,private_no_dwl,18,6,1,1787070032.1588724,passed,0,,,,,,0,0,0,6,0,0,0,3,3,8.91,80.87,34.9,0.0,34.9,1,1,3,,0.0,Purple,private_no_dwl,0.0,split_you,split_you,left,3,3,8.91,195.68,22.61,Right,split_other,split_you,iv1p8el6,zgntxztx,0.0,15.81,23.08,6.51,6.51,1,1787070467.9787133,1,0,0,0,0,Left,NoOne,5,1,no_dwl_star_1,1,1,1,0,0.0,0,1787070520.0314503,1787070516.8961499,1787070515.0053303,0.0,1787070484.6592689,1787070496.4985483,1,1,18,,0.0,1,1996,5,6,paid_work,employee,4,4,4,4,3,3,4,3,3,3,5,2,2,3,3,1,4,2,1,4,2,1,2,1,5,1,2,7,5,7,2,6,6,1.7,5,The conversation time was awkward. ,19.01,33.66,35.0,24.67,27.15,28.69,0.0,0.0,0.0,0.0,0.0,34.56,19.01,0.0,1,1
19,wv2t97sl,6499878a1fa288c0b41d6177,0,28,28,bargaining_tdl_survey,FinalResults,2026-08-18 16:24:32.431234,1,,,0.0,6499878a1fa288c0b41d6177,,,,,0,1,private_no_dwl,15,5,2,1787070274.993691,passed,1,,mutual_23,lz09lc4v,,,,,0,bargaining_tdl_private_no_dwl,1.5,1.0,5,0,0,1,https://app.prolific.com/submissions/complete?cc=CU9DDEAQ,https://app.prolific.com/submissions/complete?cc=CMPNPYY3,https://app.prolific.com/submissions/complete?cc=CFORQW3N,1518415944288374662,"['private_no_dwl', 'private_no_dwl', 'private_no_dwl', 'private_no_dwl', 'private_no_dwl', 'private_no_dwl', 'private_no_dwl', 'private_no_dwl', 'private_no_dwl', 'private_no_dwl', 'private_no_dwl', 'private_no_dwl', 'private_no_dwl', 'private_no_dwl', 'private_no_dwl', 'private_no_dwl', 'private_no_dwl', 'private_no_dwl', 'private_no_dwl', 'private_no_dwl', 'private_no_dwl', 'private_no_dwl', 'private_no_dwl', 'private_no_dwl', 'private_no_dwl', 'private_no_dwl', 'private_no_dwl', 'private_no_dwl', 'private_no_dwl', 'private_no_dwl']",3,19,,0.0,6499878a1fa288c0b41d6177,6499878a1fa288c0b41d6177,,,private_no_dwl,15,5,2,1787070274.993691,passed,1,,,,,,0,0,0,6,0,0,0,3,3,2.21,127.07,98.08,0.0,98.08,1,1,1,,0.0,Yellow,private_no_dwl,0.0,split_you,split_you,left,4,4,2.21,40.57,27.19,NoOne,support_none,split_other,dq880z0r,1rx921mk,0.0,20.02,16.93,2.9,2.9,1,1787071192.4775956,1,0,0,0,0,NoOne,Right,6,1,mutual_23,1,1,1,0,0.0,0,1787071421.1951463,1787071416.3073022,1787071498.6826122,1787071219.3392527,1787071353.4111977,0.0,1,1,19,,0.0,0,1990,6,1,paid_work,self_employed,5,1,4,3,2,3,5,3,3,2,4,2,1,3,5,1,5,3,1,4,3,1,2,2,5,1,2,9,4,9,1,8,5,1.8,4,I had to wait a very long time and lost out on making money on other studies because of it.,41.65,30.49,31.56,24.36,24.38,32.5,0.0,0.0,0.0,0.0,0.0,53.91,41.65,0.0,1,1
20,1rx921mk,611729ddf39841cce093b0ff,0,28,28,bargaining_tdl_survey,FinalResults,2026-08-18 16:28:52.606637,1,,,3.0,611729ddf39841cce093b0ff,,,,,0,1,private_no_dwl,9,3,2,1787070626.688299,passed,1,,mutual_23,lz09lc4v,,,,,0,bargaining_tdl_private_no_dwl,1.5,1.0,5,0,0,1,https://app.prolific.com/submissions/complete?cc=CU9DDEAQ,https://app.prolific.com/submissions/complete?cc=CMPNPYY3,https://app.prolific.com/submissions/complete?cc=CFORQW3N,1518415944288374662,"['private_no_dwl', 'private_no_dwl', 'private_no_dwl', 'private_no_dwl', 'private_no_dwl', 'private_no_dwl', 'private_no_dwl', 'private_no_dwl', 'private_no_dwl', 'private_no_dwl', 'private_no_dwl', 'private_no_dwl', 'private_no_dwl', 'private_no_dwl', 'private_no_dwl', 'private_no_dwl', 'private_no_dwl', 'private_no_dwl', 'private_no_dwl', 'private_no_dwl', 'private_no_dwl', 'private_no_dwl', 'private_no_dwl', 'private_no_dwl', 'private_no_dwl', 'private_no_dwl', 'private_no_dwl', 'private_no_dwl', 'private_no_dwl', 'private_no_dwl']",3,20,,0.0,611729ddf39841cce093b0ff,611729ddf39841cce093b0ff,,,private_no_dwl,9,3,2,1787070626.688299,passed,1,,,,,,0,0,0,6,0,0,0,3,3,93.12,143.83,151.38,0.0,151.38,1,1,2,,3.0,Orange,private_no_dwl,3.0,split_other,split_you,left,1,8,93.12,174.36,24.32,Right,split_you,support_none,wv2t97sl,dq880z0r,0.0,14.68,38.43,6.07,6.07,1,1787071402.1781707,1,0,0,0,0,NoOne,Left,6,1,mutual_23,1,1,1,0,0.0,0,1787071421.1951463,1787071416.3073022,1787071498.6826122,1787071219.3392527,1787071353.4111977,0.0,1,1,20,,0.0,1,1978,2,4,paid_work,employee,5,1,3,3,1,1,5,2,1,3,5,2,1,3,5,1,5,3,1,5,1,1,1,1,2,1,1,7,4,10,0,10,6,1.8,4,It was a fun game,12.74,71.48,40.41,28.03,22.95,30.46,0.0,0.0,0.0,0.0,0.0,51.97,12.74,0.0,1,1
21,8alf7mef,560f54b3d4ab1e00126fb99f,0,8,28,bargaining_tdl_intro,Goodbye,2026-08-18 16:28:53.182666,1,,,0.0,560f54b3d4ab1e00126fb99f,,,1,intro_control_questions_attempt_1_timeout,,,private_no_dwl,12,4,2,1787070539.4365802,failed,1,intro_control_questions_attempt_1_timeout,,lz09lc4v,,,,,0,bargaining_tdl_private_no_dwl,1.5,1.0,5,0,0,1,https://app.prolific.com/submissions/complete?cc=CU9DDEAQ,https://app.prolific.com/submissions/complete?cc=CMPNPYY3,https://app.prolific.com/submissions/complete?cc=CFORQW3N,1518415944288374662,"['private_no_dwl', 'private_no_dwl', 'private_no_dwl', 'private_no_dwl', 'private_no_dwl', 'private_no_dwl', 'private_no_dwl', 'private_no_dwl', 'private_no_dwl', 'private_no_dwl', 'private_no_dwl', 'private_no_dwl', 'private_no_dwl', 'private_no_dwl', 'private_no_dwl', 'private_no_dwl', 'private_no_dwl', 'private_no_dwl', 'private_no_dwl', 'private_no_dwl', 'private_no_dwl', 'private_no_dwl', 'private_no_dwl', 'private_no_dwl', 'private_no_dwl', 'private_no_dwl', 'private_no_dwl', 'private_no_dwl', 'private_no_dwl', 'private_no_dwl']",3,21,,0.0,560f54b3d4ab1e00126fb99f,560f54b3d4ab1e00126fb99f,,,private_no_dwl,12,4,2,1787070539.4365802,failed,1,,,,,,6,6,6,3,6,6,6,6,6,5.86,104.96,299.92,0.0,299.92,1,1,21,,0.0,,,0.0,,,,,,0.0,0.0,0.0,,,,,,0.0,0.0,0.0,0.0,0.0,0,0.0,1,0,0,0,0,,,1,0,pending,0,0,0,0,0.0,0,0.0,0.0,0.0,0.0,0.0,0.0,1,1,21,,0.0,,,,,,,,,,,,,,,,,,,,,,,,,,,,,,,,,,,,,,,,,,,0.0,0.0,0.0,0.0,0.0,0.0,0.0,0.0,0.0,0.0,0.0,0.0,0.0,0.0,1,1
22,dq880z0r,6a416e3a5137f86b61cdf7af,0,28,28,bargaining_tdl_survey,FinalResults,2026-08-18 16:30:47.861985,1,,,3.0,6a416e3a5137f86b61cdf7af,,,,,0,1,private_no_dwl,19,7,1,1787070905.9042084,passed,0,,mutual_23,lz09lc4v,,,,,0,bargaining_tdl_private_no_dwl,1.5,1.0,5,0,0,1,https://app.prolific.com/submissions/complete?cc=CU9DDEAQ,https://app.prolific.com/submissions/complete?cc=CMPNPYY3,https://app.prolific.com/submissions/complete?cc=CFORQW3N,1518415944288374662,"['private_no_dwl', 'private_no_dwl', 'private_no_dwl', 'private_no_dwl', 'private_no_dwl', 'private_no_dwl', 'private_no_dwl', 'private_no_dwl', 'private_no_dwl', 'private_no_dwl', 'private_no_dwl', 'private_no_dwl', 'private_no_dwl', 'private_no_dwl', 'private_no_dwl', 'private_no_dwl', 'private_no_dwl', 'private_no_dwl', 'private_no_dwl', 'private_no_dwl', 'private_no_dwl', 'private_no_dwl', 'private_no_dwl', 'private_no_dwl', 'private_no_dwl', 'private_no_dwl', 'private_no_dwl', 'private_no_dwl', 'private_no_dwl', 'private_no_dwl']",3,22,,0.0,6a416e3a5137f86b61cdf7af,6a416e3a5137f86b61cdf7af,,,private_no_dwl,19,7,1,1787070905.9042084,passed,0,,,,,,0,0,0,6,0,0,0,3,3,253.48,175.46,63.06,0.0,63.06,1,1,3,,3.0,Purple,private_no_dwl,3.0,support_none,support_none,left,8,8,253.48,0.0,69.72,Left,split_you,split_you,1rx921mk,wv2t97sl,0.0,96.33,80.32,13.14,13.14,0,0.0,1,0,0,0,0,Right,Left,6,1,mutual_23,1,1,1,0,0.0,0,1787071421.1951463,1787071416.3073022,1787071498.6826122,1787071219.3392527,1787071353.4111977,0.0,1,1,22,,0.0,0,1993,6,5,paid_work,employee,4,5,4,4,4,4,5,4,4,4,5,4,4,4,4,5,4,4,3,5,4,1,4,5,4,2,4,8,7,8,5,7,7,1.9,5,It was a great study.,18.75,59.28,36.35,22.77,40.23,46.86,0.0,0.0,0.0,0.0,0.0,54.84,18.75,0.0,1,1
23,w51d9j2d,69961add5db6dc8555d4372b,0,8,28,bargaining_tdl_intro,Goodbye,2026-08-18 16:31:21.913278,1,,,0.0,69961add5db6dc8555d4372b,,,,,,,private_no_dwl,17,6,2,1787070726.2708576,failed,1,intro_control_questions_failed_after_5_attempts,,lz09lc4v,,,,,0,bargaining_tdl_private_no_dwl,1.5,1.0,5,0,0,1,https://app.prolific.com/submissions/complete?cc=CU9DDEAQ,https://app.prolific.com/submissions/complete?cc=CMPNPYY3,https://app.prolific.com/submissions/complete?cc=CFORQW3N,1518415944288374662,"['private_no_dwl', 'private_no_dwl', 'private_no_dwl', 'private_no_dwl', 'private_no_dwl', 'private_no_dwl', 'private_no_dwl', 'private_no_dwl', 'private_no_dwl', 'private_no_dwl', 'private_no_dwl', 'private_no_dwl', 'private_no_dwl', 'private_no_dwl', 'private_no_dwl', 'private_no_dwl', 'private_no_dwl', 'private_no_dwl', 'private_no_dwl', 'private_no_dwl', 'private_no_dwl', 'private_no_dwl', 'private_no_dwl', 'private_no_dwl', 'private_no_dwl', 'private_no_dwl', 'private_no_dwl', 'private_no_dwl', 'private_no_dwl', 'private_no_dwl']",3,23,,0.0,69961add5db6dc8555d4372b,69961add5db6dc8555d4372b,,,private_no_dwl,17,6,2,1787070726.2708576,failed,1,,,,,,0,0,0,6,0,0,3,3,3,43.55,135.39,34.45,0.0,34.45,1,1,23,,0.0,,,0.0,,,,,,0.0,0.0,0.0,,,,,,0.0,0.0,0.0,0.0,0.0,0,0.0,1,0,0,0,0,,,1,0,pending,0,0,0,0,0.0,0,0.0,0.0,0.0,0.0,0.0,0.0,1,1,23,,0.0,,,,,,,,,,,,,,,,,,,,,,,,,,,,,,,,,,,,,,,,,,,0.0,0.0,0.0,0.0,0.0,0.0,0.0,0.0,0.0,0.0,0.0,0.0,0.0,0.0,1,1
24,7ow4zsjy,652be55d3d99a68b56fe7d56,0,28,28,bargaining_tdl_survey,FinalResults,2026-08-18 16:40:53.615802,1,,,3.0,652be55d3d99a68b56fe7d56,,,,,0,1,private_no_dwl,12,4,3,1787071275.7559037,passed,1,,mutual_12,lz09lc4v,,,,,0,bargaining_tdl_private_no_dwl,1.5,1.0,5,0,0,1,https://app.prolific.com/submissions/complete?cc=CU9DDEAQ,https://app.prolific.com/submissions/complete?cc=CMPNPYY3,https://app.prolific.com/submissions/complete?cc=CFORQW3N,1518415944288374662,"['private_no_dwl', 'private_no_dwl', 'private_no_dwl', 'private_no_dwl', 'private_no_dwl', 'private_no_dwl', 'private_no_dwl', 'private_no_dwl', 'private_no_dwl', 'private_no_dwl', 'private_no_dwl', 'private_no_dwl', 'private_no_dwl', 'private_no_dwl', 'private_no_dwl', 'private_no_dwl', 'private_no_dwl', 'private_no_dwl', 'private_no_dwl', 'private_no_dwl', 'private_no_dwl', 'private_no_dwl', 'private_no_dwl', 'private_no_dwl', 'private_no_dwl', 'private_no_dwl', 'private_no_dwl', 'private_no_dwl', 'private_no_dwl', 'private_no_dwl']",3,24,,0.0,652be55d3d99a68b56fe7d56,652be55d3d99a68b56fe7d56,,,private_no_dwl,12,4,3,1787071275.7559037,passed,1,,,,,,0,0,0,6,0,0,0,3,3,21.68,88.96,90.27,0.0,90.27,1,1,1,,3.0,Yellow,private_no_dwl,3.0,split_other,split_you,right,2,7,21.68,0.0,26.78,Right,split_you,split_you,0obvv4ex,y9clzplc,0.0,8.71,31.7,4.2,4.2,0,0.0,1,0,0,0,0,NoOne,Left,7,1,mutual_12,1,1,1,0,0.0,0,1787072588.0879982,1787072589.173343,1787072589.4357164,1787072579.5146785,1787072577.532751,1787072452.1601784,1,1,24,,0.0,1,1981,9,17,paid_work,employee,4,1,3,3,4,3,3,3,4,4,4,3,3,3,2,1,4,4,1,5,3,1,3,4,5,1,1,10,3,10,2,10,6,2.0,5,The wait time for the participants was a little long.,18.46,21.13,37.98,32.89,32.4,40.85,0.0,0.0,0.0,0.0,0.0,44.14,18.46,0.0,1,1
25,y9clzplc,6a00d96b190db7e5ec67cb89,0,28,28,bargaining_tdl_survey,FinalResults,2026-08-18 16:45:48.599045,1,,,3.0,6a00d96b190db7e5ec67cb89,,,,,0,1,private_no_dwl,17,6,3,1787071554.0990994,passed,1,,mutual_12,lz09lc4v,,,,,0,bargaining_tdl_private_no_dwl,1.5,1.0,5,0,0,1,https://app.prolific.com/submissions/complete?cc=CU9DDEAQ,https://app.prolific.com/submissions/complete?cc=CMPNPYY3,https://app.prolific.com/submissions/complete?cc=CFORQW3N,1518415944288374662,"['private_no_dwl', 'private_no_dwl', 'private_no_dwl', 'private_no_dwl', 'private_no_dwl', 'private_no_dwl', 'private_no_dwl', 'private_no_dwl', 'private_no_dwl', 'private_no_dwl', 'private_no_dwl', 'private_no_dwl', 'private_no_dwl', 'private_no_dwl', 'private_no_dwl', 'private_no_dwl', 'private_no_dwl', 'private_no_dwl', 'private_no_dwl', 'private_no_dwl', 'private_no_dwl', 'private_no_dwl', 'private_no_dwl', 'private_no_dwl', 'private_no_dwl', 'private_no_dwl', 'private_no_dwl', 'private_no_dwl', 'private_no_dwl', 'private_no_dwl']",3,25,,0.0,6a00d96b190db7e5ec67cb89,6a00d96b190db7e5ec67cb89,,,private_no_dwl,17,6,3,1787071554.0990994,passed,1,,,,,,0,0,0,6,0,0,0,3,3,4.96,60.85,14.93,0.0,14.93,1,1,2,,3.0,Orange,private_no_dwl,3.0,split_you,split_other,left,8,1,4.96,206.11,11.93,Left,split_you,split_other,7ow4zsjy,0obvv4ex,0.0,9.35,11.32,6.26,6.26,1,1787072580.1236825,1,0,0,0,0,Right,NoOne,7,1,mutual_12,1,1,1,0,0.0,0,1787072588.0879982,1787072589.173343,1787072589.4357164,1787072579.5146785,1787072577.532751,1787072452.1601784,1,1,25,,0.0,0,1964,4,4,paid_work,self_employed,4,4,2,3,3,4,4,2,4,4,2,2,1,2,4,1,5,3,1,5,3,1,3,4,1,1,1,9,1,10,5,9,7,1.9,4,Interesting though the wait was too long,18.11,22.45,26.79,20.38,20.46,25.42,0.0,0.0,0.0,0.0,0.0,34.22,18.11,0.0,1,1
26,0obvv4ex,5dd4767b32288646716dc98a,0,28,28,bargaining_tdl_survey,FinalResults,2026-08-18 16:45:51.633751,1,,,0.0,5dd4767b32288646716dc98a,,,,,0,1,private_no_dwl,20,7,1,1787071581.4451432,passed,0,,mutual_12,lz09lc4v,,,,,0,bargaining_tdl_private_no_dwl,1.5,1.0,5,0,0,1,https://app.prolific.com/submissions/complete?cc=CU9DDEAQ,https://app.prolific.com/submissions/complete?cc=CMPNPYY3,https://app.prolific.com/submissions/complete?cc=CFORQW3N,1518415944288374662,"['private_no_dwl', 'private_no_dwl', 'private_no_dwl', 'private_no_dwl', 'private_no_dwl', 'private_no_dwl', 'private_no_dwl', 'private_no_dwl', 'private_no_dwl', 'private_no_dwl', 'private_no_dwl', 'private_no_dwl', 'private_no_dwl', 'private_no_dwl', 'private_no_dwl', 'private_no_dwl', 'private_no_dwl', 'private_no_dwl', 'private_no_dwl', 'private_no_dwl', 'private_no_dwl', 'private_no_dwl', 'private_no_dwl', 'private_no_dwl', 'private_no_dwl', 'private_no_dwl', 'private_no_dwl', 'private_no_dwl', 'private_no_dwl', 'private_no_dwl']",3,26,,0.0,5dd4767b32288646716dc98a,5dd4767b32288646716dc98a,,,private_no_dwl,20,7,1,1787071581.4451432,passed,0,,,,,,0,0,0,6,0,0,0,3,3,28.45,134.74,206.81,0.0,206.81,1,1,3,,0.0,Purple,private_no_dwl,0.0,split_other,split_you,left,6,6,28.45,107.94,27.18,Right,split_other,split_other,y9clzplc,7ow4zsjy,0.0,9.86,31.63,6.81,6.81,1,1787072423.953516,1,0,0,0,0,Right,Left,7,1,mutual_12,1,1,1,0,0.0,0,1787072588.0879982,1787072589.173343,1787072589.4357164,1787072579.5146785,1787072577.532751,1787072452.1601784,1,1,26,,0.0,1,1973,3,6,paid_work,employee,4,1,1,1,1,1,3,1,1,3,3,1,1,3,3,1,4,1,1,5,1,1,1,3,5,1,1,9,0,10,0,10,9,2.0,5,I enjoyed it,19.11,49.88,428.23,25.34,27.63,260.27,0.0,0.0,0.0,0.0,0.0,39.65,19.11,0.0,1,1
27,k2dz789n,,0,0,28,,,,0,,,0.0,,,,,,,,,,,,,,,,,lz09lc4v,,,,,0,bargaining_tdl_private_no_dwl,1.5,1.0,5,0,0,1,https://app.prolific.com/submissions/complete?cc=CU9DDEAQ,https://app.prolific.com/submissions/complete?cc=CMPNPYY3,https://app.prolific.com/submissions/complete?cc=CFORQW3N,1518415944288374662,"['private_no_dwl', 'private_no_dwl', 'private_no_dwl', 'private_no_dwl', 'private_no_dwl', 'private_no_dwl', 'private_no_dwl', 'private_no_dwl', 'private_no_dwl', 'private_no_dwl', 'private_no_dwl', 'private_no_dwl', 'private_no_dwl', 'private_no_dwl', 'private_no_dwl', 'private_no_dwl', 'private_no_dwl', 'private_no_dwl', 'private_no_dwl', 'private_no_dwl', 'private_no_dwl', 'private_no_dwl', 'private_no_dwl', 'private_no_dwl', 'private_no_dwl', 'private_no_dwl', 'private_no_dwl', 'private_no_dwl', 'private_no_dwl', 'private_no_dwl']",3,27,,0.0,,,,,,0,0,0,0.0,unassigned,0,,,,,,,,,,,,,,,0.0,0.0,0.0,0.0,0.0,1,1,27,,0.0,,,0.0,,,,,,0.0,0.0,0.0,,,,,,0.0,0.0,0.0,0.0,0.0,0,0.0,1,0,0,0,0,,,1,0,pending,0,0,0,0,0.0,0,0.0,0.0,0.0,0.0,0.0,0.0,1,1,27,,0.0,,,,,,,,,,,,,,,,,,,,,,,,,,,,,,,,,,,,,,,,,,,0.0,0.0,0.0,0.0,0.0,0.0,0.0,0.0,0.0,0.0,0.0,0.0,0.0,0.0,1,1
28,q6wyuplp,,0,0,28,,,,0,,,0.0,,,,,,,,,,,,,,,,,lz09lc4v,,,,,0,bargaining_tdl_private_no_dwl,1.5,1.0,5,0,0,1,https://app.prolific.com/submissions/complete?cc=CU9DDEAQ,https://app.prolific.com/submissions/complete?cc=CMPNPYY3,https://app.prolific.com/submissions/complete?cc=CFORQW3N,1518415944288374662,"['private_no_dwl', 'private_no_dwl', 'private_no_dwl', 'private_no_dwl', 'private_no_dwl', 'private_no_dwl', 'private_no_dwl', 'private_no_dwl', 'private_no_dwl', 'private_no_dwl', 'private_no_dwl', 'private_no_dwl', 'private_no_dwl', 'private_no_dwl', 'private_no_dwl', 'private_no_dwl', 'private_no_dwl', 'private_no_dwl', 'private_no_dwl', 'private_no_dwl', 'private_no_dwl', 'private_no_dwl', 'private_no_dwl', 'private_no_dwl', 'private_no_dwl', 'private_no_dwl', 'private_no_dwl', 'private_no_dwl', 'private_no_dwl', 'private_no_dwl']",3,28,,0.0,,,,,,0,0,0,0.0,unassigned,0,,,,,,,,,,,,,,,0.0,0.0,0.0,0.0,0.0,1,1,28,,0.0,,,0.0,,,,,,0.0,0.0,0.0,,,,,,0.0,0.0,0.0,0.0,0.0,0,0.0,1,0,0,0,0,,,1,0,pending,0,0,0,0,0.0,0,0.0,0.0,0.0,0.0,0.0,0.0,1,1,28,,0.0,,,,,,,,,,,,,,,,,,,,,,,,,,,,,,,,,,,,,,,,,,,0.0,0.0,0.0,0.0,0.0,0.0,0.0,0.0,0.0,0.0,0.0,0.0,0.0,0.0,1,1
29,h8rf1xxt,,0,0,28,,,,0,,,0.0,,,,,,,,,,,,,,,,,lz09lc4v,,,,,0,bargaining_tdl_private_no_dwl,1.5,1.0,5,0,0,1,https://app.prolific.com/submissions/complete?cc=CU9DDEAQ,https://app.prolific.com/submissions/complete?cc=CMPNPYY3,https://app.prolific.com/submissions/complete?cc=CFORQW3N,1518415944288374662,"['private_no_dwl', 'private_no_dwl', 'private_no_dwl', 'private_no_dwl', 'private_no_dwl', 'private_no_dwl', 'private_no_dwl', 'private_no_dwl', 'private_no_dwl', 'private_no_dwl', 'private_no_dwl', 'private_no_dwl', 'private_no_dwl', 'private_no_dwl', 'private_no_dwl', 'private_no_dwl', 'private_no_dwl', 'private_no_dwl', 'private_no_dwl', 'private_no_dwl', 'private_no_dwl', 'private_no_dwl', 'private_no_dwl', 'private_no_dwl', 'private_no_dwl', 'private_no_dwl', 'private_no_dwl', 'private_no_dwl', 'private_no_dwl', 'private_no_dwl']",3,29,,0.0,,,,,,0,0,0,0.0,unassigned,0,,,,,,,,,,,,,,,0.0,0.0,0.0,0.0,0.0,1,1,29,,0.0,,,0.0,,,,,,0.0,0.0,0.0,,,,,,0.0,0.0,0.0,0.0,0.0,0,0.0,1,0,0,0,0,,,1,0,pending,0,0,0,0,0.0,0,0.0,0.0,0.0,0.0,0.0,0.0,1,1,29,,0.0,,,,,,,,,,,,,,,,,,,,,,,,,,,,,,,,,,,,,,,,,,,0.0,0.0,0.0,0.0,0.0,0.0,0.0,0.0,0.0,0.0,0.0,0.0,0.0,0.0,1,1
30,sh53tsbj,,0,0,28,,,,0,,,0.0,,,,,,,,,,,,,,,,,lz09lc4v,,,,,0,bargaining_tdl_private_no_dwl,1.5,1.0,5,0,0,1,https://app.prolific.com/submissions/complete?cc=CU9DDEAQ,https://app.prolific.com/submissions/complete?cc=CMPNPYY3,https://app.prolific.com/submissions/complete?cc=CFORQW3N,1518415944288374662,"['private_no_dwl', 'private_no_dwl', 'private_no_dwl', 'private_no_dwl', 'private_no_dwl', 'private_no_dwl', 'private_no_dwl', 'private_no_dwl', 'private_no_dwl', 'private_no_dwl', 'private_no_dwl', 'private_no_dwl', 'private_no_dwl', 'private_no_dwl', 'private_no_dwl', 'private_no_dwl', 'private_no_dwl', 'private_no_dwl', 'private_no_dwl', 'private_no_dwl', 'private_no_dwl', 'private_no_dwl', 'private_no_dwl', 'private_no_dwl', 'private_no_dwl', 'private_no_dwl', 'private_no_dwl', 'private_no_dwl', 'private_no_dwl', 'private_no_dwl']",3,30,,0.0,,,,,,0,0,0,0.0,unassigned,0,,,,,,,,,,,,,,,0.0,0.0,0.0,0.0,0.0,1,1,30,,0.0,,,0.0,,,,,,0.0,0.0,0.0,,,,,,0.0,0.0,0.0,0.0,0.0,0,0.0,1,0,0,0,0,,,1,0,pending,0,0,0,0,0.0,0,0.0,0.0,0.0,0.0,0.0,0.0,1,1,30,,0.0,,,,,,,,,,,,,,,,,,,,,,,,,,,,,,,,,,,,,,,,,,,0.0,0.0,0.0,0.0,0.0,0.0,0.0,0.0,0.0,0.0,0.0,0.0,0.0,0.0,1,1
1,njbom60t,,0,28,28,bargaining_tdl_survey,FinalResults,2026-08-17 21:52:03.774233,1,,,3.0,dsrrhsrhah,,,,,0,1,private,2,1,1,1787003574.510508,passed,0,,mutual_31,959676bq,,,,,1,bargaining_tdl_private,1.5,1.0,5,0,0,1,https://app.prolific.com/submissions/complete?cc=C1G2IEC2,https://app.prolific.com/submissions/complete?cc=C13STBXG,https://app.prolific.com/submissions/complete?cc=CSXVWB27,7411765287881617836,"['private', 'private', 'private', 'private', 'private', 'private', 'private', 'private', 'private']",3,1,,0.0,dsrrhsrhah,dsrrhsrhah,,,private,2,1,1,1787003574.510508,passed,0,,,,,,0,0,0,0,0,0,0,3,3,49.67,2.49,12.06,0.0,12.06,1,1,1,,3.0,Yellow,private,3.0,split_you,split_other,left,3,7,49.67,35.5,6.9,Left,split_you,split_you,i7c3o3lp,jrpe6uj4,0.0,15.95,7.71,13.57,13.57,1,1787003646.2721233,1,0,0,0,0,NoOne,Left,2,1,mutual_31,1,1,1,0,0.0,0,1787003674.784617,1787003673.6900246,1787003676.665562,1787003675.164613,0.0,1787003655.2776666,1,1,1,,0.0,1,1928,6,6,paid_work,self_employed,2,2,3,3,3,3,3,3,3,3,3,3,3,3,3,3,3,3,3,3,3,3,3,3,3,3,3,9,9,9,9,9,9,1.8,5,dvsdvsv,13.09,9.0,33.55,14.39,13.22,13.68,0.0,0.0,0.0,0.0,0.0,12.94,13.09,0.0,1,1
2,jrpe6uj4,,0,28,28,bargaining_tdl_survey,FinalResults,2026-08-17 21:52:07.488218,1,,,0.0,hsrhagagag,,,,,0,1,private,3,1,1,1787003595.4316833,passed,0,,mutual_31,959676bq,,,,,1,bargaining_tdl_private,1.5,1.0,5,0,0,1,https://app.prolific.com/submissions/complete?cc=C1G2IEC2,https://app.prolific.com/submissions/complete?cc=C13STBXG,https://app.prolific.com/submissions/complete?cc=CSXVWB27,7411765287881617836,"['private', 'private', 'private', 'private', 'private', 'private', 'private', 'private', 'private']",3,2,,0.0,hsrhagagag,hsrhagagag,,,private,3,1,1,1787003595.4316833,passed,0,,,,,,0,0,0,0,0,0,0,3,3,66.36,2.48,10.37,0.0,10.37,1,1,2,,0.0,Orange,private,0.0,split_you,split_you,left,1,2,66.36,36.02,11.31,Left,split_other,split_other,njbom60t,i7c3o3lp,0.0,14.72,28.72,0.89,0.89,0,0.0,1,0,0,0,0,Left,NoOne,2,1,mutual_31,1,1,1,0,0.0,0,1787003674.784617,1787003673.6900246,1787003676.665562,1787003675.164613,0.0,1787003655.2776666,1,1,2,,0.0,1,1927,8,6,education,not_employed,3,3,3,3,3,3,3,3,3,1,2,3,3,3,3,3,3,3,1,2,2,2,2,2,2,2,2,9,9,9,9,9,9,2.0,5,fdhss,3.46,30.48,14.69,15.24,11.06,33.87,0.0,0.0,0.0,0.0,0.0,2.2,3.46,0.0,1,1
3,i7c3o3lp,,0,28,28,bargaining_tdl_survey,FinalResults,2026-08-17 21:52:09.893667,1,,,3.0,sgagaga,,,,,0,1,private,1,1,1,1787003554.6627555,passed,0,,mutual_31,959676bq,,,,,1,bargaining_tdl_private,1.5,1.0,5,0,0,1,https://app.prolific.com/submissions/complete?cc=C1G2IEC2,https://app.prolific.com/submissions/complete?cc=C13STBXG,https://app.prolific.com/submissions/complete?cc=CSXVWB27,7411765287881617836,"['private', 'private', 'private', 'private', 'private', 'private', 'private', 'private', 'private']",3,3,,0.0,sgagaga,sgagaga,,,private,1,1,1,1787003554.6627555,passed,0,,,,,,0,0,0,0,0,0,0,3,3,24.02,2.32,12.05,0.0,12.05,1,1,3,,3.0,Purple,private,3.0,split_other,split_you,left,1,6,24.02,15.39,15.86,Right,split_you,split_you,jrpe6uj4,njbom60t,0.0,17.63,16.78,0.78,0.78,1,1787003626.1507344,1,0,0,0,0,NoOne,Left,2,1,mutual_31,1,1,1,0,0.0,0,1787003674.784617,1787003673.6900246,1787003676.665562,1787003675.164613,0.0,1787003655.2776666,1,1,3,,0.0,1,1928,7,6,education,not_employed,5,5,5,5,5,5,5,5,5,5,5,5,5,5,5,5,5,5,4,4,5,5,5,5,5,5,5,9,9,9,9,10,9,1.7,5,dagagea,4.29,25.55,91.67,11.06,8.05,7.52,0.0,0.0,0.0,0.0,0.0,29.23,4.29,0.0,1,1
4,3cq1qt8c,,0,0,28,,,,0,,,0.0,,,,,,,,,,,,,,,,,959676bq,,,,,1,bargaining_tdl_private,1.5,1.0,5,0,0,1,https://app.prolific.com/submissions/complete?cc=C1G2IEC2,https://app.prolific.com/submissions/complete?cc=C13STBXG,https://app.prolific.com/submissions/complete?cc=CSXVWB27,7411765287881617836,"['private', 'private', 'private', 'private', 'private', 'private', 'private', 'private', 'private']",3,4,,0.0,,,,,,0,0,0,0.0,unassigned,0,,,,,,,,,,,,,,,0.0,0.0,0.0,0.0,0.0,1,1,4,,0.0,,,0.0,,,,,,0.0,0.0,0.0,,,,,,0.0,0.0,0.0,0.0,0.0,0,0.0,1,0,0,0,0,,,1,0,pending,0,0,0,0,0.0,0,0.0,0.0,0.0,0.0,0.0,0.0,1,1,4,,0.0,,,,,,,,,,,,,,,,,,,,,,,,,,,,,,,,,,,,,,,,,,,0.0,0.0,0.0,0.0,0.0,0.0,0.0,0.0,0.0,0.0,0.0,0.0,0.0,0.0,1,1
5,c864iztb,,0,0,28,,,,0,,,0.0,,,,,,,,,,,,,,,,,959676bq,,,,,1,bargaining_tdl_private,1.5,1.0,5,0,0,1,https://app.prolific.com/submissions/complete?cc=C1G2IEC2,https://app.prolific.com/submissions/complete?cc=C13STBXG,https://app.prolific.com/submissions/complete?cc=CSXVWB27,7411765287881617836,"['private', 'private', 'private', 'private', 'private', 'private', 'private', 'private', 'private']",3,5,,0.0,,,,,,0,0,0,0.0,unassigned,0,,,,,,,,,,,,,,,0.0,0.0,0.0,0.0,0.0,1,1,5,,0.0,,,0.0,,,,,,0.0,0.0,0.0,,,,,,0.0,0.0,0.0,0.0,0.0,0,0.0,1,0,0,0,0,,,1,0,pending,0,0,0,0,0.0,0,0.0,0.0,0.0,0.0,0.0,0.0,1,1,5,,0.0,,,,,,,,,,,,,,,,,,,,,,,,,,,,,,,,,,,,,,,,,,,0.0,0.0,0.0,0.0,0.0,0.0,0.0,0.0,0.0,0.0,0.0,0.0,0.0,0.0,1,1
6,d50hzszv,,0,0,28,,,,0,,,0.0,,,,,,,,,,,,,,,,,959676bq,,,,,1,bargaining_tdl_private,1.5,1.0,5,0,0,1,https://app.prolific.com/submissions/complete?cc=C1G2IEC2,https://app.prolific.com/submissions/complete?cc=C13STBXG,https://app.prolific.com/submissions/complete?cc=CSXVWB27,7411765287881617836,"['private', 'private', 'private', 'private', 'private', 'private', 'private', 'private', 'private']",3,6,,0.0,,,,,,0,0,0,0.0,unassigned,0,,,,,,,,,,,,,,,0.0,0.0,0.0,0.0,0.0,1,1,6,,0.0,,,0.0,,,,,,0.0,0.0,0.0,,,,,,0.0,0.0,0.0,0.0,0.0,0,0.0,1,0,0,0,0,,,1,0,pending,0,0,0,0,0.0,0,0.0,0.0,0.0,0.0,0.0,0.0,1,1,6,,0.0,,,,,,,,,,,,,,,,,,,,,,,,,,,,,,,,,,,,,,,,,,,0.0,0.0,0.0,0.0,0.0,0.0,0.0,0.0,0.0,0.0,0.0,0.0,0.0,0.0,1,1
7,825mdniz,,0,0,28,,,,0,,,0.0,,,,,,,,,,,,,,,,,959676bq,,,,,1,bargaining_tdl_private,1.5,1.0,5,0,0,1,https://app.prolific.com/submissions/complete?cc=C1G2IEC2,https://app.prolific.com/submissions/complete?cc=C13STBXG,https://app.prolific.com/submissions/complete?cc=CSXVWB27,7411765287881617836,"['private', 'private', 'private', 'private', 'private', 'private', 'private', 'private', 'private']",3,7,,0.0,,,,,,0,0,0,0.0,unassigned,0,,,,,,,,,,,,,,,0.0,0.0,0.0,0.0,0.0,1,1,7,,0.0,,,0.0,,,,,,0.0,0.0,0.0,,,,,,0.0,0.0,0.0,0.0,0.0,0,0.0,1,0,0,0,0,,,1,0,pending,0,0,0,0,0.0,0,0.0,0.0,0.0,0.0,0.0,0.0,1,1,7,,0.0,,,,,,,,,,,,,,,,,,,,,,,,,,,,,,,,,,,,,,,,,,,0.0,0.0,0.0,0.0,0.0,0.0,0.0,0.0,0.0,0.0,0.0,0.0,0.0,0.0,1,1
8,0tejambg,,0,0,28,,,,0,,,0.0,,,,,,,,,,,,,,,,,959676bq,,,,,1,bargaining_tdl_private,1.5,1.0,5,0,0,1,https://app.prolific.com/submissions/complete?cc=C1G2IEC2,https://app.prolific.com/submissions/complete?cc=C13STBXG,https://app.prolific.com/submissions/complete?cc=CSXVWB27,7411765287881617836,"['private', 'private', 'private', 'private', 'private', 'private', 'private', 'private', 'private']",3,8,,0.0,,,,,,0,0,0,0.0,unassigned,0,,,,,,,,,,,,,,,0.0,0.0,0.0,0.0,0.0,1,1,8,,0.0,,,0.0,,,,,,0.0,0.0,0.0,,,,,,0.0,0.0,0.0,0.0,0.0,0,0.0,1,0,0,0,0,,,1,0,pending,0,0,0,0,0.0,0,0.0,0.0,0.0,0.0,0.0,0.0,1,1,8,,0.0,,,,,,,,,,,,,,,,,,,,,,,,,,,,,,,,,,,,,,,,,,,0.0,0.0,0.0,0.0,0.0,0.0,0.0,0.0,0.0,0.0,0.0,0.0,0.0,0.0,1,1
9,s219gi71,,0,0,28,,,,0,,,0.0,,,,,,,,,,,,,,,,,959676bq,,,,,1,bargaining_tdl_private,1.5,1.0,5,0,0,1,https://app.prolific.com/submissions/complete?cc=C1G2IEC2,https://app.prolific.com/submissions/complete?cc=C13STBXG,https://app.prolific.com/submissions/complete?cc=CSXVWB27,7411765287881617836,"['private', 'private', 'private', 'private', 'private', 'private', 'private', 'private', 'private']",3,9,,0.0,,,,,,0,0,0,0.0,unassigned,0,,,,,,,,,,,,,,,0.0,0.0,0.0,0.0,0.0,1,1,9,,0.0,,,0.0,,,,,,0.0,0.0,0.0,,,,,,0.0,0.0,0.0,0.0,0.0,0,0.0,1,0,0,0,0,,,1,0,pending,0,0,0,0,0.0,0,0.0,0.0,0.0,0.0,0.0,0.0,1,1,9,,0.0,,,,,,,,,,,,,,,,,,,,,,,,,,,,,,,,,,,,,,,,,,,0.0,0.0,0.0,0.0,0.0,0.0,0.0,0.0,0.0,0.0,0.0,0.0,0.0,0.0,1,1
