session_code,participant_id_in_session,participant_code,page_index,app_name,page_name,epoch_time_completed,round_number,timeout_happened,is_wait_page
0giczgk3,1,2zebxfxc,0,,InitializeParticipant,1779185147,1,0,0
0giczgk3,2,v01loser,0,,InitializeParticipant,1779185150,1,0,0
0giczgk3,3,naay1j0p,0,,InitializeParticipant,1779185152,1,0,0
0giczgk3,4,68y0nses,0,,InitializeParticipant,1779185155,1,0,0
0giczgk3,4,68y0nses,1,bargaining_tdl_intro,Welcome,1779185196,1,0,0
0giczgk3,4,68y0nses,2,bargaining_tdl_intro,InstructionsPart1,1779185201,1,0,0
0giczgk3,4,68y0nses,3,bargaining_tdl_intro,ControlQuestionsAttempt1,1779185220,1,0,0
0giczgk3,3,naay1j0p,1,bargaining_tdl_intro,Welcome,1779185224,1,0,0
0giczgk3,3,naay1j0p,2,bargaining_tdl_intro,InstructionsPart1,1779185227,1,0,0
0giczgk3,3,naay1j0p,3,bargaining_tdl_intro,ControlQuestionsAttempt1,1779185245,1,0,0
0giczgk3,2,v01loser,1,bargaining_tdl_intro,Welcome,1779185248,1,0,0
0giczgk3,2,v01loser,2,bargaining_tdl_intro,InstructionsPart1,1779185252,1,0,0
0giczgk3,2,v01loser,3,bargaining_tdl_intro,ControlQuestionsAttempt1,1779185269,1,0,0
0giczgk3,2,v01loser,9,bargaining_tdl_main,GroupingAfterControlQuestions,1779185270,1,0,1
0giczgk3,4,68y0nses,9,bargaining_tdl_main,GroupingAfterControlQuestions,1779185270,1,0,1
0giczgk3,3,naay1j0p,9,bargaining_tdl_main,GroupingAfterControlQuestions,1779185270,1,0,1
0giczgk3,3,naay1j0p,10,bargaining_tdl_main,Chat,1779185524,1,0,0
0giczgk3,3,naay1j0p,11,bargaining_tdl_main,Signals,1779185530,1,0,0
0giczgk3,4,68y0nses,10,bargaining_tdl_main,Chat,1779185568,1,0,0
0giczgk3,2,v01loser,10,bargaining_tdl_main,Chat,1779185569,1,0,0
0giczgk3,4,68y0nses,11,bargaining_tdl_main,Signals,1779185576,1,0,0
0giczgk3,2,v01loser,11,bargaining_tdl_main,Signals,1779185583,1,0,0
0giczgk3,2,v01loser,13,bargaining_tdl_main,DataMappingWaitPage,1779185583,1,0,1
0giczgk3,4,68y0nses,13,bargaining_tdl_main,DataMappingWaitPage,1779185583,1,0,1
0giczgk3,3,naay1j0p,13,bargaining_tdl_main,DataMappingWaitPage,1779185583,1,0,1
0giczgk3,4,68y0nses,14,bargaining_tdl_main,Decision,1779185619,1,0,0
0giczgk3,2,v01loser,14,bargaining_tdl_main,Decision,1779185627,1,0,0
0giczgk3,3,naay1j0p,14,bargaining_tdl_main,Decision,1779185644,1,0,0
0giczgk3,2,v01loser,15,bargaining_tdl_main,ResultsWaitPage,1779185644,1,0,1
0giczgk3,4,68y0nses,15,bargaining_tdl_main,ResultsWaitPage,1779185644,1,0,1
0giczgk3,3,naay1j0p,15,bargaining_tdl_main,ResultsWaitPage,1779185644,1,0,1
0giczgk3,3,naay1j0p,16,bargaining_tdl_main,Results,1779185647,1,0,0
0giczgk3,2,v01loser,16,bargaining_tdl_main,Results,1779185651,1,0,0
0giczgk3,4,68y0nses,16,bargaining_tdl_main,Results,1779185654,1,0,0
0giczgk3,3,naay1j0p,18,bargaining_tdl_part3,InstructionsPart3,1779185664,1,0,0
0giczgk3,2,v01loser,18,bargaining_tdl_part3,InstructionsPart3,1779185668,1,0,0
0giczgk3,4,68y0nses,18,bargaining_tdl_part3,InstructionsPart3,1779185675,1,0,0
0giczgk3,4,68y0nses,20,bargaining_tdl_part3,ResultsPart3,1779185677,1,0,0
0giczgk3,4,68y0nses,21,bargaining_tdl_survey,SurveyIntro,1779185678,1,0,0
0giczgk3,4,68y0nses,22,bargaining_tdl_survey,SurveyQuestions,1779185691,1,0,0
0giczgk3,4,68y0nses,23,bargaining_tdl_survey,SurveyScaleIntro,1779185693,1,0,0
0giczgk3,4,68y0nses,24,bargaining_tdl_survey,SurveyPage4,1779185698,1,0,0
0giczgk3,4,68y0nses,25,bargaining_tdl_survey,SurveyPage5,1779185701,1,0,0
0giczgk3,4,68y0nses,26,bargaining_tdl_survey,SurveyPage6,1779185704,1,0,0
0giczgk3,4,68y0nses,27,bargaining_tdl_survey,SurveyPage7,1779185706,1,0,0
0giczgk3,4,68y0nses,28,bargaining_tdl_survey,SurveyPage8,1779185708,1,0,0
0giczgk3,4,68y0nses,29,bargaining_tdl_survey,SurveyPage9,1779185715,1,0,0
0giczgk3,4,68y0nses,30,bargaining_tdl_survey,SurveyPage10,1779185721,1,0,0
0giczgk3,2,v01loser,20,bargaining_tdl_part3,ResultsPart3,1779185738,1,0,0
0giczgk3,2,v01loser,21,bargaining_tdl_survey,SurveyIntro,1779185741,1,0,0
0giczgk3,2,v01loser,22,bargaining_tdl_survey,SurveyQuestions,1779185755,1,0,0
0giczgk3,2,v01loser,23,bargaining_tdl_survey,SurveyScaleIntro,1779185756,1,0,0
0giczgk3,2,v01loser,24,bargaining_tdl_survey,SurveyPage4,1779185758,1,0,0
0giczgk3,2,v01loser,25,bargaining_tdl_survey,SurveyPage5,1779185760,1,0,0
0giczgk3,2,v01loser,26,bargaining_tdl_survey,SurveyPage6,1779185762,1,0,0
0giczgk3,2,v01loser,27,bargaining_tdl_survey,SurveyPage7,1779185765,1,0,0
0giczgk3,2,v01loser,28,bargaining_tdl_survey,SurveyPage8,1779185766,1,0,0
0giczgk3,2,v01loser,29,bargaining_tdl_survey,SurveyPage9,1779185768,1,0,0
0giczgk3,2,v01loser,30,bargaining_tdl_survey,SurveyPage10,1779185775,1,0,0
0giczgk3,3,naay1j0p,20,bargaining_tdl_part3,ResultsPart3,1779185786,1,0,0
0giczgk3,3,naay1j0p,21,bargaining_tdl_survey,SurveyIntro,1779185787,1,0,0
0giczgk3,3,naay1j0p,22,bargaining_tdl_survey,SurveyQuestions,1779185801,1,0,0
0giczgk3,3,naay1j0p,23,bargaining_tdl_survey,SurveyScaleIntro,1779185803,1,0,0
0giczgk3,3,naay1j0p,24,bargaining_tdl_survey,SurveyPage4,1779185807,1,0,0
0giczgk3,3,naay1j0p,25,bargaining_tdl_survey,SurveyPage5,1779185810,1,0,0
0giczgk3,3,naay1j0p,26,bargaining_tdl_survey,SurveyPage6,1779185813,1,0,0
0giczgk3,3,naay1j0p,27,bargaining_tdl_survey,SurveyPage7,1779185816,1,0,0
0giczgk3,3,naay1j0p,28,bargaining_tdl_survey,SurveyPage8,1779185818,1,0,0
0giczgk3,3,naay1j0p,29,bargaining_tdl_survey,SurveyPage9,1779185821,1,0,0
0giczgk3,3,naay1j0p,30,bargaining_tdl_survey,SurveyPage10,1779185827,1,0,0
0giczgk3,5,i3h1lkft,0,,InitializeParticipant,1779185849,1,0,0
0giczgk3,6,ru3im06t,0,,InitializeParticipant,1779185852,1,0,0
0giczgk3,7,538kv4h4,0,,InitializeParticipant,1779185855,1,0,0
0giczgk3,7,538kv4h4,1,bargaining_tdl_intro,Welcome,1779185865,1,0,0
0giczgk3,1,2zebxfxc,1,bargaining_tdl_intro,Welcome,1779185868,1,0,0
0giczgk3,1,2zebxfxc,2,bargaining_tdl_intro,InstructionsPart1,1779185871,1,0,0
0giczgk3,1,2zebxfxc,3,bargaining_tdl_intro,ControlQuestionsAttempt1,1779185891,1,0,0
0giczgk3,6,ru3im06t,1,bargaining_tdl_intro,Welcome,1779185894,1,0,0
0giczgk3,6,ru3im06t,2,bargaining_tdl_intro,InstructionsPart1,1779185897,1,0,0
0giczgk3,7,538kv4h4,2,bargaining_tdl_intro,InstructionsPart1,1779185900,1,0,0
0giczgk3,6,ru3im06t,3,bargaining_tdl_intro,ControlQuestionsAttempt1,1779185918,1,0,0
0giczgk3,7,538kv4h4,3,bargaining_tdl_intro,ControlQuestionsAttempt1,1779185935,1,0,0
0giczgk3,1,2zebxfxc,9,bargaining_tdl_main,GroupingAfterControlQuestions,1779185935,1,0,1
0giczgk3,6,ru3im06t,9,bargaining_tdl_main,GroupingAfterControlQuestions,1779185935,1,0,1
0giczgk3,7,538kv4h4,9,bargaining_tdl_main,GroupingAfterControlQuestions,1779185935,1,0,1
0giczgk3,6,ru3im06t,10,bargaining_tdl_main,Chat,1779186071,1,0,0
0giczgk3,7,538kv4h4,10,bargaining_tdl_main,Chat,1779186077,1,0,0
0giczgk3,1,2zebxfxc,10,bargaining_tdl_main,Chat,1779186078,1,0,0
0giczgk3,1,2zebxfxc,11,bargaining_tdl_main,Signals,1779186084,1,0,0
0giczgk3,6,ru3im06t,11,bargaining_tdl_main,Signals,1779186088,1,0,0
0giczgk3,7,538kv4h4,11,bargaining_tdl_main,Signals,1779186094,1,0,0
0giczgk3,1,2zebxfxc,13,bargaining_tdl_main,DataMappingWaitPage,1779186094,1,0,1
0giczgk3,6,ru3im06t,13,bargaining_tdl_main,DataMappingWaitPage,1779186094,1,0,1
0giczgk3,7,538kv4h4,13,bargaining_tdl_main,DataMappingWaitPage,1779186094,1,0,1
0giczgk3,7,538kv4h4,14,bargaining_tdl_main,Decision,1779186103,1,0,0
0giczgk3,6,ru3im06t,14,bargaining_tdl_main,Decision,1779186108,1,0,0
0giczgk3,1,2zebxfxc,14,bargaining_tdl_main,Decision,1779186113,1,0,0
0giczgk3,1,2zebxfxc,15,bargaining_tdl_main,ResultsWaitPage,1779186113,1,0,1
0giczgk3,6,ru3im06t,15,bargaining_tdl_main,ResultsWaitPage,1779186113,1,0,1
0giczgk3,7,538kv4h4,15,bargaining_tdl_main,ResultsWaitPage,1779186113,1,0,1
0giczgk3,1,2zebxfxc,16,bargaining_tdl_main,Results,1779186115,1,0,0
0giczgk3,1,2zebxfxc,18,bargaining_tdl_part3,InstructionsPart3,1779186122,1,0,0
0giczgk3,7,538kv4h4,16,bargaining_tdl_main,Results,1779186124,1,0,0
0giczgk3,7,538kv4h4,18,bargaining_tdl_part3,InstructionsPart3,1779186129,1,0,0
0giczgk3,6,ru3im06t,16,bargaining_tdl_main,Results,1779186132,1,0,0
0giczgk3,6,ru3im06t,18,bargaining_tdl_part3,InstructionsPart3,1779186137,1,0,0
0giczgk3,6,ru3im06t,20,bargaining_tdl_part3,ResultsPart3,1779186139,1,0,0
0giczgk3,7,538kv4h4,20,bargaining_tdl_part3,ResultsPart3,1779186142,1,0,0
0giczgk3,1,2zebxfxc,20,bargaining_tdl_part3,ResultsPart3,1779186144,1,0,0
0giczgk3,1,2zebxfxc,21,bargaining_tdl_survey,SurveyIntro,1779186146,1,0,0
0giczgk3,1,2zebxfxc,22,bargaining_tdl_survey,SurveyQuestions,1779186157,1,0,0
0giczgk3,7,538kv4h4,21,bargaining_tdl_survey,SurveyIntro,1779186161,1,0,0
0giczgk3,7,538kv4h4,22,bargaining_tdl_survey,SurveyQuestions,1779186175,1,0,0
0giczgk3,7,538kv4h4,23,bargaining_tdl_survey,SurveyScaleIntro,1779186176,1,0,0
0giczgk3,7,538kv4h4,24,bargaining_tdl_survey,SurveyPage4,1779186180,1,0,0
0giczgk3,7,538kv4h4,25,bargaining_tdl_survey,SurveyPage5,1779186183,1,0,0
0giczgk3,7,538kv4h4,26,bargaining_tdl_survey,SurveyPage6,1779186185,1,0,0
0giczgk3,7,538kv4h4,27,bargaining_tdl_survey,SurveyPage7,1779186187,1,0,0
0giczgk3,7,538kv4h4,28,bargaining_tdl_survey,SurveyPage8,1779186189,1,0,0
0giczgk3,7,538kv4h4,29,bargaining_tdl_survey,SurveyPage9,1779186192,1,0,0
0giczgk3,7,538kv4h4,30,bargaining_tdl_survey,SurveyPage10,1779186196,1,0,0
0giczgk3,1,2zebxfxc,23,bargaining_tdl_survey,SurveyScaleIntro,1779186203,1,0,0
0giczgk3,6,ru3im06t,21,bargaining_tdl_survey,SurveyIntro,1779186205,1,0,0
0giczgk3,6,ru3im06t,22,bargaining_tdl_survey,SurveyQuestions,1779186220,1,0,0
0giczgk3,6,ru3im06t,23,bargaining_tdl_survey,SurveyScaleIntro,1779186222,1,0,0
0giczgk3,6,ru3im06t,24,bargaining_tdl_survey,SurveyPage4,1779186225,1,0,0
0giczgk3,6,ru3im06t,25,bargaining_tdl_survey,SurveyPage5,1779186227,1,0,0
0giczgk3,1,2zebxfxc,24,bargaining_tdl_survey,SurveyPage4,1779186231,1,0,0
0giczgk3,1,2zebxfxc,25,bargaining_tdl_survey,SurveyPage5,1779186233,1,0,0
0giczgk3,1,2zebxfxc,26,bargaining_tdl_survey,SurveyPage6,1779186236,1,0,0
0giczgk3,1,2zebxfxc,27,bargaining_tdl_survey,SurveyPage7,1779186238,1,0,0
0giczgk3,1,2zebxfxc,28,bargaining_tdl_survey,SurveyPage8,1779186241,1,0,0
0giczgk3,1,2zebxfxc,29,bargaining_tdl_survey,SurveyPage9,1779186244,1,0,0
0giczgk3,6,ru3im06t,26,bargaining_tdl_survey,SurveyPage6,1779186248,1,0,0
0giczgk3,6,ru3im06t,27,bargaining_tdl_survey,SurveyPage7,1779186250,1,0,0
0giczgk3,6,ru3im06t,28,bargaining_tdl_survey,SurveyPage8,1779186253,1,0,0
0giczgk3,6,ru3im06t,29,bargaining_tdl_survey,SurveyPage9,1779186256,1,0,0
0giczgk3,6,ru3im06t,30,bargaining_tdl_survey,SurveyPage10,1779186262,1,0,0
0giczgk3,1,2zebxfxc,30,bargaining_tdl_survey,SurveyPage10,1779186269,1,0,0
0giczgk3,8,4u7tqnwt,0,,InitializeParticipant,1779186295,1,0,0
0giczgk3,9,5pol3kby,0,,InitializeParticipant,1779186298,1,0,0
0giczgk3,9,5pol3kby,1,bargaining_tdl_intro,Welcome,1779186300,1,0,0
0giczgk3,9,5pol3kby,2,bargaining_tdl_intro,InstructionsPart1,1779186303,1,0,0
0giczgk3,9,5pol3kby,3,bargaining_tdl_intro,ControlQuestionsAttempt1,1779186325,1,0,0
0giczgk3,8,4u7tqnwt,1,bargaining_tdl_intro,Welcome,1779186338,1,0,0
0giczgk3,8,4u7tqnwt,2,bargaining_tdl_intro,InstructionsPart1,1779186342,1,0,0
0giczgk3,8,4u7tqnwt,3,bargaining_tdl_intro,ControlQuestionsAttempt1,1779186358,1,0,0
0giczgk3,5,i3h1lkft,1,bargaining_tdl_intro,Welcome,1779186361,1,0,0
0giczgk3,5,i3h1lkft,2,bargaining_tdl_intro,InstructionsPart1,1779186365,1,0,0
0giczgk3,5,i3h1lkft,3,bargaining_tdl_intro,ControlQuestionsAttempt1,1779186388,1,0,0
0giczgk3,5,i3h1lkft,9,bargaining_tdl_main,GroupingAfterControlQuestions,1779186391,1,0,1
0giczgk3,8,4u7tqnwt,9,bargaining_tdl_main,GroupingAfterControlQuestions,1779186391,1,0,1
0giczgk3,9,5pol3kby,9,bargaining_tdl_main,GroupingAfterControlQuestions,1779186391,1,0,1
0giczgk3,5,i3h1lkft,10,bargaining_tdl_main,Chat,1779186410,1,0,0
0giczgk3,9,5pol3kby,10,bargaining_tdl_main,Chat,1779186429,1,0,0
0giczgk3,8,4u7tqnwt,10,bargaining_tdl_main,Chat,1779186430,1,0,0
0giczgk3,9,5pol3kby,11,bargaining_tdl_main,Signals,1779186433,1,0,0
0giczgk3,5,i3h1lkft,11,bargaining_tdl_main,Signals,1779186439,1,0,0
0giczgk3,8,4u7tqnwt,11,bargaining_tdl_main,Signals,1779186443,1,0,0
0giczgk3,5,i3h1lkft,13,bargaining_tdl_main,DataMappingWaitPage,1779186444,1,0,1
0giczgk3,8,4u7tqnwt,13,bargaining_tdl_main,DataMappingWaitPage,1779186444,1,0,1
0giczgk3,9,5pol3kby,13,bargaining_tdl_main,DataMappingWaitPage,1779186444,1,0,1
0giczgk3,8,4u7tqnwt,14,bargaining_tdl_main,Decision,1779186451,1,0,0
0giczgk3,5,i3h1lkft,14,bargaining_tdl_main,Decision,1779186459,1,0,0
0giczgk3,9,5pol3kby,14,bargaining_tdl_main,Decision,1779186468,1,0,0
0giczgk3,5,i3h1lkft,15,bargaining_tdl_main,ResultsWaitPage,1779186469,1,0,1
0giczgk3,8,4u7tqnwt,15,bargaining_tdl_main,ResultsWaitPage,1779186469,1,0,1
0giczgk3,9,5pol3kby,15,bargaining_tdl_main,ResultsWaitPage,1779186469,1,0,1
0giczgk3,9,5pol3kby,16,bargaining_tdl_main,Results,1779186471,1,0,0
0giczgk3,8,4u7tqnwt,16,bargaining_tdl_main,Results,1779186474,1,0,0
0giczgk3,5,i3h1lkft,16,bargaining_tdl_main,Results,1779186478,1,0,0
0giczgk3,9,5pol3kby,18,bargaining_tdl_part3,InstructionsPart3,1779186488,1,0,0
0giczgk3,8,4u7tqnwt,18,bargaining_tdl_part3,InstructionsPart3,1779186492,1,0,0
0giczgk3,8,4u7tqnwt,20,bargaining_tdl_part3,ResultsPart3,1779186495,1,0,0
0giczgk3,9,5pol3kby,20,bargaining_tdl_part3,ResultsPart3,1779186497,1,0,0
0giczgk3,5,i3h1lkft,18,bargaining_tdl_part3,InstructionsPart3,1779186503,1,0,0
0giczgk3,5,i3h1lkft,20,bargaining_tdl_part3,ResultsPart3,1779186504,1,0,0
0giczgk3,9,5pol3kby,21,bargaining_tdl_survey,SurveyIntro,1779186507,1,0,0
0giczgk3,8,4u7tqnwt,21,bargaining_tdl_survey,SurveyIntro,1779186510,1,0,0
0giczgk3,8,4u7tqnwt,22,bargaining_tdl_survey,SurveyQuestions,1779186523,1,0,0
0giczgk3,9,5pol3kby,22,bargaining_tdl_survey,SurveyQuestions,1779186535,1,0,0
0giczgk3,5,i3h1lkft,21,bargaining_tdl_survey,SurveyIntro,1779186538,1,0,0
0giczgk3,5,i3h1lkft,22,bargaining_tdl_survey,SurveyQuestions,1779186549,1,0,0
0giczgk3,9,5pol3kby,23,bargaining_tdl_survey,SurveyScaleIntro,1779186552,1,0,0
0giczgk3,8,4u7tqnwt,23,bargaining_tdl_survey,SurveyScaleIntro,1779186555,1,0,0
0giczgk3,8,4u7tqnwt,24,bargaining_tdl_survey,SurveyPage4,1779186557,1,0,0
0giczgk3,8,4u7tqnwt,25,bargaining_tdl_survey,SurveyPage5,1779186560,1,0,0
0giczgk3,8,4u7tqnwt,26,bargaining_tdl_survey,SurveyPage6,1779186563,1,0,0
0giczgk3,8,4u7tqnwt,27,bargaining_tdl_survey,SurveyPage7,1779186565,1,0,0
0giczgk3,8,4u7tqnwt,28,bargaining_tdl_survey,SurveyPage8,1779186568,1,0,0
0giczgk3,8,4u7tqnwt,29,bargaining_tdl_survey,SurveyPage9,1779186570,1,0,0
0giczgk3,8,4u7tqnwt,30,bargaining_tdl_survey,SurveyPage10,1779186576,1,0,0
5ziyazqd,1,1b64tita,0,,InitializeParticipant,1779187159,1,0,0
brf496k2,1,0njxfr1b,0,,InitializeParticipant,1779187367,1,0,0
brf496k2,1,0njxfr1b,1,bargaining_tdl_intro,Welcome,1779187374,1,0,0
brf496k2,1,0njxfr1b,2,bargaining_tdl_intro,InstructionsPart1,1779187383,1,0,0
el73t6hp,1,opt0r6qy,0,,InitializeParticipant,1779187448,1,0,0
el73t6hp,2,p3wi5j2i,0,,InitializeParticipant,1779187449,1,0,0
el73t6hp,3,dx0ls2i4,0,,InitializeParticipant,1779187449,1,0,0
el73t6hp,1,opt0r6qy,1,bargaining_tdl_intro,Welcome,1779187452,1,0,0
el73t6hp,1,opt0r6qy,2,bargaining_tdl_intro,InstructionsPart1,1779187454,1,0,0
el73t6hp,1,opt0r6qy,3,bargaining_tdl_intro,ControlQuestionsAttempt1,1779187466,1,0,0
el73t6hp,2,p3wi5j2i,1,bargaining_tdl_intro,Welcome,1779187469,1,0,0
el73t6hp,2,p3wi5j2i,2,bargaining_tdl_intro,InstructionsPart1,1779187472,1,0,0
el73t6hp,2,p3wi5j2i,3,bargaining_tdl_intro,ControlQuestionsAttempt1,1779187483,1,0,0
el73t6hp,3,dx0ls2i4,1,bargaining_tdl_intro,Welcome,1779187488,1,0,0
el73t6hp,3,dx0ls2i4,2,bargaining_tdl_intro,InstructionsPart1,1779187490,1,0,0
el73t6hp,3,dx0ls2i4,3,bargaining_tdl_intro,ControlQuestionsAttempt1,1779187503,1,0,0
el73t6hp,1,opt0r6qy,9,bargaining_tdl_main,GroupingAfterControlQuestions,1779187503,1,0,1
el73t6hp,2,p3wi5j2i,9,bargaining_tdl_main,GroupingAfterControlQuestions,1779187503,1,0,1
el73t6hp,3,dx0ls2i4,9,bargaining_tdl_main,GroupingAfterControlQuestions,1779187503,1,0,1
el73t6hp,3,dx0ls2i4,10,bargaining_tdl_main,Chat,1779187618,1,0,0
el73t6hp,2,p3wi5j2i,10,bargaining_tdl_main,Chat,1779187623,1,0,0
el73t6hp,2,p3wi5j2i,11,bargaining_tdl_main,Signals,1779187626,1,0,0
el73t6hp,1,opt0r6qy,10,bargaining_tdl_main,Chat,1779187626,1,1,0
el73t6hp,3,dx0ls2i4,11,bargaining_tdl_main,Signals,1779187630,1,0,0
el73t6hp,1,opt0r6qy,11,bargaining_tdl_main,Signals,1779187647,1,0,0
el73t6hp,1,opt0r6qy,13,bargaining_tdl_main,DataMappingWaitPage,1779187647,1,0,1
el73t6hp,2,p3wi5j2i,13,bargaining_tdl_main,DataMappingWaitPage,1779187647,1,0,1
el73t6hp,3,dx0ls2i4,13,bargaining_tdl_main,DataMappingWaitPage,1779187647,1,0,1
el73t6hp,1,opt0r6qy,14,bargaining_tdl_main,Decision,1779187651,1,0,0
el73t6hp,3,dx0ls2i4,14,bargaining_tdl_main,Decision,1779187654,1,0,0
el73t6hp,2,p3wi5j2i,14,bargaining_tdl_main,Decision,1779187657,1,0,0
el73t6hp,1,opt0r6qy,15,bargaining_tdl_main,ResultsWaitPage,1779187658,1,0,1
el73t6hp,3,dx0ls2i4,15,bargaining_tdl_main,ResultsWaitPage,1779187658,1,0,1
el73t6hp,2,p3wi5j2i,15,bargaining_tdl_main,ResultsWaitPage,1779187658,1,0,1
el73t6hp,1,opt0r6qy,16,bargaining_tdl_main,Results,1779187662,1,0,0
el73t6hp,3,dx0ls2i4,16,bargaining_tdl_main,Results,1779187664,1,0,0
el73t6hp,2,p3wi5j2i,16,bargaining_tdl_main,Results,1779187666,1,0,0
el73t6hp,2,p3wi5j2i,18,bargaining_tdl_part3,InstructionsPart3,1779187669,1,0,0
el73t6hp,3,dx0ls2i4,18,bargaining_tdl_part3,InstructionsPart3,1779187672,1,0,0
el73t6hp,1,opt0r6qy,18,bargaining_tdl_part3,InstructionsPart3,1779187675,1,0,0
el73t6hp,1,opt0r6qy,20,bargaining_tdl_part3,ResultsPart3,1779187677,1,0,0
el73t6hp,1,opt0r6qy,21,bargaining_tdl_survey,SurveyIntro,1779187679,1,0,0
el73t6hp,1,opt0r6qy,22,bargaining_tdl_survey,SurveyQuestions,1779187690,1,0,0
el73t6hp,1,opt0r6qy,23,bargaining_tdl_survey,SurveyScaleIntro,1779187691,1,0,0
el73t6hp,1,opt0r6qy,24,bargaining_tdl_survey,SurveyPage4,1779187693,1,0,0
el73t6hp,1,opt0r6qy,25,bargaining_tdl_survey,SurveyPage5,1779187695,1,0,0
el73t6hp,1,opt0r6qy,26,bargaining_tdl_survey,SurveyPage6,1779187697,1,0,0
el73t6hp,1,opt0r6qy,27,bargaining_tdl_survey,SurveyPage7,1779187698,1,0,0
el73t6hp,1,opt0r6qy,28,bargaining_tdl_survey,SurveyPage8,1779187700,1,0,0
el73t6hp,1,opt0r6qy,29,bargaining_tdl_survey,SurveyPage9,1779187703,1,0,0
el73t6hp,1,opt0r6qy,30,bargaining_tdl_survey,SurveyPage10,1779187707,1,0,0
el73t6hp,3,dx0ls2i4,20,bargaining_tdl_part3,ResultsPart3,1779187715,1,0,0
el73t6hp,3,dx0ls2i4,21,bargaining_tdl_survey,SurveyIntro,1779187716,1,0,0
el73t6hp,3,dx0ls2i4,22,bargaining_tdl_survey,SurveyQuestions,1779187727,1,0,0
el73t6hp,3,dx0ls2i4,23,bargaining_tdl_survey,SurveyScaleIntro,1779187728,1,0,0
el73t6hp,3,dx0ls2i4,24,bargaining_tdl_survey,SurveyPage4,1779187730,1,0,0
el73t6hp,3,dx0ls2i4,25,bargaining_tdl_survey,SurveyPage5,1779187732,1,0,0
el73t6hp,3,dx0ls2i4,26,bargaining_tdl_survey,SurveyPage6,1779187734,1,0,0
el73t6hp,3,dx0ls2i4,27,bargaining_tdl_survey,SurveyPage7,1779187737,1,0,0
el73t6hp,3,dx0ls2i4,28,bargaining_tdl_survey,SurveyPage8,1779187739,1,0,0
el73t6hp,3,dx0ls2i4,29,bargaining_tdl_survey,SurveyPage9,1779187740,1,0,0
el73t6hp,3,dx0ls2i4,30,bargaining_tdl_survey,SurveyPage10,1779187749,1,0,0
el73t6hp,2,p3wi5j2i,20,bargaining_tdl_part3,ResultsPart3,1779187756,1,0,0
el73t6hp,2,p3wi5j2i,21,bargaining_tdl_survey,SurveyIntro,1779187759,1,0,0
el73t6hp,2,p3wi5j2i,22,bargaining_tdl_survey,SurveyQuestions,1779187769,1,0,0
el73t6hp,2,p3wi5j2i,23,bargaining_tdl_survey,SurveyScaleIntro,1779187771,1,0,0
el73t6hp,2,p3wi5j2i,24,bargaining_tdl_survey,SurveyPage4,1779187797,1,0,0
el73t6hp,2,p3wi5j2i,25,bargaining_tdl_survey,SurveyPage5,1779187799,1,0,0
el73t6hp,2,p3wi5j2i,26,bargaining_tdl_survey,SurveyPage6,1779187801,1,0,0
el73t6hp,2,p3wi5j2i,27,bargaining_tdl_survey,SurveyPage7,1779187803,1,0,0
el73t6hp,2,p3wi5j2i,28,bargaining_tdl_survey,SurveyPage8,1779187805,1,0,0
el73t6hp,2,p3wi5j2i,29,bargaining_tdl_survey,SurveyPage9,1779187806,1,0,0
el73t6hp,2,p3wi5j2i,30,bargaining_tdl_survey,SurveyPage10,1779187811,1,0,0
eegn68o9,1,iq1yi77u,0,,InitializeParticipant,1779189348,1,0,0
eegn68o9,4,z20gwqdu,0,,InitializeParticipant,1779189354,1,0,0
eegn68o9,5,1evej7gn,0,,InitializeParticipant,1779189354,1,0,0
eegn68o9,2,gpya7t9r,0,,InitializeParticipant,1779189354,1,0,0
eegn68o9,3,rvnhag7n,0,,InitializeParticipant,1779189355,1,0,0
eegn68o9,7,s3g3i02t,0,,InitializeParticipant,1779189355,1,0,0
eegn68o9,10,z24cf6fs,0,,InitializeParticipant,1779189355,1,0,0
eegn68o9,6,miqri3hi,0,,InitializeParticipant,1779189355,1,0,0
eegn68o9,8,eutuv8ct,0,,InitializeParticipant,1779189355,1,0,0
eegn68o9,9,1w77s6ru,0,,InitializeParticipant,1779189355,1,0,0
eegn68o9,11,armln33o,0,,InitializeParticipant,1779189355,1,0,0
eegn68o9,12,294bzyjf,0,,InitializeParticipant,1779189355,1,0,0
eegn68o9,13,acq3llui,0,,InitializeParticipant,1779189355,1,0,0
eegn68o9,14,uqtljjy8,0,,InitializeParticipant,1779189355,1,0,0
eegn68o9,15,l8aj9b7b,0,,InitializeParticipant,1779189355,1,0,0
eegn68o9,19,7sh4wsob,0,,InitializeParticipant,1779189391,1,0,0
eegn68o9,18,iharzy3s,0,,InitializeParticipant,1779189391,1,0,0
eegn68o9,20,8g3ako02,0,,InitializeParticipant,1779189391,1,0,0
eegn68o9,16,ijwyuhp9,0,,InitializeParticipant,1779189391,1,0,0
eegn68o9,21,8i9vw5ss,0,,InitializeParticipant,1779189391,1,0,0
eegn68o9,23,0oby6q2d,0,,InitializeParticipant,1779189391,1,0,0
eegn68o9,17,s6cygvjc,0,,InitializeParticipant,1779189391,1,0,0
eegn68o9,22,qsub7p42,0,,InitializeParticipant,1779189391,1,0,0
eegn68o9,25,2z80v124,0,,InitializeParticipant,1779189391,1,0,0
eegn68o9,24,iz4palld,0,,InitializeParticipant,1779189391,1,0,0
eegn68o9,32,lyva58co,0,,InitializeParticipant,1779189392,1,0,0
eegn68o9,34,y9ow1gdd,0,,InitializeParticipant,1779189392,1,0,0
eegn68o9,27,ucynf5cq,0,,InitializeParticipant,1779189392,1,0,0
eegn68o9,35,5cr1xp2q,0,,InitializeParticipant,1779189392,1,0,0
eegn68o9,28,r51cvcoy,0,,InitializeParticipant,1779189392,1,0,0
eegn68o9,31,jzqkp7aa,0,,InitializeParticipant,1779189392,1,0,0
eegn68o9,29,ho13qsj9,0,,InitializeParticipant,1779189392,1,0,0
eegn68o9,26,2pn7co5a,0,,InitializeParticipant,1779189392,1,0,0
eegn68o9,33,fenukb9f,0,,InitializeParticipant,1779189392,1,0,0
eegn68o9,30,1ewrfteq,0,,InitializeParticipant,1779189392,1,0,0
eegn68o9,37,u7a87ev6,0,,InitializeParticipant,1779189393,1,0,0
eegn68o9,41,7vg44sh6,0,,InitializeParticipant,1779189393,1,0,0
eegn68o9,36,7xy4bo9l,0,,InitializeParticipant,1779189393,1,0,0
eegn68o9,42,gr9owwbp,0,,InitializeParticipant,1779189393,1,0,0
eegn68o9,40,d9h0b69o,0,,InitializeParticipant,1779189393,1,0,0
eegn68o9,39,5087dffb,0,,InitializeParticipant,1779189393,1,0,0
eegn68o9,43,df8hkl28,0,,InitializeParticipant,1779189393,1,0,0
eegn68o9,45,l8e3conm,0,,InitializeParticipant,1779189393,1,0,0
eegn68o9,44,gafyyoqx,0,,InitializeParticipant,1779189393,1,0,0
eegn68o9,38,eubjcpxj,0,,InitializeParticipant,1779189393,1,0,0
eegn68o9,3,rvnhag7n,1,bargaining_tdl_intro,Welcome,1779189651,1,0,0
eegn68o9,4,z20gwqdu,1,bargaining_tdl_intro,Welcome,1779189662,1,0,0
eegn68o9,1,iq1yi77u,1,bargaining_tdl_intro,Welcome,1779189662,1,0,0
eegn68o9,5,1evej7gn,1,bargaining_tdl_intro,Welcome,1779189663,1,0,0
eegn68o9,9,1w77s6ru,1,bargaining_tdl_intro,Welcome,1779189663,1,0,0
eegn68o9,10,z24cf6fs,1,bargaining_tdl_intro,Welcome,1779189664,1,0,0
eegn68o9,2,gpya7t9r,1,bargaining_tdl_intro,Welcome,1779189665,1,0,0
eegn68o9,6,miqri3hi,1,bargaining_tdl_intro,Welcome,1779189665,1,0,0
eegn68o9,8,eutuv8ct,1,bargaining_tdl_intro,Welcome,1779189665,1,0,0
eegn68o9,7,s3g3i02t,1,bargaining_tdl_intro,Welcome,1779189665,1,0,0
eegn68o9,5,1evej7gn,2,bargaining_tdl_intro,InstructionsPart1,1779189666,1,0,0
eegn68o9,3,rvnhag7n,2,bargaining_tdl_intro,InstructionsPart1,1779189666,1,0,0
eegn68o9,1,iq1yi77u,2,bargaining_tdl_intro,InstructionsPart1,1779189667,1,0,0
eegn68o9,7,s3g3i02t,2,bargaining_tdl_intro,InstructionsPart1,1779189667,1,0,0
eegn68o9,4,z20gwqdu,2,bargaining_tdl_intro,InstructionsPart1,1779189667,1,0,0
eegn68o9,10,z24cf6fs,2,bargaining_tdl_intro,InstructionsPart1,1779189667,1,0,0
eegn68o9,9,1w77s6ru,2,bargaining_tdl_intro,InstructionsPart1,1779189667,1,0,0
eegn68o9,6,miqri3hi,2,bargaining_tdl_intro,InstructionsPart1,1779189667,1,0,0
eegn68o9,2,gpya7t9r,2,bargaining_tdl_intro,InstructionsPart1,1779189667,1,0,0
eegn68o9,8,eutuv8ct,2,bargaining_tdl_intro,InstructionsPart1,1779189667,1,0,0
eegn68o9,5,1evej7gn,3,bargaining_tdl_intro,ControlQuestionsAttempt1,1779189668,1,0,0
eegn68o9,1,iq1yi77u,3,bargaining_tdl_intro,ControlQuestionsAttempt1,1779189668,1,0,0
eegn68o9,3,rvnhag7n,3,bargaining_tdl_intro,ControlQuestionsAttempt1,1779189669,1,0,0
eegn68o9,4,z20gwqdu,3,bargaining_tdl_intro,ControlQuestionsAttempt1,1779189669,1,0,0
eegn68o9,10,z24cf6fs,3,bargaining_tdl_intro,ControlQuestionsAttempt1,1779189669,1,0,0
eegn68o9,7,s3g3i02t,3,bargaining_tdl_intro,ControlQuestionsAttempt1,1779189669,1,0,0
eegn68o9,2,gpya7t9r,3,bargaining_tdl_intro,ControlQuestionsAttempt1,1779189669,1,0,0
eegn68o9,6,miqri3hi,3,bargaining_tdl_intro,ControlQuestionsAttempt1,1779189670,1,0,0
eegn68o9,8,eutuv8ct,3,bargaining_tdl_intro,ControlQuestionsAttempt1,1779189670,1,0,0
eegn68o9,1,iq1yi77u,4,bargaining_tdl_intro,ControlQuestionsAttempt2,1779189670,1,0,0
eegn68o9,9,1w77s6ru,3,bargaining_tdl_intro,ControlQuestionsAttempt1,1779189670,1,0,0
eegn68o9,5,1evej7gn,4,bargaining_tdl_intro,ControlQuestionsAttempt2,1779189670,1,0,0
eegn68o9,6,miqri3hi,4,bargaining_tdl_intro,ControlQuestionsAttempt2,1779189671,1,0,0
eegn68o9,3,rvnhag7n,4,bargaining_tdl_intro,ControlQuestionsAttempt2,1779189671,1,0,0
eegn68o9,10,z24cf6fs,4,bargaining_tdl_intro,ControlQuestionsAttempt2,1779189672,1,0,0
eegn68o9,4,z20gwqdu,4,bargaining_tdl_intro,ControlQuestionsAttempt2,1779189672,1,0,0
eegn68o9,2,gpya7t9r,4,bargaining_tdl_intro,ControlQuestionsAttempt2,1779189672,1,0,0
eegn68o9,7,s3g3i02t,4,bargaining_tdl_intro,ControlQuestionsAttempt2,1779189672,1,0,0
eegn68o9,6,miqri3hi,5,bargaining_tdl_intro,ControlQuestionsAttempt3,1779189673,1,0,0
eegn68o9,5,1evej7gn,5,bargaining_tdl_intro,ControlQuestionsAttempt3,1779189673,1,0,0
eegn68o9,9,1w77s6ru,4,bargaining_tdl_intro,ControlQuestionsAttempt2,1779189673,1,0,0
eegn68o9,8,eutuv8ct,4,bargaining_tdl_intro,ControlQuestionsAttempt2,1779189673,1,0,0
eegn68o9,1,iq1yi77u,5,bargaining_tdl_intro,ControlQuestionsAttempt3,1779189673,1,0,0
eegn68o9,3,rvnhag7n,5,bargaining_tdl_intro,ControlQuestionsAttempt3,1779189673,1,0,0
eegn68o9,4,z20gwqdu,5,bargaining_tdl_intro,ControlQuestionsAttempt3,1779189673,1,0,0
eegn68o9,10,z24cf6fs,5,bargaining_tdl_intro,ControlQuestionsAttempt3,1779189674,1,0,0
eegn68o9,6,miqri3hi,6,bargaining_tdl_intro,ControlQuestionsAttempt4,1779189674,1,0,0
eegn68o9,5,1evej7gn,6,bargaining_tdl_intro,ControlQuestionsAttempt4,1779189674,1,0,0
eegn68o9,2,gpya7t9r,5,bargaining_tdl_intro,ControlQuestionsAttempt3,1779189674,1,0,0
eegn68o9,7,s3g3i02t,5,bargaining_tdl_intro,ControlQuestionsAttempt3,1779189674,1,0,0
eegn68o9,3,rvnhag7n,6,bargaining_tdl_intro,ControlQuestionsAttempt4,1779189675,1,0,0
eegn68o9,1,iq1yi77u,6,bargaining_tdl_intro,ControlQuestionsAttempt4,1779189675,1,0,0
eegn68o9,9,1w77s6ru,5,bargaining_tdl_intro,ControlQuestionsAttempt3,1779189676,1,0,0
eegn68o9,6,miqri3hi,7,bargaining_tdl_intro,ControlQuestionsAttempt5,1779189676,1,0,0
eegn68o9,8,eutuv8ct,5,bargaining_tdl_intro,ControlQuestionsAttempt3,1779189676,1,0,0
eegn68o9,10,z24cf6fs,6,bargaining_tdl_intro,ControlQuestionsAttempt4,1779189676,1,0,0
eegn68o9,4,z20gwqdu,6,bargaining_tdl_intro,ControlQuestionsAttempt4,1779189676,1,0,0
eegn68o9,5,1evej7gn,7,bargaining_tdl_intro,ControlQuestionsAttempt5,1779189679,1,0,0
eegn68o9,2,gpya7t9r,6,bargaining_tdl_intro,ControlQuestionsAttempt4,1779189680,1,0,0
eegn68o9,7,s3g3i02t,6,bargaining_tdl_intro,ControlQuestionsAttempt4,1779189680,1,0,0
eegn68o9,3,rvnhag7n,7,bargaining_tdl_intro,ControlQuestionsAttempt5,1779189680,1,0,0
eegn68o9,1,iq1yi77u,7,bargaining_tdl_intro,ControlQuestionsAttempt5,1779189680,1,0,0
eegn68o9,6,miqri3hi,8,bargaining_tdl_intro,Goodbye,1779189680,1,0,0
eegn68o9,8,eutuv8ct,6,bargaining_tdl_intro,ControlQuestionsAttempt4,1779189680,1,0,0
eegn68o9,9,1w77s6ru,6,bargaining_tdl_intro,ControlQuestionsAttempt4,1779189680,1,0,0
eegn68o9,10,z24cf6fs,7,bargaining_tdl_intro,ControlQuestionsAttempt5,1779189680,1,0,0
eegn68o9,4,z20gwqdu,7,bargaining_tdl_intro,ControlQuestionsAttempt5,1779189680,1,0,0
eegn68o9,2,gpya7t9r,7,bargaining_tdl_intro,ControlQuestionsAttempt5,1779189681,1,0,0
eegn68o9,3,rvnhag7n,8,bargaining_tdl_intro,Goodbye,1779189681,1,0,0
eegn68o9,5,1evej7gn,8,bargaining_tdl_intro,Goodbye,1779189681,1,0,0
eegn68o9,7,s3g3i02t,7,bargaining_tdl_intro,ControlQuestionsAttempt5,1779189681,1,0,0
eegn68o9,3,rvnhag7n,9,bargaining_tdl_main,GroupingAfterControlQuestions,1779189682,1,0,1
eegn68o9,5,1evej7gn,9,bargaining_tdl_main,GroupingAfterControlQuestions,1779189682,1,0,1
eegn68o9,6,miqri3hi,9,bargaining_tdl_main,GroupingAfterControlQuestions,1779189682,1,0,1
eegn68o9,1,iq1yi77u,8,bargaining_tdl_intro,Goodbye,1779189683,1,0,0
eegn68o9,9,1w77s6ru,7,bargaining_tdl_intro,ControlQuestionsAttempt5,1779189683,1,0,0
eegn68o9,4,z20gwqdu,8,bargaining_tdl_intro,Goodbye,1779189683,1,0,0
eegn68o9,10,z24cf6fs,8,bargaining_tdl_intro,Goodbye,1779189683,1,0,0
eegn68o9,8,eutuv8ct,7,bargaining_tdl_intro,ControlQuestionsAttempt5,1779189683,1,0,0
eegn68o9,2,gpya7t9r,8,bargaining_tdl_intro,Goodbye,1779189683,1,0,0
eegn68o9,1,iq1yi77u,9,bargaining_tdl_main,GroupingAfterControlQuestions,1779189683,1,0,1
eegn68o9,4,z20gwqdu,9,bargaining_tdl_main,GroupingAfterControlQuestions,1779189683,1,0,1
eegn68o9,10,z24cf6fs,9,bargaining_tdl_main,GroupingAfterControlQuestions,1779189683,1,0,1
eegn68o9,6,miqri3hi,10,bargaining_tdl_main,Chat,1779189683,1,0,0
eegn68o9,3,rvnhag7n,10,bargaining_tdl_main,Chat,1779189683,1,0,0
eegn68o9,7,s3g3i02t,8,bargaining_tdl_intro,Goodbye,1779189684,1,0,0
eegn68o9,5,1evej7gn,10,bargaining_tdl_main,Chat,1779189684,1,0,0
eegn68o9,9,1w77s6ru,8,bargaining_tdl_intro,Goodbye,1779189684,1,0,0
eegn68o9,2,gpya7t9r,9,bargaining_tdl_main,GroupingAfterControlQuestions,1779189684,1,0,1
eegn68o9,7,s3g3i02t,9,bargaining_tdl_main,GroupingAfterControlQuestions,1779189684,1,0,1
eegn68o9,9,1w77s6ru,9,bargaining_tdl_main,GroupingAfterControlQuestions,1779189684,1,0,1
eegn68o9,3,rvnhag7n,11,bargaining_tdl_main,Signals,1779189684,1,0,0
eegn68o9,10,z24cf6fs,10,bargaining_tdl_main,Chat,1779189685,1,0,0
eegn68o9,8,eutuv8ct,8,bargaining_tdl_intro,Goodbye,1779189685,1,0,0
eegn68o9,1,iq1yi77u,10,bargaining_tdl_main,Chat,1779189685,1,0,0
eegn68o9,6,miqri3hi,11,bargaining_tdl_main,Signals,1779189685,1,0,0
eegn68o9,4,z20gwqdu,10,bargaining_tdl_main,Chat,1779189685,1,0,0
eegn68o9,7,s3g3i02t,10,bargaining_tdl_main,Chat,1779189685,1,0,0
eegn68o9,5,1evej7gn,11,bargaining_tdl_main,Signals,1779189685,1,0,0
eegn68o9,3,rvnhag7n,13,bargaining_tdl_main,DataMappingWaitPage,1779189685,1,0,1
eegn68o9,5,1evej7gn,13,bargaining_tdl_main,DataMappingWaitPage,1779189685,1,0,1
eegn68o9,6,miqri3hi,13,bargaining_tdl_main,DataMappingWaitPage,1779189685,1,0,1
eegn68o9,2,gpya7t9r,10,bargaining_tdl_main,Chat,1779189685,1,0,0
eegn68o9,10,z24cf6fs,11,bargaining_tdl_main,Signals,1779189685,1,0,0
eegn68o9,1,iq1yi77u,11,bargaining_tdl_main,Signals,1779189686,1,0,0
eegn68o9,9,1w77s6ru,10,bargaining_tdl_main,Chat,1779189686,1,0,0
eegn68o9,3,rvnhag7n,14,bargaining_tdl_main,Decision,1779189686,1,0,0
eegn68o9,4,z20gwqdu,11,bargaining_tdl_main,Signals,1779189686,1,0,0
eegn68o9,1,iq1yi77u,13,bargaining_tdl_main,DataMappingWaitPage,1779189686,1,0,1
eegn68o9,4,z20gwqdu,13,bargaining_tdl_main,DataMappingWaitPage,1779189686,1,0,1
eegn68o9,10,z24cf6fs,13,bargaining_tdl_main,DataMappingWaitPage,1779189686,1,0,1
eegn68o9,7,s3g3i02t,11,bargaining_tdl_main,Signals,1779189687,1,0,0
eegn68o9,2,gpya7t9r,11,bargaining_tdl_main,Signals,1779189687,1,0,0
eegn68o9,6,miqri3hi,14,bargaining_tdl_main,Decision,1779189687,1,0,0
eegn68o9,10,z24cf6fs,14,bargaining_tdl_main,Decision,1779189688,1,0,0
eegn68o9,5,1evej7gn,14,bargaining_tdl_main,Decision,1779189688,1,0,0
eegn68o9,1,iq1yi77u,14,bargaining_tdl_main,Decision,1779189688,1,0,0
eegn68o9,6,miqri3hi,15,bargaining_tdl_main,ResultsWaitPage,1779189691,1,0,1
eegn68o9,3,rvnhag7n,15,bargaining_tdl_main,ResultsWaitPage,1779189691,1,0,1
eegn68o9,5,1evej7gn,15,bargaining_tdl_main,ResultsWaitPage,1779189691,1,0,1
eegn68o9,9,1w77s6ru,11,bargaining_tdl_main,Signals,1779189691,1,0,0
eegn68o9,2,gpya7t9r,13,bargaining_tdl_main,DataMappingWaitPage,1779189693,1,0,1
eegn68o9,7,s3g3i02t,13,bargaining_tdl_main,DataMappingWaitPage,1779189693,1,0,1
eegn68o9,9,1w77s6ru,13,bargaining_tdl_main,DataMappingWaitPage,1779189693,1,0,1
eegn68o9,4,z20gwqdu,14,bargaining_tdl_main,Decision,1779189694,1,0,0
eegn68o9,1,iq1yi77u,15,bargaining_tdl_main,ResultsWaitPage,1779189695,1,0,1
eegn68o9,4,z20gwqdu,15,bargaining_tdl_main,ResultsWaitPage,1779189695,1,0,1
eegn68o9,10,z24cf6fs,15,bargaining_tdl_main,ResultsWaitPage,1779189695,1,0,1
eegn68o9,3,rvnhag7n,16,bargaining_tdl_main,Results,1779189695,1,0,0
eegn68o9,7,s3g3i02t,14,bargaining_tdl_main,Decision,1779189695,1,0,0
eegn68o9,2,gpya7t9r,14,bargaining_tdl_main,Decision,1779189695,1,0,0
eegn68o9,5,1evej7gn,16,bargaining_tdl_main,Results,1779189696,1,0,0
eegn68o9,10,z24cf6fs,16,bargaining_tdl_main,Results,1779189696,1,0,0
eegn68o9,6,miqri3hi,16,bargaining_tdl_main,Results,1779189696,1,0,0
eegn68o9,1,iq1yi77u,16,bargaining_tdl_main,Results,1779189696,1,0,0
eegn68o9,9,1w77s6ru,14,bargaining_tdl_main,Decision,1779189697,1,0,0
eegn68o9,7,s3g3i02t,15,bargaining_tdl_main,ResultsWaitPage,1779189697,1,0,1
eegn68o9,2,gpya7t9r,15,bargaining_tdl_main,ResultsWaitPage,1779189697,1,0,1
eegn68o9,9,1w77s6ru,15,bargaining_tdl_main,ResultsWaitPage,1779189697,1,0,1
eegn68o9,4,z20gwqdu,16,bargaining_tdl_main,Results,1779189698,1,0,0
eegn68o9,3,rvnhag7n,18,bargaining_tdl_part3,InstructionsPart3,1779189698,1,0,0
eegn68o9,10,z24cf6fs,18,bargaining_tdl_part3,InstructionsPart3,1779189699,1,0,0
eegn68o9,5,1evej7gn,18,bargaining_tdl_part3,InstructionsPart3,1779189699,1,0,0
eegn68o9,7,s3g3i02t,16,bargaining_tdl_main,Results,1779189699,1,0,0
eegn68o9,2,gpya7t9r,16,bargaining_tdl_main,Results,1779189699,1,0,0
eegn68o9,6,miqri3hi,18,bargaining_tdl_part3,InstructionsPart3,1779189699,1,0,0
eegn68o9,1,iq1yi77u,18,bargaining_tdl_part3,InstructionsPart3,1779189700,1,0,0
eegn68o9,9,1w77s6ru,16,bargaining_tdl_main,Results,1779189700,1,0,0
eegn68o9,4,z20gwqdu,18,bargaining_tdl_part3,InstructionsPart3,1779189701,1,0,0
eegn68o9,3,rvnhag7n,20,bargaining_tdl_part3,ResultsPart3,1779189702,1,0,0
eegn68o9,10,z24cf6fs,20,bargaining_tdl_part3,ResultsPart3,1779189702,1,0,0
eegn68o9,6,miqri3hi,20,bargaining_tdl_part3,ResultsPart3,1779189702,1,0,0
eegn68o9,5,1evej7gn,20,bargaining_tdl_part3,ResultsPart3,1779189702,1,0,0
eegn68o9,2,gpya7t9r,18,bargaining_tdl_part3,InstructionsPart3,1779189702,1,0,0
eegn68o9,7,s3g3i02t,18,bargaining_tdl_part3,InstructionsPart3,1779189703,1,0,0
eegn68o9,1,iq1yi77u,20,bargaining_tdl_part3,ResultsPart3,1779189703,1,0,0
eegn68o9,9,1w77s6ru,18,bargaining_tdl_part3,InstructionsPart3,1779189703,1,0,0
eegn68o9,4,z20gwqdu,20,bargaining_tdl_part3,ResultsPart3,1779189704,1,0,0
eegn68o9,3,rvnhag7n,21,bargaining_tdl_survey,SurveyIntro,1779189704,1,0,0
eegn68o9,10,z24cf6fs,21,bargaining_tdl_survey,SurveyIntro,1779189704,1,0,0
eegn68o9,6,miqri3hi,21,bargaining_tdl_survey,SurveyIntro,1779189704,1,0,0
eegn68o9,5,1evej7gn,21,bargaining_tdl_survey,SurveyIntro,1779189704,1,0,0
eegn68o9,1,iq1yi77u,21,bargaining_tdl_survey,SurveyIntro,1779189704,1,0,0
eegn68o9,2,gpya7t9r,20,bargaining_tdl_part3,ResultsPart3,1779189705,1,0,0
eegn68o9,7,s3g3i02t,20,bargaining_tdl_part3,ResultsPart3,1779189705,1,0,0
eegn68o9,4,z20gwqdu,21,bargaining_tdl_survey,SurveyIntro,1779189705,1,0,0
eegn68o9,9,1w77s6ru,20,bargaining_tdl_part3,ResultsPart3,1779189705,1,0,0
eegn68o9,7,s3g3i02t,21,bargaining_tdl_survey,SurveyIntro,1779189706,1,0,0
eegn68o9,2,gpya7t9r,21,bargaining_tdl_survey,SurveyIntro,1779189706,1,0,0
eegn68o9,9,1w77s6ru,21,bargaining_tdl_survey,SurveyIntro,1779189706,1,0,0
eegn68o9,11,armln33o,1,bargaining_tdl_intro,Welcome,1779189865,1,0,0
eegn68o9,12,294bzyjf,1,bargaining_tdl_intro,Welcome,1779189865,1,0,0
eegn68o9,11,armln33o,2,bargaining_tdl_intro,InstructionsPart1,1779189865,1,0,0
eegn68o9,17,s6cygvjc,1,bargaining_tdl_intro,Welcome,1779189866,1,0,0
eegn68o9,24,iz4palld,1,bargaining_tdl_intro,Welcome,1779189866,1,0,0
eegn68o9,23,0oby6q2d,1,bargaining_tdl_intro,Welcome,1779189866,1,0,0
eegn68o9,22,qsub7p42,1,bargaining_tdl_intro,Welcome,1779189866,1,0,0
eegn68o9,15,l8aj9b7b,1,bargaining_tdl_intro,Welcome,1779189866,1,0,0
eegn68o9,16,ijwyuhp9,1,bargaining_tdl_intro,Welcome,1779189866,1,0,0
eegn68o9,19,7sh4wsob,1,bargaining_tdl_intro,Welcome,1779189866,1,0,0
eegn68o9,13,acq3llui,1,bargaining_tdl_intro,Welcome,1779189866,1,0,0
eegn68o9,21,8i9vw5ss,1,bargaining_tdl_intro,Welcome,1779189867,1,0,0
eegn68o9,14,uqtljjy8,1,bargaining_tdl_intro,Welcome,1779189867,1,0,0
eegn68o9,20,8g3ako02,1,bargaining_tdl_intro,Welcome,1779189867,1,0,0
eegn68o9,18,iharzy3s,1,bargaining_tdl_intro,Welcome,1779189867,1,0,0
eegn68o9,12,294bzyjf,2,bargaining_tdl_intro,InstructionsPart1,1779189867,1,0,0
eegn68o9,11,armln33o,3,bargaining_tdl_intro,ControlQuestionsAttempt1,1779189869,1,0,0
eegn68o9,34,y9ow1gdd,1,bargaining_tdl_intro,Welcome,1779189869,1,0,0
eegn68o9,17,s6cygvjc,2,bargaining_tdl_intro,InstructionsPart1,1779189869,1,0,0
eegn68o9,24,iz4palld,2,bargaining_tdl_intro,InstructionsPart1,1779189869,1,0,0
eegn68o9,33,fenukb9f,1,bargaining_tdl_intro,Welcome,1779189869,1,0,0
eegn68o9,30,1ewrfteq,1,bargaining_tdl_intro,Welcome,1779189869,1,0,0
eegn68o9,28,r51cvcoy,1,bargaining_tdl_intro,Welcome,1779189869,1,0,0
eegn68o9,29,ho13qsj9,1,bargaining_tdl_intro,Welcome,1779189869,1,0,0
eegn68o9,23,0oby6q2d,2,bargaining_tdl_intro,InstructionsPart1,1779189869,1,0,0
eegn68o9,22,qsub7p42,2,bargaining_tdl_intro,InstructionsPart1,1779189869,1,0,0
eegn68o9,26,2pn7co5a,1,bargaining_tdl_intro,Welcome,1779189869,1,0,0
eegn68o9,31,jzqkp7aa,1,bargaining_tdl_intro,Welcome,1779189869,1,0,0
eegn68o9,25,2z80v124,1,bargaining_tdl_intro,Welcome,1779189869,1,0,0
eegn68o9,32,lyva58co,1,bargaining_tdl_intro,Welcome,1779189869,1,0,0
eegn68o9,15,l8aj9b7b,2,bargaining_tdl_intro,InstructionsPart1,1779189869,1,0,0
eegn68o9,35,5cr1xp2q,1,bargaining_tdl_intro,Welcome,1779189869,1,0,0
eegn68o9,21,8i9vw5ss,2,bargaining_tdl_intro,InstructionsPart1,1779189869,1,0,0
eegn68o9,13,acq3llui,2,bargaining_tdl_intro,InstructionsPart1,1779189869,1,0,0
eegn68o9,19,7sh4wsob,2,bargaining_tdl_intro,InstructionsPart1,1779189869,1,0,0
eegn68o9,20,8g3ako02,2,bargaining_tdl_intro,InstructionsPart1,1779189869,1,0,0
eegn68o9,16,ijwyuhp9,2,bargaining_tdl_intro,InstructionsPart1,1779189869,1,0,0
eegn68o9,14,uqtljjy8,2,bargaining_tdl_intro,InstructionsPart1,1779189870,1,0,0
eegn68o9,27,ucynf5cq,1,bargaining_tdl_intro,Welcome,1779189870,1,0,0
eegn68o9,18,iharzy3s,2,bargaining_tdl_intro,InstructionsPart1,1779189870,1,0,0
eegn68o9,34,y9ow1gdd,2,bargaining_tdl_intro,InstructionsPart1,1779189871,1,0,0
eegn68o9,33,fenukb9f,2,bargaining_tdl_intro,InstructionsPart1,1779189871,1,0,0
eegn68o9,32,lyva58co,2,bargaining_tdl_intro,InstructionsPart1,1779189871,1,0,0
eegn68o9,17,s6cygvjc,3,bargaining_tdl_intro,ControlQuestionsAttempt1,1779189871,1,0,0
eegn68o9,11,armln33o,4,bargaining_tdl_intro,ControlQuestionsAttempt2,1779189871,1,0,0
eegn68o9,12,294bzyjf,3,bargaining_tdl_intro,ControlQuestionsAttempt1,1779189871,1,0,0
eegn68o9,25,2z80v124,2,bargaining_tdl_intro,InstructionsPart1,1779189871,1,0,0
eegn68o9,23,0oby6q2d,3,bargaining_tdl_intro,ControlQuestionsAttempt1,1779189871,1,0,0
eegn68o9,31,jzqkp7aa,2,bargaining_tdl_intro,InstructionsPart1,1779189871,1,0,0
eegn68o9,30,1ewrfteq,2,bargaining_tdl_intro,InstructionsPart1,1779189871,1,0,0
eegn68o9,22,qsub7p42,3,bargaining_tdl_intro,ControlQuestionsAttempt1,1779189872,1,0,0
eegn68o9,15,l8aj9b7b,3,bargaining_tdl_intro,ControlQuestionsAttempt1,1779189872,1,0,0
eegn68o9,35,5cr1xp2q,2,bargaining_tdl_intro,InstructionsPart1,1779189872,1,0,0
eegn68o9,24,iz4palld,3,bargaining_tdl_intro,ControlQuestionsAttempt1,1779189872,1,0,0
eegn68o9,28,r51cvcoy,2,bargaining_tdl_intro,InstructionsPart1,1779189872,1,0,0
eegn68o9,29,ho13qsj9,2,bargaining_tdl_intro,InstructionsPart1,1779189872,1,0,0
eegn68o9,19,7sh4wsob,3,bargaining_tdl_intro,ControlQuestionsAttempt1,1779189872,1,0,0
eegn68o9,26,2pn7co5a,2,bargaining_tdl_intro,InstructionsPart1,1779189872,1,0,0
eegn68o9,21,8i9vw5ss,3,bargaining_tdl_intro,ControlQuestionsAttempt1,1779189872,1,0,0
eegn68o9,13,acq3llui,3,bargaining_tdl_intro,ControlQuestionsAttempt1,1779189872,1,0,0
eegn68o9,16,ijwyuhp9,3,bargaining_tdl_intro,ControlQuestionsAttempt1,1779189873,1,0,0
eegn68o9,20,8g3ako02,3,bargaining_tdl_intro,ControlQuestionsAttempt1,1779189873,1,0,0
eegn68o9,18,iharzy3s,3,bargaining_tdl_intro,ControlQuestionsAttempt1,1779189873,1,0,0
eegn68o9,14,uqtljjy8,3,bargaining_tdl_intro,ControlQuestionsAttempt1,1779189873,1,0,0
eegn68o9,34,y9ow1gdd,3,bargaining_tdl_intro,ControlQuestionsAttempt1,1779189873,1,0,0
eegn68o9,11,armln33o,5,bargaining_tdl_intro,ControlQuestionsAttempt3,1779189873,1,0,0
eegn68o9,17,s6cygvjc,4,bargaining_tdl_intro,ControlQuestionsAttempt2,1779189873,1,0,0
eegn68o9,33,fenukb9f,3,bargaining_tdl_intro,ControlQuestionsAttempt1,1779189873,1,0,0
eegn68o9,32,lyva58co,3,bargaining_tdl_intro,ControlQuestionsAttempt1,1779189873,1,0,0
eegn68o9,30,1ewrfteq,3,bargaining_tdl_intro,ControlQuestionsAttempt1,1779189874,1,0,0
eegn68o9,23,0oby6q2d,4,bargaining_tdl_intro,ControlQuestionsAttempt2,1779189874,1,0,0
eegn68o9,12,294bzyjf,4,bargaining_tdl_intro,ControlQuestionsAttempt2,1779189874,1,0,0
eegn68o9,22,qsub7p42,4,bargaining_tdl_intro,ControlQuestionsAttempt2,1779189874,1,0,0
eegn68o9,27,ucynf5cq,2,bargaining_tdl_intro,InstructionsPart1,1779189874,1,0,0
eegn68o9,29,ho13qsj9,3,bargaining_tdl_intro,ControlQuestionsAttempt1,1779189874,1,0,0
eegn68o9,28,r51cvcoy,3,bargaining_tdl_intro,ControlQuestionsAttempt1,1779189874,1,0,0
eegn68o9,19,7sh4wsob,4,bargaining_tdl_intro,ControlQuestionsAttempt2,1779189874,1,0,0
eegn68o9,25,2z80v124,3,bargaining_tdl_intro,ControlQuestionsAttempt1,1779189874,1,0,0
eegn68o9,13,acq3llui,4,bargaining_tdl_intro,ControlQuestionsAttempt2,1779189874,1,0,0
eegn68o9,35,5cr1xp2q,3,bargaining_tdl_intro,ControlQuestionsAttempt1,1779189874,1,0,0
eegn68o9,31,jzqkp7aa,3,bargaining_tdl_intro,ControlQuestionsAttempt1,1779189874,1,0,0
eegn68o9,20,8g3ako02,4,bargaining_tdl_intro,ControlQuestionsAttempt2,1779189874,1,0,0
eegn68o9,24,iz4palld,4,bargaining_tdl_intro,ControlQuestionsAttempt2,1779189874,1,0,0
eegn68o9,15,l8aj9b7b,4,bargaining_tdl_intro,ControlQuestionsAttempt2,1779189874,1,0,0
eegn68o9,34,y9ow1gdd,4,bargaining_tdl_intro,ControlQuestionsAttempt2,1779189875,1,0,0
eegn68o9,21,8i9vw5ss,4,bargaining_tdl_intro,ControlQuestionsAttempt2,1779189875,1,0,0
eegn68o9,17,s6cygvjc,5,bargaining_tdl_intro,ControlQuestionsAttempt3,1779189875,1,0,0
eegn68o9,11,armln33o,6,bargaining_tdl_intro,ControlQuestionsAttempt4,1779189875,1,0,0
eegn68o9,18,iharzy3s,4,bargaining_tdl_intro,ControlQuestionsAttempt2,1779189875,1,0,0
eegn68o9,16,ijwyuhp9,4,bargaining_tdl_intro,ControlQuestionsAttempt2,1779189875,1,0,0
eegn68o9,14,uqtljjy8,4,bargaining_tdl_intro,ControlQuestionsAttempt2,1779189875,1,0,0
eegn68o9,32,lyva58co,4,bargaining_tdl_intro,ControlQuestionsAttempt2,1779189875,1,0,0
eegn68o9,30,1ewrfteq,4,bargaining_tdl_intro,ControlQuestionsAttempt2,1779189876,1,0,0
eegn68o9,33,fenukb9f,4,bargaining_tdl_intro,ControlQuestionsAttempt2,1779189876,1,0,0
eegn68o9,13,acq3llui,5,bargaining_tdl_intro,ControlQuestionsAttempt3,1779189876,1,0,0
eegn68o9,26,2pn7co5a,3,bargaining_tdl_intro,ControlQuestionsAttempt1,1779189876,1,0,0
eegn68o9,28,r51cvcoy,4,bargaining_tdl_intro,ControlQuestionsAttempt2,1779189876,1,0,0
eegn68o9,22,qsub7p42,5,bargaining_tdl_intro,ControlQuestionsAttempt3,1779189876,1,0,0
eegn68o9,23,0oby6q2d,5,bargaining_tdl_intro,ControlQuestionsAttempt3,1779189876,1,0,0
eegn68o9,35,5cr1xp2q,4,bargaining_tdl_intro,ControlQuestionsAttempt2,1779189876,1,0,0
eegn68o9,15,l8aj9b7b,5,bargaining_tdl_intro,ControlQuestionsAttempt3,1779189876,1,0,0
eegn68o9,29,ho13qsj9,4,bargaining_tdl_intro,ControlQuestionsAttempt2,1779189876,1,0,0
eegn68o9,25,2z80v124,4,bargaining_tdl_intro,ControlQuestionsAttempt2,1779189876,1,0,0
eegn68o9,19,7sh4wsob,5,bargaining_tdl_intro,ControlQuestionsAttempt3,1779189877,1,0,0
eegn68o9,31,jzqkp7aa,4,bargaining_tdl_intro,ControlQuestionsAttempt2,1779189877,1,0,0
eegn68o9,32,lyva58co,5,bargaining_tdl_intro,ControlQuestionsAttempt3,1779189877,1,0,0
eegn68o9,11,armln33o,7,bargaining_tdl_intro,ControlQuestionsAttempt5,1779189877,1,0,0
eegn68o9,21,8i9vw5ss,5,bargaining_tdl_intro,ControlQuestionsAttempt3,1779189877,1,0,0
eegn68o9,17,s6cygvjc,6,bargaining_tdl_intro,ControlQuestionsAttempt4,1779189877,1,0,0
eegn68o9,24,iz4palld,5,bargaining_tdl_intro,ControlQuestionsAttempt3,1779189877,1,0,0
eegn68o9,16,ijwyuhp9,5,bargaining_tdl_intro,ControlQuestionsAttempt3,1779189877,1,0,0
eegn68o9,14,uqtljjy8,5,bargaining_tdl_intro,ControlQuestionsAttempt3,1779189877,1,0,0
eegn68o9,34,y9ow1gdd,5,bargaining_tdl_intro,ControlQuestionsAttempt3,1779189877,1,0,0
eegn68o9,20,8g3ako02,5,bargaining_tdl_intro,ControlQuestionsAttempt3,1779189877,1,0,0
eegn68o9,18,iharzy3s,5,bargaining_tdl_intro,ControlQuestionsAttempt3,1779189877,1,0,0
eegn68o9,13,acq3llui,6,bargaining_tdl_intro,ControlQuestionsAttempt4,1779189878,1,0,0
eegn68o9,28,r51cvcoy,5,bargaining_tdl_intro,ControlQuestionsAttempt3,1779189878,1,0,0
eegn68o9,23,0oby6q2d,6,bargaining_tdl_intro,ControlQuestionsAttempt4,1779189878,1,0,0
eegn68o9,22,qsub7p42,6,bargaining_tdl_intro,ControlQuestionsAttempt4,1779189878,1,0,0
eegn68o9,12,294bzyjf,5,bargaining_tdl_intro,ControlQuestionsAttempt3,1779189878,1,0,0
eegn68o9,33,fenukb9f,5,bargaining_tdl_intro,ControlQuestionsAttempt3,1779189878,1,0,0
eegn68o9,30,1ewrfteq,5,bargaining_tdl_intro,ControlQuestionsAttempt3,1779189878,1,0,0
eegn68o9,25,2z80v124,5,bargaining_tdl_intro,ControlQuestionsAttempt3,1779189878,1,0,0
eegn68o9,31,jzqkp7aa,5,bargaining_tdl_intro,ControlQuestionsAttempt3,1779189878,1,0,0
eegn68o9,35,5cr1xp2q,5,bargaining_tdl_intro,ControlQuestionsAttempt3,1779189878,1,0,0
eegn68o9,11,armln33o,8,bargaining_tdl_intro,Goodbye,1779189878,1,0,0
eegn68o9,32,lyva58co,6,bargaining_tdl_intro,ControlQuestionsAttempt4,1779189878,1,0,0
eegn68o9,15,l8aj9b7b,6,bargaining_tdl_intro,ControlQuestionsAttempt4,1779189879,1,0,0
eegn68o9,24,iz4palld,6,bargaining_tdl_intro,ControlQuestionsAttempt4,1779189879,1,0,0
eegn68o9,29,ho13qsj9,5,bargaining_tdl_intro,ControlQuestionsAttempt3,1779189879,1,0,0
eegn68o9,26,2pn7co5a,4,bargaining_tdl_intro,ControlQuestionsAttempt2,1779189879,1,0,0
eegn68o9,27,ucynf5cq,3,bargaining_tdl_intro,ControlQuestionsAttempt1,1779189879,1,0,0
eegn68o9,19,7sh4wsob,6,bargaining_tdl_intro,ControlQuestionsAttempt4,1779189879,1,0,0
eegn68o9,34,y9ow1gdd,6,bargaining_tdl_intro,ControlQuestionsAttempt4,1779189879,1,0,0
eegn68o9,18,iharzy3s,6,bargaining_tdl_intro,ControlQuestionsAttempt4,1779189879,1,0,0
eegn68o9,16,ijwyuhp9,6,bargaining_tdl_intro,ControlQuestionsAttempt4,1779189879,1,0,0
eegn68o9,21,8i9vw5ss,6,bargaining_tdl_intro,ControlQuestionsAttempt4,1779189879,1,0,0
eegn68o9,20,8g3ako02,6,bargaining_tdl_intro,ControlQuestionsAttempt4,1779189879,1,0,0
eegn68o9,17,s6cygvjc,7,bargaining_tdl_intro,ControlQuestionsAttempt5,1779189879,1,0,0
eegn68o9,33,fenukb9f,6,bargaining_tdl_intro,ControlQuestionsAttempt4,1779189880,1,0,0
eegn68o9,28,r51cvcoy,6,bargaining_tdl_intro,ControlQuestionsAttempt4,1779189880,1,0,0
eegn68o9,25,2z80v124,6,bargaining_tdl_intro,ControlQuestionsAttempt4,1779189880,1,0,0
eegn68o9,23,0oby6q2d,7,bargaining_tdl_intro,ControlQuestionsAttempt5,1779189880,1,0,0
eegn68o9,13,acq3llui,7,bargaining_tdl_intro,ControlQuestionsAttempt5,1779189880,1,0,0
eegn68o9,14,uqtljjy8,6,bargaining_tdl_intro,ControlQuestionsAttempt4,1779189880,1,0,0
eegn68o9,30,1ewrfteq,6,bargaining_tdl_intro,ControlQuestionsAttempt4,1779189880,1,0,0
eegn68o9,31,jzqkp7aa,6,bargaining_tdl_intro,ControlQuestionsAttempt4,1779189880,1,0,0
eegn68o9,22,qsub7p42,7,bargaining_tdl_intro,ControlQuestionsAttempt5,1779189880,1,0,0
eegn68o9,19,7sh4wsob,7,bargaining_tdl_intro,ControlQuestionsAttempt5,1779189880,1,0,0
eegn68o9,32,lyva58co,7,bargaining_tdl_intro,ControlQuestionsAttempt5,1779189880,1,0,0
eegn68o9,24,iz4palld,7,bargaining_tdl_intro,ControlQuestionsAttempt5,1779189880,1,0,0
eegn68o9,35,5cr1xp2q,6,bargaining_tdl_intro,ControlQuestionsAttempt4,1779189881,1,0,0
eegn68o9,15,l8aj9b7b,7,bargaining_tdl_intro,ControlQuestionsAttempt5,1779189881,1,0,0
eegn68o9,17,s6cygvjc,8,bargaining_tdl_intro,Goodbye,1779189881,1,0,0
eegn68o9,34,y9ow1gdd,7,bargaining_tdl_intro,ControlQuestionsAttempt5,1779189881,1,0,0
eegn68o9,29,ho13qsj9,6,bargaining_tdl_intro,ControlQuestionsAttempt4,1779189881,1,0,0
eegn68o9,16,ijwyuhp9,7,bargaining_tdl_intro,ControlQuestionsAttempt5,1779189881,1,0,0
eegn68o9,8,eutuv8ct,9,bargaining_tdl_main,GroupingAfterControlQuestions,1779189881,1,0,1
eegn68o9,11,armln33o,9,bargaining_tdl_main,GroupingAfterControlQuestions,1779189881,1,0,1
eegn68o9,17,s6cygvjc,9,bargaining_tdl_main,GroupingAfterControlQuestions,1779189881,1,0,1
eegn68o9,21,8i9vw5ss,7,bargaining_tdl_intro,ControlQuestionsAttempt5,1779189881,1,0,0
eegn68o9,18,iharzy3s,7,bargaining_tdl_intro,ControlQuestionsAttempt5,1779189881,1,0,0
eegn68o9,26,2pn7co5a,5,bargaining_tdl_intro,ControlQuestionsAttempt3,1779189881,1,0,0
eegn68o9,20,8g3ako02,7,bargaining_tdl_intro,ControlQuestionsAttempt5,1779189881,1,0,0
eegn68o9,13,acq3llui,8,bargaining_tdl_intro,Goodbye,1779189881,1,0,0
eegn68o9,33,fenukb9f,7,bargaining_tdl_intro,ControlQuestionsAttempt5,1779189881,1,0,0
eegn68o9,12,294bzyjf,6,bargaining_tdl_intro,ControlQuestionsAttempt4,1779189881,1,0,0
eegn68o9,24,iz4palld,8,bargaining_tdl_intro,Goodbye,1779189881,1,0,0
eegn68o9,22,qsub7p42,8,bargaining_tdl_intro,Goodbye,1779189882,1,0,0
eegn68o9,30,1ewrfteq,7,bargaining_tdl_intro,ControlQuestionsAttempt5,1779189882,1,0,0
eegn68o9,23,0oby6q2d,8,bargaining_tdl_intro,Goodbye,1779189882,1,0,0
eegn68o9,13,acq3llui,9,bargaining_tdl_main,GroupingAfterControlQuestions,1779189882,1,0,1
eegn68o9,22,qsub7p42,9,bargaining_tdl_main,GroupingAfterControlQuestions,1779189882,1,0,1
eegn68o9,24,iz4palld,9,bargaining_tdl_main,GroupingAfterControlQuestions,1779189882,1,0,1
eegn68o9,11,armln33o,10,bargaining_tdl_main,Chat,1779189882,1,0,0
eegn68o9,28,r51cvcoy,7,bargaining_tdl_intro,ControlQuestionsAttempt5,1779189882,1,0,0
eegn68o9,25,2z80v124,7,bargaining_tdl_intro,ControlQuestionsAttempt5,1779189882,1,0,0
eegn68o9,19,7sh4wsob,8,bargaining_tdl_intro,Goodbye,1779189882,1,0,0
eegn68o9,27,ucynf5cq,4,bargaining_tdl_intro,ControlQuestionsAttempt2,1779189882,1,0,0
eegn68o9,31,jzqkp7aa,7,bargaining_tdl_intro,ControlQuestionsAttempt5,1779189882,1,0,0
eegn68o9,32,lyva58co,8,bargaining_tdl_intro,Goodbye,1779189882,1,0,0
eegn68o9,14,uqtljjy8,7,bargaining_tdl_intro,ControlQuestionsAttempt5,1779189882,1,0,0
eegn68o9,20,8g3ako02,8,bargaining_tdl_intro,Goodbye,1779189882,1,0,0
eegn68o9,15,l8aj9b7b,8,bargaining_tdl_intro,Goodbye,1779189882,1,0,0
eegn68o9,34,y9ow1gdd,8,bargaining_tdl_intro,Goodbye,1779189882,1,0,0
eegn68o9,19,7sh4wsob,9,bargaining_tdl_main,GroupingAfterControlQuestions,1779189883,1,0,1
eegn68o9,23,0oby6q2d,9,bargaining_tdl_main,GroupingAfterControlQuestions,1779189883,1,0,1
eegn68o9,32,lyva58co,9,bargaining_tdl_main,GroupingAfterControlQuestions,1779189883,1,0,1
eegn68o9,35,5cr1xp2q,7,bargaining_tdl_intro,ControlQuestionsAttempt5,1779189883,1,0,0
eegn68o9,29,ho13qsj9,7,bargaining_tdl_intro,ControlQuestionsAttempt5,1779189883,1,0,0
eegn68o9,18,iharzy3s,8,bargaining_tdl_intro,Goodbye,1779189883,1,0,0
eegn68o9,16,ijwyuhp9,8,bargaining_tdl_intro,Goodbye,1779189883,1,0,0
eegn68o9,15,l8aj9b7b,9,bargaining_tdl_main,GroupingAfterControlQuestions,1779189883,1,0,1
eegn68o9,20,8g3ako02,9,bargaining_tdl_main,GroupingAfterControlQuestions,1779189883,1,0,1
eegn68o9,34,y9ow1gdd,9,bargaining_tdl_main,GroupingAfterControlQuestions,1779189883,1,0,1
eegn68o9,8,eutuv8ct,10,bargaining_tdl_main,Chat,1779189883,1,0,0
eegn68o9,21,8i9vw5ss,8,bargaining_tdl_intro,Goodbye,1779189883,1,0,0
eegn68o9,33,fenukb9f,8,bargaining_tdl_intro,Goodbye,1779189883,1,0,0
eegn68o9,17,s6cygvjc,10,bargaining_tdl_main,Chat,1779189883,1,0,0
eegn68o9,24,iz4palld,10,bargaining_tdl_main,Chat,1779189883,1,0,0
eegn68o9,28,r51cvcoy,8,bargaining_tdl_intro,Goodbye,1779189884,1,0,0
eegn68o9,16,ijwyuhp9,9,bargaining_tdl_main,GroupingAfterControlQuestions,1779189884,1,0,1
eegn68o9,18,iharzy3s,9,bargaining_tdl_main,GroupingAfterControlQuestions,1779189884,1,0,1
eegn68o9,21,8i9vw5ss,9,bargaining_tdl_main,GroupingAfterControlQuestions,1779189884,1,0,1
eegn68o9,30,1ewrfteq,8,bargaining_tdl_intro,Goodbye,1779189884,1,0,0
eegn68o9,25,2z80v124,8,bargaining_tdl_intro,Goodbye,1779189884,1,0,0
eegn68o9,22,qsub7p42,10,bargaining_tdl_main,Chat,1779189884,1,0,0
eegn68o9,14,uqtljjy8,8,bargaining_tdl_intro,Goodbye,1779189884,1,0,0
eegn68o9,13,acq3llui,10,bargaining_tdl_main,Chat,1779189884,1,0,0
eegn68o9,11,armln33o,11,bargaining_tdl_main,Signals,1779189884,1,0,0
eegn68o9,28,r51cvcoy,9,bargaining_tdl_main,GroupingAfterControlQuestions,1779189884,1,0,1
eegn68o9,30,1ewrfteq,9,bargaining_tdl_main,GroupingAfterControlQuestions,1779189884,1,0,1
eegn68o9,33,fenukb9f,9,bargaining_tdl_main,GroupingAfterControlQuestions,1779189884,1,0,1
eegn68o9,31,jzqkp7aa,8,bargaining_tdl_intro,Goodbye,1779189884,1,0,0
eegn68o9,23,0oby6q2d,10,bargaining_tdl_main,Chat,1779189884,1,0,0
eegn68o9,19,7sh4wsob,10,bargaining_tdl_main,Chat,1779189885,1,0,0
eegn68o9,14,uqtljjy8,9,bargaining_tdl_main,GroupingAfterControlQuestions,1779189885,1,0,1
eegn68o9,25,2z80v124,9,bargaining_tdl_main,GroupingAfterControlQuestions,1779189885,1,0,1
eegn68o9,31,jzqkp7aa,9,bargaining_tdl_main,GroupingAfterControlQuestions,1779189885,1,0,1
eegn68o9,12,294bzyjf,7,bargaining_tdl_intro,ControlQuestionsAttempt5,1779189885,1,0,0
eegn68o9,20,8g3ako02,10,bargaining_tdl_main,Chat,1779189885,1,0,0
eegn68o9,35,5cr1xp2q,8,bargaining_tdl_intro,Goodbye,1779189885,1,0,0
eegn68o9,29,ho13qsj9,8,bargaining_tdl_intro,Goodbye,1779189885,1,0,0
eegn68o9,27,ucynf5cq,5,bargaining_tdl_intro,ControlQuestionsAttempt3,1779189885,1,0,0
eegn68o9,17,s6cygvjc,11,bargaining_tdl_main,Signals,1779189885,1,0,0
eegn68o9,18,iharzy3s,10,bargaining_tdl_main,Chat,1779189885,1,0,0
eegn68o9,16,ijwyuhp9,10,bargaining_tdl_main,Chat,1779189885,1,0,0
eegn68o9,15,l8aj9b7b,10,bargaining_tdl_main,Chat,1779189885,1,0,0
eegn68o9,26,2pn7co5a,6,bargaining_tdl_intro,ControlQuestionsAttempt4,1779189885,1,0,0
eegn68o9,24,iz4palld,11,bargaining_tdl_main,Signals,1779189885,1,0,0
eegn68o9,8,eutuv8ct,11,bargaining_tdl_main,Signals,1779189885,1,0,0
eegn68o9,32,lyva58co,10,bargaining_tdl_main,Chat,1779189885,1,0,0
eegn68o9,8,eutuv8ct,13,bargaining_tdl_main,DataMappingWaitPage,1779189886,1,0,1
eegn68o9,11,armln33o,13,bargaining_tdl_main,DataMappingWaitPage,1779189886,1,0,1
eegn68o9,17,s6cygvjc,13,bargaining_tdl_main,DataMappingWaitPage,1779189886,1,0,1
eegn68o9,34,y9ow1gdd,10,bargaining_tdl_main,Chat,1779189886,1,0,0
eegn68o9,21,8i9vw5ss,10,bargaining_tdl_main,Chat,1779189886,1,0,0
eegn68o9,13,acq3llui,11,bargaining_tdl_main,Signals,1779189886,1,0,0
eegn68o9,28,r51cvcoy,10,bargaining_tdl_main,Chat,1779189886,1,0,0
eegn68o9,22,qsub7p42,11,bargaining_tdl_main,Signals,1779189886,1,0,0
eegn68o9,30,1ewrfteq,10,bargaining_tdl_main,Chat,1779189886,1,0,0
eegn68o9,25,2z80v124,10,bargaining_tdl_main,Chat,1779189886,1,0,0
eegn68o9,33,fenukb9f,10,bargaining_tdl_main,Chat,1779189886,1,0,0
eegn68o9,13,acq3llui,13,bargaining_tdl_main,DataMappingWaitPage,1779189886,1,0,1
eegn68o9,24,iz4palld,13,bargaining_tdl_main,DataMappingWaitPage,1779189886,1,0,1
eegn68o9,22,qsub7p42,13,bargaining_tdl_main,DataMappingWaitPage,1779189886,1,0,1
eegn68o9,14,uqtljjy8,10,bargaining_tdl_main,Chat,1779189886,1,0,0
eegn68o9,19,7sh4wsob,11,bargaining_tdl_main,Signals,1779189886,1,0,0
eegn68o9,23,0oby6q2d,11,bargaining_tdl_main,Signals,1779189886,1,0,0
eegn68o9,11,armln33o,14,bargaining_tdl_main,Decision,1779189887,1,0,0
eegn68o9,18,iharzy3s,11,bargaining_tdl_main,Signals,1779189887,1,0,0
eegn68o9,31,jzqkp7aa,10,bargaining_tdl_main,Chat,1779189887,1,0,0
eegn68o9,15,l8aj9b7b,11,bargaining_tdl_main,Signals,1779189887,1,0,0
eegn68o9,17,s6cygvjc,14,bargaining_tdl_main,Decision,1779189887,1,0,0
eegn68o9,16,ijwyuhp9,11,bargaining_tdl_main,Signals,1779189887,1,0,0
eegn68o9,20,8g3ako02,11,bargaining_tdl_main,Signals,1779189887,1,0,0
eegn68o9,12,294bzyjf,8,bargaining_tdl_intro,Goodbye,1779189887,1,0,0
eegn68o9,32,lyva58co,11,bargaining_tdl_main,Signals,1779189887,1,0,0
eegn68o9,24,iz4palld,14,bargaining_tdl_main,Decision,1779189887,1,0,0
eegn68o9,19,7sh4wsob,13,bargaining_tdl_main,DataMappingWaitPage,1779189887,1,0,1
eegn68o9,23,0oby6q2d,13,bargaining_tdl_main,DataMappingWaitPage,1779189887,1,0,1
eegn68o9,32,lyva58co,13,bargaining_tdl_main,DataMappingWaitPage,1779189887,1,0,1
eegn68o9,34,y9ow1gdd,11,bargaining_tdl_main,Signals,1779189887,1,0,0
eegn68o9,12,294bzyjf,9,bargaining_tdl_main,GroupingAfterControlQuestions,1779189887,1,0,1
eegn68o9,29,ho13qsj9,9,bargaining_tdl_main,GroupingAfterControlQuestions,1779189887,1,0,1
eegn68o9,35,5cr1xp2q,9,bargaining_tdl_main,GroupingAfterControlQuestions,1779189887,1,0,1
eegn68o9,21,8i9vw5ss,11,bargaining_tdl_main,Signals,1779189888,1,0,0
eegn68o9,16,ijwyuhp9,13,bargaining_tdl_main,DataMappingWaitPage,1779189888,1,0,1
eegn68o9,18,iharzy3s,13,bargaining_tdl_main,DataMappingWaitPage,1779189888,1,0,1
eegn68o9,21,8i9vw5ss,13,bargaining_tdl_main,DataMappingWaitPage,1779189888,1,0,1
eegn68o9,15,l8aj9b7b,13,bargaining_tdl_main,DataMappingWaitPage,1779189888,1,0,1
eegn68o9,20,8g3ako02,13,bargaining_tdl_main,DataMappingWaitPage,1779189888,1,0,1
eegn68o9,34,y9ow1gdd,13,bargaining_tdl_main,DataMappingWaitPage,1779189888,1,0,1
eegn68o9,8,eutuv8ct,14,bargaining_tdl_main,Decision,1779189888,1,0,0
eegn68o9,28,r51cvcoy,11,bargaining_tdl_main,Signals,1779189888,1,0,0
eegn68o9,19,7sh4wsob,14,bargaining_tdl_main,Decision,1779189888,1,0,0
eegn68o9,13,acq3llui,14,bargaining_tdl_main,Decision,1779189888,1,0,0
eegn68o9,14,uqtljjy8,11,bargaining_tdl_main,Signals,1779189888,1,0,0
eegn68o9,23,0oby6q2d,14,bargaining_tdl_main,Decision,1779189888,1,0,0
eegn68o9,33,fenukb9f,11,bargaining_tdl_main,Signals,1779189888,1,0,0
eegn68o9,17,s6cygvjc,15,bargaining_tdl_main,ResultsWaitPage,1779189888,1,0,1
eegn68o9,8,eutuv8ct,15,bargaining_tdl_main,ResultsWaitPage,1779189888,1,0,1
eegn68o9,11,armln33o,15,bargaining_tdl_main,ResultsWaitPage,1779189888,1,0,1
eegn68o9,30,1ewrfteq,11,bargaining_tdl_main,Signals,1779189888,1,0,0
eegn68o9,28,r51cvcoy,13,bargaining_tdl_main,DataMappingWaitPage,1779189888,1,0,1
eegn68o9,30,1ewrfteq,13,bargaining_tdl_main,DataMappingWaitPage,1779189888,1,0,1
eegn68o9,33,fenukb9f,13,bargaining_tdl_main,DataMappingWaitPage,1779189888,1,0,1
eegn68o9,25,2z80v124,11,bargaining_tdl_main,Signals,1779189888,1,0,0
eegn68o9,31,jzqkp7aa,11,bargaining_tdl_main,Signals,1779189888,1,0,0
eegn68o9,14,uqtljjy8,13,bargaining_tdl_main,DataMappingWaitPage,1779189889,1,0,1
eegn68o9,25,2z80v124,13,bargaining_tdl_main,DataMappingWaitPage,1779189889,1,0,1
eegn68o9,31,jzqkp7aa,13,bargaining_tdl_main,DataMappingWaitPage,1779189889,1,0,1
eegn68o9,16,ijwyuhp9,14,bargaining_tdl_main,Decision,1779189889,1,0,0
eegn68o9,22,qsub7p42,14,bargaining_tdl_main,Decision,1779189889,1,0,0
eegn68o9,18,iharzy3s,14,bargaining_tdl_main,Decision,1779189889,1,0,0
eegn68o9,15,l8aj9b7b,14,bargaining_tdl_main,Decision,1779189889,1,0,0
eegn68o9,29,ho13qsj9,10,bargaining_tdl_main,Chat,1779189889,1,0,0
eegn68o9,13,acq3llui,15,bargaining_tdl_main,ResultsWaitPage,1779189889,1,0,1
eegn68o9,22,qsub7p42,15,bargaining_tdl_main,ResultsWaitPage,1779189889,1,0,1
eegn68o9,24,iz4palld,15,bargaining_tdl_main,ResultsWaitPage,1779189889,1,0,1
eegn68o9,35,5cr1xp2q,10,bargaining_tdl_main,Chat,1779189889,1,0,0
eegn68o9,27,ucynf5cq,6,bargaining_tdl_intro,ControlQuestionsAttempt4,1779189889,1,0,0
eegn68o9,17,s6cygvjc,16,bargaining_tdl_main,Results,1779189889,1,0,0
eegn68o9,11,armln33o,16,bargaining_tdl_main,Results,1779189890,1,0,0
eegn68o9,34,y9ow1gdd,14,bargaining_tdl_main,Decision,1779189890,1,0,0
eegn68o9,20,8g3ako02,14,bargaining_tdl_main,Decision,1779189890,1,0,0
eegn68o9,15,l8aj9b7b,15,bargaining_tdl_main,ResultsWaitPage,1779189890,1,0,1
eegn68o9,34,y9ow1gdd,15,bargaining_tdl_main,ResultsWaitPage,1779189890,1,0,1
eegn68o9,20,8g3ako02,15,bargaining_tdl_main,ResultsWaitPage,1779189890,1,0,1
eegn68o9,21,8i9vw5ss,14,bargaining_tdl_main,Decision,1779189890,1,0,0
eegn68o9,12,294bzyjf,10,bargaining_tdl_main,Chat,1779189890,1,0,0
eegn68o9,32,lyva58co,14,bargaining_tdl_main,Decision,1779189890,1,0,0
eegn68o9,24,iz4palld,16,bargaining_tdl_main,Results,1779189890,1,0,0
eegn68o9,28,r51cvcoy,14,bargaining_tdl_main,Decision,1779189890,1,0,0
eegn68o9,16,ijwyuhp9,15,bargaining_tdl_main,ResultsWaitPage,1779189890,1,0,1
eegn68o9,18,iharzy3s,15,bargaining_tdl_main,ResultsWaitPage,1779189890,1,0,1
eegn68o9,21,8i9vw5ss,15,bargaining_tdl_main,ResultsWaitPage,1779189890,1,0,1
eegn68o9,19,7sh4wsob,15,bargaining_tdl_main,ResultsWaitPage,1779189890,1,0,1
eegn68o9,23,0oby6q2d,15,bargaining_tdl_main,ResultsWaitPage,1779189890,1,0,1
eegn68o9,32,lyva58co,15,bargaining_tdl_main,ResultsWaitPage,1779189890,1,0,1
eegn68o9,8,eutuv8ct,16,bargaining_tdl_main,Results,1779189891,1,0,0
eegn68o9,13,acq3llui,16,bargaining_tdl_main,Results,1779189891,1,0,0
eegn68o9,33,fenukb9f,14,bargaining_tdl_main,Decision,1779189891,1,0,0
eegn68o9,26,2pn7co5a,7,bargaining_tdl_intro,ControlQuestionsAttempt5,1779189891,1,0,0
eegn68o9,14,uqtljjy8,14,bargaining_tdl_main,Decision,1779189891,1,0,0
eegn68o9,16,ijwyuhp9,16,bargaining_tdl_main,Results,1779189891,1,0,0
eegn68o9,15,l8aj9b7b,16,bargaining_tdl_main,Results,1779189891,1,0,0
eegn68o9,25,2z80v124,14,bargaining_tdl_main,Decision,1779189891,1,0,0
eegn68o9,19,7sh4wsob,16,bargaining_tdl_main,Results,1779189891,1,0,0
eegn68o9,30,1ewrfteq,14,bargaining_tdl_main,Decision,1779189891,1,0,0
eegn68o9,17,s6cygvjc,18,bargaining_tdl_part3,InstructionsPart3,1779189891,1,0,0
eegn68o9,33,fenukb9f,15,bargaining_tdl_main,ResultsWaitPage,1779189891,1,0,1
eegn68o9,28,r51cvcoy,15,bargaining_tdl_main,ResultsWaitPage,1779189891,1,0,1
eegn68o9,30,1ewrfteq,15,bargaining_tdl_main,ResultsWaitPage,1779189891,1,0,1
eegn68o9,22,qsub7p42,16,bargaining_tdl_main,Results,1779189892,1,0,0
eegn68o9,29,ho13qsj9,11,bargaining_tdl_main,Signals,1779189892,1,0,0
eegn68o9,23,0oby6q2d,16,bargaining_tdl_main,Results,1779189892,1,0,0
eegn68o9,34,y9ow1gdd,16,bargaining_tdl_main,Results,1779189892,1,0,0
eegn68o9,35,5cr1xp2q,11,bargaining_tdl_main,Signals,1779189892,1,0,0
eegn68o9,31,jzqkp7aa,14,bargaining_tdl_main,Decision,1779189892,1,0,0
eegn68o9,18,iharzy3s,16,bargaining_tdl_main,Results,1779189892,1,0,0
eegn68o9,14,uqtljjy8,15,bargaining_tdl_main,ResultsWaitPage,1779189892,1,0,1
eegn68o9,25,2z80v124,15,bargaining_tdl_main,ResultsWaitPage,1779189892,1,0,1
eegn68o9,31,jzqkp7aa,15,bargaining_tdl_main,ResultsWaitPage,1779189892,1,0,1
eegn68o9,11,armln33o,18,bargaining_tdl_part3,InstructionsPart3,1779189892,1,0,0
eegn68o9,24,iz4palld,18,bargaining_tdl_part3,InstructionsPart3,1779189892,1,0,0
eegn68o9,20,8g3ako02,16,bargaining_tdl_main,Results,1779189892,1,0,0
eegn68o9,32,lyva58co,16,bargaining_tdl_main,Results,1779189892,1,0,0
eegn68o9,21,8i9vw5ss,16,bargaining_tdl_main,Results,1779189893,1,0,0
eegn68o9,28,r51cvcoy,16,bargaining_tdl_main,Results,1779189893,1,0,0
eegn68o9,27,ucynf5cq,7,bargaining_tdl_intro,ControlQuestionsAttempt5,1779189893,1,0,0
eegn68o9,8,eutuv8ct,18,bargaining_tdl_part3,InstructionsPart3,1779189893,1,0,0
eegn68o9,15,l8aj9b7b,18,bargaining_tdl_part3,InstructionsPart3,1779189893,1,0,0
eegn68o9,12,294bzyjf,11,bargaining_tdl_main,Signals,1779189893,1,0,0
eegn68o9,19,7sh4wsob,18,bargaining_tdl_part3,InstructionsPart3,1779189893,1,0,0
eegn68o9,13,acq3llui,18,bargaining_tdl_part3,InstructionsPart3,1779189893,1,0,0
eegn68o9,33,fenukb9f,16,bargaining_tdl_main,Results,1779189893,1,0,0
eegn68o9,16,ijwyuhp9,18,bargaining_tdl_part3,InstructionsPart3,1779189893,1,0,0
eegn68o9,14,uqtljjy8,16,bargaining_tdl_main,Results,1779189894,1,0,0
eegn68o9,12,294bzyjf,13,bargaining_tdl_main,DataMappingWaitPage,1779189894,1,0,1
eegn68o9,29,ho13qsj9,13,bargaining_tdl_main,DataMappingWaitPage,1779189894,1,0,1
eegn68o9,35,5cr1xp2q,13,bargaining_tdl_main,DataMappingWaitPage,1779189894,1,0,1
eegn68o9,6,miqri3hi,22,bargaining_tdl_survey,SurveyQuestions,1779189894,1,1,0
eegn68o9,34,y9ow1gdd,18,bargaining_tdl_part3,InstructionsPart3,1779189894,1,0,0
eegn68o9,25,2z80v124,16,bargaining_tdl_main,Results,1779189894,1,0,0
eegn68o9,17,s6cygvjc,20,bargaining_tdl_part3,ResultsPart3,1779189894,1,0,0
eegn68o9,18,iharzy3s,18,bargaining_tdl_part3,InstructionsPart3,1779189894,1,0,0
eegn68o9,26,2pn7co5a,8,bargaining_tdl_intro,Goodbye,1779189894,1,0,0
eegn68o9,23,0oby6q2d,18,bargaining_tdl_part3,InstructionsPart3,1779189894,1,0,0
eegn68o9,11,armln33o,20,bargaining_tdl_part3,ResultsPart3,1779189894,1,0,0
eegn68o9,24,iz4palld,20,bargaining_tdl_part3,ResultsPart3,1779189894,1,0,0
eegn68o9,22,qsub7p42,18,bargaining_tdl_part3,InstructionsPart3,1779189895,1,0,0
eegn68o9,30,1ewrfteq,16,bargaining_tdl_main,Results,1779189895,1,0,0
eegn68o9,10,z24cf6fs,22,bargaining_tdl_survey,SurveyQuestions,1779189895,1,1,0
eegn68o9,21,8i9vw5ss,18,bargaining_tdl_part3,InstructionsPart3,1779189895,1,0,0
eegn68o9,20,8g3ako02,18,bargaining_tdl_part3,InstructionsPart3,1779189895,1,0,0
eegn68o9,28,r51cvcoy,18,bargaining_tdl_part3,InstructionsPart3,1779189895,1,0,0
eegn68o9,35,5cr1xp2q,14,bargaining_tdl_main,Decision,1779189895,1,0,0
eegn68o9,31,jzqkp7aa,16,bargaining_tdl_main,Results,1779189895,1,0,0
eegn68o9,32,lyva58co,18,bargaining_tdl_part3,InstructionsPart3,1779189895,1,0,0
eegn68o9,8,eutuv8ct,20,bargaining_tdl_part3,ResultsPart3,1779189896,1,0,0
eegn68o9,29,ho13qsj9,14,bargaining_tdl_main,Decision,1779189896,1,0,0
eegn68o9,13,acq3llui,20,bargaining_tdl_part3,ResultsPart3,1779189896,1,0,0
eegn68o9,6,miqri3hi,31,bargaining_tdl_survey,SurveyTerminated,1779189896,1,0,0
eegn68o9,5,1evej7gn,22,bargaining_tdl_survey,SurveyQuestions,1779189896,1,1,0
eegn68o9,33,fenukb9f,18,bargaining_tdl_part3,InstructionsPart3,1779189896,1,0,0
eegn68o9,15,l8aj9b7b,20,bargaining_tdl_part3,ResultsPart3,1779189896,1,0,0
eegn68o9,16,ijwyuhp9,20,bargaining_tdl_part3,ResultsPart3,1779189896,1,0,0
eegn68o9,19,7sh4wsob,20,bargaining_tdl_part3,ResultsPart3,1779189896,1,0,0
eegn68o9,27,ucynf5cq,8,bargaining_tdl_intro,Goodbye,1779189896,1,0,0
eegn68o9,14,uqtljjy8,18,bargaining_tdl_part3,InstructionsPart3,1779189897,1,0,0
eegn68o9,25,2z80v124,18,bargaining_tdl_part3,InstructionsPart3,1779189897,1,0,0
eegn68o9,3,rvnhag7n,22,bargaining_tdl_survey,SurveyQuestions,1779189897,1,1,0
eegn68o9,23,0oby6q2d,20,bargaining_tdl_part3,ResultsPart3,1779189897,1,0,0
eegn68o9,17,s6cygvjc,21,bargaining_tdl_survey,SurveyIntro,1779189897,1,0,0
eegn68o9,34,y9ow1gdd,20,bargaining_tdl_part3,ResultsPart3,1779189897,1,0,0
eegn68o9,18,iharzy3s,20,bargaining_tdl_part3,ResultsPart3,1779189897,1,0,0
eegn68o9,11,armln33o,21,bargaining_tdl_survey,SurveyIntro,1779189897,1,0,0
eegn68o9,24,iz4palld,21,bargaining_tdl_survey,SurveyIntro,1779189897,1,0,0
eegn68o9,22,qsub7p42,20,bargaining_tdl_part3,ResultsPart3,1779189897,1,0,0
eegn68o9,30,1ewrfteq,18,bargaining_tdl_part3,InstructionsPart3,1779189897,1,0,0
eegn68o9,1,iq1yi77u,22,bargaining_tdl_survey,SurveyQuestions,1779189897,1,1,0
eegn68o9,8,eutuv8ct,21,bargaining_tdl_survey,SurveyIntro,1779189897,1,0,0
eegn68o9,28,r51cvcoy,20,bargaining_tdl_part3,ResultsPart3,1779189897,1,0,0
eegn68o9,31,jzqkp7aa,18,bargaining_tdl_part3,InstructionsPart3,1779189897,1,0,0
eegn68o9,32,lyva58co,20,bargaining_tdl_part3,ResultsPart3,1779189898,1,0,0
eegn68o9,12,294bzyjf,14,bargaining_tdl_main,Decision,1779189898,1,0,0
eegn68o9,21,8i9vw5ss,20,bargaining_tdl_part3,ResultsPart3,1779189898,1,0,0
eegn68o9,20,8g3ako02,20,bargaining_tdl_part3,ResultsPart3,1779189898,1,0,0
eegn68o9,4,z20gwqdu,22,bargaining_tdl_survey,SurveyQuestions,1779189898,1,1,0
eegn68o9,12,294bzyjf,15,bargaining_tdl_main,ResultsWaitPage,1779189898,1,0,1
eegn68o9,29,ho13qsj9,15,bargaining_tdl_main,ResultsWaitPage,1779189898,1,0,1
eegn68o9,35,5cr1xp2q,15,bargaining_tdl_main,ResultsWaitPage,1779189898,1,0,1
eegn68o9,16,ijwyuhp9,21,bargaining_tdl_survey,SurveyIntro,1779189898,1,0,0
eegn68o9,5,1evej7gn,31,bargaining_tdl_survey,SurveyTerminated,1779189898,1,0,0
eegn68o9,13,acq3llui,21,bargaining_tdl_survey,SurveyIntro,1779189898,1,0,0
eegn68o9,15,l8aj9b7b,21,bargaining_tdl_survey,SurveyIntro,1779189898,1,0,0
eegn68o9,33,fenukb9f,20,bargaining_tdl_part3,ResultsPart3,1779189898,1,0,0
eegn68o9,7,s3g3i02t,22,bargaining_tdl_survey,SurveyQuestions,1779189899,1,1,0
eegn68o9,25,2z80v124,20,bargaining_tdl_part3,ResultsPart3,1779189899,1,0,0
eegn68o9,1,iq1yi77u,31,bargaining_tdl_survey,SurveyTerminated,1779189899,1,0,0
eegn68o9,19,7sh4wsob,21,bargaining_tdl_survey,SurveyIntro,1779189899,1,0,0
eegn68o9,14,uqtljjy8,20,bargaining_tdl_part3,ResultsPart3,1779189899,1,0,0
eegn68o9,23,0oby6q2d,21,bargaining_tdl_survey,SurveyIntro,1779189899,1,0,0
eegn68o9,3,rvnhag7n,31,bargaining_tdl_survey,SurveyTerminated,1779189899,1,0,0
eegn68o9,30,1ewrfteq,20,bargaining_tdl_part3,ResultsPart3,1779189899,1,0,0
eegn68o9,35,5cr1xp2q,16,bargaining_tdl_main,Results,1779189899,1,0,0
eegn68o9,29,ho13qsj9,16,bargaining_tdl_main,Results,1779189899,1,0,0
eegn68o9,2,gpya7t9r,22,bargaining_tdl_survey,SurveyQuestions,1779189899,1,1,0
eegn68o9,22,qsub7p42,21,bargaining_tdl_survey,SurveyIntro,1779189899,1,0,0
eegn68o9,34,y9ow1gdd,21,bargaining_tdl_survey,SurveyIntro,1779189899,1,0,0
eegn68o9,18,iharzy3s,21,bargaining_tdl_survey,SurveyIntro,1779189899,1,0,0
eegn68o9,10,z24cf6fs,31,bargaining_tdl_survey,SurveyTerminated,1779189899,1,0,0
eegn68o9,31,jzqkp7aa,20,bargaining_tdl_part3,ResultsPart3,1779189899,1,0,0
eegn68o9,32,lyva58co,21,bargaining_tdl_survey,SurveyIntro,1779189899,1,0,0
eegn68o9,28,r51cvcoy,21,bargaining_tdl_survey,SurveyIntro,1779189899,1,0,0
eegn68o9,7,s3g3i02t,31,bargaining_tdl_survey,SurveyTerminated,1779189900,1,0,0
eegn68o9,9,1w77s6ru,22,bargaining_tdl_survey,SurveyQuestions,1779189900,1,1,0
eegn68o9,20,8g3ako02,21,bargaining_tdl_survey,SurveyIntro,1779189900,1,0,0
eegn68o9,4,z20gwqdu,31,bargaining_tdl_survey,SurveyTerminated,1779189900,1,0,0
eegn68o9,21,8i9vw5ss,21,bargaining_tdl_survey,SurveyIntro,1779189900,1,0,0
eegn68o9,30,1ewrfteq,21,bargaining_tdl_survey,SurveyIntro,1779189900,1,0,0
eegn68o9,25,2z80v124,21,bargaining_tdl_survey,SurveyIntro,1779189900,1,0,0
eegn68o9,33,fenukb9f,21,bargaining_tdl_survey,SurveyIntro,1779189901,1,0,0
eegn68o9,9,1w77s6ru,31,bargaining_tdl_survey,SurveyTerminated,1779189901,1,0,0
eegn68o9,14,uqtljjy8,21,bargaining_tdl_survey,SurveyIntro,1779189901,1,0,0
eegn68o9,29,ho13qsj9,18,bargaining_tdl_part3,InstructionsPart3,1779189901,1,0,0
eegn68o9,35,5cr1xp2q,18,bargaining_tdl_part3,InstructionsPart3,1779189901,1,0,0
eegn68o9,31,jzqkp7aa,21,bargaining_tdl_survey,SurveyIntro,1779189901,1,0,0
eegn68o9,12,294bzyjf,16,bargaining_tdl_main,Results,1779189901,1,0,0
eegn68o9,2,gpya7t9r,31,bargaining_tdl_survey,SurveyTerminated,1779189902,1,0,0
eegn68o9,35,5cr1xp2q,20,bargaining_tdl_part3,ResultsPart3,1779189903,1,0,0
eegn68o9,29,ho13qsj9,20,bargaining_tdl_part3,ResultsPart3,1779189903,1,0,0
eegn68o9,35,5cr1xp2q,21,bargaining_tdl_survey,SurveyIntro,1779189904,1,0,0
eegn68o9,29,ho13qsj9,21,bargaining_tdl_survey,SurveyIntro,1779189905,1,0,0
eegn68o9,12,294bzyjf,18,bargaining_tdl_part3,InstructionsPart3,1779189905,1,0,0
eegn68o9,12,294bzyjf,20,bargaining_tdl_part3,ResultsPart3,1779189912,1,0,0
eegn68o9,12,294bzyjf,21,bargaining_tdl_survey,SurveyIntro,1779189915,1,0,0
eegn68o9,17,s6cygvjc,22,bargaining_tdl_survey,SurveyQuestions,1779190085,1,1,0
eegn68o9,11,armln33o,22,bargaining_tdl_survey,SurveyQuestions,1779190085,1,1,0
eegn68o9,24,iz4palld,22,bargaining_tdl_survey,SurveyQuestions,1779190085,1,1,0
eegn68o9,8,eutuv8ct,22,bargaining_tdl_survey,SurveyQuestions,1779190085,1,1,0
eegn68o9,16,ijwyuhp9,22,bargaining_tdl_survey,SurveyQuestions,1779190085,1,1,0
eegn68o9,13,acq3llui,22,bargaining_tdl_survey,SurveyQuestions,1779190086,1,1,0
eegn68o9,15,l8aj9b7b,22,bargaining_tdl_survey,SurveyQuestions,1779190086,1,1,0
eegn68o9,19,7sh4wsob,22,bargaining_tdl_survey,SurveyQuestions,1779190089,1,1,0
eegn68o9,23,0oby6q2d,22,bargaining_tdl_survey,SurveyQuestions,1779190089,1,1,0
eegn68o9,22,qsub7p42,22,bargaining_tdl_survey,SurveyQuestions,1779190089,1,1,0
eegn68o9,34,y9ow1gdd,22,bargaining_tdl_survey,SurveyQuestions,1779190089,1,1,0
eegn68o9,18,iharzy3s,22,bargaining_tdl_survey,SurveyQuestions,1779190089,1,1,0
eegn68o9,32,lyva58co,22,bargaining_tdl_survey,SurveyQuestions,1779190089,1,1,0
eegn68o9,28,r51cvcoy,22,bargaining_tdl_survey,SurveyQuestions,1779190089,1,1,0
eegn68o9,20,8g3ako02,22,bargaining_tdl_survey,SurveyQuestions,1779190089,1,1,0
eegn68o9,21,8i9vw5ss,22,bargaining_tdl_survey,SurveyQuestions,1779190089,1,1,0
eegn68o9,30,1ewrfteq,22,bargaining_tdl_survey,SurveyQuestions,1779190089,1,1,0
eegn68o9,25,2z80v124,22,bargaining_tdl_survey,SurveyQuestions,1779190089,1,1,0
eegn68o9,33,fenukb9f,22,bargaining_tdl_survey,SurveyQuestions,1779190089,1,1,0
eegn68o9,14,uqtljjy8,22,bargaining_tdl_survey,SurveyQuestions,1779190089,1,1,0
eegn68o9,31,jzqkp7aa,22,bargaining_tdl_survey,SurveyQuestions,1779190089,1,1,0
eegn68o9,35,5cr1xp2q,22,bargaining_tdl_survey,SurveyQuestions,1779190092,1,1,0
eegn68o9,29,ho13qsj9,22,bargaining_tdl_survey,SurveyQuestions,1779190096,1,1,0
eegn68o9,12,294bzyjf,22,bargaining_tdl_survey,SurveyQuestions,1779190102,1,1,0
zr6gul8w,3,iyaybccx,0,,InitializeParticipant,1779190323,1,0,0
zr6gul8w,9,n00ozz7b,0,,InitializeParticipant,1779190323,1,0,0
zr6gul8w,11,x1x4jm7i,0,,InitializeParticipant,1779190323,1,0,0
zr6gul8w,12,fmhvibbk,0,,InitializeParticipant,1779190323,1,0,0
zr6gul8w,4,1uqnqbvq,0,,InitializeParticipant,1779190323,1,0,0
zr6gul8w,1,5977liaz,0,,InitializeParticipant,1779190323,1,0,0
zr6gul8w,8,beua6ch6,0,,InitializeParticipant,1779190323,1,0,0
zr6gul8w,5,2j4yjh4s,0,,InitializeParticipant,1779190323,1,0,0
zr6gul8w,2,k60eivfz,0,,InitializeParticipant,1779190323,1,0,0
zr6gul8w,10,05qfx0i7,0,,InitializeParticipant,1779190323,1,0,0
zr6gul8w,6,s4mj3o69,0,,InitializeParticipant,1779190323,1,0,0
zr6gul8w,7,qckxzyr3,0,,InitializeParticipant,1779190323,1,0,0
zr6gul8w,3,iyaybccx,1,bargaining_tdl_intro,Welcome,1779190324,1,0,0
zr6gul8w,9,n00ozz7b,1,bargaining_tdl_intro,Welcome,1779190324,1,0,0
zr6gul8w,11,x1x4jm7i,1,bargaining_tdl_intro,Welcome,1779190324,1,0,0
zr6gul8w,12,fmhvibbk,1,bargaining_tdl_intro,Welcome,1779190324,1,0,0
zr6gul8w,8,beua6ch6,1,bargaining_tdl_intro,Welcome,1779190324,1,0,0
zr6gul8w,1,5977liaz,1,bargaining_tdl_intro,Welcome,1779190324,1,0,0
zr6gul8w,5,2j4yjh4s,1,bargaining_tdl_intro,Welcome,1779190324,1,0,0
zr6gul8w,4,1uqnqbvq,1,bargaining_tdl_intro,Welcome,1779190324,1,0,0
zr6gul8w,6,s4mj3o69,1,bargaining_tdl_intro,Welcome,1779190324,1,0,0
zr6gul8w,14,6bz5w1nt,0,,InitializeParticipant,1779190324,1,0,0
zr6gul8w,15,0tsp39eh,0,,InitializeParticipant,1779190324,1,0,0
zr6gul8w,16,y3f1qxuf,0,,InitializeParticipant,1779190324,1,0,0
zr6gul8w,17,yt75dd3v,0,,InitializeParticipant,1779190324,1,0,0
zr6gul8w,20,dmdvlb6t,0,,InitializeParticipant,1779190324,1,0,0
zr6gul8w,23,roxmzk68,0,,InitializeParticipant,1779190324,1,0,0
zr6gul8w,18,2e434ckt,0,,InitializeParticipant,1779190324,1,0,0
zr6gul8w,13,6ojizmt1,0,,InitializeParticipant,1779190324,1,0,0
zr6gul8w,22,1buf7gtg,0,,InitializeParticipant,1779190324,1,0,0
zr6gul8w,19,185lsl9s,0,,InitializeParticipant,1779190324,1,0,0
zr6gul8w,24,tytzgqxh,0,,InitializeParticipant,1779190324,1,0,0
zr6gul8w,21,ai35yj68,0,,InitializeParticipant,1779190324,1,0,0
zr6gul8w,7,qckxzyr3,1,bargaining_tdl_intro,Welcome,1779190324,1,0,0
zr6gul8w,2,k60eivfz,1,bargaining_tdl_intro,Welcome,1779190324,1,0,0
zr6gul8w,10,05qfx0i7,1,bargaining_tdl_intro,Welcome,1779190324,1,0,0
zr6gul8w,3,iyaybccx,2,bargaining_tdl_intro,InstructionsPart1,1779190325,1,0,0
zr6gul8w,14,6bz5w1nt,1,bargaining_tdl_intro,Welcome,1779190325,1,0,0
zr6gul8w,15,0tsp39eh,1,bargaining_tdl_intro,Welcome,1779190325,1,0,0
zr6gul8w,28,c5e1v9r1,0,,InitializeParticipant,1779190325,1,0,0
zr6gul8w,1,5977liaz,2,bargaining_tdl_intro,InstructionsPart1,1779190325,1,0,0
zr6gul8w,5,2j4yjh4s,2,bargaining_tdl_intro,InstructionsPart1,1779190325,1,0,0
zr6gul8w,17,yt75dd3v,1,bargaining_tdl_intro,Welcome,1779190325,1,0,0
zr6gul8w,20,dmdvlb6t,1,bargaining_tdl_intro,Welcome,1779190325,1,0,0
zr6gul8w,25,8alm3lr2,0,,InitializeParticipant,1779190325,1,0,0
zr6gul8w,27,dg19k2gr,0,,InitializeParticipant,1779190325,1,0,0
zr6gul8w,33,xve1f0hw,0,,InitializeParticipant,1779190325,1,0,0
zr6gul8w,29,ru07md9e,0,,InitializeParticipant,1779190325,1,0,0
zr6gul8w,26,of2jflob,0,,InitializeParticipant,1779190325,1,0,0
zr6gul8w,32,oa98fds8,0,,InitializeParticipant,1779190325,1,0,0
zr6gul8w,35,7283axms,0,,InitializeParticipant,1779190325,1,0,0
zr6gul8w,30,3zopmy9e,0,,InitializeParticipant,1779190325,1,0,0
zr6gul8w,31,8okhv1km,0,,InitializeParticipant,1779190325,1,0,0
zr6gul8w,34,92hx25ex,0,,InitializeParticipant,1779190325,1,0,0
zr6gul8w,36,3z4emp85,0,,InitializeParticipant,1779190325,1,0,0
zr6gul8w,23,roxmzk68,1,bargaining_tdl_intro,Welcome,1779190325,1,0,0
zr6gul8w,18,2e434ckt,1,bargaining_tdl_intro,Welcome,1779190325,1,0,0
zr6gul8w,8,beua6ch6,2,bargaining_tdl_intro,InstructionsPart1,1779190325,1,0,0
zr6gul8w,19,185lsl9s,1,bargaining_tdl_intro,Welcome,1779190326,1,0,0
zr6gul8w,22,1buf7gtg,1,bargaining_tdl_intro,Welcome,1779190326,1,0,0
zr6gul8w,13,6ojizmt1,1,bargaining_tdl_intro,Welcome,1779190326,1,0,0
zr6gul8w,24,tytzgqxh,1,bargaining_tdl_intro,Welcome,1779190326,1,0,0
zr6gul8w,12,fmhvibbk,2,bargaining_tdl_intro,InstructionsPart1,1779190326,1,0,0
zr6gul8w,10,05qfx0i7,2,bargaining_tdl_intro,InstructionsPart1,1779190326,1,0,0
zr6gul8w,9,n00ozz7b,2,bargaining_tdl_intro,InstructionsPart1,1779190326,1,0,0
zr6gul8w,2,k60eivfz,2,bargaining_tdl_intro,InstructionsPart1,1779190326,1,0,0
zr6gul8w,16,y3f1qxuf,1,bargaining_tdl_intro,Welcome,1779190326,1,0,0
zr6gul8w,6,s4mj3o69,2,bargaining_tdl_intro,InstructionsPart1,1779190326,1,0,0
zr6gul8w,11,x1x4jm7i,2,bargaining_tdl_intro,InstructionsPart1,1779190326,1,0,0
zr6gul8w,4,1uqnqbvq,2,bargaining_tdl_intro,InstructionsPart1,1779190326,1,0,0
zr6gul8w,43,pzpqduyx,0,,InitializeParticipant,1779190326,1,0,0
zr6gul8w,45,q5fvqxb4,0,,InitializeParticipant,1779190326,1,0,0
zr6gul8w,39,gxtfdlrl,0,,InitializeParticipant,1779190326,1,0,0
zr6gul8w,41,hpckv9rp,0,,InitializeParticipant,1779190326,1,0,0
zr6gul8w,37,44a1aq38,0,,InitializeParticipant,1779190326,1,0,0
zr6gul8w,44,qfuqa0ha,0,,InitializeParticipant,1779190326,1,0,0
zr6gul8w,42,h0osvjnp,0,,InitializeParticipant,1779190326,1,0,0
zr6gul8w,40,fcdu23yx,0,,InitializeParticipant,1779190326,1,0,0
zr6gul8w,38,gzribzyd,0,,InitializeParticipant,1779190326,1,0,0
zr6gul8w,21,ai35yj68,1,bargaining_tdl_intro,Welcome,1779190326,1,0,0
zr6gul8w,7,qckxzyr3,2,bargaining_tdl_intro,InstructionsPart1,1779190326,1,0,0
zr6gul8w,14,6bz5w1nt,2,bargaining_tdl_intro,InstructionsPart1,1779190327,1,0,0
zr6gul8w,15,0tsp39eh,2,bargaining_tdl_intro,InstructionsPart1,1779190327,1,0,0
zr6gul8w,3,iyaybccx,3,bargaining_tdl_intro,ControlQuestionsAttempt1,1779190327,1,0,0
zr6gul8w,5,2j4yjh4s,3,bargaining_tdl_intro,ControlQuestionsAttempt1,1779190327,1,0,0
zr6gul8w,17,yt75dd3v,2,bargaining_tdl_intro,InstructionsPart1,1779190327,1,0,0
zr6gul8w,28,c5e1v9r1,1,bargaining_tdl_intro,Welcome,1779190327,1,0,0
zr6gul8w,23,roxmzk68,2,bargaining_tdl_intro,InstructionsPart1,1779190327,1,0,0
zr6gul8w,25,8alm3lr2,1,bargaining_tdl_intro,Welcome,1779190327,1,0,0
zr6gul8w,27,dg19k2gr,1,bargaining_tdl_intro,Welcome,1779190327,1,0,0
zr6gul8w,32,oa98fds8,1,bargaining_tdl_intro,Welcome,1779190327,1,0,0
zr6gul8w,20,dmdvlb6t,2,bargaining_tdl_intro,InstructionsPart1,1779190327,1,0,0
zr6gul8w,26,of2jflob,1,bargaining_tdl_intro,Welcome,1779190328,1,0,0
zr6gul8w,34,92hx25ex,1,bargaining_tdl_intro,Welcome,1779190328,1,0,0
zr6gul8w,1,5977liaz,3,bargaining_tdl_intro,ControlQuestionsAttempt1,1779190328,1,0,0
zr6gul8w,35,7283axms,1,bargaining_tdl_intro,Welcome,1779190328,1,0,0
zr6gul8w,33,xve1f0hw,1,bargaining_tdl_intro,Welcome,1779190328,1,0,0
zr6gul8w,30,3zopmy9e,1,bargaining_tdl_intro,Welcome,1779190328,1,0,0
zr6gul8w,31,8okhv1km,1,bargaining_tdl_intro,Welcome,1779190328,1,0,0
zr6gul8w,36,3z4emp85,1,bargaining_tdl_intro,Welcome,1779190328,1,0,0
zr6gul8w,18,2e434ckt,2,bargaining_tdl_intro,InstructionsPart1,1779190328,1,0,0
zr6gul8w,13,6ojizmt1,2,bargaining_tdl_intro,InstructionsPart1,1779190328,1,0,0
zr6gul8w,19,185lsl9s,2,bargaining_tdl_intro,InstructionsPart1,1779190328,1,0,0
zr6gul8w,29,ru07md9e,1,bargaining_tdl_intro,Welcome,1779190328,1,0,0
zr6gul8w,8,beua6ch6,3,bargaining_tdl_intro,ControlQuestionsAttempt1,1779190328,1,0,0
zr6gul8w,22,1buf7gtg,2,bargaining_tdl_intro,InstructionsPart1,1779190329,1,0,0
zr6gul8w,24,tytzgqxh,2,bargaining_tdl_intro,InstructionsPart1,1779190329,1,0,0
zr6gul8w,39,gxtfdlrl,1,bargaining_tdl_intro,Welcome,1779190329,1,0,0
zr6gul8w,43,pzpqduyx,1,bargaining_tdl_intro,Welcome,1779190329,1,0,0
zr6gul8w,41,hpckv9rp,1,bargaining_tdl_intro,Welcome,1779190329,1,0,0
zr6gul8w,4,1uqnqbvq,3,bargaining_tdl_intro,ControlQuestionsAttempt1,1779190329,1,0,0
zr6gul8w,44,qfuqa0ha,1,bargaining_tdl_intro,Welcome,1779190329,1,0,0
zr6gul8w,45,q5fvqxb4,1,bargaining_tdl_intro,Welcome,1779190329,1,0,0
zr6gul8w,10,05qfx0i7,3,bargaining_tdl_intro,ControlQuestionsAttempt1,1779190329,1,0,0
zr6gul8w,42,h0osvjnp,1,bargaining_tdl_intro,Welcome,1779190329,1,0,0
zr6gul8w,40,fcdu23yx,1,bargaining_tdl_intro,Welcome,1779190329,1,0,0
zr6gul8w,2,k60eivfz,3,bargaining_tdl_intro,ControlQuestionsAttempt1,1779190329,1,0,0
zr6gul8w,37,44a1aq38,1,bargaining_tdl_intro,Welcome,1779190329,1,0,0
zr6gul8w,9,n00ozz7b,3,bargaining_tdl_intro,ControlQuestionsAttempt1,1779190329,1,0,0
zr6gul8w,11,x1x4jm7i,3,bargaining_tdl_intro,ControlQuestionsAttempt1,1779190329,1,0,0
zr6gul8w,12,fmhvibbk,3,bargaining_tdl_intro,ControlQuestionsAttempt1,1779190329,1,0,0
zr6gul8w,6,s4mj3o69,3,bargaining_tdl_intro,ControlQuestionsAttempt1,1779190329,1,0,0
zr6gul8w,7,qckxzyr3,3,bargaining_tdl_intro,ControlQuestionsAttempt1,1779190329,1,0,0
zr6gul8w,3,iyaybccx,4,bargaining_tdl_intro,ControlQuestionsAttempt2,1779190329,1,0,0
zr6gul8w,5,2j4yjh4s,4,bargaining_tdl_intro,ControlQuestionsAttempt2,1779190329,1,0,0
zr6gul8w,16,y3f1qxuf,2,bargaining_tdl_intro,InstructionsPart1,1779190330,1,0,0
zr6gul8w,17,yt75dd3v,3,bargaining_tdl_intro,ControlQuestionsAttempt1,1779190330,1,0,0
zr6gul8w,21,ai35yj68,2,bargaining_tdl_intro,InstructionsPart1,1779190330,1,0,0
zr6gul8w,25,8alm3lr2,2,bargaining_tdl_intro,InstructionsPart1,1779190330,1,0,0
zr6gul8w,15,0tsp39eh,3,bargaining_tdl_intro,ControlQuestionsAttempt1,1779190330,1,0,0
zr6gul8w,14,6bz5w1nt,3,bargaining_tdl_intro,ControlQuestionsAttempt1,1779190330,1,0,0
zr6gul8w,28,c5e1v9r1,2,bargaining_tdl_intro,InstructionsPart1,1779190330,1,0,0
zr6gul8w,23,roxmzk68,3,bargaining_tdl_intro,ControlQuestionsAttempt1,1779190330,1,0,0
zr6gul8w,27,dg19k2gr,2,bargaining_tdl_intro,InstructionsPart1,1779190330,1,0,0
zr6gul8w,26,of2jflob,2,bargaining_tdl_intro,InstructionsPart1,1779190330,1,0,0
zr6gul8w,34,92hx25ex,2,bargaining_tdl_intro,InstructionsPart1,1779190330,1,0,0
zr6gul8w,38,gzribzyd,1,bargaining_tdl_intro,Welcome,1779190330,1,0,0
zr6gul8w,20,dmdvlb6t,3,bargaining_tdl_intro,ControlQuestionsAttempt1,1779190330,1,0,0
zr6gul8w,32,oa98fds8,2,bargaining_tdl_intro,InstructionsPart1,1779190330,1,0,0
zr6gul8w,36,3z4emp85,2,bargaining_tdl_intro,InstructionsPart1,1779190330,1,0,0
zr6gul8w,31,8okhv1km,2,bargaining_tdl_intro,InstructionsPart1,1779190331,1,0,0
zr6gul8w,30,3zopmy9e,2,bargaining_tdl_intro,InstructionsPart1,1779190331,1,0,0
zr6gul8w,19,185lsl9s,3,bargaining_tdl_intro,ControlQuestionsAttempt1,1779190331,1,0,0
zr6gul8w,35,7283axms,2,bargaining_tdl_intro,InstructionsPart1,1779190331,1,0,0
zr6gul8w,13,6ojizmt1,3,bargaining_tdl_intro,ControlQuestionsAttempt1,1779190331,1,0,0
zr6gul8w,18,2e434ckt,3,bargaining_tdl_intro,ControlQuestionsAttempt1,1779190331,1,0,0
zr6gul8w,24,tytzgqxh,3,bargaining_tdl_intro,ControlQuestionsAttempt1,1779190331,1,0,0
zr6gul8w,1,5977liaz,4,bargaining_tdl_intro,ControlQuestionsAttempt2,1779190331,1,0,0
zr6gul8w,29,ru07md9e,2,bargaining_tdl_intro,InstructionsPart1,1779190331,1,0,0
zr6gul8w,43,pzpqduyx,2,bargaining_tdl_intro,InstructionsPart1,1779190331,1,0,0
zr6gul8w,33,xve1f0hw,2,bargaining_tdl_intro,InstructionsPart1,1779190331,1,0,0
zr6gul8w,22,1buf7gtg,3,bargaining_tdl_intro,ControlQuestionsAttempt1,1779190331,1,0,0
zr6gul8w,39,gxtfdlrl,2,bargaining_tdl_intro,InstructionsPart1,1779190331,1,0,0
zr6gul8w,2,k60eivfz,4,bargaining_tdl_intro,ControlQuestionsAttempt2,1779190331,1,0,0
zr6gul8w,44,qfuqa0ha,2,bargaining_tdl_intro,InstructionsPart1,1779190331,1,0,0
zr6gul8w,40,fcdu23yx,2,bargaining_tdl_intro,InstructionsPart1,1779190331,1,0,0
zr6gul8w,8,beua6ch6,4,bargaining_tdl_intro,ControlQuestionsAttempt2,1779190331,1,0,0
zr6gul8w,41,hpckv9rp,2,bargaining_tdl_intro,InstructionsPart1,1779190331,1,0,0
zr6gul8w,12,fmhvibbk,4,bargaining_tdl_intro,ControlQuestionsAttempt2,1779190332,1,0,0
zr6gul8w,3,iyaybccx,5,bargaining_tdl_intro,ControlQuestionsAttempt3,1779190332,1,0,0
zr6gul8w,42,h0osvjnp,2,bargaining_tdl_intro,InstructionsPart1,1779190332,1,0,0
zr6gul8w,4,1uqnqbvq,4,bargaining_tdl_intro,ControlQuestionsAttempt2,1779190332,1,0,0
zr6gul8w,45,q5fvqxb4,2,bargaining_tdl_intro,InstructionsPart1,1779190332,1,0,0
zr6gul8w,9,n00ozz7b,4,bargaining_tdl_intro,ControlQuestionsAttempt2,1779190332,1,0,0
zr6gul8w,10,05qfx0i7,4,bargaining_tdl_intro,ControlQuestionsAttempt2,1779190332,1,0,0
zr6gul8w,5,2j4yjh4s,5,bargaining_tdl_intro,ControlQuestionsAttempt3,1779190332,1,0,0
zr6gul8w,37,44a1aq38,2,bargaining_tdl_intro,InstructionsPart1,1779190332,1,0,0
zr6gul8w,11,x1x4jm7i,4,bargaining_tdl_intro,ControlQuestionsAttempt2,1779190332,1,0,0
zr6gul8w,15,0tsp39eh,4,bargaining_tdl_intro,ControlQuestionsAttempt2,1779190332,1,0,0
zr6gul8w,14,6bz5w1nt,4,bargaining_tdl_intro,ControlQuestionsAttempt2,1779190332,1,0,0
zr6gul8w,6,s4mj3o69,4,bargaining_tdl_intro,ControlQuestionsAttempt2,1779190332,1,0,0
zr6gul8w,17,yt75dd3v,4,bargaining_tdl_intro,ControlQuestionsAttempt2,1779190332,1,0,0
zr6gul8w,7,qckxzyr3,4,bargaining_tdl_intro,ControlQuestionsAttempt2,1779190333,1,0,0
zr6gul8w,23,roxmzk68,4,bargaining_tdl_intro,ControlQuestionsAttempt2,1779190333,1,0,0
zr6gul8w,25,8alm3lr2,3,bargaining_tdl_intro,ControlQuestionsAttempt1,1779190333,1,0,0
zr6gul8w,34,92hx25ex,3,bargaining_tdl_intro,ControlQuestionsAttempt1,1779190333,1,0,0
zr6gul8w,28,c5e1v9r1,3,bargaining_tdl_intro,ControlQuestionsAttempt1,1779190333,1,0,0
zr6gul8w,26,of2jflob,3,bargaining_tdl_intro,ControlQuestionsAttempt1,1779190333,1,0,0
zr6gul8w,27,dg19k2gr,3,bargaining_tdl_intro,ControlQuestionsAttempt1,1779190333,1,0,0
zr6gul8w,32,oa98fds8,3,bargaining_tdl_intro,ControlQuestionsAttempt1,1779190333,1,0,0
zr6gul8w,13,6ojizmt1,4,bargaining_tdl_intro,ControlQuestionsAttempt2,1779190334,1,0,0
zr6gul8w,21,ai35yj68,3,bargaining_tdl_intro,ControlQuestionsAttempt1,1779190334,1,0,0
zr6gul8w,30,3zopmy9e,3,bargaining_tdl_intro,ControlQuestionsAttempt1,1779190334,1,0,0
zr6gul8w,20,dmdvlb6t,4,bargaining_tdl_intro,ControlQuestionsAttempt2,1779190334,1,0,0
zr6gul8w,36,3z4emp85,3,bargaining_tdl_intro,ControlQuestionsAttempt1,1779190334,1,0,0
zr6gul8w,19,185lsl9s,4,bargaining_tdl_intro,ControlQuestionsAttempt2,1779190334,1,0,0
zr6gul8w,24,tytzgqxh,4,bargaining_tdl_intro,ControlQuestionsAttempt2,1779190334,1,0,0
zr6gul8w,38,gzribzyd,2,bargaining_tdl_intro,InstructionsPart1,1779190334,1,0,0
zr6gul8w,35,7283axms,3,bargaining_tdl_intro,ControlQuestionsAttempt1,1779190334,1,0,0
zr6gul8w,2,k60eivfz,5,bargaining_tdl_intro,ControlQuestionsAttempt3,1779190334,1,0,0
zr6gul8w,31,8okhv1km,3,bargaining_tdl_intro,ControlQuestionsAttempt1,1779190334,1,0,0
zr6gul8w,18,2e434ckt,4,bargaining_tdl_intro,ControlQuestionsAttempt2,1779190334,1,0,0
zr6gul8w,22,1buf7gtg,4,bargaining_tdl_intro,ControlQuestionsAttempt2,1779190335,1,0,0
zr6gul8w,1,5977liaz,5,bargaining_tdl_intro,ControlQuestionsAttempt3,1779190335,1,0,0
zr6gul8w,16,y3f1qxuf,3,bargaining_tdl_intro,ControlQuestionsAttempt1,1779190335,1,0,0
zr6gul8w,43,pzpqduyx,3,bargaining_tdl_intro,ControlQuestionsAttempt1,1779190335,1,0,0
zr6gul8w,39,gxtfdlrl,3,bargaining_tdl_intro,ControlQuestionsAttempt1,1779190335,1,0,0
zr6gul8w,44,qfuqa0ha,3,bargaining_tdl_intro,ControlQuestionsAttempt1,1779190335,1,0,0
zr6gul8w,29,ru07md9e,3,bargaining_tdl_intro,ControlQuestionsAttempt1,1779190335,1,0,0
zr6gul8w,42,h0osvjnp,3,bargaining_tdl_intro,ControlQuestionsAttempt1,1779190335,1,0,0
zr6gul8w,40,fcdu23yx,3,bargaining_tdl_intro,ControlQuestionsAttempt1,1779190335,1,0,0
zr6gul8w,8,beua6ch6,5,bargaining_tdl_intro,ControlQuestionsAttempt3,1779190335,1,0,0
zr6gul8w,41,hpckv9rp,3,bargaining_tdl_intro,ControlQuestionsAttempt1,1779190335,1,0,0
zr6gul8w,12,fmhvibbk,5,bargaining_tdl_intro,ControlQuestionsAttempt3,1779190335,1,0,0
zr6gul8w,3,iyaybccx,6,bargaining_tdl_intro,ControlQuestionsAttempt4,1779190335,1,0,0
zr6gul8w,9,n00ozz7b,5,bargaining_tdl_intro,ControlQuestionsAttempt3,1779190335,1,0,0
zr6gul8w,45,q5fvqxb4,3,bargaining_tdl_intro,ControlQuestionsAttempt1,1779190335,1,0,0
zr6gul8w,11,x1x4jm7i,5,bargaining_tdl_intro,ControlQuestionsAttempt3,1779190335,1,0,0
zr6gul8w,4,1uqnqbvq,5,bargaining_tdl_intro,ControlQuestionsAttempt3,1779190335,1,0,0
zr6gul8w,10,05qfx0i7,5,bargaining_tdl_intro,ControlQuestionsAttempt3,1779190335,1,0,0
zr6gul8w,15,0tsp39eh,5,bargaining_tdl_intro,ControlQuestionsAttempt3,1779190336,1,0,0
zr6gul8w,5,2j4yjh4s,6,bargaining_tdl_intro,ControlQuestionsAttempt4,1779190336,1,0,0
zr6gul8w,23,roxmzk68,5,bargaining_tdl_intro,ControlQuestionsAttempt3,1779190336,1,0,0
zr6gul8w,17,yt75dd3v,5,bargaining_tdl_intro,ControlQuestionsAttempt3,1779190336,1,0,0
zr6gul8w,7,qckxzyr3,5,bargaining_tdl_intro,ControlQuestionsAttempt3,1779190336,1,0,0
zr6gul8w,6,s4mj3o69,5,bargaining_tdl_intro,ControlQuestionsAttempt3,1779190336,1,0,0
zr6gul8w,14,6bz5w1nt,5,bargaining_tdl_intro,ControlQuestionsAttempt3,1779190336,1,0,0
zr6gul8w,28,c5e1v9r1,4,bargaining_tdl_intro,ControlQuestionsAttempt2,1779190336,1,0,0
zr6gul8w,25,8alm3lr2,4,bargaining_tdl_intro,ControlQuestionsAttempt2,1779190336,1,0,0
zr6gul8w,37,44a1aq38,3,bargaining_tdl_intro,ControlQuestionsAttempt1,1779190336,1,0,0
zr6gul8w,33,xve1f0hw,3,bargaining_tdl_intro,ControlQuestionsAttempt1,1779190336,1,0,0
zr6gul8w,34,92hx25ex,4,bargaining_tdl_intro,ControlQuestionsAttempt2,1779190337,1,0,0
zr6gul8w,13,6ojizmt1,5,bargaining_tdl_intro,ControlQuestionsAttempt3,1779190337,1,0,0
zr6gul8w,27,dg19k2gr,4,bargaining_tdl_intro,ControlQuestionsAttempt2,1779190337,1,0,0
zr6gul8w,26,of2jflob,4,bargaining_tdl_intro,ControlQuestionsAttempt2,1779190337,1,0,0
zr6gul8w,32,oa98fds8,4,bargaining_tdl_intro,ControlQuestionsAttempt2,1779190337,1,0,0
zr6gul8w,21,ai35yj68,4,bargaining_tdl_intro,ControlQuestionsAttempt2,1779190337,1,0,0
zr6gul8w,30,3zopmy9e,4,bargaining_tdl_intro,ControlQuestionsAttempt2,1779190337,1,0,0
zr6gul8w,19,185lsl9s,5,bargaining_tdl_intro,ControlQuestionsAttempt3,1779190337,1,0,0
zr6gul8w,20,dmdvlb6t,5,bargaining_tdl_intro,ControlQuestionsAttempt3,1779190337,1,0,0
zr6gul8w,18,2e434ckt,5,bargaining_tdl_intro,ControlQuestionsAttempt3,1779190337,1,0,0
zr6gul8w,36,3z4emp85,4,bargaining_tdl_intro,ControlQuestionsAttempt2,1779190337,1,0,0
zr6gul8w,24,tytzgqxh,5,bargaining_tdl_intro,ControlQuestionsAttempt3,1779190337,1,0,0
zr6gul8w,44,qfuqa0ha,4,bargaining_tdl_intro,ControlQuestionsAttempt2,1779190337,1,0,0
zr6gul8w,35,7283axms,4,bargaining_tdl_intro,ControlQuestionsAttempt2,1779190337,1,0,0
zr6gul8w,31,8okhv1km,4,bargaining_tdl_intro,ControlQuestionsAttempt2,1779190337,1,0,0
zr6gul8w,2,k60eivfz,6,bargaining_tdl_intro,ControlQuestionsAttempt4,1779190338,1,0,0
zr6gul8w,22,1buf7gtg,5,bargaining_tdl_intro,ControlQuestionsAttempt3,1779190338,1,0,0
zr6gul8w,39,gxtfdlrl,4,bargaining_tdl_intro,ControlQuestionsAttempt2,1779190338,1,0,0
zr6gul8w,29,ru07md9e,4,bargaining_tdl_intro,ControlQuestionsAttempt2,1779190338,1,0,0
zr6gul8w,1,5977liaz,6,bargaining_tdl_intro,ControlQuestionsAttempt4,1779190338,1,0,0
zr6gul8w,43,pzpqduyx,4,bargaining_tdl_intro,ControlQuestionsAttempt2,1779190338,1,0,0
zr6gul8w,42,h0osvjnp,4,bargaining_tdl_intro,ControlQuestionsAttempt2,1779190338,1,0,0
zr6gul8w,9,n00ozz7b,6,bargaining_tdl_intro,ControlQuestionsAttempt4,1779190338,1,0,0
zr6gul8w,40,fcdu23yx,4,bargaining_tdl_intro,ControlQuestionsAttempt2,1779190338,1,0,0
zr6gul8w,8,beua6ch6,6,bargaining_tdl_intro,ControlQuestionsAttempt4,1779190338,1,0,0
zr6gul8w,5,2j4yjh4s,7,bargaining_tdl_intro,ControlQuestionsAttempt5,1779190338,1,0,0
zr6gul8w,38,gzribzyd,3,bargaining_tdl_intro,ControlQuestionsAttempt1,1779190338,1,0,0
zr6gul8w,45,q5fvqxb4,4,bargaining_tdl_intro,ControlQuestionsAttempt2,1779190338,1,0,0
zr6gul8w,10,05qfx0i7,6,bargaining_tdl_intro,ControlQuestionsAttempt4,1779190338,1,0,0
zr6gul8w,41,hpckv9rp,4,bargaining_tdl_intro,ControlQuestionsAttempt2,1779190338,1,0,0
zr6gul8w,12,fmhvibbk,6,bargaining_tdl_intro,ControlQuestionsAttempt4,1779190339,1,0,0
zr6gul8w,3,iyaybccx,7,bargaining_tdl_intro,ControlQuestionsAttempt5,1779190339,1,0,0
zr6gul8w,11,x1x4jm7i,6,bargaining_tdl_intro,ControlQuestionsAttempt4,1779190339,1,0,0
zr6gul8w,4,1uqnqbvq,6,bargaining_tdl_intro,ControlQuestionsAttempt4,1779190339,1,0,0
zr6gul8w,17,yt75dd3v,6,bargaining_tdl_intro,ControlQuestionsAttempt4,1779190339,1,0,0
zr6gul8w,16,y3f1qxuf,4,bargaining_tdl_intro,ControlQuestionsAttempt2,1779190339,1,0,0
zr6gul8w,7,qckxzyr3,6,bargaining_tdl_intro,ControlQuestionsAttempt4,1779190339,1,0,0
zr6gul8w,15,0tsp39eh,6,bargaining_tdl_intro,ControlQuestionsAttempt4,1779190339,1,0,0
zr6gul8w,23,roxmzk68,6,bargaining_tdl_intro,ControlQuestionsAttempt4,1779190339,1,0,0
zr6gul8w,28,c5e1v9r1,5,bargaining_tdl_intro,ControlQuestionsAttempt3,1779190339,1,0,0
zr6gul8w,13,6ojizmt1,6,bargaining_tdl_intro,ControlQuestionsAttempt4,1779190340,1,0,0
zr6gul8w,6,s4mj3o69,6,bargaining_tdl_intro,ControlQuestionsAttempt4,1779190340,1,0,0
zr6gul8w,14,6bz5w1nt,6,bargaining_tdl_intro,ControlQuestionsAttempt4,1779190340,1,0,0
zr6gul8w,27,dg19k2gr,5,bargaining_tdl_intro,ControlQuestionsAttempt3,1779190340,1,0,0
zr6gul8w,25,8alm3lr2,5,bargaining_tdl_intro,ControlQuestionsAttempt3,1779190340,1,0,0
zr6gul8w,34,92hx25ex,5,bargaining_tdl_intro,ControlQuestionsAttempt3,1779190340,1,0,0
zr6gul8w,30,3zopmy9e,5,bargaining_tdl_intro,ControlQuestionsAttempt3,1779190341,1,0,0
zr6gul8w,26,of2jflob,5,bargaining_tdl_intro,ControlQuestionsAttempt3,1779190341,1,0,0
zr6gul8w,32,oa98fds8,5,bargaining_tdl_intro,ControlQuestionsAttempt3,1779190341,1,0,0
zr6gul8w,20,dmdvlb6t,6,bargaining_tdl_intro,ControlQuestionsAttempt4,1779190341,1,0,0
zr6gul8w,44,qfuqa0ha,5,bargaining_tdl_intro,ControlQuestionsAttempt3,1779190341,1,0,0
zr6gul8w,37,44a1aq38,4,bargaining_tdl_intro,ControlQuestionsAttempt2,1779190341,1,0,0
zr6gul8w,36,3z4emp85,5,bargaining_tdl_intro,ControlQuestionsAttempt3,1779190341,1,0,0
zr6gul8w,19,185lsl9s,6,bargaining_tdl_intro,ControlQuestionsAttempt4,1779190341,1,0,0
zr6gul8w,18,2e434ckt,6,bargaining_tdl_intro,ControlQuestionsAttempt4,1779190341,1,0,0
zr6gul8w,31,8okhv1km,5,bargaining_tdl_intro,ControlQuestionsAttempt3,1779190341,1,0,0
zr6gul8w,24,tytzgqxh,6,bargaining_tdl_intro,ControlQuestionsAttempt4,1779190341,1,0,0
zr6gul8w,21,ai35yj68,5,bargaining_tdl_intro,ControlQuestionsAttempt3,1779190341,1,0,0
zr6gul8w,2,k60eivfz,7,bargaining_tdl_intro,ControlQuestionsAttempt5,1779190341,1,0,0
zr6gul8w,33,xve1f0hw,4,bargaining_tdl_intro,ControlQuestionsAttempt2,1779190341,1,0,0
zr6gul8w,35,7283axms,5,bargaining_tdl_intro,ControlQuestionsAttempt3,1779190341,1,0,0
zr6gul8w,29,ru07md9e,5,bargaining_tdl_intro,ControlQuestionsAttempt3,1779190341,1,0,0
zr6gul8w,43,pzpqduyx,5,bargaining_tdl_intro,ControlQuestionsAttempt3,1779190341,1,0,0
zr6gul8w,22,1buf7gtg,6,bargaining_tdl_intro,ControlQuestionsAttempt4,1779190341,1,0,0
zr6gul8w,42,h0osvjnp,5,bargaining_tdl_intro,ControlQuestionsAttempt3,1779190341,1,0,0
zr6gul8w,1,5977liaz,7,bargaining_tdl_intro,ControlQuestionsAttempt5,1779190342,1,0,0
zr6gul8w,40,fcdu23yx,5,bargaining_tdl_intro,ControlQuestionsAttempt3,1779190342,1,0,0
zr6gul8w,39,gxtfdlrl,5,bargaining_tdl_intro,ControlQuestionsAttempt3,1779190342,1,0,0
zr6gul8w,9,n00ozz7b,7,bargaining_tdl_intro,ControlQuestionsAttempt5,1779190342,1,0,0
zr6gul8w,41,hpckv9rp,5,bargaining_tdl_intro,ControlQuestionsAttempt3,1779190342,1,0,0
zr6gul8w,10,05qfx0i7,7,bargaining_tdl_intro,ControlQuestionsAttempt5,1779190342,1,0,0
zr6gul8w,12,fmhvibbk,7,bargaining_tdl_intro,ControlQuestionsAttempt5,1779190342,1,0,0
zr6gul8w,5,2j4yjh4s,8,bargaining_tdl_intro,Goodbye,1779190342,1,0,0
zr6gul8w,45,q5fvqxb4,5,bargaining_tdl_intro,ControlQuestionsAttempt3,1779190342,1,0,0
zr6gul8w,3,iyaybccx,8,bargaining_tdl_intro,Goodbye,1779190342,1,0,0
zr6gul8w,8,beua6ch6,7,bargaining_tdl_intro,ControlQuestionsAttempt5,1779190342,1,0,0
zr6gul8w,11,x1x4jm7i,7,bargaining_tdl_intro,ControlQuestionsAttempt5,1779190343,1,0,0
zr6gul8w,17,yt75dd3v,7,bargaining_tdl_intro,ControlQuestionsAttempt5,1779190343,1,0,0
zr6gul8w,23,roxmzk68,7,bargaining_tdl_intro,ControlQuestionsAttempt5,1779190343,1,0,0
zr6gul8w,28,c5e1v9r1,6,bargaining_tdl_intro,ControlQuestionsAttempt4,1779190343,1,0,0
zr6gul8w,4,1uqnqbvq,7,bargaining_tdl_intro,ControlQuestionsAttempt5,1779190343,1,0,0
zr6gul8w,15,0tsp39eh,7,bargaining_tdl_intro,ControlQuestionsAttempt5,1779190343,1,0,0
zr6gul8w,7,qckxzyr3,7,bargaining_tdl_intro,ControlQuestionsAttempt5,1779190343,1,0,0
zr6gul8w,13,6ojizmt1,7,bargaining_tdl_intro,ControlQuestionsAttempt5,1779190343,1,0,0
zr6gul8w,6,s4mj3o69,7,bargaining_tdl_intro,ControlQuestionsAttempt5,1779190343,1,0,0
zr6gul8w,14,6bz5w1nt,7,bargaining_tdl_intro,ControlQuestionsAttempt5,1779190344,1,0,0
zr6gul8w,34,92hx25ex,6,bargaining_tdl_intro,ControlQuestionsAttempt4,1779190344,1,0,0
zr6gul8w,30,3zopmy9e,6,bargaining_tdl_intro,ControlQuestionsAttempt4,1779190344,1,0,0
zr6gul8w,27,dg19k2gr,6,bargaining_tdl_intro,ControlQuestionsAttempt4,1779190344,1,0,0
zr6gul8w,20,dmdvlb6t,7,bargaining_tdl_intro,ControlQuestionsAttempt5,1779190344,1,0,0
zr6gul8w,25,8alm3lr2,6,bargaining_tdl_intro,ControlQuestionsAttempt4,1779190344,1,0,0
zr6gul8w,32,oa98fds8,6,bargaining_tdl_intro,ControlQuestionsAttempt4,1779190344,1,0,0
zr6gul8w,18,2e434ckt,7,bargaining_tdl_intro,ControlQuestionsAttempt5,1779190344,1,0,0
zr6gul8w,24,tytzgqxh,7,bargaining_tdl_intro,ControlQuestionsAttempt5,1779190344,1,0,0
zr6gul8w,2,k60eivfz,8,bargaining_tdl_intro,Goodbye,1779190344,1,0,0
zr6gul8w,26,of2jflob,6,bargaining_tdl_intro,ControlQuestionsAttempt4,1779190344,1,0,0
zr6gul8w,31,8okhv1km,6,bargaining_tdl_intro,ControlQuestionsAttempt4,1779190344,1,0,0
zr6gul8w,44,qfuqa0ha,6,bargaining_tdl_intro,ControlQuestionsAttempt4,1779190344,1,0,0
zr6gul8w,35,7283axms,6,bargaining_tdl_intro,ControlQuestionsAttempt4,1779190344,1,0,0
zr6gul8w,36,3z4emp85,6,bargaining_tdl_intro,ControlQuestionsAttempt4,1779190344,1,0,0
zr6gul8w,38,gzribzyd,4,bargaining_tdl_intro,ControlQuestionsAttempt2,1779190344,1,0,0
zr6gul8w,43,pzpqduyx,6,bargaining_tdl_intro,ControlQuestionsAttempt4,1779190344,1,0,0
zr6gul8w,19,185lsl9s,7,bargaining_tdl_intro,ControlQuestionsAttempt5,1779190345,1,0,0
zr6gul8w,22,1buf7gtg,7,bargaining_tdl_intro,ControlQuestionsAttempt5,1779190345,1,0,0
zr6gul8w,29,ru07md9e,6,bargaining_tdl_intro,ControlQuestionsAttempt4,1779190345,1,0,0
zr6gul8w,39,gxtfdlrl,6,bargaining_tdl_intro,ControlQuestionsAttempt4,1779190345,1,0,0
zr6gul8w,16,y3f1qxuf,5,bargaining_tdl_intro,ControlQuestionsAttempt3,1779190345,1,0,0
zr6gul8w,42,h0osvjnp,6,bargaining_tdl_intro,ControlQuestionsAttempt4,1779190345,1,0,0
zr6gul8w,2,k60eivfz,9,bargaining_tdl_main,GroupingAfterControlQuestions,1779190345,1,0,1
zr6gul8w,3,iyaybccx,9,bargaining_tdl_main,GroupingAfterControlQuestions,1779190345,1,0,1
zr6gul8w,5,2j4yjh4s,9,bargaining_tdl_main,GroupingAfterControlQuestions,1779190345,1,0,1
zr6gul8w,1,5977liaz,8,bargaining_tdl_intro,Goodbye,1779190345,1,0,0
zr6gul8w,41,hpckv9rp,6,bargaining_tdl_intro,ControlQuestionsAttempt4,1779190345,1,0,0
zr6gul8w,40,fcdu23yx,6,bargaining_tdl_intro,ControlQuestionsAttempt4,1779190345,1,0,0
zr6gul8w,21,ai35yj68,6,bargaining_tdl_intro,ControlQuestionsAttempt4,1779190345,1,0,0
zr6gul8w,10,05qfx0i7,8,bargaining_tdl_intro,Goodbye,1779190345,1,0,0
zr6gul8w,9,n00ozz7b,8,bargaining_tdl_intro,Goodbye,1779190345,1,0,0
zr6gul8w,8,beua6ch6,8,bargaining_tdl_intro,Goodbye,1779190345,1,0,0
zr6gul8w,33,xve1f0hw,5,bargaining_tdl_intro,ControlQuestionsAttempt3,1779190345,1,0,0
zr6gul8w,12,fmhvibbk,8,bargaining_tdl_intro,Goodbye,1779190345,1,0,0
zr6gul8w,37,44a1aq38,5,bargaining_tdl_intro,ControlQuestionsAttempt3,1779190346,1,0,0
zr6gul8w,15,0tsp39eh,8,bargaining_tdl_intro,Goodbye,1779190346,1,0,0
zr6gul8w,1,5977liaz,9,bargaining_tdl_main,GroupingAfterControlQuestions,1779190346,1,0,1
zr6gul8w,9,n00ozz7b,9,bargaining_tdl_main,GroupingAfterControlQuestions,1779190346,1,0,1
zr6gul8w,10,05qfx0i7,9,bargaining_tdl_main,GroupingAfterControlQuestions,1779190346,1,0,1
zr6gul8w,23,roxmzk68,8,bargaining_tdl_intro,Goodbye,1779190346,1,0,0
zr6gul8w,17,yt75dd3v,8,bargaining_tdl_intro,Goodbye,1779190346,1,0,0
zr6gul8w,11,x1x4jm7i,8,bargaining_tdl_intro,Goodbye,1779190346,1,0,0
zr6gul8w,28,c5e1v9r1,7,bargaining_tdl_intro,ControlQuestionsAttempt5,1779190346,1,0,0
zr6gul8w,45,q5fvqxb4,6,bargaining_tdl_intro,ControlQuestionsAttempt4,1779190346,1,0,0
zr6gul8w,4,1uqnqbvq,8,bargaining_tdl_intro,Goodbye,1779190346,1,0,0
zr6gul8w,14,6bz5w1nt,8,bargaining_tdl_intro,Goodbye,1779190346,1,0,0
zr6gul8w,6,s4mj3o69,8,bargaining_tdl_intro,Goodbye,1779190346,1,0,0
zr6gul8w,8,beua6ch6,9,bargaining_tdl_main,GroupingAfterControlQuestions,1779190346,1,0,1
zr6gul8w,12,fmhvibbk,9,bargaining_tdl_main,GroupingAfterControlQuestions,1779190346,1,0,1
zr6gul8w,15,0tsp39eh,9,bargaining_tdl_main,GroupingAfterControlQuestions,1779190346,1,0,1
zr6gul8w,20,dmdvlb6t,8,bargaining_tdl_intro,Goodbye,1779190346,1,0,0
zr6gul8w,7,qckxzyr3,8,bargaining_tdl_intro,Goodbye,1779190346,1,0,0
zr6gul8w,13,6ojizmt1,8,bargaining_tdl_intro,Goodbye,1779190346,1,0,0
zr6gul8w,24,tytzgqxh,8,bargaining_tdl_intro,Goodbye,1779190346,1,0,0
zr6gul8w,34,92hx25ex,7,bargaining_tdl_intro,ControlQuestionsAttempt5,1779190347,1,0,0
zr6gul8w,30,3zopmy9e,7,bargaining_tdl_intro,ControlQuestionsAttempt5,1779190347,1,0,0
zr6gul8w,11,x1x4jm7i,9,bargaining_tdl_main,GroupingAfterControlQuestions,1779190347,1,0,1
zr6gul8w,17,yt75dd3v,9,bargaining_tdl_main,GroupingAfterControlQuestions,1779190347,1,0,1
zr6gul8w,23,roxmzk68,9,bargaining_tdl_main,GroupingAfterControlQuestions,1779190347,1,0,1
zr6gul8w,4,1uqnqbvq,9,bargaining_tdl_main,GroupingAfterControlQuestions,1779190347,1,0,1
zr6gul8w,6,s4mj3o69,9,bargaining_tdl_main,GroupingAfterControlQuestions,1779190347,1,0,1
zr6gul8w,14,6bz5w1nt,9,bargaining_tdl_main,GroupingAfterControlQuestions,1779190347,1,0,1
zr6gul8w,18,2e434ckt,8,bargaining_tdl_intro,Goodbye,1779190348,1,0,0
zr6gul8w,44,qfuqa0ha,7,bargaining_tdl_intro,ControlQuestionsAttempt5,1779190348,1,0,0
zr6gul8w,7,qckxzyr3,9,bargaining_tdl_main,GroupingAfterControlQuestions,1779190348,1,0,1
zr6gul8w,13,6ojizmt1,9,bargaining_tdl_main,GroupingAfterControlQuestions,1779190348,1,0,1
zr6gul8w,20,dmdvlb6t,9,bargaining_tdl_main,GroupingAfterControlQuestions,1779190348,1,0,1
zr6gul8w,31,8okhv1km,7,bargaining_tdl_intro,ControlQuestionsAttempt5,1779190348,1,0,0
zr6gul8w,19,185lsl9s,8,bargaining_tdl_intro,Goodbye,1779190348,1,0,0
zr6gul8w,35,7283axms,7,bargaining_tdl_intro,ControlQuestionsAttempt5,1779190348,1,0,0
zr6gul8w,32,oa98fds8,7,bargaining_tdl_intro,ControlQuestionsAttempt5,1779190348,1,0,0
zr6gul8w,3,iyaybccx,10,bargaining_tdl_main,Chat,1779190348,1,0,0
zr6gul8w,27,dg19k2gr,7,bargaining_tdl_intro,ControlQuestionsAttempt5,1779190348,1,0,0
zr6gul8w,43,pzpqduyx,7,bargaining_tdl_intro,ControlQuestionsAttempt5,1779190348,1,0,0
zr6gul8w,25,8alm3lr2,7,bargaining_tdl_intro,ControlQuestionsAttempt5,1779190348,1,0,0
zr6gul8w,5,2j4yjh4s,10,bargaining_tdl_main,Chat,1779190348,1,0,0
zr6gul8w,22,1buf7gtg,8,bargaining_tdl_intro,Goodbye,1779190348,1,0,0
zr6gul8w,41,hpckv9rp,7,bargaining_tdl_intro,ControlQuestionsAttempt5,1779190349,1,0,0
zr6gul8w,26,of2jflob,7,bargaining_tdl_intro,ControlQuestionsAttempt5,1779190349,1,0,0
zr6gul8w,38,gzribzyd,5,bargaining_tdl_intro,ControlQuestionsAttempt3,1779190349,1,0,0
zr6gul8w,36,3z4emp85,7,bargaining_tdl_intro,ControlQuestionsAttempt5,1779190349,1,0,0
zr6gul8w,29,ru07md9e,7,bargaining_tdl_intro,ControlQuestionsAttempt5,1779190349,1,0,0
zr6gul8w,2,k60eivfz,10,bargaining_tdl_main,Chat,1779190349,1,0,0
zr6gul8w,18,2e434ckt,9,bargaining_tdl_main,GroupingAfterControlQuestions,1779190349,1,0,1
zr6gul8w,19,185lsl9s,9,bargaining_tdl_main,GroupingAfterControlQuestions,1779190349,1,0,1
zr6gul8w,24,tytzgqxh,9,bargaining_tdl_main,GroupingAfterControlQuestions,1779190349,1,0,1
zr6gul8w,42,h0osvjnp,7,bargaining_tdl_intro,ControlQuestionsAttempt5,1779190349,1,0,0
zr6gul8w,39,gxtfdlrl,7,bargaining_tdl_intro,ControlQuestionsAttempt5,1779190349,1,0,0
zr6gul8w,40,fcdu23yx,7,bargaining_tdl_intro,ControlQuestionsAttempt5,1779190349,1,0,0
zr6gul8w,28,c5e1v9r1,8,bargaining_tdl_intro,Goodbye,1779190350,1,0,0
zr6gul8w,9,n00ozz7b,10,bargaining_tdl_main,Chat,1779190350,1,0,0
zr6gul8w,8,beua6ch6,10,bargaining_tdl_main,Chat,1779190350,1,0,0
zr6gul8w,21,ai35yj68,7,bargaining_tdl_intro,ControlQuestionsAttempt5,1779190350,1,0,0
zr6gul8w,45,q5fvqxb4,7,bargaining_tdl_intro,ControlQuestionsAttempt5,1779190350,1,0,0
zr6gul8w,1,5977liaz,10,bargaining_tdl_main,Chat,1779190350,1,0,0
zr6gul8w,12,fmhvibbk,10,bargaining_tdl_main,Chat,1779190350,1,0,0
zr6gul8w,15,0tsp39eh,10,bargaining_tdl_main,Chat,1779190350,1,0,0
zr6gul8w,33,xve1f0hw,6,bargaining_tdl_intro,ControlQuestionsAttempt4,1779190350,1,0,0
zr6gul8w,16,y3f1qxuf,6,bargaining_tdl_intro,ControlQuestionsAttempt4,1779190350,1,0,0
zr6gul8w,17,yt75dd3v,10,bargaining_tdl_main,Chat,1779190350,1,0,0
zr6gul8w,23,roxmzk68,10,bargaining_tdl_main,Chat,1779190350,1,0,0
zr6gul8w,10,05qfx0i7,10,bargaining_tdl_main,Chat,1779190350,1,0,0
zr6gul8w,34,92hx25ex,8,bargaining_tdl_intro,Goodbye,1779190350,1,0,0
zr6gul8w,4,1uqnqbvq,10,bargaining_tdl_main,Chat,1779190350,1,0,0
zr6gul8w,14,6bz5w1nt,10,bargaining_tdl_main,Chat,1779190351,1,0,0
zr6gul8w,30,3zopmy9e,8,bargaining_tdl_intro,Goodbye,1779190351,1,0,0
zr6gul8w,11,x1x4jm7i,10,bargaining_tdl_main,Chat,1779190351,1,0,0
zr6gul8w,20,dmdvlb6t,10,bargaining_tdl_main,Chat,1779190351,1,0,0
zr6gul8w,7,qckxzyr3,10,bargaining_tdl_main,Chat,1779190351,1,0,0
zr6gul8w,22,1buf7gtg,9,bargaining_tdl_main,GroupingAfterControlQuestions,1779190351,1,0,1
zr6gul8w,28,c5e1v9r1,9,bargaining_tdl_main,GroupingAfterControlQuestions,1779190351,1,0,1
zr6gul8w,34,92hx25ex,9,bargaining_tdl_main,GroupingAfterControlQuestions,1779190351,1,0,1
zr6gul8w,6,s4mj3o69,10,bargaining_tdl_main,Chat,1779190351,1,0,0
zr6gul8w,44,qfuqa0ha,8,bargaining_tdl_intro,Goodbye,1779190351,1,0,0
zr6gul8w,13,6ojizmt1,10,bargaining_tdl_main,Chat,1779190351,1,0,0
zr6gul8w,5,2j4yjh4s,11,bargaining_tdl_main,Signals,1779190351,1,0,0
zr6gul8w,25,8alm3lr2,8,bargaining_tdl_intro,Goodbye,1779190351,1,0,0
zr6gul8w,26,of2jflob,8,bargaining_tdl_intro,Goodbye,1779190351,1,0,0
zr6gul8w,3,iyaybccx,11,bargaining_tdl_main,Signals,1779190351,1,0,0
zr6gul8w,31,8okhv1km,8,bargaining_tdl_intro,Goodbye,1779190351,1,0,0
zr6gul8w,37,44a1aq38,6,bargaining_tdl_intro,ControlQuestionsAttempt4,1779190351,1,0,0
zr6gul8w,27,dg19k2gr,8,bargaining_tdl_intro,Goodbye,1779190351,1,0,0
zr6gul8w,24,tytzgqxh,10,bargaining_tdl_main,Chat,1779190351,1,0,0
zr6gul8w,29,ru07md9e,8,bargaining_tdl_intro,Goodbye,1779190351,1,0,0
zr6gul8w,18,2e434ckt,10,bargaining_tdl_main,Chat,1779190351,1,0,0
zr6gul8w,35,7283axms,8,bargaining_tdl_intro,Goodbye,1779190351,1,0,0
zr6gul8w,43,pzpqduyx,8,bargaining_tdl_intro,Goodbye,1779190351,1,0,0
zr6gul8w,32,oa98fds8,8,bargaining_tdl_intro,Goodbye,1779190351,1,0,0
zr6gul8w,39,gxtfdlrl,8,bargaining_tdl_intro,Goodbye,1779190351,1,0,0
zr6gul8w,41,hpckv9rp,8,bargaining_tdl_intro,Goodbye,1779190352,1,0,0
zr6gul8w,2,k60eivfz,11,bargaining_tdl_main,Signals,1779190352,1,0,0
zr6gul8w,25,8alm3lr2,9,bargaining_tdl_main,GroupingAfterControlQuestions,1779190352,1,0,1
zr6gul8w,30,3zopmy9e,9,bargaining_tdl_main,GroupingAfterControlQuestions,1779190352,1,0,1
zr6gul8w,44,qfuqa0ha,9,bargaining_tdl_main,GroupingAfterControlQuestions,1779190352,1,0,1
zr6gul8w,2,k60eivfz,13,bargaining_tdl_main,DataMappingWaitPage,1779190352,1,0,1
zr6gul8w,3,iyaybccx,13,bargaining_tdl_main,DataMappingWaitPage,1779190352,1,0,1
zr6gul8w,5,2j4yjh4s,13,bargaining_tdl_main,DataMappingWaitPage,1779190352,1,0,1
zr6gul8w,40,fcdu23yx,8,bargaining_tdl_intro,Goodbye,1779190352,1,0,0
zr6gul8w,9,n00ozz7b,11,bargaining_tdl_main,Signals,1779190352,1,0,0
zr6gul8w,26,of2jflob,9,bargaining_tdl_main,GroupingAfterControlQuestions,1779190352,1,0,1
zr6gul8w,27,dg19k2gr,9,bargaining_tdl_main,GroupingAfterControlQuestions,1779190352,1,0,1
zr6gul8w,31,8okhv1km,9,bargaining_tdl_main,GroupingAfterControlQuestions,1779190352,1,0,1
zr6gul8w,29,ru07md9e,9,bargaining_tdl_main,GroupingAfterControlQuestions,1779190352,1,0,1
zr6gul8w,35,7283axms,9,bargaining_tdl_main,GroupingAfterControlQuestions,1779190352,1,0,1
zr6gul8w,43,pzpqduyx,9,bargaining_tdl_main,GroupingAfterControlQuestions,1779190352,1,0,1
zr6gul8w,36,3z4emp85,8,bargaining_tdl_intro,Goodbye,1779190352,1,0,0
zr6gul8w,32,oa98fds8,9,bargaining_tdl_main,GroupingAfterControlQuestions,1779190352,1,0,1
zr6gul8w,39,gxtfdlrl,9,bargaining_tdl_main,GroupingAfterControlQuestions,1779190352,1,0,1
zr6gul8w,41,hpckv9rp,9,bargaining_tdl_main,GroupingAfterControlQuestions,1779190352,1,0,1
zr6gul8w,42,h0osvjnp,8,bargaining_tdl_intro,Goodbye,1779190352,1,0,0
zr6gul8w,22,1buf7gtg,10,bargaining_tdl_main,Chat,1779190353,1,0,0
zr6gul8w,21,ai35yj68,8,bargaining_tdl_intro,Goodbye,1779190353,1,0,0
zr6gul8w,19,185lsl9s,10,bargaining_tdl_main,Chat,1779190353,1,0,0
zr6gul8w,8,beua6ch6,11,bargaining_tdl_main,Signals,1779190353,1,0,0
zr6gul8w,45,q5fvqxb4,8,bargaining_tdl_intro,Goodbye,1779190353,1,0,0
zr6gul8w,10,05qfx0i7,11,bargaining_tdl_main,Signals,1779190353,1,0,0
zr6gul8w,15,0tsp39eh,11,bargaining_tdl_main,Signals,1779190353,1,0,0
zr6gul8w,23,roxmzk68,11,bargaining_tdl_main,Signals,1779190353,1,0,0
zr6gul8w,4,1uqnqbvq,11,bargaining_tdl_main,Signals,1779190353,1,0,0
zr6gul8w,14,6bz5w1nt,11,bargaining_tdl_main,Signals,1779190353,1,0,0
zr6gul8w,17,yt75dd3v,11,bargaining_tdl_main,Signals,1779190353,1,0,0
zr6gul8w,36,3z4emp85,9,bargaining_tdl_main,GroupingAfterControlQuestions,1779190353,1,0,1
zr6gul8w,40,fcdu23yx,9,bargaining_tdl_main,GroupingAfterControlQuestions,1779190353,1,0,1
zr6gul8w,42,h0osvjnp,9,bargaining_tdl_main,GroupingAfterControlQuestions,1779190353,1,0,1
zr6gul8w,12,fmhvibbk,11,bargaining_tdl_main,Signals,1779190353,1,0,0
zr6gul8w,38,gzribzyd,6,bargaining_tdl_intro,ControlQuestionsAttempt4,1779190353,1,0,0
zr6gul8w,28,c5e1v9r1,10,bargaining_tdl_main,Chat,1779190353,1,0,0
zr6gul8w,8,beua6ch6,13,bargaining_tdl_main,DataMappingWaitPage,1779190353,1,0,1
zr6gul8w,12,fmhvibbk,13,bargaining_tdl_main,DataMappingWaitPage,1779190353,1,0,1
zr6gul8w,15,0tsp39eh,13,bargaining_tdl_main,DataMappingWaitPage,1779190353,1,0,1
zr6gul8w,1,5977liaz,11,bargaining_tdl_main,Signals,1779190354,1,0,0
zr6gul8w,11,x1x4jm7i,11,bargaining_tdl_main,Signals,1779190354,1,0,0
zr6gul8w,1,5977liaz,13,bargaining_tdl_main,DataMappingWaitPage,1779190354,1,0,1
zr6gul8w,9,n00ozz7b,13,bargaining_tdl_main,DataMappingWaitPage,1779190354,1,0,1
zr6gul8w,10,05qfx0i7,13,bargaining_tdl_main,DataMappingWaitPage,1779190354,1,0,1
zr6gul8w,20,dmdvlb6t,11,bargaining_tdl_main,Signals,1779190354,1,0,0
zr6gul8w,11,x1x4jm7i,13,bargaining_tdl_main,DataMappingWaitPage,1779190354,1,0,1
zr6gul8w,17,yt75dd3v,13,bargaining_tdl_main,DataMappingWaitPage,1779190354,1,0,1
zr6gul8w,23,roxmzk68,13,bargaining_tdl_main,DataMappingWaitPage,1779190354,1,0,1
zr6gul8w,13,6ojizmt1,11,bargaining_tdl_main,Signals,1779190354,1,0,0
zr6gul8w,34,92hx25ex,10,bargaining_tdl_main,Chat,1779190354,1,0,0
zr6gul8w,7,qckxzyr3,11,bargaining_tdl_main,Signals,1779190354,1,0,0
zr6gul8w,6,s4mj3o69,11,bargaining_tdl_main,Signals,1779190354,1,0,0
zr6gul8w,18,2e434ckt,11,bargaining_tdl_main,Signals,1779190354,1,0,0
zr6gul8w,24,tytzgqxh,11,bargaining_tdl_main,Signals,1779190354,1,0,0
zr6gul8w,7,qckxzyr3,13,bargaining_tdl_main,DataMappingWaitPage,1779190354,1,0,1
zr6gul8w,13,6ojizmt1,13,bargaining_tdl_main,DataMappingWaitPage,1779190354,1,0,1
zr6gul8w,20,dmdvlb6t,13,bargaining_tdl_main,DataMappingWaitPage,1779190354,1,0,1
zr6gul8w,44,qfuqa0ha,10,bargaining_tdl_main,Chat,1779190355,1,0,0
zr6gul8w,30,3zopmy9e,10,bargaining_tdl_main,Chat,1779190355,1,0,0
zr6gul8w,4,1uqnqbvq,13,bargaining_tdl_main,DataMappingWaitPage,1779190355,1,0,1
zr6gul8w,6,s4mj3o69,13,bargaining_tdl_main,DataMappingWaitPage,1779190355,1,0,1
zr6gul8w,14,6bz5w1nt,13,bargaining_tdl_main,DataMappingWaitPage,1779190355,1,0,1
zr6gul8w,31,8okhv1km,10,bargaining_tdl_main,Chat,1779190355,1,0,0
zr6gul8w,27,dg19k2gr,10,bargaining_tdl_main,Chat,1779190355,1,0,0
zr6gul8w,5,2j4yjh4s,14,bargaining_tdl_main,Decision,1779190355,1,0,0
zr6gul8w,26,of2jflob,10,bargaining_tdl_main,Chat,1779190355,1,0,0
zr6gul8w,22,1buf7gtg,11,bargaining_tdl_main,Signals,1779190355,1,0,0
zr6gul8w,32,oa98fds8,10,bargaining_tdl_main,Chat,1779190355,1,0,0
zr6gul8w,35,7283axms,10,bargaining_tdl_main,Chat,1779190355,1,0,0
zr6gul8w,25,8alm3lr2,10,bargaining_tdl_main,Chat,1779190355,1,0,0
zr6gul8w,29,ru07md9e,10,bargaining_tdl_main,Chat,1779190355,1,0,0
zr6gul8w,3,iyaybccx,14,bargaining_tdl_main,Decision,1779190355,1,0,0
zr6gul8w,39,gxtfdlrl,10,bargaining_tdl_main,Chat,1779190355,1,0,0
zr6gul8w,43,pzpqduyx,10,bargaining_tdl_main,Chat,1779190355,1,0,0
zr6gul8w,40,fcdu23yx,10,bargaining_tdl_main,Chat,1779190355,1,0,0
zr6gul8w,36,3z4emp85,10,bargaining_tdl_main,Chat,1779190355,1,0,0
zr6gul8w,9,n00ozz7b,14,bargaining_tdl_main,Decision,1779190355,1,0,0
zr6gul8w,41,hpckv9rp,10,bargaining_tdl_main,Chat,1779190356,1,0,0
zr6gul8w,19,185lsl9s,11,bargaining_tdl_main,Signals,1779190356,1,0,0
zr6gul8w,2,k60eivfz,14,bargaining_tdl_main,Decision,1779190356,1,0,0
zr6gul8w,2,k60eivfz,15,bargaining_tdl_main,ResultsWaitPage,1779190356,1,0,1
zr6gul8w,3,iyaybccx,15,bargaining_tdl_main,ResultsWaitPage,1779190356,1,0,1
zr6gul8w,5,2j4yjh4s,15,bargaining_tdl_main,ResultsWaitPage,1779190356,1,0,1
zr6gul8w,14,6bz5w1nt,14,bargaining_tdl_main,Decision,1779190356,1,0,0
zr6gul8w,28,c5e1v9r1,11,bargaining_tdl_main,Signals,1779190356,1,0,0
zr6gul8w,18,2e434ckt,13,bargaining_tdl_main,DataMappingWaitPage,1779190356,1,0,1
zr6gul8w,19,185lsl9s,13,bargaining_tdl_main,DataMappingWaitPage,1779190356,1,0,1
zr6gul8w,24,tytzgqxh,13,bargaining_tdl_main,DataMappingWaitPage,1779190356,1,0,1
zr6gul8w,33,xve1f0hw,7,bargaining_tdl_intro,ControlQuestionsAttempt5,1779190356,1,0,0
zr6gul8w,4,1uqnqbvq,14,bargaining_tdl_main,Decision,1779190356,1,0,0
zr6gul8w,8,beua6ch6,14,bargaining_tdl_main,Decision,1779190356,1,0,0
zr6gul8w,16,y3f1qxuf,7,bargaining_tdl_intro,ControlQuestionsAttempt5,1779190356,1,0,0
zr6gul8w,42,h0osvjnp,10,bargaining_tdl_main,Chat,1779190356,1,0,0
zr6gul8w,17,yt75dd3v,14,bargaining_tdl_main,Decision,1779190357,1,0,0
zr6gul8w,23,roxmzk68,14,bargaining_tdl_main,Decision,1779190357,1,0,0
zr6gul8w,34,92hx25ex,11,bargaining_tdl_main,Signals,1779190357,1,0,0
zr6gul8w,44,qfuqa0ha,11,bargaining_tdl_main,Signals,1779190357,1,0,0
zr6gul8w,11,x1x4jm7i,14,bargaining_tdl_main,Decision,1779190357,1,0,0
zr6gul8w,22,1buf7gtg,13,bargaining_tdl_main,DataMappingWaitPage,1779190357,1,0,1
zr6gul8w,28,c5e1v9r1,13,bargaining_tdl_main,DataMappingWaitPage,1779190357,1,0,1
zr6gul8w,34,92hx25ex,13,bargaining_tdl_main,DataMappingWaitPage,1779190357,1,0,1
zr6gul8w,10,05qfx0i7,14,bargaining_tdl_main,Decision,1779190357,1,0,0
zr6gul8w,7,qckxzyr3,14,bargaining_tdl_main,Decision,1779190357,1,0,0
zr6gul8w,38,gzribzyd,7,bargaining_tdl_intro,ControlQuestionsAttempt5,1779190357,1,0,0
zr6gul8w,12,fmhvibbk,14,bargaining_tdl_main,Decision,1779190357,1,0,0
zr6gul8w,17,yt75dd3v,15,bargaining_tdl_main,ResultsWaitPage,1779190357,1,0,1
zr6gul8w,23,roxmzk68,15,bargaining_tdl_main,ResultsWaitPage,1779190357,1,0,1
zr6gul8w,11,x1x4jm7i,15,bargaining_tdl_main,ResultsWaitPage,1779190357,1,0,1
zr6gul8w,15,0tsp39eh,14,bargaining_tdl_main,Decision,1779190357,1,0,0
zr6gul8w,13,6ojizmt1,14,bargaining_tdl_main,Decision,1779190357,1,0,0
zr6gul8w,6,s4mj3o69,14,bargaining_tdl_main,Decision,1779190357,1,0,0
zr6gul8w,24,tytzgqxh,14,bargaining_tdl_main,Decision,1779190357,1,0,0
zr6gul8w,27,dg19k2gr,11,bargaining_tdl_main,Signals,1779190357,1,0,0
zr6gul8w,37,44a1aq38,7,bargaining_tdl_intro,ControlQuestionsAttempt5,1779190357,1,0,0
zr6gul8w,1,5977liaz,14,bargaining_tdl_main,Decision,1779190357,1,0,0
zr6gul8w,4,1uqnqbvq,15,bargaining_tdl_main,ResultsWaitPage,1779190358,1,0,1
zr6gul8w,6,s4mj3o69,15,bargaining_tdl_main,ResultsWaitPage,1779190358,1,0,1
zr6gul8w,14,6bz5w1nt,15,bargaining_tdl_main,ResultsWaitPage,1779190358,1,0,1
zr6gul8w,29,ru07md9e,11,bargaining_tdl_main,Signals,1779190358,1,0,0
zr6gul8w,20,dmdvlb6t,14,bargaining_tdl_main,Decision,1779190358,1,0,0
zr6gul8w,26,of2jflob,11,bargaining_tdl_main,Signals,1779190358,1,0,0
zr6gul8w,30,3zopmy9e,11,bargaining_tdl_main,Signals,1779190358,1,0,0
zr6gul8w,36,3z4emp85,11,bargaining_tdl_main,Signals,1779190358,1,0,0
zr6gul8w,32,oa98fds8,11,bargaining_tdl_main,Signals,1779190358,1,0,0
zr6gul8w,1,5977liaz,15,bargaining_tdl_main,ResultsWaitPage,1779190358,1,0,1
zr6gul8w,9,n00ozz7b,15,bargaining_tdl_main,ResultsWaitPage,1779190358,1,0,1
zr6gul8w,10,05qfx0i7,15,bargaining_tdl_main,ResultsWaitPage,1779190358,1,0,1
zr6gul8w,7,qckxzyr3,15,bargaining_tdl_main,ResultsWaitPage,1779190358,1,0,1
zr6gul8w,13,6ojizmt1,15,bargaining_tdl_main,ResultsWaitPage,1779190358,1,0,1
zr6gul8w,20,dmdvlb6t,15,bargaining_tdl_main,ResultsWaitPage,1779190358,1,0,1
zr6gul8w,18,2e434ckt,14,bargaining_tdl_main,Decision,1779190358,1,0,0
zr6gul8w,8,beua6ch6,15,bargaining_tdl_main,ResultsWaitPage,1779190358,1,0,1
zr6gul8w,12,fmhvibbk,15,bargaining_tdl_main,ResultsWaitPage,1779190358,1,0,1
zr6gul8w,15,0tsp39eh,15,bargaining_tdl_main,ResultsWaitPage,1779190358,1,0,1
zr6gul8w,35,7283axms,11,bargaining_tdl_main,Signals,1779190358,1,0,0
zr6gul8w,31,8okhv1km,11,bargaining_tdl_main,Signals,1779190358,1,0,0
zr6gul8w,43,pzpqduyx,11,bargaining_tdl_main,Signals,1779190358,1,0,0
zr6gul8w,26,of2jflob,13,bargaining_tdl_main,DataMappingWaitPage,1779190359,1,0,1
zr6gul8w,27,dg19k2gr,13,bargaining_tdl_main,DataMappingWaitPage,1779190359,1,0,1
zr6gul8w,31,8okhv1km,13,bargaining_tdl_main,DataMappingWaitPage,1779190359,1,0,1
zr6gul8w,25,8alm3lr2,11,bargaining_tdl_main,Signals,1779190359,1,0,0
zr6gul8w,40,fcdu23yx,11,bargaining_tdl_main,Signals,1779190359,1,0,0
zr6gul8w,41,hpckv9rp,11,bargaining_tdl_main,Signals,1779190359,1,0,0
zr6gul8w,3,iyaybccx,16,bargaining_tdl_main,Results,1779190359,1,0,0
zr6gul8w,39,gxtfdlrl,11,bargaining_tdl_main,Signals,1779190359,1,0,0
zr6gul8w,29,ru07md9e,13,bargaining_tdl_main,DataMappingWaitPage,1779190359,1,0,1
zr6gul8w,35,7283axms,13,bargaining_tdl_main,DataMappingWaitPage,1779190359,1,0,1
zr6gul8w,43,pzpqduyx,13,bargaining_tdl_main,DataMappingWaitPage,1779190359,1,0,1
zr6gul8w,5,2j4yjh4s,16,bargaining_tdl_main,Results,1779190359,1,0,0
zr6gul8w,25,8alm3lr2,13,bargaining_tdl_main,DataMappingWaitPage,1779190359,1,0,1
zr6gul8w,30,3zopmy9e,13,bargaining_tdl_main,DataMappingWaitPage,1779190359,1,0,1
zr6gul8w,44,qfuqa0ha,13,bargaining_tdl_main,DataMappingWaitPage,1779190359,1,0,1
zr6gul8w,32,oa98fds8,13,bargaining_tdl_main,DataMappingWaitPage,1779190359,1,0,1
zr6gul8w,39,gxtfdlrl,13,bargaining_tdl_main,DataMappingWaitPage,1779190359,1,0,1
zr6gul8w,41,hpckv9rp,13,bargaining_tdl_main,DataMappingWaitPage,1779190359,1,0,1
zr6gul8w,22,1buf7gtg,14,bargaining_tdl_main,Decision,1779190359,1,0,0
zr6gul8w,2,k60eivfz,16,bargaining_tdl_main,Results,1779190359,1,0,0
zr6gul8w,19,185lsl9s,14,bargaining_tdl_main,Decision,1779190360,1,0,0
zr6gul8w,14,6bz5w1nt,16,bargaining_tdl_main,Results,1779190360,1,0,0
zr6gul8w,42,h0osvjnp,11,bargaining_tdl_main,Signals,1779190360,1,0,0
zr6gul8w,33,xve1f0hw,8,bargaining_tdl_intro,Goodbye,1779190360,1,0,0
zr6gul8w,24,tytzgqxh,15,bargaining_tdl_main,ResultsWaitPage,1779190360,1,0,1
zr6gul8w,18,2e434ckt,15,bargaining_tdl_main,ResultsWaitPage,1779190360,1,0,1
zr6gul8w,19,185lsl9s,15,bargaining_tdl_main,ResultsWaitPage,1779190360,1,0,1
zr6gul8w,28,c5e1v9r1,14,bargaining_tdl_main,Decision,1779190360,1,0,0
zr6gul8w,8,beua6ch6,16,bargaining_tdl_main,Results,1779190361,1,0,0
zr6gul8w,36,3z4emp85,13,bargaining_tdl_main,DataMappingWaitPage,1779190361,1,0,1
zr6gul8w,40,fcdu23yx,13,bargaining_tdl_main,DataMappingWaitPage,1779190361,1,0,1
zr6gul8w,42,h0osvjnp,13,bargaining_tdl_main,DataMappingWaitPage,1779190361,1,0,1
zr6gul8w,16,y3f1qxuf,8,bargaining_tdl_intro,Goodbye,1779190361,1,0,0
zr6gul8w,4,1uqnqbvq,16,bargaining_tdl_main,Results,1779190361,1,0,0
zr6gul8w,21,ai35yj68,9,bargaining_tdl_main,GroupingAfterControlQuestions,1779190361,1,0,1
zr6gul8w,33,xve1f0hw,9,bargaining_tdl_main,GroupingAfterControlQuestions,1779190361,1,0,1
zr6gul8w,45,q5fvqxb4,9,bargaining_tdl_main,GroupingAfterControlQuestions,1779190361,1,0,1
zr6gul8w,17,yt75dd3v,16,bargaining_tdl_main,Results,1779190361,1,0,0
zr6gul8w,9,n00ozz7b,16,bargaining_tdl_main,Results,1779190361,1,0,0
zr6gul8w,23,roxmzk68,16,bargaining_tdl_main,Results,1779190361,1,0,0
zr6gul8w,38,gzribzyd,8,bargaining_tdl_intro,Goodbye,1779190362,1,0,0
zr6gul8w,44,qfuqa0ha,14,bargaining_tdl_main,Decision,1779190362,1,0,0
zr6gul8w,11,x1x4jm7i,16,bargaining_tdl_main,Results,1779190362,1,0,0
zr6gul8w,34,92hx25ex,14,bargaining_tdl_main,Decision,1779190362,1,0,0
zr6gul8w,7,qckxzyr3,16,bargaining_tdl_main,Results,1779190362,1,0,0
zr6gul8w,10,05qfx0i7,16,bargaining_tdl_main,Results,1779190362,1,0,0
zr6gul8w,6,s4mj3o69,16,bargaining_tdl_main,Results,1779190362,1,0,0
zr6gul8w,3,iyaybccx,18,bargaining_tdl_part3,InstructionsPart3,1779190362,1,0,0
zr6gul8w,15,0tsp39eh,16,bargaining_tdl_main,Results,1779190362,1,0,0
zr6gul8w,1,5977liaz,16,bargaining_tdl_main,Results,1779190362,1,0,0
zr6gul8w,24,tytzgqxh,16,bargaining_tdl_main,Results,1779190362,1,0,0
zr6gul8w,13,6ojizmt1,16,bargaining_tdl_main,Results,1779190362,1,0,0
zr6gul8w,12,fmhvibbk,16,bargaining_tdl_main,Results,1779190362,1,0,0
zr6gul8w,27,dg19k2gr,14,bargaining_tdl_main,Decision,1779190363,1,0,0
zr6gul8w,18,2e434ckt,16,bargaining_tdl_main,Results,1779190363,1,0,0
zr6gul8w,22,1buf7gtg,15,bargaining_tdl_main,ResultsWaitPage,1779190363,1,0,1
zr6gul8w,28,c5e1v9r1,15,bargaining_tdl_main,ResultsWaitPage,1779190363,1,0,1
zr6gul8w,34,92hx25ex,15,bargaining_tdl_main,ResultsWaitPage,1779190363,1,0,1
zr6gul8w,26,of2jflob,14,bargaining_tdl_main,Decision,1779190363,1,0,0
zr6gul8w,30,3zopmy9e,14,bargaining_tdl_main,Decision,1779190363,1,0,0
zr6gul8w,37,44a1aq38,8,bargaining_tdl_intro,Goodbye,1779190363,1,0,0
zr6gul8w,20,dmdvlb6t,16,bargaining_tdl_main,Results,1779190363,1,0,0
zr6gul8w,5,2j4yjh4s,18,bargaining_tdl_part3,InstructionsPart3,1779190363,1,0,0
zr6gul8w,32,oa98fds8,14,bargaining_tdl_main,Decision,1779190363,1,0,0
zr6gul8w,36,3z4emp85,14,bargaining_tdl_main,Decision,1779190363,1,0,0
zr6gul8w,29,ru07md9e,14,bargaining_tdl_main,Decision,1779190363,1,0,0
zr6gul8w,2,k60eivfz,18,bargaining_tdl_part3,InstructionsPart3,1779190363,1,0,0
zr6gul8w,31,8okhv1km,14,bargaining_tdl_main,Decision,1779190363,1,0,0
zr6gul8w,40,fcdu23yx,14,bargaining_tdl_main,Decision,1779190363,1,0,0
zr6gul8w,25,8alm3lr2,14,bargaining_tdl_main,Decision,1779190363,1,0,0
zr6gul8w,39,gxtfdlrl,14,bargaining_tdl_main,Decision,1779190364,1,0,0
zr6gul8w,26,of2jflob,15,bargaining_tdl_main,ResultsWaitPage,1779190364,1,0,1
zr6gul8w,27,dg19k2gr,15,bargaining_tdl_main,ResultsWaitPage,1779190364,1,0,1
zr6gul8w,31,8okhv1km,15,bargaining_tdl_main,ResultsWaitPage,1779190364,1,0,1
zr6gul8w,43,pzpqduyx,14,bargaining_tdl_main,Decision,1779190364,1,0,0
zr6gul8w,41,hpckv9rp,14,bargaining_tdl_main,Decision,1779190364,1,0,0
zr6gul8w,45,q5fvqxb4,10,bargaining_tdl_main,Chat,1779190364,1,0,0
zr6gul8w,35,7283axms,14,bargaining_tdl_main,Decision,1779190364,1,0,0
zr6gul8w,44,qfuqa0ha,15,bargaining_tdl_main,ResultsWaitPage,1779190364,1,0,1
zr6gul8w,30,3zopmy9e,15,bargaining_tdl_main,ResultsWaitPage,1779190364,1,0,1
zr6gul8w,25,8alm3lr2,15,bargaining_tdl_main,ResultsWaitPage,1779190364,1,0,1
zr6gul8w,16,y3f1qxuf,9,bargaining_tdl_main,GroupingAfterControlQuestions,1779190364,1,0,1
zr6gul8w,37,44a1aq38,9,bargaining_tdl_main,GroupingAfterControlQuestions,1779190364,1,0,1
zr6gul8w,38,gzribzyd,9,bargaining_tdl_main,GroupingAfterControlQuestions,1779190364,1,0,1
zr6gul8w,14,6bz5w1nt,18,bargaining_tdl_part3,InstructionsPart3,1779190364,1,0,0
zr6gul8w,32,oa98fds8,15,bargaining_tdl_main,ResultsWaitPage,1779190364,1,0,1
zr6gul8w,39,gxtfdlrl,15,bargaining_tdl_main,ResultsWaitPage,1779190364,1,0,1
zr6gul8w,41,hpckv9rp,15,bargaining_tdl_main,ResultsWaitPage,1779190364,1,0,1
zr6gul8w,29,ru07md9e,15,bargaining_tdl_main,ResultsWaitPage,1779190365,1,0,1
zr6gul8w,35,7283axms,15,bargaining_tdl_main,ResultsWaitPage,1779190365,1,0,1
zr6gul8w,43,pzpqduyx,15,bargaining_tdl_main,ResultsWaitPage,1779190365,1,0,1
zr6gul8w,19,185lsl9s,16,bargaining_tdl_main,Results,1779190365,1,0,0
zr6gul8w,8,beua6ch6,18,bargaining_tdl_part3,InstructionsPart3,1779190365,1,0,0
zr6gul8w,4,1uqnqbvq,18,bargaining_tdl_part3,InstructionsPart3,1779190365,1,0,0
zr6gul8w,17,yt75dd3v,18,bargaining_tdl_part3,InstructionsPart3,1779190365,1,0,0
zr6gul8w,28,c5e1v9r1,16,bargaining_tdl_main,Results,1779190365,1,0,0
zr6gul8w,11,x1x4jm7i,18,bargaining_tdl_part3,InstructionsPart3,1779190366,1,0,0
zr6gul8w,42,h0osvjnp,14,bargaining_tdl_main,Decision,1779190367,1,0,0
zr6gul8w,23,roxmzk68,18,bargaining_tdl_part3,InstructionsPart3,1779190367,1,0,0
zr6gul8w,9,n00ozz7b,18,bargaining_tdl_part3,InstructionsPart3,1779190367,1,0,0
zr6gul8w,6,s4mj3o69,18,bargaining_tdl_part3,InstructionsPart3,1779190367,1,0,0
zr6gul8w,1,5977liaz,18,bargaining_tdl_part3,InstructionsPart3,1779190367,1,0,0
zr6gul8w,21,ai35yj68,10,bargaining_tdl_main,Chat,1779190367,1,0,0
zr6gul8w,10,05qfx0i7,18,bargaining_tdl_part3,InstructionsPart3,1779190367,1,0,0
zr6gul8w,22,1buf7gtg,16,bargaining_tdl_main,Results,1779190368,1,0,0
zr6gul8w,36,3z4emp85,15,bargaining_tdl_main,ResultsWaitPage,1779190368,1,0,1
zr6gul8w,40,fcdu23yx,15,bargaining_tdl_main,ResultsWaitPage,1779190368,1,0,1
zr6gul8w,42,h0osvjnp,15,bargaining_tdl_main,ResultsWaitPage,1779190368,1,0,1
zr6gul8w,13,6ojizmt1,18,bargaining_tdl_part3,InstructionsPart3,1779190369,1,0,0
zr6gul8w,15,0tsp39eh,18,bargaining_tdl_part3,InstructionsPart3,1779190369,1,0,0
zr6gul8w,33,xve1f0hw,10,bargaining_tdl_main,Chat,1779190369,1,0,0
zr6gul8w,3,iyaybccx,20,bargaining_tdl_part3,ResultsPart3,1779190369,1,0,0
zr6gul8w,7,qckxzyr3,18,bargaining_tdl_part3,InstructionsPart3,1779190369,1,0,0
zr6gul8w,24,tytzgqxh,18,bargaining_tdl_part3,InstructionsPart3,1779190369,1,0,0
zr6gul8w,12,fmhvibbk,18,bargaining_tdl_part3,InstructionsPart3,1779190370,1,0,0
zr6gul8w,18,2e434ckt,18,bargaining_tdl_part3,InstructionsPart3,1779190370,1,0,0
zr6gul8w,44,qfuqa0ha,16,bargaining_tdl_main,Results,1779190370,1,0,0
zr6gul8w,5,2j4yjh4s,20,bargaining_tdl_part3,ResultsPart3,1779190371,1,0,0
zr6gul8w,34,92hx25ex,16,bargaining_tdl_main,Results,1779190371,1,0,0
zr6gul8w,2,k60eivfz,20,bargaining_tdl_part3,ResultsPart3,1779190372,1,0,0
zr6gul8w,20,dmdvlb6t,18,bargaining_tdl_part3,InstructionsPart3,1779190372,1,0,0
zr6gul8w,26,of2jflob,16,bargaining_tdl_main,Results,1779190372,1,0,0
zr6gul8w,27,dg19k2gr,16,bargaining_tdl_main,Results,1779190374,1,0,0
zr6gul8w,30,3zopmy9e,16,bargaining_tdl_main,Results,1779190374,1,0,0
zr6gul8w,16,y3f1qxuf,10,bargaining_tdl_main,Chat,1779190374,1,0,0
zr6gul8w,14,6bz5w1nt,20,bargaining_tdl_part3,ResultsPart3,1779190374,1,0,0
zr6gul8w,45,q5fvqxb4,11,bargaining_tdl_main,Signals,1779190375,1,0,0
zr6gul8w,38,gzribzyd,10,bargaining_tdl_main,Chat,1779190375,1,0,0
zr6gul8w,32,oa98fds8,16,bargaining_tdl_main,Results,1779190376,1,0,0
zr6gul8w,29,ru07md9e,16,bargaining_tdl_main,Results,1779190377,1,0,0
zr6gul8w,19,185lsl9s,18,bargaining_tdl_part3,InstructionsPart3,1779190377,1,0,0
zr6gul8w,31,8okhv1km,16,bargaining_tdl_main,Results,1779190377,1,0,0
zr6gul8w,37,44a1aq38,10,bargaining_tdl_main,Chat,1779190377,1,0,0
zr6gul8w,4,1uqnqbvq,20,bargaining_tdl_part3,ResultsPart3,1779190378,1,0,0
zr6gul8w,8,beua6ch6,20,bargaining_tdl_part3,ResultsPart3,1779190378,1,0,0
zr6gul8w,17,yt75dd3v,20,bargaining_tdl_part3,ResultsPart3,1779190378,1,0,0
zr6gul8w,25,8alm3lr2,16,bargaining_tdl_main,Results,1779190378,1,0,0
zr6gul8w,36,3z4emp85,16,bargaining_tdl_main,Results,1779190378,1,0,0
zr6gul8w,43,pzpqduyx,16,bargaining_tdl_main,Results,1779190378,1,0,0
zr6gul8w,35,7283axms,16,bargaining_tdl_main,Results,1779190378,1,0,0
zr6gul8w,40,fcdu23yx,16,bargaining_tdl_main,Results,1779190379,1,0,0
zr6gul8w,39,gxtfdlrl,16,bargaining_tdl_main,Results,1779190379,1,0,0
zr6gul8w,41,hpckv9rp,16,bargaining_tdl_main,Results,1779190379,1,0,0
zr6gul8w,28,c5e1v9r1,18,bargaining_tdl_part3,InstructionsPart3,1779190379,1,0,0
zr6gul8w,11,x1x4jm7i,20,bargaining_tdl_part3,ResultsPart3,1779190381,1,0,0
zr6gul8w,9,n00ozz7b,20,bargaining_tdl_part3,ResultsPart3,1779190381,1,0,0
zr6gul8w,23,roxmzk68,20,bargaining_tdl_part3,ResultsPart3,1779190381,1,0,0
zr6gul8w,6,s4mj3o69,20,bargaining_tdl_part3,ResultsPart3,1779190381,1,0,0
zr6gul8w,1,5977liaz,20,bargaining_tdl_part3,ResultsPart3,1779190381,1,0,0
zr6gul8w,22,1buf7gtg,18,bargaining_tdl_part3,InstructionsPart3,1779190382,1,0,0
zr6gul8w,10,05qfx0i7,20,bargaining_tdl_part3,ResultsPart3,1779190382,1,0,0
zr6gul8w,13,6ojizmt1,20,bargaining_tdl_part3,ResultsPart3,1779190382,1,0,0
zr6gul8w,7,qckxzyr3,20,bargaining_tdl_part3,ResultsPart3,1779190382,1,0,0
zr6gul8w,15,0tsp39eh,20,bargaining_tdl_part3,ResultsPart3,1779190382,1,0,0
zr6gul8w,3,iyaybccx,21,bargaining_tdl_survey,SurveyIntro,1779190383,1,0,0
zr6gul8w,33,xve1f0hw,11,bargaining_tdl_main,Signals,1779190383,1,0,0
zr6gul8w,21,ai35yj68,11,bargaining_tdl_main,Signals,1779190383,1,0,0
zr6gul8w,24,tytzgqxh,20,bargaining_tdl_part3,ResultsPart3,1779190383,1,0,0
zr6gul8w,12,fmhvibbk,20,bargaining_tdl_part3,ResultsPart3,1779190383,1,0,0
zr6gul8w,18,2e434ckt,20,bargaining_tdl_part3,ResultsPart3,1779190383,1,0,0
zr6gul8w,42,h0osvjnp,16,bargaining_tdl_main,Results,1779190383,1,0,0
zr6gul8w,21,ai35yj68,13,bargaining_tdl_main,DataMappingWaitPage,1779190383,1,0,1
zr6gul8w,33,xve1f0hw,13,bargaining_tdl_main,DataMappingWaitPage,1779190383,1,0,1
zr6gul8w,45,q5fvqxb4,13,bargaining_tdl_main,DataMappingWaitPage,1779190383,1,0,1
zr6gul8w,44,qfuqa0ha,18,bargaining_tdl_part3,InstructionsPart3,1779190383,1,0,0
zr6gul8w,5,2j4yjh4s,21,bargaining_tdl_survey,SurveyIntro,1779190383,1,0,0
zr6gul8w,34,92hx25ex,18,bargaining_tdl_part3,InstructionsPart3,1779190383,1,0,0
zr6gul8w,2,k60eivfz,21,bargaining_tdl_survey,SurveyIntro,1779190384,1,0,0
zr6gul8w,26,of2jflob,18,bargaining_tdl_part3,InstructionsPart3,1779190384,1,0,0
zr6gul8w,20,dmdvlb6t,20,bargaining_tdl_part3,ResultsPart3,1779190384,1,0,0
zr6gul8w,27,dg19k2gr,18,bargaining_tdl_part3,InstructionsPart3,1779190384,1,0,0
zr6gul8w,14,6bz5w1nt,21,bargaining_tdl_survey,SurveyIntro,1779190384,1,0,0
zr6gul8w,30,3zopmy9e,18,bargaining_tdl_part3,InstructionsPart3,1779190384,1,0,0
zr6gul8w,29,ru07md9e,18,bargaining_tdl_part3,InstructionsPart3,1779190384,1,0,0
zr6gul8w,19,185lsl9s,20,bargaining_tdl_part3,ResultsPart3,1779190384,1,0,0
zr6gul8w,32,oa98fds8,18,bargaining_tdl_part3,InstructionsPart3,1779190384,1,0,0
zr6gul8w,38,gzribzyd,11,bargaining_tdl_main,Signals,1779190384,1,0,0
zr6gul8w,16,y3f1qxuf,11,bargaining_tdl_main,Signals,1779190384,1,0,0
zr6gul8w,8,beua6ch6,21,bargaining_tdl_survey,SurveyIntro,1779190385,1,0,0
zr6gul8w,17,yt75dd3v,21,bargaining_tdl_survey,SurveyIntro,1779190385,1,0,0
zr6gul8w,4,1uqnqbvq,21,bargaining_tdl_survey,SurveyIntro,1779190385,1,0,0
zr6gul8w,31,8okhv1km,18,bargaining_tdl_part3,InstructionsPart3,1779190385,1,0,0
zr6gul8w,25,8alm3lr2,18,bargaining_tdl_part3,InstructionsPart3,1779190385,1,0,0
zr6gul8w,36,3z4emp85,18,bargaining_tdl_part3,InstructionsPart3,1779190385,1,0,0
zr6gul8w,35,7283axms,18,bargaining_tdl_part3,InstructionsPart3,1779190385,1,0,0
zr6gul8w,41,hpckv9rp,18,bargaining_tdl_part3,InstructionsPart3,1779190385,1,0,0
zr6gul8w,37,44a1aq38,11,bargaining_tdl_main,Signals,1779190385,1,0,0
zr6gul8w,43,pzpqduyx,18,bargaining_tdl_part3,InstructionsPart3,1779190385,1,0,0
zr6gul8w,39,gxtfdlrl,18,bargaining_tdl_part3,InstructionsPart3,1779190385,1,0,0
zr6gul8w,16,y3f1qxuf,13,bargaining_tdl_main,DataMappingWaitPage,1779190385,1,0,1
zr6gul8w,37,44a1aq38,13,bargaining_tdl_main,DataMappingWaitPage,1779190385,1,0,1
zr6gul8w,38,gzribzyd,13,bargaining_tdl_main,DataMappingWaitPage,1779190385,1,0,1
zr6gul8w,45,q5fvqxb4,14,bargaining_tdl_main,Decision,1779190386,1,0,0
zr6gul8w,9,n00ozz7b,21,bargaining_tdl_survey,SurveyIntro,1779190386,1,0,0
zr6gul8w,40,fcdu23yx,18,bargaining_tdl_part3,InstructionsPart3,1779190386,1,0,0
zr6gul8w,28,c5e1v9r1,20,bargaining_tdl_part3,ResultsPart3,1779190386,1,0,0
zr6gul8w,11,x1x4jm7i,21,bargaining_tdl_survey,SurveyIntro,1779190386,1,0,0
zr6gul8w,6,s4mj3o69,21,bargaining_tdl_survey,SurveyIntro,1779190386,1,0,0
zr6gul8w,1,5977liaz,21,bargaining_tdl_survey,SurveyIntro,1779190386,1,0,0
zr6gul8w,13,6ojizmt1,21,bargaining_tdl_survey,SurveyIntro,1779190386,1,0,0
zr6gul8w,22,1buf7gtg,20,bargaining_tdl_part3,ResultsPart3,1779190386,1,0,0
zr6gul8w,23,roxmzk68,21,bargaining_tdl_survey,SurveyIntro,1779190386,1,0,0
zr6gul8w,18,2e434ckt,21,bargaining_tdl_survey,SurveyIntro,1779190386,1,0,0
zr6gul8w,15,0tsp39eh,21,bargaining_tdl_survey,SurveyIntro,1779190387,1,0,0
zr6gul8w,7,qckxzyr3,21,bargaining_tdl_survey,SurveyIntro,1779190387,1,0,0
zr6gul8w,10,05qfx0i7,21,bargaining_tdl_survey,SurveyIntro,1779190387,1,0,0
zr6gul8w,12,fmhvibbk,21,bargaining_tdl_survey,SurveyIntro,1779190387,1,0,0
zr6gul8w,24,tytzgqxh,21,bargaining_tdl_survey,SurveyIntro,1779190387,1,0,0
zr6gul8w,42,h0osvjnp,18,bargaining_tdl_part3,InstructionsPart3,1779190387,1,0,0
zr6gul8w,44,qfuqa0ha,20,bargaining_tdl_part3,ResultsPart3,1779190387,1,0,0
zr6gul8w,34,92hx25ex,20,bargaining_tdl_part3,ResultsPart3,1779190388,1,0,0
zr6gul8w,27,dg19k2gr,20,bargaining_tdl_part3,ResultsPart3,1779190388,1,0,0
zr6gul8w,20,dmdvlb6t,21,bargaining_tdl_survey,SurveyIntro,1779190388,1,0,0
zr6gul8w,19,185lsl9s,21,bargaining_tdl_survey,SurveyIntro,1779190388,1,0,0
zr6gul8w,26,of2jflob,20,bargaining_tdl_part3,ResultsPart3,1779190388,1,0,0
zr6gul8w,29,ru07md9e,20,bargaining_tdl_part3,ResultsPart3,1779190388,1,0,0
zr6gul8w,30,3zopmy9e,20,bargaining_tdl_part3,ResultsPart3,1779190389,1,0,0
zr6gul8w,25,8alm3lr2,20,bargaining_tdl_part3,ResultsPart3,1779190389,1,0,0
zr6gul8w,31,8okhv1km,20,bargaining_tdl_part3,ResultsPart3,1779190389,1,0,0
zr6gul8w,32,oa98fds8,20,bargaining_tdl_part3,ResultsPart3,1779190389,1,0,0
zr6gul8w,35,7283axms,20,bargaining_tdl_part3,ResultsPart3,1779190389,1,0,0
zr6gul8w,36,3z4emp85,20,bargaining_tdl_part3,ResultsPart3,1779190389,1,0,0
zr6gul8w,33,xve1f0hw,14,bargaining_tdl_main,Decision,1779190389,1,0,0
zr6gul8w,43,pzpqduyx,20,bargaining_tdl_part3,ResultsPart3,1779190389,1,0,0
zr6gul8w,41,hpckv9rp,20,bargaining_tdl_part3,ResultsPart3,1779190389,1,0,0
zr6gul8w,39,gxtfdlrl,20,bargaining_tdl_part3,ResultsPart3,1779190389,1,0,0
zr6gul8w,40,fcdu23yx,20,bargaining_tdl_part3,ResultsPart3,1779190389,1,0,0
zr6gul8w,21,ai35yj68,14,bargaining_tdl_main,Decision,1779190389,1,0,0
zr6gul8w,28,c5e1v9r1,21,bargaining_tdl_survey,SurveyIntro,1779190390,1,0,0
zr6gul8w,21,ai35yj68,15,bargaining_tdl_main,ResultsWaitPage,1779190390,1,0,1
zr6gul8w,33,xve1f0hw,15,bargaining_tdl_main,ResultsWaitPage,1779190390,1,0,1
zr6gul8w,45,q5fvqxb4,15,bargaining_tdl_main,ResultsWaitPage,1779190390,1,0,1
zr6gul8w,22,1buf7gtg,21,bargaining_tdl_survey,SurveyIntro,1779190390,1,0,0
zr6gul8w,38,gzribzyd,14,bargaining_tdl_main,Decision,1779190390,1,0,0
zr6gul8w,44,qfuqa0ha,21,bargaining_tdl_survey,SurveyIntro,1779190390,1,0,0
zr6gul8w,42,h0osvjnp,20,bargaining_tdl_part3,ResultsPart3,1779190390,1,0,0
zr6gul8w,34,92hx25ex,21,bargaining_tdl_survey,SurveyIntro,1779190391,1,0,0
zr6gul8w,26,of2jflob,21,bargaining_tdl_survey,SurveyIntro,1779190391,1,0,0
zr6gul8w,29,ru07md9e,21,bargaining_tdl_survey,SurveyIntro,1779190391,1,0,0
zr6gul8w,16,y3f1qxuf,14,bargaining_tdl_main,Decision,1779190391,1,0,0
zr6gul8w,27,dg19k2gr,21,bargaining_tdl_survey,SurveyIntro,1779190391,1,0,0
zr6gul8w,25,8alm3lr2,21,bargaining_tdl_survey,SurveyIntro,1779190391,1,0,0
zr6gul8w,31,8okhv1km,21,bargaining_tdl_survey,SurveyIntro,1779190391,1,0,0
zr6gul8w,30,3zopmy9e,21,bargaining_tdl_survey,SurveyIntro,1779190391,1,0,0
zr6gul8w,32,oa98fds8,21,bargaining_tdl_survey,SurveyIntro,1779190391,1,0,0
zr6gul8w,37,44a1aq38,14,bargaining_tdl_main,Decision,1779190391,1,0,0
zr6gul8w,45,q5fvqxb4,16,bargaining_tdl_main,Results,1779190391,1,0,0
zr6gul8w,38,gzribzyd,15,bargaining_tdl_main,ResultsWaitPage,1779190391,1,0,1
zr6gul8w,16,y3f1qxuf,15,bargaining_tdl_main,ResultsWaitPage,1779190391,1,0,1
zr6gul8w,37,44a1aq38,15,bargaining_tdl_main,ResultsWaitPage,1779190391,1,0,1
zr6gul8w,35,7283axms,21,bargaining_tdl_survey,SurveyIntro,1779190391,1,0,0
zr6gul8w,36,3z4emp85,21,bargaining_tdl_survey,SurveyIntro,1779190392,1,0,0
zr6gul8w,39,gxtfdlrl,21,bargaining_tdl_survey,SurveyIntro,1779190392,1,0,0
zr6gul8w,40,fcdu23yx,21,bargaining_tdl_survey,SurveyIntro,1779190392,1,0,0
zr6gul8w,43,pzpqduyx,21,bargaining_tdl_survey,SurveyIntro,1779190392,1,0,0
zr6gul8w,41,hpckv9rp,21,bargaining_tdl_survey,SurveyIntro,1779190392,1,0,0
zr6gul8w,42,h0osvjnp,21,bargaining_tdl_survey,SurveyIntro,1779190393,1,0,0
zr6gul8w,33,xve1f0hw,16,bargaining_tdl_main,Results,1779190393,1,0,0
zr6gul8w,21,ai35yj68,16,bargaining_tdl_main,Results,1779190393,1,0,0
zr6gul8w,38,gzribzyd,16,bargaining_tdl_main,Results,1779190393,1,0,0
zr6gul8w,45,q5fvqxb4,18,bargaining_tdl_part3,InstructionsPart3,1779190394,1,0,0
zr6gul8w,16,y3f1qxuf,16,bargaining_tdl_main,Results,1779190394,1,0,0
zr6gul8w,37,44a1aq38,16,bargaining_tdl_main,Results,1779190395,1,0,0
zr6gul8w,33,xve1f0hw,18,bargaining_tdl_part3,InstructionsPart3,1779190396,1,0,0
zr6gul8w,21,ai35yj68,18,bargaining_tdl_part3,InstructionsPart3,1779190396,1,0,0
zr6gul8w,38,gzribzyd,18,bargaining_tdl_part3,InstructionsPart3,1779190397,1,0,0
zr6gul8w,45,q5fvqxb4,20,bargaining_tdl_part3,ResultsPart3,1779190397,1,0,0
zr6gul8w,16,y3f1qxuf,18,bargaining_tdl_part3,InstructionsPart3,1779190398,1,0,0
zr6gul8w,37,44a1aq38,18,bargaining_tdl_part3,InstructionsPart3,1779190399,1,0,0
zr6gul8w,21,ai35yj68,20,bargaining_tdl_part3,ResultsPart3,1779190400,1,0,0
zr6gul8w,45,q5fvqxb4,21,bargaining_tdl_survey,SurveyIntro,1779190400,1,0,0
zr6gul8w,33,xve1f0hw,20,bargaining_tdl_part3,ResultsPart3,1779190400,1,0,0
zr6gul8w,38,gzribzyd,20,bargaining_tdl_part3,ResultsPart3,1779190401,1,0,0
zr6gul8w,16,y3f1qxuf,20,bargaining_tdl_part3,ResultsPart3,1779190402,1,0,0
zr6gul8w,37,44a1aq38,20,bargaining_tdl_part3,ResultsPart3,1779190402,1,0,0
zr6gul8w,21,ai35yj68,21,bargaining_tdl_survey,SurveyIntro,1779190403,1,0,0
zr6gul8w,38,gzribzyd,21,bargaining_tdl_survey,SurveyIntro,1779190404,1,0,0
zr6gul8w,33,xve1f0hw,21,bargaining_tdl_survey,SurveyIntro,1779190404,1,0,0
zr6gul8w,16,y3f1qxuf,21,bargaining_tdl_survey,SurveyIntro,1779190404,1,0,0
zr6gul8w,37,44a1aq38,21,bargaining_tdl_survey,SurveyIntro,1779190406,1,0,0
zr6gul8w,3,iyaybccx,22,bargaining_tdl_survey,SurveyQuestions,1779190573,1,1,0
zr6gul8w,5,2j4yjh4s,22,bargaining_tdl_survey,SurveyQuestions,1779190573,1,1,0
zr6gul8w,2,k60eivfz,22,bargaining_tdl_survey,SurveyQuestions,1779190573,1,1,0
zr6gul8w,14,6bz5w1nt,22,bargaining_tdl_survey,SurveyQuestions,1779190573,1,1,0
zr6gul8w,8,beua6ch6,22,bargaining_tdl_survey,SurveyQuestions,1779190573,1,1,0
zr6gul8w,17,yt75dd3v,22,bargaining_tdl_survey,SurveyQuestions,1779190573,1,1,0
zr6gul8w,4,1uqnqbvq,22,bargaining_tdl_survey,SurveyQuestions,1779190573,1,1,0
zr6gul8w,9,n00ozz7b,22,bargaining_tdl_survey,SurveyQuestions,1779190573,1,1,0
zr6gul8w,11,x1x4jm7i,22,bargaining_tdl_survey,SurveyQuestions,1779190573,1,1,0
zr6gul8w,6,s4mj3o69,22,bargaining_tdl_survey,SurveyQuestions,1779190573,1,1,0
zr6gul8w,1,5977liaz,22,bargaining_tdl_survey,SurveyQuestions,1779190573,1,1,0
zr6gul8w,13,6ojizmt1,22,bargaining_tdl_survey,SurveyQuestions,1779190577,1,1,0
zr6gul8w,23,roxmzk68,22,bargaining_tdl_survey,SurveyQuestions,1779190577,1,1,0
zr6gul8w,18,2e434ckt,22,bargaining_tdl_survey,SurveyQuestions,1779190577,1,1,0
zr6gul8w,15,0tsp39eh,22,bargaining_tdl_survey,SurveyQuestions,1779190577,1,1,0
zr6gul8w,7,qckxzyr3,22,bargaining_tdl_survey,SurveyQuestions,1779190577,1,1,0
zr6gul8w,10,05qfx0i7,22,bargaining_tdl_survey,SurveyQuestions,1779190577,1,1,0
zr6gul8w,12,fmhvibbk,22,bargaining_tdl_survey,SurveyQuestions,1779190577,1,1,0
zr6gul8w,24,tytzgqxh,22,bargaining_tdl_survey,SurveyQuestions,1779190578,1,1,0
zr6gul8w,20,dmdvlb6t,22,bargaining_tdl_survey,SurveyQuestions,1779190578,1,1,0
zr6gul8w,19,185lsl9s,22,bargaining_tdl_survey,SurveyQuestions,1779190578,1,1,0
zr6gul8w,28,c5e1v9r1,22,bargaining_tdl_survey,SurveyQuestions,1779190578,1,1,0
zr6gul8w,22,1buf7gtg,22,bargaining_tdl_survey,SurveyQuestions,1779190578,1,1,0
zr6gul8w,44,qfuqa0ha,22,bargaining_tdl_survey,SurveyQuestions,1779190579,1,1,0
zr6gul8w,34,92hx25ex,22,bargaining_tdl_survey,SurveyQuestions,1779190579,1,1,0
zr6gul8w,26,of2jflob,22,bargaining_tdl_survey,SurveyQuestions,1779190579,1,1,0
zr6gul8w,29,ru07md9e,22,bargaining_tdl_survey,SurveyQuestions,1779190582,1,1,0
zr6gul8w,27,dg19k2gr,22,bargaining_tdl_survey,SurveyQuestions,1779190582,1,1,0
zr6gul8w,25,8alm3lr2,22,bargaining_tdl_survey,SurveyQuestions,1779190582,1,1,0
zr6gul8w,31,8okhv1km,22,bargaining_tdl_survey,SurveyQuestions,1779190582,1,1,0
zr6gul8w,30,3zopmy9e,22,bargaining_tdl_survey,SurveyQuestions,1779190582,1,1,0
zr6gul8w,32,oa98fds8,22,bargaining_tdl_survey,SurveyQuestions,1779190582,1,1,0
zr6gul8w,35,7283axms,22,bargaining_tdl_survey,SurveyQuestions,1779190583,1,1,0
zr6gul8w,36,3z4emp85,22,bargaining_tdl_survey,SurveyQuestions,1779190583,1,1,0
zr6gul8w,39,gxtfdlrl,22,bargaining_tdl_survey,SurveyQuestions,1779190583,1,1,0
zr6gul8w,40,fcdu23yx,22,bargaining_tdl_survey,SurveyQuestions,1779190583,1,1,0
zr6gul8w,43,pzpqduyx,22,bargaining_tdl_survey,SurveyQuestions,1779190583,1,1,0
zr6gul8w,41,hpckv9rp,22,bargaining_tdl_survey,SurveyQuestions,1779190583,1,1,0
zr6gul8w,42,h0osvjnp,22,bargaining_tdl_survey,SurveyQuestions,1779190583,1,1,0
zr6gul8w,45,q5fvqxb4,22,bargaining_tdl_survey,SurveyQuestions,1779190589,1,1,0
zr6gul8w,21,ai35yj68,22,bargaining_tdl_survey,SurveyQuestions,1779190592,1,1,0
zr6gul8w,38,gzribzyd,22,bargaining_tdl_survey,SurveyQuestions,1779190592,1,1,0
zr6gul8w,33,xve1f0hw,22,bargaining_tdl_survey,SurveyQuestions,1779190592,1,1,0
zr6gul8w,16,y3f1qxuf,22,bargaining_tdl_survey,SurveyQuestions,1779190593,1,1,0
zr6gul8w,37,44a1aq38,22,bargaining_tdl_survey,SurveyQuestions,1779190596,1,1,0
ocnkhj5c,1,9sohi2eg,0,,InitializeParticipant,1779191157,1,0,0
ocnkhj5c,2,kbzsf2k1,0,,InitializeParticipant,1779191173,1,0,0
ocnkhj5c,3,qi1pt07x,0,,InitializeParticipant,1779191183,1,0,0
ocnkhj5c,1,9sohi2eg,1,bargaining_tdl_intro,Welcome,1779192293,1,0,0
ocnkhj5c,1,9sohi2eg,2,bargaining_tdl_intro,InstructionsPart1,1779193322,1,0,0
ocnkhj5c,1,9sohi2eg,3,bargaining_tdl_intro,ControlQuestionsAttempt1,1779193624,1,1,0
ocnkhj5c,2,kbzsf2k1,1,bargaining_tdl_intro,Welcome,1779193630,1,0,0
ocnkhj5c,2,kbzsf2k1,2,bargaining_tdl_intro,InstructionsPart1,1779193633,1,0,0
ocnkhj5c,3,qi1pt07x,1,bargaining_tdl_intro,Welcome,1779193635,1,0,0
ocnkhj5c,2,kbzsf2k1,3,bargaining_tdl_intro,ControlQuestionsAttempt1,1779193677,1,0,0
ocnkhj5c,3,qi1pt07x,2,bargaining_tdl_intro,InstructionsPart1,1779193737,1,0,0
ocnkhj5c,3,qi1pt07x,3,bargaining_tdl_intro,ControlQuestionsAttempt1,1779193750,1,0,0
ocnkhj5c,4,2h0fz66r,0,,InitializeParticipant,1779193761,1,0,0
ocnkhj5c,4,2h0fz66r,1,bargaining_tdl_intro,Welcome,1779193763,1,0,0
ocnkhj5c,4,2h0fz66r,2,bargaining_tdl_intro,InstructionsPart1,1779193765,1,0,0
ocnkhj5c,4,2h0fz66r,3,bargaining_tdl_intro,ControlQuestionsAttempt1,1779193778,1,0,0
ocnkhj5c,2,kbzsf2k1,9,bargaining_tdl_main,GroupingAfterControlQuestions,1779193778,1,0,1
ocnkhj5c,3,qi1pt07x,9,bargaining_tdl_main,GroupingAfterControlQuestions,1779193778,1,0,1
ocnkhj5c,4,2h0fz66r,9,bargaining_tdl_main,GroupingAfterControlQuestions,1779193778,1,0,1
ocnkhj5c,3,qi1pt07x,10,bargaining_tdl_main,Chat,1779193932,1,0,0
ocnkhj5c,2,kbzsf2k1,10,bargaining_tdl_main,Chat,1779193939,1,0,0
ocnkhj5c,4,2h0fz66r,10,bargaining_tdl_main,Chat,1779193941,1,0,0
ocnkhj5c,2,kbzsf2k1,11,bargaining_tdl_main,Signals,1779193972,1,0,0
ocnkhj5c,3,qi1pt07x,11,bargaining_tdl_main,Signals,1779193989,1,0,0
ocnkhj5c,4,2h0fz66r,11,bargaining_tdl_main,Signals,1779194011,1,0,0
ocnkhj5c,2,kbzsf2k1,13,bargaining_tdl_main,DataMappingWaitPage,1779194011,1,0,1
ocnkhj5c,4,2h0fz66r,13,bargaining_tdl_main,DataMappingWaitPage,1779194011,1,0,1
ocnkhj5c,3,qi1pt07x,13,bargaining_tdl_main,DataMappingWaitPage,1779194011,1,0,1
ocnkhj5c,4,2h0fz66r,14,bargaining_tdl_main,Decision,1779194020,1,0,0
ocnkhj5c,2,kbzsf2k1,14,bargaining_tdl_main,Decision,1779194030,1,0,0
ocnkhj5c,3,qi1pt07x,14,bargaining_tdl_main,Decision,1779194096,1,0,0
ocnkhj5c,4,2h0fz66r,15,bargaining_tdl_main,ResultsWaitPage,1779194096,1,0,1
ocnkhj5c,2,kbzsf2k1,15,bargaining_tdl_main,ResultsWaitPage,1779194096,1,0,1
ocnkhj5c,3,qi1pt07x,15,bargaining_tdl_main,ResultsWaitPage,1779194096,1,0,1
ocnkhj5c,3,qi1pt07x,16,bargaining_tdl_main,Results,1779194100,1,0,0
ocnkhj5c,4,2h0fz66r,16,bargaining_tdl_main,Results,1779194105,1,0,0
ocnkhj5c,3,qi1pt07x,18,bargaining_tdl_part3,InstructionsPart3,1779194252,1,0,0
ocnkhj5c,3,qi1pt07x,20,bargaining_tdl_part3,ResultsPart3,1779194254,1,0,0
ocnkhj5c,4,2h0fz66r,18,bargaining_tdl_part3,InstructionsPart3,1779194259,1,0,0
ocnkhj5c,4,2h0fz66r,20,bargaining_tdl_part3,ResultsPart3,1779194261,1,0,0
ocnkhj5c,3,qi1pt07x,21,bargaining_tdl_survey,SurveyIntro,1779194264,1,0,0
ocnkhj5c,3,qi1pt07x,22,bargaining_tdl_survey,SurveyQuestions,1779194292,1,0,0
ocnkhj5c,4,2h0fz66r,21,bargaining_tdl_survey,SurveyIntro,1779194295,1,0,0
ocnkhj5c,4,2h0fz66r,22,bargaining_tdl_survey,SurveyQuestions,1779194314,1,0,0
ocnkhj5c,4,2h0fz66r,23,bargaining_tdl_survey,SurveyScaleIntro,1779194316,1,0,0
ocnkhj5c,4,2h0fz66r,24,bargaining_tdl_survey,SurveyPage4,1779194318,1,0,0
ocnkhj5c,4,2h0fz66r,25,bargaining_tdl_survey,SurveyPage5,1779194321,1,0,0
ocnkhj5c,4,2h0fz66r,26,bargaining_tdl_survey,SurveyPage6,1779194323,1,0,0
ocnkhj5c,3,qi1pt07x,23,bargaining_tdl_survey,SurveyScaleIntro,1779194326,1,0,0
ocnkhj5c,3,qi1pt07x,24,bargaining_tdl_survey,SurveyPage4,1779194328,1,0,0
ocnkhj5c,3,qi1pt07x,25,bargaining_tdl_survey,SurveyPage5,1779194331,1,0,0
ocnkhj5c,3,qi1pt07x,26,bargaining_tdl_survey,SurveyPage6,1779194332,1,0,0
ocnkhj5c,3,qi1pt07x,27,bargaining_tdl_survey,SurveyPage7,1779194336,1,0,0
ocnkhj5c,4,2h0fz66r,27,bargaining_tdl_survey,SurveyPage7,1779194340,1,0,0
ocnkhj5c,4,2h0fz66r,28,bargaining_tdl_survey,SurveyPage8,1779194344,1,0,0
ocnkhj5c,4,2h0fz66r,29,bargaining_tdl_survey,SurveyPage9,1779194350,1,0,0
ocnkhj5c,3,qi1pt07x,28,bargaining_tdl_survey,SurveyPage8,1779194469,1,0,0
ocnkhj5c,3,qi1pt07x,29,bargaining_tdl_survey,SurveyPage9,1779194472,1,0,0
ocnkhj5c,4,2h0fz66r,30,bargaining_tdl_survey,SurveyPage10,1779194531,1,1,0
ocnkhj5c,3,qi1pt07x,30,bargaining_tdl_survey,SurveyPage10,1779194541,1,0,0
ln6s1ftc,1,1fu9y1aj,0,,InitializeParticipant,1779199984,1,0,0
ln6s1ftc,2,pzd9fjek,0,,InitializeParticipant,1779199993,1,0,0
ln6s1ftc,3,5yjs02uz,0,,InitializeParticipant,1779260585,1,0,0
ln6s1ftc,4,hsi1vnul,0,,InitializeParticipant,1779260599,1,0,0
ln6s1ftc,5,hetqaozn,0,,InitializeParticipant,1779270273,1,0,0
ln6s1ftc,6,3yhfj8m6,0,,InitializeParticipant,1779270273,1,0,0
ln6s1ftc,7,th3i3z1r,0,,InitializeParticipant,1779270274,1,0,0
ln6s1ftc,8,8qxgq3ms,0,,InitializeParticipant,1779270274,1,0,0
ln6s1ftc,9,uk8ee11v,0,,InitializeParticipant,1779270274,1,0,0
ln6s1ftc,10,vlhkphbu,0,,InitializeParticipant,1779270274,1,0,0
ln6s1ftc,11,p647emnw,0,,InitializeParticipant,1779270274,1,0,0
ln6s1ftc,12,bab8wqjo,0,,InitializeParticipant,1779270274,1,0,0
ln6s1ftc,13,8ot66gl6,0,,InitializeParticipant,1779270274,1,0,0
ln6s1ftc,14,g88j4xg7,0,,InitializeParticipant,1779270275,1,0,0
ln6s1ftc,15,ipnkwh6o,0,,InitializeParticipant,1779270275,1,0,0
ln6s1ftc,16,cnrlo9qf,0,,InitializeParticipant,1779270275,1,0,0
ln6s1ftc,17,1635k3od,0,,InitializeParticipant,1779270275,1,0,0
ln6s1ftc,18,ruj0w4xr,0,,InitializeParticipant,1779270275,1,0,0
ln6s1ftc,19,eoo09gqg,0,,InitializeParticipant,1779270275,1,0,0
ln6s1ftc,20,cw3blg3k,0,,InitializeParticipant,1779270275,1,0,0
ln6s1ftc,21,bgdqryxs,0,,InitializeParticipant,1779270276,1,0,0
ln6s1ftc,22,wx1wj6o7,0,,InitializeParticipant,1779270277,1,0,0
ln6s1ftc,23,0j12tjt3,0,,InitializeParticipant,1779270277,1,0,0
ln6s1ftc,24,nf397ou8,0,,InitializeParticipant,1779270277,1,0,0
ln6s1ftc,7,th3i3z1r,1,bargaining_tdl_intro,Welcome,1779270278,1,0,0
ln6s1ftc,25,luigdojb,0,,InitializeParticipant,1779270279,1,0,0
ln6s1ftc,26,2d8kclta,0,,InitializeParticipant,1779270280,1,0,0
ln6s1ftc,27,ff8ef196,0,,InitializeParticipant,1779270280,1,0,0
ln6s1ftc,28,syt59cdo,0,,InitializeParticipant,1779270280,1,0,0
ln6s1ftc,29,br25c3xd,0,,InitializeParticipant,1779270280,1,0,0
ln6s1ftc,24,nf397ou8,1,bargaining_tdl_intro,Welcome,1779270280,1,0,0
ln6s1ftc,15,ipnkwh6o,1,bargaining_tdl_intro,Welcome,1779270280,1,0,0
ln6s1ftc,30,7jq6qxh3,0,,InitializeParticipant,1779270280,1,0,0
ln6s1ftc,21,bgdqryxs,1,bargaining_tdl_intro,Welcome,1779270280,1,0,0
ln6s1ftc,31,j0bllyjy,0,,InitializeParticipant,1779270281,1,0,0
ln6s1ftc,11,p647emnw,1,bargaining_tdl_intro,Welcome,1779270281,1,0,0
ln6s1ftc,16,cnrlo9qf,1,bargaining_tdl_intro,Welcome,1779270281,1,0,0
ln6s1ftc,13,8ot66gl6,1,bargaining_tdl_intro,Welcome,1779270282,1,0,0
ln6s1ftc,7,th3i3z1r,2,bargaining_tdl_intro,InstructionsPart1,1779270282,1,0,0
ln6s1ftc,17,1635k3od,1,bargaining_tdl_intro,Welcome,1779270282,1,0,0
ln6s1ftc,10,vlhkphbu,1,bargaining_tdl_intro,Welcome,1779270283,1,0,0
ln6s1ftc,32,zq85fk59,0,,InitializeParticipant,1779270284,1,0,0
ln6s1ftc,33,v3691z1i,0,,InitializeParticipant,1779270286,1,0,0
ln6s1ftc,14,g88j4xg7,1,bargaining_tdl_intro,Welcome,1779270287,1,0,0
ln6s1ftc,34,npufvtca,0,,InitializeParticipant,1779270287,1,0,0
ln6s1ftc,35,9d8bae4j,0,,InitializeParticipant,1779270287,1,0,0
ln6s1ftc,36,oyvufias,0,,InitializeParticipant,1779270287,1,0,0
ln6s1ftc,37,5mhp2h2j,0,,InitializeParticipant,1779270288,1,0,0
ln6s1ftc,38,a1qq1ocd,0,,InitializeParticipant,1779270288,1,0,0
ln6s1ftc,39,8yqnncnw,0,,InitializeParticipant,1779270291,1,0,0
ln6s1ftc,25,luigdojb,1,bargaining_tdl_intro,Welcome,1779270291,1,0,0
ln6s1ftc,40,ej0v67fc,0,,InitializeParticipant,1779270291,1,0,0
ln6s1ftc,41,brln0ee7,0,,InitializeParticipant,1779270292,1,0,0
ln6s1ftc,42,b0grdl60,0,,InitializeParticipant,1779270294,1,0,0
ln6s1ftc,43,1iernbcq,0,,InitializeParticipant,1779270295,1,0,0
ln6s1ftc,44,42qfsjt7,0,,InitializeParticipant,1779270296,1,0,0
ln6s1ftc,45,ceo5vj9y,0,,InitializeParticipant,1779270296,1,0,0
ln6s1ftc,46,gu64xxh4,0,,InitializeParticipant,1779270297,1,0,0
ln6s1ftc,47,t46ocgdg,0,,InitializeParticipant,1779270298,1,0,0
ln6s1ftc,48,c2ycwfix,0,,InitializeParticipant,1779270299,1,0,0
ln6s1ftc,45,ceo5vj9y,1,bargaining_tdl_intro,Welcome,1779270299,1,0,0
ln6s1ftc,46,gu64xxh4,1,bargaining_tdl_intro,Welcome,1779270302,1,0,0
ln6s1ftc,14,g88j4xg7,2,bargaining_tdl_intro,InstructionsPart1,1779270303,1,0,0
ln6s1ftc,49,tj95w8dv,0,,InitializeParticipant,1779270304,1,0,0
ln6s1ftc,42,b0grdl60,1,bargaining_tdl_intro,Welcome,1779270310,1,0,0
ln6s1ftc,50,8o1f2cjs,0,,InitializeParticipant,1779270310,1,0,0
ln6s1ftc,51,ykrt3sc2,0,,InitializeParticipant,1779270312,1,0,0
ln6s1ftc,47,t46ocgdg,1,bargaining_tdl_intro,Welcome,1779270314,1,0,0
ln6s1ftc,52,73thvczv,0,,InitializeParticipant,1779270314,1,0,0
ln6s1ftc,50,8o1f2cjs,1,bargaining_tdl_intro,Welcome,1779270317,1,0,0
ln6s1ftc,42,b0grdl60,2,bargaining_tdl_intro,InstructionsPart1,1779270318,1,0,0
ln6s1ftc,34,npufvtca,1,bargaining_tdl_intro,Welcome,1779270319,1,0,0
ln6s1ftc,53,g0cbyn29,0,,InitializeParticipant,1779270321,1,0,0
ln6s1ftc,50,8o1f2cjs,2,bargaining_tdl_intro,InstructionsPart1,1779270322,1,0,0
ln6s1ftc,51,ykrt3sc2,1,bargaining_tdl_intro,Welcome,1779270322,1,0,0
ln6s1ftc,54,7lzfnhce,0,,InitializeParticipant,1779270325,1,0,0
ln6s1ftc,55,jfuhc7aq,0,,InitializeParticipant,1779270335,1,0,0
ln6s1ftc,34,npufvtca,2,bargaining_tdl_intro,InstructionsPart1,1779270339,1,0,0
ln6s1ftc,55,jfuhc7aq,1,bargaining_tdl_intro,Welcome,1779270339,1,0,0
ln6s1ftc,43,1iernbcq,1,bargaining_tdl_intro,Welcome,1779270340,1,0,0
ln6s1ftc,18,ruj0w4xr,1,bargaining_tdl_intro,Welcome,1779270345,1,0,0
ln6s1ftc,18,ruj0w4xr,2,bargaining_tdl_intro,InstructionsPart1,1779270355,1,0,0
ln6s1ftc,45,ceo5vj9y,2,bargaining_tdl_intro,InstructionsPart1,1779270356,1,0,0
ln6s1ftc,11,p647emnw,2,bargaining_tdl_intro,InstructionsPart1,1779270357,1,0,0
ln6s1ftc,56,fy3gz7fe,0,,InitializeParticipant,1779270366,1,0,0
ln6s1ftc,44,42qfsjt7,1,bargaining_tdl_intro,Welcome,1779270368,1,0,0
ln6s1ftc,57,tsn3s94h,0,,InitializeParticipant,1779270368,1,0,0
ln6s1ftc,58,8l4z75ui,0,,InitializeParticipant,1779270368,1,0,0
ln6s1ftc,56,fy3gz7fe,1,bargaining_tdl_intro,Welcome,1779270370,1,0,0
ln6s1ftc,59,z7kelgka,0,,InitializeParticipant,1779270370,1,0,0
ln6s1ftc,59,z7kelgka,1,bargaining_tdl_intro,Welcome,1779270374,1,0,0
ln6s1ftc,57,tsn3s94h,1,bargaining_tdl_intro,Welcome,1779270375,1,0,0
ln6s1ftc,58,8l4z75ui,1,bargaining_tdl_intro,Welcome,1779270378,1,0,0
ln6s1ftc,59,z7kelgka,2,bargaining_tdl_intro,InstructionsPart1,1779270378,1,0,0
ln6s1ftc,60,2yfm8ps3,0,,InitializeParticipant,1779270381,1,0,0
ln6s1ftc,25,luigdojb,2,bargaining_tdl_intro,InstructionsPart1,1779270383,1,0,0
ln6s1ftc,60,2yfm8ps3,1,bargaining_tdl_intro,Welcome,1779270386,1,0,0
ln6s1ftc,57,tsn3s94h,2,bargaining_tdl_intro,InstructionsPart1,1779270387,1,0,0
ln6s1ftc,15,ipnkwh6o,2,bargaining_tdl_intro,InstructionsPart1,1779270387,1,0,0
ln6s1ftc,61,hy3jezzh,0,,InitializeParticipant,1779270390,1,0,0
ln6s1ftc,61,hy3jezzh,1,bargaining_tdl_intro,Welcome,1779270394,1,0,0
ln6s1ftc,60,2yfm8ps3,2,bargaining_tdl_intro,InstructionsPart1,1779270396,1,0,0
ln6s1ftc,16,cnrlo9qf,2,bargaining_tdl_intro,InstructionsPart1,1779270426,1,0,0
ln6s1ftc,29,br25c3xd,1,bargaining_tdl_intro,Welcome,1779270465,1,0,0
ln6s1ftc,56,fy3gz7fe,2,bargaining_tdl_intro,InstructionsPart1,1779270474,1,0,0
ln6s1ftc,2,pzd9fjek,1,bargaining_tdl_intro,Welcome,1779270479,1,0,0
ln6s1ftc,62,1zer1fyy,0,,InitializeParticipant,1779270501,1,0,0
ln6s1ftc,19,eoo09gqg,1,bargaining_tdl_intro,Welcome,1779270504,1,0,0
ln6s1ftc,12,bab8wqjo,1,bargaining_tdl_intro,Welcome,1779270505,1,0,0
ln6s1ftc,30,7jq6qxh3,1,bargaining_tdl_intro,Welcome,1779270505,1,0,0
ln6s1ftc,52,73thvczv,1,bargaining_tdl_intro,Welcome,1779270505,1,0,0
ln6s1ftc,5,hetqaozn,1,bargaining_tdl_intro,Welcome,1779270505,1,0,0
ln6s1ftc,22,wx1wj6o7,1,bargaining_tdl_intro,Welcome,1779270505,1,0,0
ln6s1ftc,53,g0cbyn29,1,bargaining_tdl_intro,Welcome,1779270505,1,0,0
ln6s1ftc,41,brln0ee7,1,bargaining_tdl_intro,Welcome,1779270506,1,0,0
ln6s1ftc,35,9d8bae4j,1,bargaining_tdl_intro,Welcome,1779270506,1,0,0
ln6s1ftc,37,5mhp2h2j,1,bargaining_tdl_intro,Welcome,1779270506,1,0,0
ln6s1ftc,26,2d8kclta,1,bargaining_tdl_intro,Welcome,1779270506,1,0,0
ln6s1ftc,36,oyvufias,1,bargaining_tdl_intro,Welcome,1779270507,1,0,0
ln6s1ftc,27,ff8ef196,1,bargaining_tdl_intro,Welcome,1779270507,1,0,0
ln6s1ftc,39,8yqnncnw,1,bargaining_tdl_intro,Welcome,1779270507,1,0,0
ln6s1ftc,23,0j12tjt3,1,bargaining_tdl_intro,Welcome,1779270508,1,0,0
ln6s1ftc,20,cw3blg3k,1,bargaining_tdl_intro,Welcome,1779270508,1,0,0
ln6s1ftc,40,ej0v67fc,1,bargaining_tdl_intro,Welcome,1779270509,1,0,0
ln6s1ftc,49,tj95w8dv,1,bargaining_tdl_intro,Welcome,1779270509,1,0,0
ln6s1ftc,32,zq85fk59,1,bargaining_tdl_intro,Welcome,1779270509,1,0,0
ln6s1ftc,6,3yhfj8m6,1,bargaining_tdl_intro,Welcome,1779270510,1,0,0
ln6s1ftc,38,a1qq1ocd,1,bargaining_tdl_intro,Welcome,1779270510,1,0,0
ln6s1ftc,9,uk8ee11v,1,bargaining_tdl_intro,Welcome,1779270511,1,0,0
ln6s1ftc,28,syt59cdo,1,bargaining_tdl_intro,Welcome,1779270513,1,0,0
ln6s1ftc,63,s9s0kj4k,0,,InitializeParticipant,1779270518,1,0,0
ln6s1ftc,64,gn5d8gey,0,,InitializeParticipant,1779270523,1,0,0
ln6s1ftc,63,s9s0kj4k,1,bargaining_tdl_intro,Welcome,1779270524,1,0,0
ln6s1ftc,64,gn5d8gey,1,bargaining_tdl_intro,Welcome,1779270526,1,0,0
ln6s1ftc,48,c2ycwfix,1,bargaining_tdl_intro,Welcome,1779270533,1,0,0
ln6s1ftc,33,v3691z1i,1,bargaining_tdl_intro,Welcome,1779270534,1,0,0
ln6s1ftc,62,1zer1fyy,1,bargaining_tdl_intro,Welcome,1779270539,1,0,0
ln6s1ftc,65,rhilexuj,0,,InitializeParticipant,1779270553,1,0,0
ln6s1ftc,66,2g6752cx,0,,InitializeParticipant,1779270558,1,0,0
ln6s1ftc,66,2g6752cx,1,bargaining_tdl_intro,Welcome,1779270567,1,0,0
ln6s1ftc,7,th3i3z1r,3,bargaining_tdl_intro,ControlQuestionsAttempt1,1779270587,1,1,0
ln6s1ftc,14,g88j4xg7,3,bargaining_tdl_intro,ControlQuestionsAttempt1,1779270604,1,1,0
ln6s1ftc,42,b0grdl60,3,bargaining_tdl_intro,ControlQuestionsAttempt1,1779270619,1,1,0
ln6s1ftc,50,8o1f2cjs,3,bargaining_tdl_intro,ControlQuestionsAttempt1,1779270622,1,1,0
ln6s1ftc,66,2g6752cx,2,bargaining_tdl_intro,InstructionsPart1,1779270626,1,0,0
ln6s1ftc,65,rhilexuj,1,bargaining_tdl_intro,Welcome,1779270628,1,0,0
ln6s1ftc,59,z7kelgka,3,bargaining_tdl_intro,ControlQuestionsAttempt1,1779270633,1,0,0
ln6s1ftc,34,npufvtca,3,bargaining_tdl_intro,ControlQuestionsAttempt1,1779270640,1,1,0
ln6s1ftc,18,ruj0w4xr,3,bargaining_tdl_intro,ControlQuestionsAttempt1,1779270656,1,1,0
ln6s1ftc,11,p647emnw,3,bargaining_tdl_intro,ControlQuestionsAttempt1,1779270658,1,1,0
ln6s1ftc,45,ceo5vj9y,3,bargaining_tdl_intro,ControlQuestionsAttempt1,1779270665,1,1,0
ln6s1ftc,60,2yfm8ps3,3,bargaining_tdl_intro,ControlQuestionsAttempt1,1779270668,1,0,0
ln6s1ftc,25,luigdojb,3,bargaining_tdl_intro,ControlQuestionsAttempt1,1779270684,1,1,0
ln6s1ftc,15,ipnkwh6o,3,bargaining_tdl_intro,ControlQuestionsAttempt1,1779270688,1,1,0
ln6s1ftc,57,tsn3s94h,3,bargaining_tdl_intro,ControlQuestionsAttempt1,1779270689,1,1,0
ln6s1ftc,60,2yfm8ps3,4,bargaining_tdl_intro,ControlQuestionsAttempt2,1779270706,1,0,0
ln6s1ftc,67,2s9nar7d,0,,InitializeParticipant,1779270711,1,0,0
ln6s1ftc,67,2s9nar7d,1,bargaining_tdl_intro,Welcome,1779270714,1,0,0
ln6s1ftc,16,cnrlo9qf,3,bargaining_tdl_intro,ControlQuestionsAttempt1,1779270727,1,1,0
ln6s1ftc,60,2yfm8ps3,5,bargaining_tdl_intro,ControlQuestionsAttempt3,1779270746,1,0,0
ln6s1ftc,31,j0bllyjy,1,bargaining_tdl_intro,Welcome,1779270747,1,0,0
ln6s1ftc,31,j0bllyjy,2,bargaining_tdl_intro,InstructionsPart1,1779270751,1,0,0
ln6s1ftc,54,7lzfnhce,1,bargaining_tdl_intro,Welcome,1779270757,1,0,0
ln6s1ftc,68,zdcuonrg,0,,InitializeParticipant,1779270762,1,0,0
ln6s1ftc,68,zdcuonrg,1,bargaining_tdl_intro,Welcome,1779270766,1,0,0
ln6s1ftc,56,fy3gz7fe,3,bargaining_tdl_intro,ControlQuestionsAttempt1,1779270777,1,1,0
ln6s1ftc,60,2yfm8ps3,6,bargaining_tdl_intro,ControlQuestionsAttempt4,1779270804,1,0,0
ln6s1ftc,68,zdcuonrg,2,bargaining_tdl_intro,InstructionsPart1,1779270886,1,0,0
ln6s1ftc,21,bgdqryxs,2,bargaining_tdl_intro,InstructionsPart1,1779270908,1,0,0
ln6s1ftc,28,syt59cdo,2,bargaining_tdl_intro,InstructionsPart1,1779270914,1,0,0
ln6s1ftc,69,60stog4t,0,,InitializeParticipant,1779270918,1,0,0
ln6s1ftc,60,2yfm8ps3,7,bargaining_tdl_intro,ControlQuestionsAttempt5,1779270918,1,0,0
ln6s1ftc,69,60stog4t,1,bargaining_tdl_intro,Welcome,1779270923,1,0,0
ln6s1ftc,70,utp2m614,0,,InitializeParticipant,1779270924,1,0,0
ln6s1ftc,66,2g6752cx,3,bargaining_tdl_intro,ControlQuestionsAttempt1,1779270928,1,1,0
ln6s1ftc,70,utp2m614,1,bargaining_tdl_intro,Welcome,1779270936,1,0,0
ln6s1ftc,70,utp2m614,2,bargaining_tdl_intro,InstructionsPart1,1779270940,1,0,0
ln6s1ftc,71,6nf0d2r7,0,,InitializeParticipant,1779270964,1,0,0
ln6s1ftc,69,60stog4t,2,bargaining_tdl_intro,InstructionsPart1,1779271011,1,0,0
ln6s1ftc,9,uk8ee11v,2,bargaining_tdl_intro,InstructionsPart1,1779271027,1,0,0
ln6s1ftc,71,6nf0d2r7,1,bargaining_tdl_intro,Welcome,1779271033,1,0,0
ln6s1ftc,70,utp2m614,3,bargaining_tdl_intro,ControlQuestionsAttempt1,1779271050,1,0,0
ln6s1ftc,71,6nf0d2r7,2,bargaining_tdl_intro,InstructionsPart1,1779271051,1,0,0
ln6s1ftc,31,j0bllyjy,3,bargaining_tdl_intro,ControlQuestionsAttempt1,1779271059,1,1,0
ln6s1ftc,70,utp2m614,4,bargaining_tdl_intro,ControlQuestionsAttempt2,1779271131,1,0,0
ln6s1ftc,54,7lzfnhce,2,bargaining_tdl_intro,InstructionsPart1,1779271173,1,0,0
ln6s1ftc,68,zdcuonrg,3,bargaining_tdl_intro,ControlQuestionsAttempt1,1779271188,1,1,0
ln6s1ftc,62,1zer1fyy,2,bargaining_tdl_intro,InstructionsPart1,1779271198,1,0,0
ln6s1ftc,21,bgdqryxs,3,bargaining_tdl_intro,ControlQuestionsAttempt1,1779271216,1,1,0
ln6s1ftc,48,c2ycwfix,2,bargaining_tdl_intro,InstructionsPart1,1779271216,1,0,0
ln6s1ftc,28,syt59cdo,3,bargaining_tdl_intro,ControlQuestionsAttempt1,1779271222,1,1,0
ln6s1ftc,70,utp2m614,5,bargaining_tdl_intro,ControlQuestionsAttempt3,1779271247,1,0,0
ln6s1ftc,72,dnnxb7f1,0,,InitializeParticipant,1779271249,1,0,0
ln6s1ftc,38,a1qq1ocd,2,bargaining_tdl_intro,InstructionsPart1,1779271286,1,0,0
ln6s1ftc,44,42qfsjt7,2,bargaining_tdl_intro,InstructionsPart1,1779271296,1,0,0
ln6s1ftc,72,dnnxb7f1,1,bargaining_tdl_intro,Welcome,1779271310,1,0,0
ln6s1ftc,47,t46ocgdg,2,bargaining_tdl_intro,InstructionsPart1,1779271312,1,0,0
ln6s1ftc,69,60stog4t,3,bargaining_tdl_intro,ControlQuestionsAttempt1,1779271312,1,1,0
ln6s1ftc,72,dnnxb7f1,2,bargaining_tdl_intro,InstructionsPart1,1779271318,1,0,0
ln6s1ftc,54,7lzfnhce,3,bargaining_tdl_intro,ControlQuestionsAttempt1,1779271327,1,0,0
ln6s1ftc,67,2s9nar7d,2,bargaining_tdl_intro,InstructionsPart1,1779271328,1,0,0
ln6s1ftc,73,y229xlov,0,,InitializeParticipant,1779271329,1,0,0
ln6s1ftc,9,uk8ee11v,3,bargaining_tdl_intro,ControlQuestionsAttempt1,1779271330,1,1,0
ln6s1ftc,74,vrt0fjm1,0,,InitializeParticipant,1779271331,1,0,0
ln6s1ftc,75,ovyw28qv,0,,InitializeParticipant,1779271331,1,0,0
ln6s1ftc,73,y229xlov,1,bargaining_tdl_intro,Welcome,1779271332,1,0,0
ln6s1ftc,74,vrt0fjm1,1,bargaining_tdl_intro,Welcome,1779271333,1,0,0
ln6s1ftc,76,qjrg1l5b,0,,InitializeParticipant,1779271334,1,0,0
ln6s1ftc,77,04u70zp4,0,,InitializeParticipant,1779271334,1,0,0
ln6s1ftc,73,y229xlov,2,bargaining_tdl_intro,InstructionsPart1,1779271337,1,0,0
ln6s1ftc,77,04u70zp4,1,bargaining_tdl_intro,Welcome,1779271340,1,0,0
ln6s1ftc,75,ovyw28qv,1,bargaining_tdl_intro,Welcome,1779271340,1,0,0
ln6s1ftc,23,0j12tjt3,2,bargaining_tdl_intro,InstructionsPart1,1779271341,1,0,0
ln6s1ftc,74,vrt0fjm1,2,bargaining_tdl_intro,InstructionsPart1,1779271341,1,0,0
ln6s1ftc,76,qjrg1l5b,1,bargaining_tdl_intro,Welcome,1779271344,1,0,0
ln6s1ftc,8,8qxgq3ms,1,bargaining_tdl_intro,Welcome,1779271347,1,0,0
ln6s1ftc,77,04u70zp4,2,bargaining_tdl_intro,InstructionsPart1,1779271347,1,0,0
ln6s1ftc,53,g0cbyn29,2,bargaining_tdl_intro,InstructionsPart1,1779271347,1,0,0
ln6s1ftc,75,ovyw28qv,2,bargaining_tdl_intro,InstructionsPart1,1779271348,1,0,0
ln6s1ftc,78,zptzfp8u,0,,InitializeParticipant,1779271348,1,0,0
ln6s1ftc,20,cw3blg3k,2,bargaining_tdl_intro,InstructionsPart1,1779271348,1,0,0
ln6s1ftc,32,zq85fk59,2,bargaining_tdl_intro,InstructionsPart1,1779271348,1,0,0
ln6s1ftc,78,zptzfp8u,1,bargaining_tdl_intro,Welcome,1779271351,1,0,0
ln6s1ftc,76,qjrg1l5b,2,bargaining_tdl_intro,InstructionsPart1,1779271352,1,0,0
ln6s1ftc,71,6nf0d2r7,3,bargaining_tdl_intro,ControlQuestionsAttempt1,1779271352,1,1,0
ln6s1ftc,78,zptzfp8u,2,bargaining_tdl_intro,InstructionsPart1,1779271354,1,0,0
ln6s1ftc,2,pzd9fjek,2,bargaining_tdl_intro,InstructionsPart1,1779271354,1,0,0
ln6s1ftc,79,y3atyre1,0,,InitializeParticipant,1779271354,1,0,0
ln6s1ftc,80,67esefc2,0,,InitializeParticipant,1779271355,1,0,0
ln6s1ftc,81,bueb4u4i,0,,InitializeParticipant,1779271356,1,0,0
ln6s1ftc,79,y3atyre1,1,bargaining_tdl_intro,Welcome,1779271357,1,0,0
ln6s1ftc,80,67esefc2,1,bargaining_tdl_intro,Welcome,1779271357,1,0,0
ln6s1ftc,81,bueb4u4i,1,bargaining_tdl_intro,Welcome,1779271360,1,0,0
ln6s1ftc,61,hy3jezzh,2,bargaining_tdl_intro,InstructionsPart1,1779271360,1,0,0
ln6s1ftc,54,7lzfnhce,4,bargaining_tdl_intro,ControlQuestionsAttempt2,1779271361,1,0,0
ln6s1ftc,80,67esefc2,2,bargaining_tdl_intro,InstructionsPart1,1779271363,1,0,0
ln6s1ftc,81,bueb4u4i,2,bargaining_tdl_intro,InstructionsPart1,1779271364,1,0,0
ln6s1ftc,51,ykrt3sc2,2,bargaining_tdl_intro,InstructionsPart1,1779271365,1,0,0
ln6s1ftc,82,qjg0cuk3,0,,InitializeParticipant,1779271366,1,0,0
ln6s1ftc,29,br25c3xd,2,bargaining_tdl_intro,InstructionsPart1,1779271367,1,0,0
ln6s1ftc,82,qjg0cuk3,1,bargaining_tdl_intro,Welcome,1779271370,1,0,0
ln6s1ftc,78,zptzfp8u,3,bargaining_tdl_intro,ControlQuestionsAttempt1,1779271372,1,0,0
ln6s1ftc,82,qjg0cuk3,2,bargaining_tdl_intro,InstructionsPart1,1779271374,1,0,0
ln6s1ftc,65,rhilexuj,2,bargaining_tdl_intro,InstructionsPart1,1779271376,1,0,0
ln6s1ftc,83,a5pham2n,0,,InitializeParticipant,1779271388,1,0,0
ln6s1ftc,77,04u70zp4,3,bargaining_tdl_intro,ControlQuestionsAttempt1,1779271391,1,0,0
ln6s1ftc,84,fkc0uwfh,0,,InitializeParticipant,1779271394,1,0,0
ln6s1ftc,80,67esefc2,3,bargaining_tdl_intro,ControlQuestionsAttempt1,1779271396,1,0,0
ln6s1ftc,83,a5pham2n,1,bargaining_tdl_intro,Welcome,1779271396,1,0,0
ln6s1ftc,38,a1qq1ocd,3,bargaining_tdl_intro,ControlQuestionsAttempt1,1779271398,1,0,0
ln6s1ftc,84,fkc0uwfh,1,bargaining_tdl_intro,Welcome,1779271405,1,0,0
ln6s1ftc,80,67esefc2,4,bargaining_tdl_intro,ControlQuestionsAttempt2,1779271407,1,0,0
ln6s1ftc,83,a5pham2n,2,bargaining_tdl_intro,InstructionsPart1,1779271407,1,0,0
ln6s1ftc,84,fkc0uwfh,2,bargaining_tdl_intro,InstructionsPart1,1779271410,1,0,0
ln6s1ftc,29,br25c3xd,3,bargaining_tdl_intro,ControlQuestionsAttempt1,1779271426,1,0,0
ln6s1ftc,82,qjg0cuk3,3,bargaining_tdl_intro,ControlQuestionsAttempt1,1779271429,1,0,0
ln6s1ftc,43,1iernbcq,2,bargaining_tdl_intro,InstructionsPart1,1779271430,1,0,0
ln6s1ftc,47,t46ocgdg,3,bargaining_tdl_intro,ControlQuestionsAttempt1,1779271431,1,0,0
ln6s1ftc,81,bueb4u4i,3,bargaining_tdl_intro,ControlQuestionsAttempt1,1779271431,1,0,0
ln6s1ftc,33,v3691z1i,2,bargaining_tdl_intro,InstructionsPart1,1779271438,1,0,0
ln6s1ftc,19,eoo09gqg,2,bargaining_tdl_intro,InstructionsPart1,1779271439,1,0,0
ln6s1ftc,41,brln0ee7,2,bargaining_tdl_intro,InstructionsPart1,1779271440,1,0,0
ln6s1ftc,22,wx1wj6o7,2,bargaining_tdl_intro,InstructionsPart1,1779271440,1,0,0
ln6s1ftc,27,ff8ef196,2,bargaining_tdl_intro,InstructionsPart1,1779271440,1,0,0
ln6s1ftc,39,8yqnncnw,2,bargaining_tdl_intro,InstructionsPart1,1779271441,1,0,0
ln6s1ftc,8,8qxgq3ms,2,bargaining_tdl_intro,InstructionsPart1,1779271443,1,0,0
ln6s1ftc,37,5mhp2h2j,2,bargaining_tdl_intro,InstructionsPart1,1779271443,1,0,0
ln6s1ftc,5,hetqaozn,2,bargaining_tdl_intro,InstructionsPart1,1779271444,1,0,0
ln6s1ftc,55,jfuhc7aq,2,bargaining_tdl_intro,InstructionsPart1,1779271445,1,0,0
ln6s1ftc,13,8ot66gl6,2,bargaining_tdl_intro,InstructionsPart1,1779271445,1,0,0
ln6s1ftc,30,7jq6qxh3,2,bargaining_tdl_intro,InstructionsPart1,1779271446,1,0,0
ln6s1ftc,6,3yhfj8m6,2,bargaining_tdl_intro,InstructionsPart1,1779271446,1,0,0
ln6s1ftc,77,04u70zp4,4,bargaining_tdl_intro,ControlQuestionsAttempt2,1779271446,1,0,0
ln6s1ftc,38,a1qq1ocd,4,bargaining_tdl_intro,ControlQuestionsAttempt2,1779271448,1,0,0
ln6s1ftc,82,qjg0cuk3,4,bargaining_tdl_intro,ControlQuestionsAttempt2,1779271450,1,0,0
ln6s1ftc,52,73thvczv,2,bargaining_tdl_intro,InstructionsPart1,1779271452,1,0,0
ln6s1ftc,49,tj95w8dv,2,bargaining_tdl_intro,InstructionsPart1,1779271455,1,0,0
ln6s1ftc,38,a1qq1ocd,5,bargaining_tdl_intro,ControlQuestionsAttempt3,1779271456,1,0,0
ln6s1ftc,36,oyvufias,2,bargaining_tdl_intro,InstructionsPart1,1779271458,1,0,0
ln6s1ftc,26,2d8kclta,2,bargaining_tdl_intro,InstructionsPart1,1779271465,1,0,0
ln6s1ftc,73,y229xlov,3,bargaining_tdl_intro,ControlQuestionsAttempt1,1779271474,1,0,0
ln6s1ftc,48,c2ycwfix,3,bargaining_tdl_intro,ControlQuestionsAttempt1,1779271477,1,0,0
ln6s1ftc,47,t46ocgdg,4,bargaining_tdl_intro,ControlQuestionsAttempt2,1779271479,1,0,0
ln6s1ftc,17,1635k3od,2,bargaining_tdl_intro,InstructionsPart1,1779271482,1,0,0
ln6s1ftc,64,gn5d8gey,2,bargaining_tdl_intro,InstructionsPart1,1779271493,1,0,0
ln6s1ftc,24,nf397ou8,2,bargaining_tdl_intro,InstructionsPart1,1779271494,1,0,0
ln6s1ftc,62,1zer1fyy,3,bargaining_tdl_intro,ControlQuestionsAttempt1,1779271501,1,1,0
ln6s1ftc,47,t46ocgdg,5,bargaining_tdl_intro,ControlQuestionsAttempt3,1779271502,1,0,0
ln6s1ftc,10,vlhkphbu,2,bargaining_tdl_intro,InstructionsPart1,1779271507,1,0,0
ln6s1ftc,48,c2ycwfix,4,bargaining_tdl_intro,ControlQuestionsAttempt2,1779271509,1,0,0
ln6s1ftc,47,t46ocgdg,6,bargaining_tdl_intro,ControlQuestionsAttempt4,1779271523,1,0,0
ln6s1ftc,72,dnnxb7f1,3,bargaining_tdl_intro,ControlQuestionsAttempt1,1779271539,1,0,0
ln6s1ftc,79,y3atyre1,2,bargaining_tdl_intro,InstructionsPart1,1779271540,1,0,0
ln6s1ftc,70,utp2m614,6,bargaining_tdl_intro,ControlQuestionsAttempt4,1779271549,1,1,0
ln6s1ftc,47,t46ocgdg,7,bargaining_tdl_intro,ControlQuestionsAttempt5,1779271549,1,0,0
ln6s1ftc,85,r6nruljo,0,,InitializeParticipant,1779271555,1,0,0
ln6s1ftc,85,r6nruljo,1,bargaining_tdl_intro,Welcome,1779271558,1,0,0
ln6s1ftc,38,a1qq1ocd,6,bargaining_tdl_intro,ControlQuestionsAttempt4,1779271558,1,0,0
ln6s1ftc,72,dnnxb7f1,4,bargaining_tdl_intro,ControlQuestionsAttempt2,1779271561,1,0,0
ln6s1ftc,85,r6nruljo,2,bargaining_tdl_intro,InstructionsPart1,1779271563,1,0,0
ln6s1ftc,38,a1qq1ocd,7,bargaining_tdl_intro,ControlQuestionsAttempt5,1779271581,1,0,0
ln6s1ftc,33,v3691z1i,3,bargaining_tdl_intro,ControlQuestionsAttempt1,1779271582,1,0,0
ln6s1ftc,72,dnnxb7f1,5,bargaining_tdl_intro,ControlQuestionsAttempt3,1779271584,1,0,0
ln6s1ftc,43,1iernbcq,3,bargaining_tdl_intro,ControlQuestionsAttempt1,1779271586,1,0,0
ln6s1ftc,33,v3691z1i,4,bargaining_tdl_intro,ControlQuestionsAttempt2,1779271594,1,0,0
ln6s1ftc,33,v3691z1i,9,bargaining_tdl_main,GroupingAfterControlQuestions,1779271594,1,0,1
ln6s1ftc,38,a1qq1ocd,9,bargaining_tdl_main,GroupingAfterControlQuestions,1779271594,1,0,1
ln6s1ftc,43,1iernbcq,9,bargaining_tdl_main,GroupingAfterControlQuestions,1779271594,1,0,1
ln6s1ftc,67,2s9nar7d,3,bargaining_tdl_intro,ControlQuestionsAttempt1,1779271597,1,0,0
ln6s1ftc,44,42qfsjt7,3,bargaining_tdl_intro,ControlQuestionsAttempt1,1779271597,1,1,0
ln6s1ftc,20,cw3blg3k,3,bargaining_tdl_intro,ControlQuestionsAttempt1,1779271598,1,0,0
ln6s1ftc,29,br25c3xd,4,bargaining_tdl_intro,ControlQuestionsAttempt2,1779271598,1,0,0
ln6s1ftc,20,cw3blg3k,9,bargaining_tdl_main,GroupingAfterControlQuestions,1779271599,1,0,1
ln6s1ftc,29,br25c3xd,9,bargaining_tdl_main,GroupingAfterControlQuestions,1779271599,1,0,1
ln6s1ftc,67,2s9nar7d,9,bargaining_tdl_main,GroupingAfterControlQuestions,1779271599,1,0,1
ln6s1ftc,64,gn5d8gey,3,bargaining_tdl_intro,ControlQuestionsAttempt1,1779271599,1,0,0
ln6s1ftc,79,y3atyre1,3,bargaining_tdl_intro,ControlQuestionsAttempt1,1779271599,1,0,0
ln6s1ftc,41,brln0ee7,3,bargaining_tdl_intro,ControlQuestionsAttempt1,1779271599,1,0,0
ln6s1ftc,41,brln0ee7,9,bargaining_tdl_main,GroupingAfterControlQuestions,1779271599,1,0,1
ln6s1ftc,64,gn5d8gey,9,bargaining_tdl_main,GroupingAfterControlQuestions,1779271599,1,0,1
ln6s1ftc,79,y3atyre1,9,bargaining_tdl_main,GroupingAfterControlQuestions,1779271599,1,0,1
ln6s1ftc,49,tj95w8dv,3,bargaining_tdl_intro,ControlQuestionsAttempt1,1779271599,1,0,0
ln6s1ftc,51,ykrt3sc2,3,bargaining_tdl_intro,ControlQuestionsAttempt1,1779271599,1,0,0
ln6s1ftc,52,73thvczv,3,bargaining_tdl_intro,ControlQuestionsAttempt1,1779271599,1,0,0
ln6s1ftc,23,0j12tjt3,3,bargaining_tdl_intro,ControlQuestionsAttempt1,1779271600,1,0,0
ln6s1ftc,72,dnnxb7f1,6,bargaining_tdl_intro,ControlQuestionsAttempt4,1779271600,1,0,0
ln6s1ftc,49,tj95w8dv,9,bargaining_tdl_main,GroupingAfterControlQuestions,1779271600,1,0,1
ln6s1ftc,51,ykrt3sc2,9,bargaining_tdl_main,GroupingAfterControlQuestions,1779271600,1,0,1
ln6s1ftc,52,73thvczv,9,bargaining_tdl_main,GroupingAfterControlQuestions,1779271600,1,0,1
ln6s1ftc,48,c2ycwfix,5,bargaining_tdl_intro,ControlQuestionsAttempt3,1779271600,1,0,0
ln6s1ftc,74,vrt0fjm1,3,bargaining_tdl_intro,ControlQuestionsAttempt1,1779271600,1,0,0
ln6s1ftc,23,0j12tjt3,9,bargaining_tdl_main,GroupingAfterControlQuestions,1779271600,1,0,1
ln6s1ftc,48,c2ycwfix,9,bargaining_tdl_main,GroupingAfterControlQuestions,1779271600,1,0,1
ln6s1ftc,74,vrt0fjm1,9,bargaining_tdl_main,GroupingAfterControlQuestions,1779271600,1,0,1
ln6s1ftc,5,hetqaozn,3,bargaining_tdl_intro,ControlQuestionsAttempt1,1779271600,1,0,0
ln6s1ftc,73,y229xlov,4,bargaining_tdl_intro,ControlQuestionsAttempt2,1779271601,1,0,0
ln6s1ftc,65,rhilexuj,3,bargaining_tdl_intro,ControlQuestionsAttempt1,1779271601,1,0,0
ln6s1ftc,5,hetqaozn,9,bargaining_tdl_main,GroupingAfterControlQuestions,1779271601,1,0,1
ln6s1ftc,65,rhilexuj,9,bargaining_tdl_main,GroupingAfterControlQuestions,1779271601,1,0,1
ln6s1ftc,73,y229xlov,9,bargaining_tdl_main,GroupingAfterControlQuestions,1779271601,1,0,1
ln6s1ftc,13,8ot66gl6,3,bargaining_tdl_intro,ControlQuestionsAttempt1,1779271601,1,0,0
ln6s1ftc,22,wx1wj6o7,3,bargaining_tdl_intro,ControlQuestionsAttempt1,1779271603,1,0,0
ln6s1ftc,19,eoo09gqg,3,bargaining_tdl_intro,ControlQuestionsAttempt1,1779271603,1,0,0
ln6s1ftc,76,qjrg1l5b,3,bargaining_tdl_intro,ControlQuestionsAttempt1,1779271603,1,0,0
ln6s1ftc,83,a5pham2n,3,bargaining_tdl_intro,ControlQuestionsAttempt1,1779271603,1,0,0
ln6s1ftc,13,8ot66gl6,9,bargaining_tdl_main,GroupingAfterControlQuestions,1779271603,1,0,1
ln6s1ftc,19,eoo09gqg,9,bargaining_tdl_main,GroupingAfterControlQuestions,1779271603,1,0,1
ln6s1ftc,22,wx1wj6o7,9,bargaining_tdl_main,GroupingAfterControlQuestions,1779271603,1,0,1
ln6s1ftc,82,qjg0cuk3,5,bargaining_tdl_intro,ControlQuestionsAttempt3,1779271604,1,0,0
ln6s1ftc,36,oyvufias,3,bargaining_tdl_intro,ControlQuestionsAttempt1,1779271605,1,0,0
ln6s1ftc,77,04u70zp4,5,bargaining_tdl_intro,ControlQuestionsAttempt3,1779271605,1,0,0
ln6s1ftc,36,oyvufias,9,bargaining_tdl_main,GroupingAfterControlQuestions,1779271605,1,0,1
ln6s1ftc,76,qjrg1l5b,9,bargaining_tdl_main,GroupingAfterControlQuestions,1779271605,1,0,1
ln6s1ftc,83,a5pham2n,9,bargaining_tdl_main,GroupingAfterControlQuestions,1779271605,1,0,1
ln6s1ftc,17,1635k3od,3,bargaining_tdl_intro,ControlQuestionsAttempt1,1779271605,1,0,0
ln6s1ftc,32,zq85fk59,3,bargaining_tdl_intro,ControlQuestionsAttempt1,1779271605,1,0,0
ln6s1ftc,17,1635k3od,9,bargaining_tdl_main,GroupingAfterControlQuestions,1779271605,1,0,1
ln6s1ftc,32,zq85fk59,9,bargaining_tdl_main,GroupingAfterControlQuestions,1779271605,1,0,1
ln6s1ftc,77,04u70zp4,9,bargaining_tdl_main,GroupingAfterControlQuestions,1779271605,1,0,1
ln6s1ftc,75,ovyw28qv,3,bargaining_tdl_intro,ControlQuestionsAttempt1,1779271605,1,0,0
ln6s1ftc,24,nf397ou8,3,bargaining_tdl_intro,ControlQuestionsAttempt1,1779271605,1,0,0
ln6s1ftc,37,5mhp2h2j,3,bargaining_tdl_intro,ControlQuestionsAttempt1,1779271606,1,0,0
ln6s1ftc,24,nf397ou8,9,bargaining_tdl_main,GroupingAfterControlQuestions,1779271606,1,0,1
ln6s1ftc,37,5mhp2h2j,9,bargaining_tdl_main,GroupingAfterControlQuestions,1779271606,1,0,1
ln6s1ftc,75,ovyw28qv,9,bargaining_tdl_main,GroupingAfterControlQuestions,1779271606,1,0,1
ln6s1ftc,12,bab8wqjo,2,bargaining_tdl_intro,InstructionsPart1,1779271607,1,0,0
ln6s1ftc,27,ff8ef196,3,bargaining_tdl_intro,ControlQuestionsAttempt1,1779271609,1,0,0
ln6s1ftc,55,jfuhc7aq,3,bargaining_tdl_intro,ControlQuestionsAttempt1,1779271610,1,0,0
ln6s1ftc,53,g0cbyn29,3,bargaining_tdl_intro,ControlQuestionsAttempt1,1779271610,1,0,0
ln6s1ftc,27,ff8ef196,9,bargaining_tdl_main,GroupingAfterControlQuestions,1779271610,1,0,1
ln6s1ftc,53,g0cbyn29,9,bargaining_tdl_main,GroupingAfterControlQuestions,1779271610,1,0,1
ln6s1ftc,55,jfuhc7aq,9,bargaining_tdl_main,GroupingAfterControlQuestions,1779271610,1,0,1
ln6s1ftc,2,pzd9fjek,3,bargaining_tdl_intro,ControlQuestionsAttempt1,1779271610,1,0,0
ln6s1ftc,39,8yqnncnw,3,bargaining_tdl_intro,ControlQuestionsAttempt1,1779271614,1,0,0
ln6s1ftc,82,qjg0cuk3,6,bargaining_tdl_intro,ControlQuestionsAttempt4,1779271617,1,0,0
ln6s1ftc,72,dnnxb7f1,7,bargaining_tdl_intro,ControlQuestionsAttempt5,1779271622,1,0,0
ln6s1ftc,82,qjg0cuk3,7,bargaining_tdl_intro,ControlQuestionsAttempt5,1779271627,1,0,0
ln6s1ftc,35,9d8bae4j,2,bargaining_tdl_intro,InstructionsPart1,1779271634,1,0,0
ln6s1ftc,8,8qxgq3ms,3,bargaining_tdl_intro,ControlQuestionsAttempt1,1779271634,1,0,0
ln6s1ftc,12,bab8wqjo,3,bargaining_tdl_intro,ControlQuestionsAttempt1,1779271634,1,0,0
ln6s1ftc,2,pzd9fjek,9,bargaining_tdl_main,GroupingAfterControlQuestions,1779271634,1,0,1
ln6s1ftc,8,8qxgq3ms,9,bargaining_tdl_main,GroupingAfterControlQuestions,1779271634,1,0,1
ln6s1ftc,39,8yqnncnw,9,bargaining_tdl_main,GroupingAfterControlQuestions,1779271634,1,0,1
ln6s1ftc,30,7jq6qxh3,3,bargaining_tdl_intro,ControlQuestionsAttempt1,1779271637,1,0,0
ln6s1ftc,12,bab8wqjo,4,bargaining_tdl_intro,ControlQuestionsAttempt2,1779271656,1,0,0
ln6s1ftc,81,bueb4u4i,4,bargaining_tdl_intro,ControlQuestionsAttempt2,1779271659,1,0,0
ln6s1ftc,12,bab8wqjo,9,bargaining_tdl_main,GroupingAfterControlQuestions,1779271659,1,0,1
ln6s1ftc,30,7jq6qxh3,9,bargaining_tdl_main,GroupingAfterControlQuestions,1779271659,1,0,1
ln6s1ftc,81,bueb4u4i,9,bargaining_tdl_main,GroupingAfterControlQuestions,1779271659,1,0,1
ln6s1ftc,26,2d8kclta,3,bargaining_tdl_intro,ControlQuestionsAttempt1,1779271660,1,0,0
ln6s1ftc,61,hy3jezzh,3,bargaining_tdl_intro,ControlQuestionsAttempt1,1779271661,1,1,0
ln6s1ftc,54,7lzfnhce,5,bargaining_tdl_intro,ControlQuestionsAttempt3,1779271668,1,1,0
ln6s1ftc,35,9d8bae4j,3,bargaining_tdl_intro,ControlQuestionsAttempt1,1779271674,1,0,0
ln6s1ftc,78,zptzfp8u,4,bargaining_tdl_intro,ControlQuestionsAttempt2,1779271680,1,1,0
ln6s1ftc,6,3yhfj8m6,3,bargaining_tdl_intro,ControlQuestionsAttempt1,1779271683,1,0,0
ln6s1ftc,6,3yhfj8m6,9,bargaining_tdl_main,GroupingAfterControlQuestions,1779271683,1,0,1
ln6s1ftc,26,2d8kclta,9,bargaining_tdl_main,GroupingAfterControlQuestions,1779271683,1,0,1
ln6s1ftc,35,9d8bae4j,9,bargaining_tdl_main,GroupingAfterControlQuestions,1779271683,1,0,1
ln6s1ftc,86,umqy120s,0,,InitializeParticipant,1779271685,1,0,0
ln6s1ftc,86,umqy120s,1,bargaining_tdl_intro,Welcome,1779271693,1,0,0
ln6s1ftc,86,umqy120s,2,bargaining_tdl_intro,InstructionsPart1,1779271702,1,0,0
ln6s1ftc,37,5mhp2h2j,10,bargaining_tdl_main,Chat,1779271706,1,0,0
ln6s1ftc,74,vrt0fjm1,10,bargaining_tdl_main,Chat,1779271706,1,0,0
ln6s1ftc,24,nf397ou8,10,bargaining_tdl_main,Chat,1779271709,1,0,0
ln6s1ftc,75,ovyw28qv,10,bargaining_tdl_main,Chat,1779271711,1,0,0
ln6s1ftc,80,67esefc2,5,bargaining_tdl_intro,ControlQuestionsAttempt3,1779271714,1,1,0
ln6s1ftc,84,fkc0uwfh,3,bargaining_tdl_intro,ControlQuestionsAttempt1,1779271717,1,1,0
ln6s1ftc,85,r6nruljo,3,bargaining_tdl_intro,ControlQuestionsAttempt1,1779271722,1,0,0
ln6s1ftc,87,r4smz6e6,0,,InitializeParticipant,1779271725,1,0,0
ln6s1ftc,24,nf397ou8,11,bargaining_tdl_main,Signals,1779271728,1,0,0
ln6s1ftc,87,r4smz6e6,1,bargaining_tdl_intro,Welcome,1779271731,1,0,0
ln6s1ftc,88,fujp3a0k,0,,InitializeParticipant,1779271731,1,0,0
ln6s1ftc,38,a1qq1ocd,10,bargaining_tdl_main,Chat,1779271733,1,0,0
ln6s1ftc,88,fujp3a0k,1,bargaining_tdl_intro,Welcome,1779271734,1,0,0
ln6s1ftc,87,r4smz6e6,2,bargaining_tdl_intro,InstructionsPart1,1779271735,1,0,0
ln6s1ftc,5,hetqaozn,10,bargaining_tdl_main,Chat,1779271736,1,0,0
ln6s1ftc,37,5mhp2h2j,11,bargaining_tdl_main,Signals,1779271737,1,0,0
ln6s1ftc,10,vlhkphbu,3,bargaining_tdl_intro,ControlQuestionsAttempt1,1779271739,1,0,0
ln6s1ftc,29,br25c3xd,10,bargaining_tdl_main,Chat,1779271740,1,0,0
ln6s1ftc,75,ovyw28qv,11,bargaining_tdl_main,Signals,1779271742,1,0,0
ln6s1ftc,24,nf397ou8,13,bargaining_tdl_main,DataMappingWaitPage,1779271742,1,0,1
ln6s1ftc,37,5mhp2h2j,13,bargaining_tdl_main,DataMappingWaitPage,1779271742,1,0,1
ln6s1ftc,75,ovyw28qv,13,bargaining_tdl_main,DataMappingWaitPage,1779271742,1,0,1
ln6s1ftc,88,fujp3a0k,2,bargaining_tdl_intro,InstructionsPart1,1779271747,1,0,0
ln6s1ftc,74,vrt0fjm1,11,bargaining_tdl_main,Signals,1779271748,1,0,0
ln6s1ftc,24,nf397ou8,14,bargaining_tdl_main,Decision,1779271755,1,0,0
ln6s1ftc,38,a1qq1ocd,11,bargaining_tdl_main,Signals,1779271757,1,0,0
ln6s1ftc,37,5mhp2h2j,14,bargaining_tdl_main,Decision,1779271760,1,0,0
ln6s1ftc,86,umqy120s,3,bargaining_tdl_intro,ControlQuestionsAttempt1,1779271760,1,0,0
ln6s1ftc,8,8qxgq3ms,10,bargaining_tdl_main,Chat,1779271761,1,0,0
ln6s1ftc,67,2s9nar7d,10,bargaining_tdl_main,Chat,1779271761,1,0,0
ln6s1ftc,20,cw3blg3k,10,bargaining_tdl_main,Chat,1779271763,1,0,0
ln6s1ftc,86,umqy120s,4,bargaining_tdl_intro,ControlQuestionsAttempt2,1779271767,1,0,0
ln6s1ftc,88,fujp3a0k,3,bargaining_tdl_intro,ControlQuestionsAttempt1,1779271774,1,0,0
ln6s1ftc,12,bab8wqjo,10,bargaining_tdl_main,Chat,1779271774,1,0,0
ln6s1ftc,87,r4smz6e6,3,bargaining_tdl_intro,ControlQuestionsAttempt1,1779271775,1,0,0
ln6s1ftc,35,9d8bae4j,10,bargaining_tdl_main,Chat,1779271776,1,0,0
ln6s1ftc,86,umqy120s,5,bargaining_tdl_intro,ControlQuestionsAttempt3,1779271777,1,0,0
ln6s1ftc,10,vlhkphbu,4,bargaining_tdl_intro,ControlQuestionsAttempt2,1779271778,1,0,0
ln6s1ftc,10,vlhkphbu,9,bargaining_tdl_main,GroupingAfterControlQuestions,1779271778,1,0,1
ln6s1ftc,87,r4smz6e6,9,bargaining_tdl_main,GroupingAfterControlQuestions,1779271778,1,0,1
ln6s1ftc,88,fujp3a0k,9,bargaining_tdl_main,GroupingAfterControlQuestions,1779271778,1,0,1
ln6s1ftc,85,r6nruljo,4,bargaining_tdl_intro,ControlQuestionsAttempt2,1779271780,1,0,0
ln6s1ftc,5,hetqaozn,11,bargaining_tdl_main,Signals,1779271785,1,0,0
ln6s1ftc,12,bab8wqjo,11,bargaining_tdl_main,Signals,1779271787,1,0,0
ln6s1ftc,8,8qxgq3ms,11,bargaining_tdl_main,Signals,1779271788,1,0,0
ln6s1ftc,86,umqy120s,6,bargaining_tdl_intro,ControlQuestionsAttempt4,1779271789,1,0,0
ln6s1ftc,79,y3atyre1,10,bargaining_tdl_main,Chat,1779271797,1,0,0
ln6s1ftc,35,9d8bae4j,11,bargaining_tdl_main,Signals,1779271797,1,0,0
ln6s1ftc,67,2s9nar7d,11,bargaining_tdl_main,Signals,1779271800,1,0,0
ln6s1ftc,86,umqy120s,7,bargaining_tdl_intro,ControlQuestionsAttempt5,1779271801,1,0,0
ln6s1ftc,30,7jq6qxh3,10,bargaining_tdl_main,Chat,1779271805,1,0,0
ln6s1ftc,81,bueb4u4i,10,bargaining_tdl_main,Chat,1779271806,1,0,0
ln6s1ftc,29,br25c3xd,11,bargaining_tdl_main,Signals,1779271808,1,0,0
ln6s1ftc,79,y3atyre1,11,bargaining_tdl_main,Signals,1779271814,1,0,0
ln6s1ftc,75,ovyw28qv,14,bargaining_tdl_main,Decision,1779271817,1,0,0
ln6s1ftc,55,jfuhc7aq,10,bargaining_tdl_main,Chat,1779271817,1,0,0
ln6s1ftc,75,ovyw28qv,15,bargaining_tdl_main,ResultsWaitPage,1779271818,1,0,1
ln6s1ftc,37,5mhp2h2j,15,bargaining_tdl_main,ResultsWaitPage,1779271818,1,0,1
ln6s1ftc,24,nf397ou8,15,bargaining_tdl_main,ResultsWaitPage,1779271818,1,0,1
ln6s1ftc,52,73thvczv,10,bargaining_tdl_main,Chat,1779271820,1,0,0
ln6s1ftc,51,ykrt3sc2,10,bargaining_tdl_main,Chat,1779271822,1,0,0
ln6s1ftc,75,ovyw28qv,16,bargaining_tdl_main,Results,1779271826,1,0,0
ln6s1ftc,20,cw3blg3k,11,bargaining_tdl_main,Signals,1779271832,1,0,0
ln6s1ftc,29,br25c3xd,13,bargaining_tdl_main,DataMappingWaitPage,1779271832,1,0,1
ln6s1ftc,20,cw3blg3k,13,bargaining_tdl_main,DataMappingWaitPage,1779271832,1,0,1
ln6s1ftc,67,2s9nar7d,13,bargaining_tdl_main,DataMappingWaitPage,1779271832,1,0,1
ln6s1ftc,27,ff8ef196,10,bargaining_tdl_main,Chat,1779271835,1,0,0
ln6s1ftc,53,g0cbyn29,10,bargaining_tdl_main,Chat,1779271837,1,0,0
ln6s1ftc,30,7jq6qxh3,11,bargaining_tdl_main,Signals,1779271842,1,0,0
ln6s1ftc,89,wispbiwv,0,,InitializeParticipant,1779271842,1,0,0
ln6s1ftc,51,ykrt3sc2,11,bargaining_tdl_main,Signals,1779271847,1,0,0
ln6s1ftc,49,tj95w8dv,10,bargaining_tdl_main,Chat,1779271847,1,1,0
ln6s1ftc,55,jfuhc7aq,11,bargaining_tdl_main,Signals,1779271849,1,0,0
ln6s1ftc,81,bueb4u4i,11,bargaining_tdl_main,Signals,1779271852,1,0,0
ln6s1ftc,30,7jq6qxh3,13,bargaining_tdl_main,DataMappingWaitPage,1779271852,1,0,1
ln6s1ftc,81,bueb4u4i,13,bargaining_tdl_main,DataMappingWaitPage,1779271852,1,0,1
ln6s1ftc,12,bab8wqjo,13,bargaining_tdl_main,DataMappingWaitPage,1779271852,1,0,1
ln6s1ftc,23,0j12tjt3,10,bargaining_tdl_main,Chat,1779271853,1,0,0
ln6s1ftc,48,c2ycwfix,10,bargaining_tdl_main,Chat,1779271854,1,0,0
ln6s1ftc,52,73thvczv,11,bargaining_tdl_main,Signals,1779271863,1,0,0
ln6s1ftc,67,2s9nar7d,14,bargaining_tdl_main,Decision,1779271864,1,0,0
ln6s1ftc,64,gn5d8gey,10,bargaining_tdl_main,Chat,1779271864,1,0,0
ln6s1ftc,81,bueb4u4i,14,bargaining_tdl_main,Decision,1779271865,1,0,0
ln6s1ftc,41,brln0ee7,10,bargaining_tdl_main,Chat,1779271865,1,0,0
ln6s1ftc,29,br25c3xd,14,bargaining_tdl_main,Decision,1779271870,1,0,0
ln6s1ftc,53,g0cbyn29,11,bargaining_tdl_main,Signals,1779271872,1,0,0
ln6s1ftc,20,cw3blg3k,14,bargaining_tdl_main,Decision,1779271887,1,0,0
ln6s1ftc,29,br25c3xd,15,bargaining_tdl_main,ResultsWaitPage,1779271888,1,0,1
ln6s1ftc,20,cw3blg3k,15,bargaining_tdl_main,ResultsWaitPage,1779271888,1,0,1
ln6s1ftc,67,2s9nar7d,15,bargaining_tdl_main,ResultsWaitPage,1779271888,1,0,1
ln6s1ftc,48,c2ycwfix,11,bargaining_tdl_main,Signals,1779271889,1,0,0
ln6s1ftc,43,1iernbcq,10,bargaining_tdl_main,Chat,1779271889,1,0,0
ln6s1ftc,27,ff8ef196,11,bargaining_tdl_main,Signals,1779271889,1,0,0
ln6s1ftc,27,ff8ef196,13,bargaining_tdl_main,DataMappingWaitPage,1779271890,1,0,1
ln6s1ftc,55,jfuhc7aq,13,bargaining_tdl_main,DataMappingWaitPage,1779271890,1,0,1
ln6s1ftc,53,g0cbyn29,13,bargaining_tdl_main,DataMappingWaitPage,1779271890,1,0,1
ln6s1ftc,33,v3691z1i,10,bargaining_tdl_main,Chat,1779271890,1,0,0
ln6s1ftc,41,brln0ee7,11,bargaining_tdl_main,Signals,1779271895,1,0,0
ln6s1ftc,67,2s9nar7d,16,bargaining_tdl_main,Results,1779271901,1,0,0
ln6s1ftc,77,04u70zp4,10,bargaining_tdl_main,Chat,1779271906,1,0,0
ln6s1ftc,30,7jq6qxh3,14,bargaining_tdl_main,Decision,1779271910,1,0,0
ln6s1ftc,29,br25c3xd,16,bargaining_tdl_main,Results,1779271912,1,0,0
ln6s1ftc,20,cw3blg3k,16,bargaining_tdl_main,Results,1779271913,1,0,0
ln6s1ftc,64,gn5d8gey,11,bargaining_tdl_main,Signals,1779271913,1,0,0
ln6s1ftc,41,brln0ee7,13,bargaining_tdl_main,DataMappingWaitPage,1779271913,1,0,1
ln6s1ftc,64,gn5d8gey,13,bargaining_tdl_main,DataMappingWaitPage,1779271913,1,0,1
ln6s1ftc,79,y3atyre1,13,bargaining_tdl_main,DataMappingWaitPage,1779271913,1,0,1
ln6s1ftc,49,tj95w8dv,11,bargaining_tdl_main,Signals,1779271913,1,1,0
ln6s1ftc,51,ykrt3sc2,13,bargaining_tdl_main,DataMappingWaitPage,1779271913,1,0,1
ln6s1ftc,52,73thvczv,13,bargaining_tdl_main,DataMappingWaitPage,1779271913,1,0,1
ln6s1ftc,49,tj95w8dv,13,bargaining_tdl_main,DataMappingWaitPage,1779271913,1,0,1
ln6s1ftc,55,jfuhc7aq,14,bargaining_tdl_main,Decision,1779271915,1,0,0
ln6s1ftc,27,ff8ef196,14,bargaining_tdl_main,Decision,1779271917,1,0,0
ln6s1ftc,12,bab8wqjo,14,bargaining_tdl_main,Decision,1779271918,1,0,0
ln6s1ftc,30,7jq6qxh3,15,bargaining_tdl_main,ResultsWaitPage,1779271918,1,0,1
ln6s1ftc,81,bueb4u4i,15,bargaining_tdl_main,ResultsWaitPage,1779271918,1,0,1
ln6s1ftc,12,bab8wqjo,15,bargaining_tdl_main,ResultsWaitPage,1779271918,1,0,1
ln6s1ftc,32,zq85fk59,10,bargaining_tdl_main,Chat,1779271921,1,0,0
ln6s1ftc,17,1635k3od,10,bargaining_tdl_main,Chat,1779271922,1,0,0
ln6s1ftc,33,v3691z1i,11,bargaining_tdl_main,Signals,1779271922,1,0,0
ln6s1ftc,29,br25c3xd,18,bargaining_tdl_part3,InstructionsPart3,1779271925,1,0,0
ln6s1ftc,29,br25c3xd,20,bargaining_tdl_part3,ResultsPart3,1779271927,1,0,0
ln6s1ftc,43,1iernbcq,11,bargaining_tdl_main,Signals,1779271927,1,0,0
ln6s1ftc,43,1iernbcq,13,bargaining_tdl_main,DataMappingWaitPage,1779271927,1,0,1
ln6s1ftc,33,v3691z1i,13,bargaining_tdl_main,DataMappingWaitPage,1779271927,1,0,1
ln6s1ftc,38,a1qq1ocd,13,bargaining_tdl_main,DataMappingWaitPage,1779271927,1,0,1
ln6s1ftc,65,rhilexuj,10,bargaining_tdl_main,Chat,1779271929,1,0,0
ln6s1ftc,29,br25c3xd,21,bargaining_tdl_survey,SurveyIntro,1779271930,1,0,0
ln6s1ftc,73,y229xlov,10,bargaining_tdl_main,Chat,1779271930,1,0,0
ln6s1ftc,13,8ot66gl6,10,bargaining_tdl_main,Chat,1779271932,1,0,0
ln6s1ftc,53,g0cbyn29,14,bargaining_tdl_main,Decision,1779271934,1,0,0
ln6s1ftc,55,jfuhc7aq,15,bargaining_tdl_main,ResultsWaitPage,1779271934,1,0,1
ln6s1ftc,27,ff8ef196,15,bargaining_tdl_main,ResultsWaitPage,1779271934,1,0,1
ln6s1ftc,53,g0cbyn29,15,bargaining_tdl_main,ResultsWaitPage,1779271934,1,0,1
ln6s1ftc,75,ovyw28qv,18,bargaining_tdl_part3,InstructionsPart3,1779271936,1,0,0
ln6s1ftc,79,y3atyre1,14,bargaining_tdl_main,Decision,1779271938,1,0,0
ln6s1ftc,64,gn5d8gey,14,bargaining_tdl_main,Decision,1779271938,1,0,0
ln6s1ftc,41,brln0ee7,14,bargaining_tdl_main,Decision,1779271939,1,0,0
ln6s1ftc,41,brln0ee7,15,bargaining_tdl_main,ResultsWaitPage,1779271940,1,0,1
ln6s1ftc,64,gn5d8gey,15,bargaining_tdl_main,ResultsWaitPage,1779271940,1,0,1
ln6s1ftc,79,y3atyre1,15,bargaining_tdl_main,ResultsWaitPage,1779271940,1,0,1
ln6s1ftc,33,v3691z1i,14,bargaining_tdl_main,Decision,1779271944,1,0,0
ln6s1ftc,75,ovyw28qv,20,bargaining_tdl_part3,ResultsPart3,1779271946,1,0,0
ln6s1ftc,17,1635k3od,11,bargaining_tdl_main,Signals,1779271947,1,0,0
ln6s1ftc,75,ovyw28qv,21,bargaining_tdl_survey,SurveyIntro,1779271949,1,0,0
ln6s1ftc,19,eoo09gqg,10,bargaining_tdl_main,Chat,1779271950,1,0,0
ln6s1ftc,41,brln0ee7,16,bargaining_tdl_main,Results,1779271951,1,0,0
ln6s1ftc,22,wx1wj6o7,10,bargaining_tdl_main,Chat,1779271952,1,0,0
ln6s1ftc,32,zq85fk59,11,bargaining_tdl_main,Signals,1779271952,1,0,0
ln6s1ftc,43,1iernbcq,14,bargaining_tdl_main,Decision,1779271952,1,0,0
ln6s1ftc,43,1iernbcq,15,bargaining_tdl_main,ResultsWaitPage,1779271953,1,0,1
ln6s1ftc,33,v3691z1i,15,bargaining_tdl_main,ResultsWaitPage,1779271953,1,0,1
ln6s1ftc,38,a1qq1ocd,15,bargaining_tdl_main,ResultsWaitPage,1779271953,1,0,1
ln6s1ftc,53,g0cbyn29,16,bargaining_tdl_main,Results,1779271953,1,0,0
ln6s1ftc,52,73thvczv,14,bargaining_tdl_main,Decision,1779271960,1,0,0
ln6s1ftc,20,cw3blg3k,18,bargaining_tdl_part3,InstructionsPart3,1779271963,1,0,0
ln6s1ftc,33,v3691z1i,16,bargaining_tdl_main,Results,1779271965,1,0,0
ln6s1ftc,73,y229xlov,11,bargaining_tdl_main,Signals,1779271966,1,0,0
ln6s1ftc,19,eoo09gqg,11,bargaining_tdl_main,Signals,1779271967,1,0,0
ln6s1ftc,53,g0cbyn29,18,bargaining_tdl_part3,InstructionsPart3,1779271968,1,0,0
ln6s1ftc,37,5mhp2h2j,16,bargaining_tdl_main,Results,1779271969,1,0,0
ln6s1ftc,41,brln0ee7,18,bargaining_tdl_part3,InstructionsPart3,1779271973,1,0,0
ln6s1ftc,20,cw3blg3k,20,bargaining_tdl_part3,ResultsPart3,1779271973,1,0,0
ln6s1ftc,53,g0cbyn29,20,bargaining_tdl_part3,ResultsPart3,1779271977,1,0,0
ln6s1ftc,51,ykrt3sc2,14,bargaining_tdl_main,Decision,1779271979,1,0,0
ln6s1ftc,51,ykrt3sc2,15,bargaining_tdl_main,ResultsWaitPage,1779271979,1,0,1
ln6s1ftc,52,73thvczv,15,bargaining_tdl_main,ResultsWaitPage,1779271979,1,0,1
ln6s1ftc,49,tj95w8dv,15,bargaining_tdl_main,ResultsWaitPage,1779271979,1,0,1
ln6s1ftc,41,brln0ee7,20,bargaining_tdl_part3,ResultsPart3,1779271980,1,0,0
ln6s1ftc,75,ovyw28qv,22,bargaining_tdl_survey,SurveyQuestions,1779271980,1,0,0
ln6s1ftc,23,0j12tjt3,11,bargaining_tdl_main,Signals,1779271980,1,0,0
ln6s1ftc,23,0j12tjt3,13,bargaining_tdl_main,DataMappingWaitPage,1779271980,1,0,1
ln6s1ftc,48,c2ycwfix,13,bargaining_tdl_main,DataMappingWaitPage,1779271980,1,0,1
ln6s1ftc,74,vrt0fjm1,13,bargaining_tdl_main,DataMappingWaitPage,1779271980,1,0,1
ln6s1ftc,2,pzd9fjek,10,bargaining_tdl_main,Chat,1779271981,1,0,0
ln6s1ftc,26,2d8kclta,10,bargaining_tdl_main,Chat,1779271982,1,0,0
ln6s1ftc,67,2s9nar7d,18,bargaining_tdl_part3,InstructionsPart3,1779271982,1,0,0
ln6s1ftc,51,ykrt3sc2,16,bargaining_tdl_main,Results,1779271983,1,0,0
ln6s1ftc,75,ovyw28qv,23,bargaining_tdl_survey,SurveyScaleIntro,1779271983,1,0,0
ln6s1ftc,53,g0cbyn29,21,bargaining_tdl_survey,SurveyIntro,1779271983,1,0,0
ln6s1ftc,20,cw3blg3k,21,bargaining_tdl_survey,SurveyIntro,1779271985,1,0,0
ln6s1ftc,41,brln0ee7,21,bargaining_tdl_survey,SurveyIntro,1779271985,1,0,0
ln6s1ftc,39,8yqnncnw,10,bargaining_tdl_main,Chat,1779271985,1,0,0
ln6s1ftc,64,gn5d8gey,16,bargaining_tdl_main,Results,1779271986,1,0,0
ln6s1ftc,22,wx1wj6o7,11,bargaining_tdl_main,Signals,1779271986,1,0,0
ln6s1ftc,6,3yhfj8m6,10,bargaining_tdl_main,Chat,1779271987,1,0,0
ln6s1ftc,81,bueb4u4i,16,bargaining_tdl_main,Results,1779271987,1,0,0
ln6s1ftc,51,ykrt3sc2,18,bargaining_tdl_part3,InstructionsPart3,1779271989,1,0,0
ln6s1ftc,67,2s9nar7d,20,bargaining_tdl_part3,ResultsPart3,1779271990,1,0,0
ln6s1ftc,51,ykrt3sc2,20,bargaining_tdl_part3,ResultsPart3,1779271991,1,0,0
ln6s1ftc,29,br25c3xd,22,bargaining_tdl_survey,SurveyQuestions,1779271993,1,0,0
ln6s1ftc,51,ykrt3sc2,21,bargaining_tdl_survey,SurveyIntro,1779271994,1,0,0
ln6s1ftc,52,73thvczv,16,bargaining_tdl_main,Results,1779271994,1,0,0
ln6s1ftc,23,0j12tjt3,14,bargaining_tdl_main,Decision,1779271996,1,0,0
ln6s1ftc,77,04u70zp4,11,bargaining_tdl_main,Signals,1779271998,1,0,0
ln6s1ftc,17,1635k3od,13,bargaining_tdl_main,DataMappingWaitPage,1779271998,1,0,1
ln6s1ftc,32,zq85fk59,13,bargaining_tdl_main,DataMappingWaitPage,1779271998,1,0,1
ln6s1ftc,77,04u70zp4,13,bargaining_tdl_main,DataMappingWaitPage,1779271998,1,0,1
ln6s1ftc,24,nf397ou8,16,bargaining_tdl_main,Results,1779271998,1,0,0
ln6s1ftc,29,br25c3xd,23,bargaining_tdl_survey,SurveyScaleIntro,1779271999,1,0,0
ln6s1ftc,67,2s9nar7d,21,bargaining_tdl_survey,SurveyIntro,1779272000,1,0,0
ln6s1ftc,10,vlhkphbu,10,bargaining_tdl_main,Chat,1779272008,1,0,0
ln6s1ftc,2,pzd9fjek,11,bargaining_tdl_main,Signals,1779272011,1,0,0
ln6s1ftc,17,1635k3od,14,bargaining_tdl_main,Decision,1779272013,1,0,0
ln6s1ftc,41,brln0ee7,22,bargaining_tdl_survey,SurveyQuestions,1779272014,1,0,0
ln6s1ftc,81,bueb4u4i,18,bargaining_tdl_part3,InstructionsPart3,1779272015,1,0,0
ln6s1ftc,53,g0cbyn29,22,bargaining_tdl_survey,SurveyQuestions,1779272017,1,0,0
ln6s1ftc,83,a5pham2n,10,bargaining_tdl_main,Chat,1779272019,1,0,0
ln6s1ftc,81,bueb4u4i,20,bargaining_tdl_part3,ResultsPart3,1779272019,1,0,0
ln6s1ftc,48,c2ycwfix,14,bargaining_tdl_main,Decision,1779272020,1,0,0
ln6s1ftc,23,0j12tjt3,15,bargaining_tdl_main,ResultsWaitPage,1779272020,1,0,1
ln6s1ftc,48,c2ycwfix,15,bargaining_tdl_main,ResultsWaitPage,1779272020,1,0,1
ln6s1ftc,74,vrt0fjm1,15,bargaining_tdl_main,ResultsWaitPage,1779272020,1,0,1
ln6s1ftc,29,br25c3xd,24,bargaining_tdl_survey,SurveyPage4,1779272021,1,0,0
ln6s1ftc,64,gn5d8gey,18,bargaining_tdl_part3,InstructionsPart3,1779272023,1,0,0
ln6s1ftc,65,rhilexuj,11,bargaining_tdl_main,Signals,1779272023,1,0,0
ln6s1ftc,65,rhilexuj,13,bargaining_tdl_main,DataMappingWaitPage,1779272023,1,0,1
ln6s1ftc,73,y229xlov,13,bargaining_tdl_main,DataMappingWaitPage,1779272023,1,0,1
ln6s1ftc,5,hetqaozn,13,bargaining_tdl_main,DataMappingWaitPage,1779272023,1,0,1
ln6s1ftc,87,r4smz6e6,10,bargaining_tdl_main,Chat,1779272026,1,0,0
ln6s1ftc,29,br25c3xd,25,bargaining_tdl_survey,SurveyPage5,1779272027,1,0,0
ln6s1ftc,88,fujp3a0k,10,bargaining_tdl_main,Chat,1779272027,1,0,0
ln6s1ftc,43,1iernbcq,16,bargaining_tdl_main,Results,1779272027,1,0,0
ln6s1ftc,81,bueb4u4i,21,bargaining_tdl_survey,SurveyIntro,1779272028,1,0,0
ln6s1ftc,32,zq85fk59,14,bargaining_tdl_main,Decision,1779272030,1,0,0
ln6s1ftc,23,0j12tjt3,16,bargaining_tdl_main,Results,1779272030,1,0,0
ln6s1ftc,39,8yqnncnw,11,bargaining_tdl_main,Signals,1779272030,1,0,0
ln6s1ftc,26,2d8kclta,11,bargaining_tdl_main,Signals,1779272031,1,0,0
ln6s1ftc,39,8yqnncnw,13,bargaining_tdl_main,DataMappingWaitPage,1779272031,1,0,1
ln6s1ftc,2,pzd9fjek,13,bargaining_tdl_main,DataMappingWaitPage,1779272031,1,0,1
ln6s1ftc,8,8qxgq3ms,13,bargaining_tdl_main,DataMappingWaitPage,1779272031,1,0,1
ln6s1ftc,41,brln0ee7,23,bargaining_tdl_survey,SurveyScaleIntro,1779272032,1,0,0
ln6s1ftc,67,2s9nar7d,22,bargaining_tdl_survey,SurveyQuestions,1779272033,1,0,0
ln6s1ftc,29,br25c3xd,26,bargaining_tdl_survey,SurveyPage6,1779272033,1,0,0
ln6s1ftc,64,gn5d8gey,20,bargaining_tdl_part3,ResultsPart3,1779272038,1,0,0
ln6s1ftc,24,nf397ou8,18,bargaining_tdl_part3,InstructionsPart3,1779272039,1,0,0
ln6s1ftc,51,ykrt3sc2,22,bargaining_tdl_survey,SurveyQuestions,1779272039,1,0,0
ln6s1ftc,64,gn5d8gey,21,bargaining_tdl_survey,SurveyIntro,1779272040,1,0,0
ln6s1ftc,23,0j12tjt3,18,bargaining_tdl_part3,InstructionsPart3,1779272041,1,0,0
ln6s1ftc,10,vlhkphbu,11,bargaining_tdl_main,Signals,1779272043,1,0,0
ln6s1ftc,24,nf397ou8,20,bargaining_tdl_part3,ResultsPart3,1779272044,1,0,0
ln6s1ftc,23,0j12tjt3,20,bargaining_tdl_part3,ResultsPart3,1779272044,1,0,0
ln6s1ftc,41,brln0ee7,24,bargaining_tdl_survey,SurveyPage4,1779272044,1,0,0
ln6s1ftc,20,cw3blg3k,22,bargaining_tdl_survey,SurveyQuestions,1779272044,1,0,0
ln6s1ftc,75,ovyw28qv,24,bargaining_tdl_survey,SurveyPage4,1779272044,1,0,0
ln6s1ftc,29,br25c3xd,27,bargaining_tdl_survey,SurveyPage7,1779272045,1,0,0
ln6s1ftc,51,ykrt3sc2,23,bargaining_tdl_survey,SurveyScaleIntro,1779272045,1,0,0
ln6s1ftc,48,c2ycwfix,16,bargaining_tdl_main,Results,1779272045,1,0,0
ln6s1ftc,23,0j12tjt3,21,bargaining_tdl_survey,SurveyIntro,1779272048,1,0,0
ln6s1ftc,24,nf397ou8,21,bargaining_tdl_survey,SurveyIntro,1779272048,1,0,0
ln6s1ftc,33,v3691z1i,18,bargaining_tdl_part3,InstructionsPart3,1779272050,1,0,0
ln6s1ftc,51,ykrt3sc2,24,bargaining_tdl_survey,SurveyPage4,1779272051,1,0,0
ln6s1ftc,87,r4smz6e6,11,bargaining_tdl_main,Signals,1779272052,1,0,0
ln6s1ftc,41,brln0ee7,25,bargaining_tdl_survey,SurveyPage5,1779272052,1,0,0
ln6s1ftc,75,ovyw28qv,25,bargaining_tdl_survey,SurveyPage5,1779272053,1,0,0
ln6s1ftc,79,y3atyre1,16,bargaining_tdl_main,Results,1779272054,1,0,0
ln6s1ftc,29,br25c3xd,28,bargaining_tdl_survey,SurveyPage8,1779272054,1,0,0
ln6s1ftc,33,v3691z1i,20,bargaining_tdl_part3,ResultsPart3,1779272056,1,0,0
ln6s1ftc,51,ykrt3sc2,25,bargaining_tdl_survey,SurveyPage5,1779272056,1,0,0
ln6s1ftc,77,04u70zp4,14,bargaining_tdl_main,Decision,1779272057,1,0,0
ln6s1ftc,17,1635k3od,15,bargaining_tdl_main,ResultsWaitPage,1779272057,1,0,1
ln6s1ftc,77,04u70zp4,15,bargaining_tdl_main,ResultsWaitPage,1779272057,1,0,1
ln6s1ftc,32,zq85fk59,15,bargaining_tdl_main,ResultsWaitPage,1779272057,1,0,1
ln6s1ftc,75,ovyw28qv,26,bargaining_tdl_survey,SurveyPage6,1779272059,1,0,0
ln6s1ftc,29,br25c3xd,29,bargaining_tdl_survey,SurveyPage9,1779272060,1,0,0
ln6s1ftc,41,brln0ee7,26,bargaining_tdl_survey,SurveyPage6,1779272060,1,0,0
ln6s1ftc,77,04u70zp4,16,bargaining_tdl_main,Results,1779272061,1,0,0
ln6s1ftc,75,ovyw28qv,27,bargaining_tdl_survey,SurveyPage7,1779272062,1,0,0
ln6s1ftc,65,rhilexuj,14,bargaining_tdl_main,Decision,1779272063,1,0,0
ln6s1ftc,51,ykrt3sc2,26,bargaining_tdl_survey,SurveyPage6,1779272063,1,0,0
ln6s1ftc,33,v3691z1i,21,bargaining_tdl_survey,SurveyIntro,1779272066,1,0,0
ln6s1ftc,75,ovyw28qv,28,bargaining_tdl_survey,SurveyPage8,1779272067,1,0,0
ln6s1ftc,41,brln0ee7,27,bargaining_tdl_survey,SurveyPage7,1779272069,1,0,0
ln6s1ftc,75,ovyw28qv,29,bargaining_tdl_survey,SurveyPage9,1779272070,1,0,0
ln6s1ftc,20,cw3blg3k,23,bargaining_tdl_survey,SurveyScaleIntro,1779272073,1,0,0
ln6s1ftc,48,c2ycwfix,18,bargaining_tdl_part3,InstructionsPart3,1779272074,1,0,0
ln6s1ftc,64,gn5d8gey,22,bargaining_tdl_survey,SurveyQuestions,1779272075,1,0,0
ln6s1ftc,24,nf397ou8,22,bargaining_tdl_survey,SurveyQuestions,1779272075,1,0,0
ln6s1ftc,41,brln0ee7,28,bargaining_tdl_survey,SurveyPage8,1779272075,1,0,0
ln6s1ftc,77,04u70zp4,18,bargaining_tdl_part3,InstructionsPart3,1779272077,1,0,0
ln6s1ftc,24,nf397ou8,23,bargaining_tdl_survey,SurveyScaleIntro,1779272078,1,0,0
ln6s1ftc,75,ovyw28qv,30,bargaining_tdl_survey,SurveyPage10,1779272079,1,0,0
ln6s1ftc,77,04u70zp4,20,bargaining_tdl_part3,ResultsPart3,1779272080,1,0,0
ln6s1ftc,48,c2ycwfix,20,bargaining_tdl_part3,ResultsPart3,1779272080,1,0,0
ln6s1ftc,77,04u70zp4,21,bargaining_tdl_survey,SurveyIntro,1779272082,1,0,0
ln6s1ftc,29,br25c3xd,30,bargaining_tdl_survey,SurveyPage10,1779272082,1,0,0
ln6s1ftc,39,8yqnncnw,14,bargaining_tdl_main,Decision,1779272082,1,0,0
ln6s1ftc,41,brln0ee7,29,bargaining_tdl_survey,SurveyPage9,1779272082,1,0,0
ln6s1ftc,6,3yhfj8m6,11,bargaining_tdl_main,Signals,1779272082,1,0,0
ln6s1ftc,26,2d8kclta,13,bargaining_tdl_main,DataMappingWaitPage,1779272083,1,0,1
ln6s1ftc,6,3yhfj8m6,13,bargaining_tdl_main,DataMappingWaitPage,1779272083,1,0,1
ln6s1ftc,35,9d8bae4j,13,bargaining_tdl_main,DataMappingWaitPage,1779272083,1,0,1
ln6s1ftc,81,bueb4u4i,22,bargaining_tdl_survey,SurveyQuestions,1779272084,1,0,0
ln6s1ftc,24,nf397ou8,24,bargaining_tdl_survey,SurveyPage4,1779272085,1,0,0
ln6s1ftc,33,v3691z1i,22,bargaining_tdl_survey,SurveyQuestions,1779272086,1,0,0
ln6s1ftc,67,2s9nar7d,23,bargaining_tdl_survey,SurveyScaleIntro,1779272086,1,0,0
ln6s1ftc,2,pzd9fjek,14,bargaining_tdl_main,Decision,1779272092,1,0,0
ln6s1ftc,2,pzd9fjek,15,bargaining_tdl_main,ResultsWaitPage,1779272092,1,0,1
ln6s1ftc,39,8yqnncnw,15,bargaining_tdl_main,ResultsWaitPage,1779272092,1,0,1
ln6s1ftc,8,8qxgq3ms,15,bargaining_tdl_main,ResultsWaitPage,1779272092,1,0,1
ln6s1ftc,48,c2ycwfix,21,bargaining_tdl_survey,SurveyIntro,1779272094,1,0,0
ln6s1ftc,24,nf397ou8,25,bargaining_tdl_survey,SurveyPage5,1779272095,1,0,0
ln6s1ftc,20,cw3blg3k,24,bargaining_tdl_survey,SurveyPage4,1779272096,1,0,0
ln6s1ftc,81,bueb4u4i,23,bargaining_tdl_survey,SurveyScaleIntro,1779272098,1,0,0
ln6s1ftc,64,gn5d8gey,23,bargaining_tdl_survey,SurveyScaleIntro,1779272100,1,0,0
ln6s1ftc,88,fujp3a0k,11,bargaining_tdl_main,Signals,1779272100,1,0,0
ln6s1ftc,10,vlhkphbu,13,bargaining_tdl_main,DataMappingWaitPage,1779272100,1,0,1
ln6s1ftc,87,r4smz6e6,13,bargaining_tdl_main,DataMappingWaitPage,1779272100,1,0,1
ln6s1ftc,88,fujp3a0k,13,bargaining_tdl_main,DataMappingWaitPage,1779272100,1,0,1
ln6s1ftc,52,73thvczv,18,bargaining_tdl_part3,InstructionsPart3,1779272100,1,0,0
ln6s1ftc,79,y3atyre1,18,bargaining_tdl_part3,InstructionsPart3,1779272100,1,0,0
ln6s1ftc,24,nf397ou8,26,bargaining_tdl_survey,SurveyPage6,1779272101,1,0,0
ln6s1ftc,73,y229xlov,14,bargaining_tdl_main,Decision,1779272103,1,0,0
ln6s1ftc,65,rhilexuj,15,bargaining_tdl_main,ResultsWaitPage,1779272103,1,0,1
ln6s1ftc,73,y229xlov,15,bargaining_tdl_main,ResultsWaitPage,1779272103,1,0,1
ln6s1ftc,5,hetqaozn,15,bargaining_tdl_main,ResultsWaitPage,1779272103,1,0,1
ln6s1ftc,79,y3atyre1,20,bargaining_tdl_part3,ResultsPart3,1779272104,1,0,0
ln6s1ftc,67,2s9nar7d,24,bargaining_tdl_survey,SurveyPage4,1779272104,1,0,0
ln6s1ftc,83,a5pham2n,11,bargaining_tdl_main,Signals,1779272105,1,0,0
ln6s1ftc,79,y3atyre1,21,bargaining_tdl_survey,SurveyIntro,1779272107,1,0,0
ln6s1ftc,24,nf397ou8,27,bargaining_tdl_survey,SurveyPage7,1779272107,1,0,0
ln6s1ftc,23,0j12tjt3,22,bargaining_tdl_survey,SurveyQuestions,1779272109,1,0,0
ln6s1ftc,41,brln0ee7,30,bargaining_tdl_survey,SurveyPage10,1779272109,1,0,0
ln6s1ftc,20,cw3blg3k,25,bargaining_tdl_survey,SurveyPage5,1779272110,1,0,0
ln6s1ftc,73,y229xlov,16,bargaining_tdl_main,Results,1779272111,1,0,0
ln6s1ftc,23,0j12tjt3,23,bargaining_tdl_survey,SurveyScaleIntro,1779272112,1,0,0
ln6s1ftc,52,73thvczv,20,bargaining_tdl_part3,ResultsPart3,1779272112,1,0,0
ln6s1ftc,77,04u70zp4,22,bargaining_tdl_survey,SurveyQuestions,1779272114,1,0,0
ln6s1ftc,24,nf397ou8,28,bargaining_tdl_survey,SurveyPage8,1779272116,1,0,0
ln6s1ftc,26,2d8kclta,14,bargaining_tdl_main,Decision,1779272116,1,0,0
ln6s1ftc,2,pzd9fjek,16,bargaining_tdl_main,Results,1779272118,1,0,0
ln6s1ftc,6,3yhfj8m6,14,bargaining_tdl_main,Decision,1779272118,1,0,0
ln6s1ftc,26,2d8kclta,15,bargaining_tdl_main,ResultsWaitPage,1779272118,1,0,1
ln6s1ftc,6,3yhfj8m6,15,bargaining_tdl_main,ResultsWaitPage,1779272118,1,0,1
ln6s1ftc,35,9d8bae4j,15,bargaining_tdl_main,ResultsWaitPage,1779272118,1,0,1
ln6s1ftc,64,gn5d8gey,24,bargaining_tdl_survey,SurveyPage4,1779272121,1,0,0
ln6s1ftc,88,fujp3a0k,14,bargaining_tdl_main,Decision,1779272121,1,0,0
ln6s1ftc,10,vlhkphbu,14,bargaining_tdl_main,Decision,1779272121,1,0,0
ln6s1ftc,77,04u70zp4,23,bargaining_tdl_survey,SurveyScaleIntro,1779272121,1,0,0
ln6s1ftc,24,nf397ou8,29,bargaining_tdl_survey,SurveyPage9,1779272123,1,0,0
ln6s1ftc,81,bueb4u4i,24,bargaining_tdl_survey,SurveyPage4,1779272123,1,0,0
ln6s1ftc,20,cw3blg3k,26,bargaining_tdl_survey,SurveyPage6,1779272124,1,0,0
ln6s1ftc,67,2s9nar7d,25,bargaining_tdl_survey,SurveyPage5,1779272128,1,0,0
ln6s1ftc,52,73thvczv,21,bargaining_tdl_survey,SurveyIntro,1779272129,1,0,0
ln6s1ftc,81,bueb4u4i,25,bargaining_tdl_survey,SurveyPage5,1779272132,1,0,0
ln6s1ftc,27,ff8ef196,16,bargaining_tdl_main,Results,1779272134,1,0,0
ln6s1ftc,87,r4smz6e6,14,bargaining_tdl_main,Decision,1779272135,1,0,0
ln6s1ftc,87,r4smz6e6,15,bargaining_tdl_main,ResultsWaitPage,1779272136,1,0,1
ln6s1ftc,88,fujp3a0k,15,bargaining_tdl_main,ResultsWaitPage,1779272136,1,0,1
ln6s1ftc,10,vlhkphbu,15,bargaining_tdl_main,ResultsWaitPage,1779272136,1,0,1
ln6s1ftc,6,3yhfj8m6,16,bargaining_tdl_main,Results,1779272139,1,0,0
ln6s1ftc,26,2d8kclta,16,bargaining_tdl_main,Results,1779272140,1,0,0
ln6s1ftc,48,c2ycwfix,22,bargaining_tdl_survey,SurveyQuestions,1779272141,1,0,0
ln6s1ftc,79,y3atyre1,22,bargaining_tdl_survey,SurveyQuestions,1779272141,1,0,0
ln6s1ftc,77,04u70zp4,24,bargaining_tdl_survey,SurveyPage4,1779272143,1,0,0
ln6s1ftc,81,bueb4u4i,26,bargaining_tdl_survey,SurveyPage6,1779272143,1,0,0
ln6s1ftc,79,y3atyre1,23,bargaining_tdl_survey,SurveyScaleIntro,1779272144,1,0,0
ln6s1ftc,20,cw3blg3k,27,bargaining_tdl_survey,SurveyPage7,1779272145,1,0,0
ln6s1ftc,30,7jq6qxh3,16,bargaining_tdl_main,Results,1779272146,1,0,0
ln6s1ftc,23,0j12tjt3,24,bargaining_tdl_survey,SurveyPage4,1779272147,1,0,0
ln6s1ftc,77,04u70zp4,25,bargaining_tdl_survey,SurveyPage5,1779272151,1,0,0
ln6s1ftc,81,bueb4u4i,27,bargaining_tdl_survey,SurveyPage7,1779272153,1,0,0
ln6s1ftc,24,nf397ou8,30,bargaining_tdl_survey,SurveyPage10,1779272154,1,0,0
ln6s1ftc,64,gn5d8gey,25,bargaining_tdl_survey,SurveyPage5,1779272155,1,0,0
ln6s1ftc,23,0j12tjt3,25,bargaining_tdl_survey,SurveyPage5,1779272156,1,0,0
ln6s1ftc,77,04u70zp4,26,bargaining_tdl_survey,SurveyPage6,1779272158,1,0,0
ln6s1ftc,20,cw3blg3k,28,bargaining_tdl_survey,SurveyPage8,1779272159,1,0,0
ln6s1ftc,52,73thvczv,22,bargaining_tdl_survey,SurveyQuestions,1779272161,1,0,0
ln6s1ftc,67,2s9nar7d,26,bargaining_tdl_survey,SurveyPage6,1779272161,1,0,0
ln6s1ftc,55,jfuhc7aq,16,bargaining_tdl_main,Results,1779272164,1,0,0
ln6s1ftc,81,bueb4u4i,28,bargaining_tdl_survey,SurveyPage8,1779272167,1,0,0
ln6s1ftc,48,c2ycwfix,23,bargaining_tdl_survey,SurveyScaleIntro,1779272169,1,0,0
ln6s1ftc,23,0j12tjt3,26,bargaining_tdl_survey,SurveyPage6,1779272173,1,0,0
ln6s1ftc,79,y3atyre1,24,bargaining_tdl_survey,SurveyPage4,1779272173,1,0,0
ln6s1ftc,64,gn5d8gey,26,bargaining_tdl_survey,SurveyPage6,1779272173,1,0,0
ln6s1ftc,20,cw3blg3k,29,bargaining_tdl_survey,SurveyPage9,1779272175,1,0,0
ln6s1ftc,67,2s9nar7d,27,bargaining_tdl_survey,SurveyPage7,1779272175,1,0,0
ln6s1ftc,32,zq85fk59,16,bargaining_tdl_main,Results,1779272178,1,0,0
ln6s1ftc,79,y3atyre1,25,bargaining_tdl_survey,SurveyPage5,1779272180,1,0,0
ln6s1ftc,48,c2ycwfix,24,bargaining_tdl_survey,SurveyPage4,1779272183,1,0,0
ln6s1ftc,26,2d8kclta,18,bargaining_tdl_part3,InstructionsPart3,1779272185,1,0,0
ln6s1ftc,81,bueb4u4i,29,bargaining_tdl_survey,SurveyPage9,1779272186,1,0,0
ln6s1ftc,79,y3atyre1,26,bargaining_tdl_survey,SurveyPage6,1779272186,1,0,0
ln6s1ftc,67,2s9nar7d,28,bargaining_tdl_survey,SurveyPage8,1779272191,1,0,0
ln6s1ftc,48,c2ycwfix,25,bargaining_tdl_survey,SurveyPage5,1779272192,1,0,0
ln6s1ftc,64,gn5d8gey,27,bargaining_tdl_survey,SurveyPage7,1779272196,1,0,0
ln6s1ftc,79,y3atyre1,27,bargaining_tdl_survey,SurveyPage7,1779272197,1,0,0
ln6s1ftc,23,0j12tjt3,27,bargaining_tdl_survey,SurveyPage7,1779272198,1,0,0
ln6s1ftc,77,04u70zp4,27,bargaining_tdl_survey,SurveyPage7,1779272203,1,0,0
ln6s1ftc,67,2s9nar7d,29,bargaining_tdl_survey,SurveyPage9,1779272203,1,0,0
ln6s1ftc,26,2d8kclta,20,bargaining_tdl_part3,ResultsPart3,1779272204,1,0,0
ln6s1ftc,39,8yqnncnw,16,bargaining_tdl_main,Results,1779272205,1,0,0
ln6s1ftc,36,oyvufias,10,bargaining_tdl_main,Chat,1779272206,1,1,0
ln6s1ftc,48,c2ycwfix,26,bargaining_tdl_survey,SurveyPage6,1779272206,1,0,0
ln6s1ftc,76,qjrg1l5b,10,bargaining_tdl_main,Chat,1779272206,1,1,0
ln6s1ftc,77,04u70zp4,28,bargaining_tdl_survey,SurveyPage8,1779272210,1,0,0
ln6s1ftc,52,73thvczv,23,bargaining_tdl_survey,SurveyScaleIntro,1779272210,1,0,0
ln6s1ftc,79,y3atyre1,28,bargaining_tdl_survey,SurveyPage8,1779272212,1,0,0
ln6s1ftc,90,vdk46c4w,0,,InitializeParticipant,1779272214,1,0,0
ln6s1ftc,64,gn5d8gey,28,bargaining_tdl_survey,SurveyPage8,1779272218,1,0,0
ln6s1ftc,79,y3atyre1,29,bargaining_tdl_survey,SurveyPage9,1779272219,1,0,0
ln6s1ftc,23,0j12tjt3,28,bargaining_tdl_survey,SurveyPage8,1779272220,1,0,0
ln6s1ftc,90,vdk46c4w,1,bargaining_tdl_intro,Welcome,1779272220,1,0,0
ln6s1ftc,48,c2ycwfix,27,bargaining_tdl_survey,SurveyPage7,1779272221,1,0,0
ln6s1ftc,77,04u70zp4,29,bargaining_tdl_survey,SurveyPage9,1779272221,1,0,0
ln6s1ftc,81,bueb4u4i,30,bargaining_tdl_survey,SurveyPage10,1779272223,1,0,0
ln6s1ftc,26,2d8kclta,21,bargaining_tdl_survey,SurveyIntro,1779272225,1,0,0
ln6s1ftc,90,vdk46c4w,2,bargaining_tdl_intro,InstructionsPart1,1779272227,1,0,0
ln6s1ftc,23,0j12tjt3,29,bargaining_tdl_survey,SurveyPage9,1779272228,1,0,0
ln6s1ftc,48,c2ycwfix,28,bargaining_tdl_survey,SurveyPage8,1779272228,1,0,0
ln6s1ftc,52,73thvczv,24,bargaining_tdl_survey,SurveyPage4,1779272230,1,0,0
ln6s1ftc,13,8ot66gl6,11,bargaining_tdl_main,Signals,1779272233,1,1,0
ln6s1ftc,13,8ot66gl6,13,bargaining_tdl_main,DataMappingWaitPage,1779272233,1,0,1
ln6s1ftc,19,eoo09gqg,13,bargaining_tdl_main,DataMappingWaitPage,1779272233,1,0,1
ln6s1ftc,22,wx1wj6o7,13,bargaining_tdl_main,DataMappingWaitPage,1779272233,1,0,1
ln6s1ftc,48,c2ycwfix,29,bargaining_tdl_survey,SurveyPage9,1779272237,1,0,0
ln6s1ftc,64,gn5d8gey,29,bargaining_tdl_survey,SurveyPage9,1779272238,1,0,0
ln6s1ftc,52,73thvczv,25,bargaining_tdl_survey,SurveyPage5,1779272244,1,0,0
ln6s1ftc,51,ykrt3sc2,27,bargaining_tdl_survey,SurveyPage7,1779272245,1,1,0
ln6s1ftc,55,jfuhc7aq,18,bargaining_tdl_part3,InstructionsPart3,1779272249,1,0,0
ln6s1ftc,67,2s9nar7d,30,bargaining_tdl_survey,SurveyPage10,1779272254,1,0,0
ln6s1ftc,52,73thvczv,26,bargaining_tdl_survey,SurveyPage6,1779272256,1,0,0
ln6s1ftc,55,jfuhc7aq,20,bargaining_tdl_part3,ResultsPart3,1779272257,1,0,0
ln6s1ftc,26,2d8kclta,22,bargaining_tdl_survey,SurveyQuestions,1779272260,1,0,0
ln6s1ftc,55,jfuhc7aq,21,bargaining_tdl_survey,SurveyIntro,1779272265,1,0,0
ln6s1ftc,52,73thvczv,27,bargaining_tdl_survey,SurveyPage7,1779272268,1,0,0
ln6s1ftc,2,pzd9fjek,18,bargaining_tdl_part3,InstructionsPart3,1779272273,1,0,0
ln6s1ftc,6,3yhfj8m6,18,bargaining_tdl_part3,InstructionsPart3,1779272274,1,0,0
ln6s1ftc,87,r4smz6e6,16,bargaining_tdl_main,Results,1779272278,1,0,0
ln6s1ftc,26,2d8kclta,23,bargaining_tdl_survey,SurveyScaleIntro,1779272282,1,0,0
ln6s1ftc,30,7jq6qxh3,18,bargaining_tdl_part3,InstructionsPart3,1779272282,1,0,0
ln6s1ftc,79,y3atyre1,30,bargaining_tdl_survey,SurveyPage10,1779272283,1,0,0
ln6s1ftc,2,pzd9fjek,20,bargaining_tdl_part3,ResultsPart3,1779272283,1,0,0
ln6s1ftc,73,y229xlov,18,bargaining_tdl_part3,InstructionsPart3,1779272284,1,0,0
ln6s1ftc,6,3yhfj8m6,20,bargaining_tdl_part3,ResultsPart3,1779272287,1,0,0
ln6s1ftc,30,7jq6qxh3,20,bargaining_tdl_part3,ResultsPart3,1779272288,1,0,0
ln6s1ftc,52,73thvczv,28,bargaining_tdl_survey,SurveyPage8,1779272288,1,0,0
ln6s1ftc,64,gn5d8gey,30,bargaining_tdl_survey,SurveyPage10,1779272289,1,0,0
ln6s1ftc,73,y229xlov,20,bargaining_tdl_part3,ResultsPart3,1779272293,1,0,0
ln6s1ftc,65,rhilexuj,16,bargaining_tdl_main,Results,1779272298,1,0,0
ln6s1ftc,30,7jq6qxh3,21,bargaining_tdl_survey,SurveyIntro,1779272298,1,0,0
ln6s1ftc,87,r4smz6e6,18,bargaining_tdl_part3,InstructionsPart3,1779272300,1,0,0
ln6s1ftc,32,zq85fk59,18,bargaining_tdl_part3,InstructionsPart3,1779272301,1,0,0
ln6s1ftc,52,73thvczv,29,bargaining_tdl_survey,SurveyPage9,1779272305,1,0,0
ln6s1ftc,6,3yhfj8m6,21,bargaining_tdl_survey,SurveyIntro,1779272306,1,0,0
ln6s1ftc,26,2d8kclta,24,bargaining_tdl_survey,SurveyPage4,1779272307,1,0,0
ln6s1ftc,33,v3691z1i,23,bargaining_tdl_survey,SurveyScaleIntro,1779272308,1,0,0
ln6s1ftc,73,y229xlov,21,bargaining_tdl_survey,SurveyIntro,1779272308,1,0,0
ln6s1ftc,2,pzd9fjek,21,bargaining_tdl_survey,SurveyIntro,1779272310,1,0,0
ln6s1ftc,23,0j12tjt3,30,bargaining_tdl_survey,SurveyPage10,1779272312,1,0,0
ln6s1ftc,37,5mhp2h2j,18,bargaining_tdl_part3,InstructionsPart3,1779272312,1,0,0
ln6s1ftc,36,oyvufias,11,bargaining_tdl_main,Signals,1779272314,1,0,0
ln6s1ftc,39,8yqnncnw,18,bargaining_tdl_part3,InstructionsPart3,1779272315,1,0,0
ln6s1ftc,87,r4smz6e6,20,bargaining_tdl_part3,ResultsPart3,1779272316,1,0,0
ln6s1ftc,33,v3691z1i,24,bargaining_tdl_survey,SurveyPage4,1779272316,1,0,0
ln6s1ftc,37,5mhp2h2j,20,bargaining_tdl_part3,ResultsPart3,1779272317,1,0,0
ln6s1ftc,20,cw3blg3k,30,bargaining_tdl_survey,SurveyPage10,1779272320,1,0,0
ln6s1ftc,77,04u70zp4,30,bargaining_tdl_survey,SurveyPage10,1779272320,1,0,0
ln6s1ftc,48,c2ycwfix,30,bargaining_tdl_survey,SurveyPage10,1779272320,1,0,0
ln6s1ftc,39,8yqnncnw,20,bargaining_tdl_part3,ResultsPart3,1779272321,1,0,0
ln6s1ftc,26,2d8kclta,25,bargaining_tdl_survey,SurveyPage5,1779272321,1,0,0
ln6s1ftc,33,v3691z1i,25,bargaining_tdl_survey,SurveyPage5,1779272322,1,0,0
ln6s1ftc,32,zq85fk59,20,bargaining_tdl_part3,ResultsPart3,1779272323,1,0,0
ln6s1ftc,37,5mhp2h2j,21,bargaining_tdl_survey,SurveyIntro,1779272325,1,0,0
ln6s1ftc,39,8yqnncnw,21,bargaining_tdl_survey,SurveyIntro,1779272327,1,0,0
ln6s1ftc,2,pzd9fjek,22,bargaining_tdl_survey,SurveyQuestions,1779272331,1,0,0
ln6s1ftc,33,v3691z1i,26,bargaining_tdl_survey,SurveyPage6,1779272332,1,0,0
ln6s1ftc,26,2d8kclta,26,bargaining_tdl_survey,SurveyPage6,1779272336,1,0,0
ln6s1ftc,87,r4smz6e6,21,bargaining_tdl_survey,SurveyIntro,1779272338,1,0,0
ln6s1ftc,32,zq85fk59,21,bargaining_tdl_survey,SurveyIntro,1779272340,1,0,0
ln6s1ftc,27,ff8ef196,18,bargaining_tdl_part3,InstructionsPart3,1779272346,1,0,0
ln6s1ftc,27,ff8ef196,20,bargaining_tdl_part3,ResultsPart3,1779272350,1,0,0
ln6s1ftc,33,v3691z1i,27,bargaining_tdl_survey,SurveyPage7,1779272353,1,0,0
ln6s1ftc,73,y229xlov,22,bargaining_tdl_survey,SurveyQuestions,1779272355,1,0,0
ln6s1ftc,26,2d8kclta,27,bargaining_tdl_survey,SurveyPage7,1779272355,1,0,0
ln6s1ftc,27,ff8ef196,21,bargaining_tdl_survey,SurveyIntro,1779272356,1,0,0
ln6s1ftc,33,v3691z1i,28,bargaining_tdl_survey,SurveyPage8,1779272359,1,0,0
ln6s1ftc,73,y229xlov,23,bargaining_tdl_survey,SurveyScaleIntro,1779272363,1,0,0
ln6s1ftc,33,v3691z1i,29,bargaining_tdl_survey,SurveyPage9,1779272364,1,0,0
ln6s1ftc,30,7jq6qxh3,22,bargaining_tdl_survey,SurveyQuestions,1779272367,1,0,0
ln6s1ftc,26,2d8kclta,28,bargaining_tdl_survey,SurveyPage8,1779272369,1,0,0
ln6s1ftc,55,jfuhc7aq,22,bargaining_tdl_survey,SurveyQuestions,1779272370,1,0,0
ln6s1ftc,55,jfuhc7aq,23,bargaining_tdl_survey,SurveyScaleIntro,1779272373,1,0,0
ln6s1ftc,2,pzd9fjek,23,bargaining_tdl_survey,SurveyScaleIntro,1779272374,1,0,0
ln6s1ftc,39,8yqnncnw,22,bargaining_tdl_survey,SurveyQuestions,1779272376,1,0,0
ln6s1ftc,53,g0cbyn29,23,bargaining_tdl_survey,SurveyScaleIntro,1779272377,1,0,0
ln6s1ftc,55,jfuhc7aq,24,bargaining_tdl_survey,SurveyPage4,1779272378,1,0,0
ln6s1ftc,43,1iernbcq,18,bargaining_tdl_part3,InstructionsPart3,1779272379,1,0,0
ln6s1ftc,55,jfuhc7aq,25,bargaining_tdl_survey,SurveyPage5,1779272380,1,0,0
ln6s1ftc,26,2d8kclta,29,bargaining_tdl_survey,SurveyPage9,1779272381,1,0,0
ln6s1ftc,55,jfuhc7aq,26,bargaining_tdl_survey,SurveyPage6,1779272382,1,0,0
ln6s1ftc,55,jfuhc7aq,27,bargaining_tdl_survey,SurveyPage7,1779272384,1,0,0
ln6s1ftc,43,1iernbcq,20,bargaining_tdl_part3,ResultsPart3,1779272384,1,0,0
ln6s1ftc,30,7jq6qxh3,23,bargaining_tdl_survey,SurveyScaleIntro,1779272386,1,0,0
ln6s1ftc,55,jfuhc7aq,28,bargaining_tdl_survey,SurveyPage8,1779272386,1,0,0
ln6s1ftc,55,jfuhc7aq,29,bargaining_tdl_survey,SurveyPage9,1779272387,1,0,0
ln6s1ftc,43,1iernbcq,21,bargaining_tdl_survey,SurveyIntro,1779272389,1,0,0
ln6s1ftc,27,ff8ef196,22,bargaining_tdl_survey,SurveyQuestions,1779272392,1,0,0
ln6s1ftc,52,73thvczv,30,bargaining_tdl_survey,SurveyPage10,1779272394,1,0,0
ln6s1ftc,2,pzd9fjek,24,bargaining_tdl_survey,SurveyPage4,1779272395,1,0,0
ln6s1ftc,27,ff8ef196,23,bargaining_tdl_survey,SurveyScaleIntro,1779272395,1,0,0
ln6s1ftc,73,y229xlov,24,bargaining_tdl_survey,SurveyPage4,1779272395,1,0,0
ln6s1ftc,87,r4smz6e6,22,bargaining_tdl_survey,SurveyQuestions,1779272395,1,0,0
ln6s1ftc,30,7jq6qxh3,24,bargaining_tdl_survey,SurveyPage4,1779272400,1,0,0
ln6s1ftc,22,wx1wj6o7,14,bargaining_tdl_main,Decision,1779272402,1,0,0
ln6s1ftc,39,8yqnncnw,23,bargaining_tdl_survey,SurveyScaleIntro,1779272403,1,0,0
ln6s1ftc,73,y229xlov,25,bargaining_tdl_survey,SurveyPage5,1779272404,1,0,0
ln6s1ftc,87,r4smz6e6,23,bargaining_tdl_survey,SurveyScaleIntro,1779272405,1,0,0
ln6s1ftc,76,qjrg1l5b,11,bargaining_tdl_main,Signals,1779272405,1,0,0
ln6s1ftc,76,qjrg1l5b,13,bargaining_tdl_main,DataMappingWaitPage,1779272405,1,0,1
ln6s1ftc,83,a5pham2n,13,bargaining_tdl_main,DataMappingWaitPage,1779272405,1,0,1
ln6s1ftc,36,oyvufias,13,bargaining_tdl_main,DataMappingWaitPage,1779272405,1,0,1
ln6s1ftc,2,pzd9fjek,25,bargaining_tdl_survey,SurveyPage5,1779272405,1,0,0
ln6s1ftc,30,7jq6qxh3,25,bargaining_tdl_survey,SurveyPage5,1779272407,1,0,0
ln6s1ftc,30,7jq6qxh3,26,bargaining_tdl_survey,SurveyPage6,1779272413,1,0,0
ln6s1ftc,33,v3691z1i,30,bargaining_tdl_survey,SurveyPage10,1779272415,1,0,0
ln6s1ftc,39,8yqnncnw,24,bargaining_tdl_survey,SurveyPage4,1779272415,1,0,0
ln6s1ftc,90,vdk46c4w,3,bargaining_tdl_intro,ControlQuestionsAttempt1,1779272417,1,0,0
ln6s1ftc,37,5mhp2h2j,22,bargaining_tdl_survey,SurveyQuestions,1779272419,1,0,0
ln6s1ftc,87,r4smz6e6,24,bargaining_tdl_survey,SurveyPage4,1779272420,1,0,0
ln6s1ftc,30,7jq6qxh3,27,bargaining_tdl_survey,SurveyPage7,1779272420,1,0,0
ln6s1ftc,73,y229xlov,26,bargaining_tdl_survey,SurveyPage6,1779272420,1,0,0
ln6s1ftc,53,g0cbyn29,24,bargaining_tdl_survey,SurveyPage4,1779272424,1,0,0
ln6s1ftc,43,1iernbcq,22,bargaining_tdl_survey,SurveyQuestions,1779272424,1,0,0
ln6s1ftc,27,ff8ef196,24,bargaining_tdl_survey,SurveyPage4,1779272425,1,0,0
ln6s1ftc,87,r4smz6e6,25,bargaining_tdl_survey,SurveyPage5,1779272426,1,0,0
ln6s1ftc,30,7jq6qxh3,28,bargaining_tdl_survey,SurveyPage8,1779272426,1,0,0
ln6s1ftc,2,pzd9fjek,26,bargaining_tdl_survey,SurveyPage6,1779272429,1,0,0
ln6s1ftc,39,8yqnncnw,25,bargaining_tdl_survey,SurveyPage5,1779272430,1,0,0
ln6s1ftc,43,1iernbcq,23,bargaining_tdl_survey,SurveyScaleIntro,1779272431,1,0,0
ln6s1ftc,37,5mhp2h2j,23,bargaining_tdl_survey,SurveyScaleIntro,1779272431,1,0,0
ln6s1ftc,2,pzd9fjek,27,bargaining_tdl_survey,SurveyPage7,1779272432,1,0,0
ln6s1ftc,30,7jq6qxh3,29,bargaining_tdl_survey,SurveyPage9,1779272432,1,0,0
ln6s1ftc,87,r4smz6e6,26,bargaining_tdl_survey,SurveyPage6,1779272433,1,0,0
ln6s1ftc,32,zq85fk59,22,bargaining_tdl_survey,SurveyQuestions,1779272433,1,0,0
ln6s1ftc,27,ff8ef196,25,bargaining_tdl_survey,SurveyPage5,1779272434,1,0,0
ln6s1ftc,2,pzd9fjek,28,bargaining_tdl_survey,SurveyPage8,1779272436,1,0,0
ln6s1ftc,39,8yqnncnw,26,bargaining_tdl_survey,SurveyPage6,1779272436,1,0,0
ln6s1ftc,2,pzd9fjek,29,bargaining_tdl_survey,SurveyPage9,1779272438,1,0,0
ln6s1ftc,90,vdk46c4w,4,bargaining_tdl_intro,ControlQuestionsAttempt2,1779272440,1,0,0
ln6s1ftc,43,1iernbcq,24,bargaining_tdl_survey,SurveyPage4,1779272441,1,0,0
ln6s1ftc,27,ff8ef196,26,bargaining_tdl_survey,SurveyPage6,1779272446,1,0,0
ln6s1ftc,65,rhilexuj,18,bargaining_tdl_part3,InstructionsPart3,1779272446,1,0,0
ln6s1ftc,43,1iernbcq,25,bargaining_tdl_survey,SurveyPage5,1779272448,1,0,0
ln6s1ftc,43,1iernbcq,26,bargaining_tdl_survey,SurveyPage6,1779272451,1,0,0
ln6s1ftc,87,r4smz6e6,27,bargaining_tdl_survey,SurveyPage7,1779272451,1,0,0
ln6s1ftc,65,rhilexuj,20,bargaining_tdl_part3,ResultsPart3,1779272453,1,0,0
ln6s1ftc,55,jfuhc7aq,30,bargaining_tdl_survey,SurveyPage10,1779272454,1,0,0
ln6s1ftc,27,ff8ef196,27,bargaining_tdl_survey,SurveyPage7,1779272455,1,0,0
ln6s1ftc,39,8yqnncnw,27,bargaining_tdl_survey,SurveyPage7,1779272455,1,0,0
ln6s1ftc,26,2d8kclta,30,bargaining_tdl_survey,SurveyPage10,1779272457,1,0,0
ln6s1ftc,73,y229xlov,27,bargaining_tdl_survey,SurveyPage7,1779272458,1,0,0
ln6s1ftc,43,1iernbcq,27,bargaining_tdl_survey,SurveyPage7,1779272458,1,0,0
ln6s1ftc,36,oyvufias,14,bargaining_tdl_main,Decision,1779272463,1,0,0
ln6s1ftc,43,1iernbcq,28,bargaining_tdl_survey,SurveyPage8,1779272463,1,0,0
ln6s1ftc,39,8yqnncnw,28,bargaining_tdl_survey,SurveyPage8,1779272469,1,0,0
ln6s1ftc,27,ff8ef196,28,bargaining_tdl_survey,SurveyPage8,1779272469,1,0,0
ln6s1ftc,43,1iernbcq,29,bargaining_tdl_survey,SurveyPage9,1779272470,1,0,0
ln6s1ftc,32,zq85fk59,23,bargaining_tdl_survey,SurveyScaleIntro,1779272471,1,0,0
ln6s1ftc,65,rhilexuj,21,bargaining_tdl_survey,SurveyIntro,1779272474,1,0,0
ln6s1ftc,76,qjrg1l5b,14,bargaining_tdl_main,Decision,1779272476,1,0,0
ln6s1ftc,76,qjrg1l5b,15,bargaining_tdl_main,ResultsWaitPage,1779272476,1,0,1
ln6s1ftc,83,a5pham2n,15,bargaining_tdl_main,ResultsWaitPage,1779272476,1,0,1
ln6s1ftc,36,oyvufias,15,bargaining_tdl_main,ResultsWaitPage,1779272476,1,0,1
ln6s1ftc,27,ff8ef196,29,bargaining_tdl_survey,SurveyPage9,1779272477,1,0,0
ln6s1ftc,73,y229xlov,28,bargaining_tdl_survey,SurveyPage8,1779272480,1,0,0
ln6s1ftc,39,8yqnncnw,29,bargaining_tdl_survey,SurveyPage9,1779272484,1,0,0
ln6s1ftc,76,qjrg1l5b,16,bargaining_tdl_main,Results,1779272491,1,0,0
ln6s1ftc,37,5mhp2h2j,24,bargaining_tdl_survey,SurveyPage4,1779272491,1,0,0
ln6s1ftc,6,3yhfj8m6,22,bargaining_tdl_survey,SurveyQuestions,1779272494,1,1,0
ln6s1ftc,30,7jq6qxh3,30,bargaining_tdl_survey,SurveyPage10,1779272494,1,0,0
ln6s1ftc,53,g0cbyn29,25,bargaining_tdl_survey,SurveyPage5,1779272495,1,0,0
ln6s1ftc,32,zq85fk59,24,bargaining_tdl_survey,SurveyPage4,1779272496,1,0,0
ln6s1ftc,36,oyvufias,16,bargaining_tdl_main,Results,1779272496,1,0,0
ln6s1ftc,37,5mhp2h2j,25,bargaining_tdl_survey,SurveyPage5,1779272501,1,0,0
ln6s1ftc,53,g0cbyn29,26,bargaining_tdl_survey,SurveyPage6,1779272502,1,0,0
ln6s1ftc,73,y229xlov,29,bargaining_tdl_survey,SurveyPage9,1779272503,1,0,0
ln6s1ftc,87,r4smz6e6,28,bargaining_tdl_survey,SurveyPage8,1779272505,1,0,0
ln6s1ftc,53,g0cbyn29,27,bargaining_tdl_survey,SurveyPage7,1779272508,1,0,0
ln6s1ftc,37,5mhp2h2j,26,bargaining_tdl_survey,SurveyPage6,1779272508,1,0,0
ln6s1ftc,53,g0cbyn29,28,bargaining_tdl_survey,SurveyPage8,1779272511,1,0,0
ln6s1ftc,43,1iernbcq,30,bargaining_tdl_survey,SurveyPage10,1779272511,1,0,0
ln6s1ftc,87,r4smz6e6,29,bargaining_tdl_survey,SurveyPage9,1779272515,1,0,0
ln6s1ftc,2,pzd9fjek,30,bargaining_tdl_survey,SurveyPage10,1779272519,1,0,0
ln6s1ftc,32,zq85fk59,25,bargaining_tdl_survey,SurveyPage5,1779272520,1,0,0
ln6s1ftc,37,5mhp2h2j,27,bargaining_tdl_survey,SurveyPage7,1779272526,1,0,0
ln6s1ftc,27,ff8ef196,30,bargaining_tdl_survey,SurveyPage10,1779272531,1,0,0
ln6s1ftc,32,zq85fk59,26,bargaining_tdl_survey,SurveyPage6,1779272532,1,0,0
ln6s1ftc,53,g0cbyn29,29,bargaining_tdl_survey,SurveyPage9,1779272532,1,0,0
ln6s1ftc,19,eoo09gqg,14,bargaining_tdl_main,Decision,1779272537,1,1,0
ln6s1ftc,13,8ot66gl6,15,bargaining_tdl_main,ResultsWaitPage,1779272537,1,0,1
ln6s1ftc,19,eoo09gqg,15,bargaining_tdl_main,ResultsWaitPage,1779272537,1,0,1
ln6s1ftc,22,wx1wj6o7,15,bargaining_tdl_main,ResultsWaitPage,1779272537,1,0,1
ln6s1ftc,37,5mhp2h2j,28,bargaining_tdl_survey,SurveyPage8,1779272538,1,0,0
ln6s1ftc,37,5mhp2h2j,29,bargaining_tdl_survey,SurveyPage9,1779272545,1,0,0
ln6s1ftc,32,zq85fk59,27,bargaining_tdl_survey,SurveyPage7,1779272546,1,0,0
ln6s1ftc,36,oyvufias,18,bargaining_tdl_part3,InstructionsPart3,1779272547,1,0,0
ln6s1ftc,22,wx1wj6o7,16,bargaining_tdl_main,Results,1779272550,1,0,0
ln6s1ftc,90,vdk46c4w,5,bargaining_tdl_intro,ControlQuestionsAttempt3,1779272551,1,0,0
ln6s1ftc,65,rhilexuj,22,bargaining_tdl_survey,SurveyQuestions,1779272552,1,0,0
ln6s1ftc,87,r4smz6e6,30,bargaining_tdl_survey,SurveyPage10,1779272553,1,0,0
ln6s1ftc,32,zq85fk59,28,bargaining_tdl_survey,SurveyPage8,1779272558,1,0,0
ln6s1ftc,53,g0cbyn29,30,bargaining_tdl_survey,SurveyPage10,1779272562,1,0,0
ln6s1ftc,39,8yqnncnw,30,bargaining_tdl_survey,SurveyPage10,1779272562,1,0,0
ln6s1ftc,22,wx1wj6o7,18,bargaining_tdl_part3,InstructionsPart3,1779272566,1,0,0
ln6s1ftc,76,qjrg1l5b,18,bargaining_tdl_part3,InstructionsPart3,1779272568,1,0,0
ln6s1ftc,22,wx1wj6o7,20,bargaining_tdl_part3,ResultsPart3,1779272571,1,0,0
ln6s1ftc,90,vdk46c4w,6,bargaining_tdl_intro,ControlQuestionsAttempt4,1779272571,1,0,0
ln6s1ftc,65,rhilexuj,23,bargaining_tdl_survey,SurveyScaleIntro,1779272573,1,0,0
ln6s1ftc,37,5mhp2h2j,30,bargaining_tdl_survey,SurveyPage10,1779272574,1,0,0
ln6s1ftc,36,oyvufias,20,bargaining_tdl_part3,ResultsPart3,1779272574,1,0,0
ln6s1ftc,76,qjrg1l5b,20,bargaining_tdl_part3,ResultsPart3,1779272575,1,0,0
ln6s1ftc,22,wx1wj6o7,21,bargaining_tdl_survey,SurveyIntro,1779272576,1,0,0
ln6s1ftc,90,vdk46c4w,7,bargaining_tdl_intro,ControlQuestionsAttempt5,1779272576,1,0,0
ln6s1ftc,32,zq85fk59,29,bargaining_tdl_survey,SurveyPage9,1779272582,1,0,0
ln6s1ftc,76,qjrg1l5b,21,bargaining_tdl_survey,SurveyIntro,1779272583,1,0,0
ln6s1ftc,73,y229xlov,30,bargaining_tdl_survey,SurveyPage10,1779272587,1,0,0
ln6s1ftc,88,fujp3a0k,16,bargaining_tdl_main,Results,1779272588,1,0,0
ln6s1ftc,65,rhilexuj,24,bargaining_tdl_survey,SurveyPage4,1779272590,1,0,0
ln6s1ftc,65,rhilexuj,25,bargaining_tdl_survey,SurveyPage5,1779272597,1,0,0
ln6s1ftc,36,oyvufias,21,bargaining_tdl_survey,SurveyIntro,1779272601,1,0,0
ln6s1ftc,88,fujp3a0k,18,bargaining_tdl_part3,InstructionsPart3,1779272608,1,0,0
ln6s1ftc,65,rhilexuj,26,bargaining_tdl_survey,SurveyPage6,1779272609,1,0,0
ln6s1ftc,88,fujp3a0k,20,bargaining_tdl_part3,ResultsPart3,1779272611,1,0,0
ln6s1ftc,22,wx1wj6o7,22,bargaining_tdl_survey,SurveyQuestions,1779272618,1,0,0
ln6s1ftc,22,wx1wj6o7,23,bargaining_tdl_survey,SurveyScaleIntro,1779272620,1,0,0
ln6s1ftc,88,fujp3a0k,21,bargaining_tdl_survey,SurveyIntro,1779272620,1,0,0
ln6s1ftc,65,rhilexuj,27,bargaining_tdl_survey,SurveyPage7,1779272626,1,0,0
ln6s1ftc,32,zq85fk59,30,bargaining_tdl_survey,SurveyPage10,1779272629,1,0,0
ln6s1ftc,22,wx1wj6o7,24,bargaining_tdl_survey,SurveyPage4,1779272632,1,0,0
ln6s1ftc,22,wx1wj6o7,25,bargaining_tdl_survey,SurveyPage5,1779272638,1,0,0
ln6s1ftc,88,fujp3a0k,22,bargaining_tdl_survey,SurveyQuestions,1779272640,1,0,0
ln6s1ftc,65,rhilexuj,28,bargaining_tdl_survey,SurveyPage8,1779272640,1,0,0
ln6s1ftc,22,wx1wj6o7,26,bargaining_tdl_survey,SurveyPage6,1779272642,1,0,0
ln6s1ftc,88,fujp3a0k,23,bargaining_tdl_survey,SurveyScaleIntro,1779272643,1,0,0
ln6s1ftc,22,wx1wj6o7,27,bargaining_tdl_survey,SurveyPage7,1779272645,1,0,0
ln6s1ftc,22,wx1wj6o7,28,bargaining_tdl_survey,SurveyPage8,1779272649,1,0,0
ln6s1ftc,65,rhilexuj,29,bargaining_tdl_survey,SurveyPage9,1779272652,1,0,0
ln6s1ftc,22,wx1wj6o7,29,bargaining_tdl_survey,SurveyPage9,1779272653,1,0,0
ln6s1ftc,88,fujp3a0k,24,bargaining_tdl_survey,SurveyPage4,1779272654,1,0,0
ln6s1ftc,88,fujp3a0k,25,bargaining_tdl_survey,SurveyPage5,1779272665,1,0,0
ln6s1ftc,88,fujp3a0k,26,bargaining_tdl_survey,SurveyPage6,1779272672,1,0,0
ln6s1ftc,22,wx1wj6o7,30,bargaining_tdl_survey,SurveyPage10,1779272678,1,0,0
ln6s1ftc,88,fujp3a0k,27,bargaining_tdl_survey,SurveyPage7,1779272679,1,0,0
ln6s1ftc,88,fujp3a0k,28,bargaining_tdl_survey,SurveyPage8,1779272686,1,0,0
ln6s1ftc,88,fujp3a0k,29,bargaining_tdl_survey,SurveyPage9,1779272692,1,0,0
ln6s1ftc,65,rhilexuj,30,bargaining_tdl_survey,SurveyPage10,1779272697,1,0,0
ln6s1ftc,76,qjrg1l5b,22,bargaining_tdl_survey,SurveyQuestions,1779272740,1,0,0
ln6s1ftc,88,fujp3a0k,30,bargaining_tdl_survey,SurveyPage10,1779272741,1,0,0
ln6s1ftc,76,qjrg1l5b,23,bargaining_tdl_survey,SurveyScaleIntro,1779272745,1,0,0
ln6s1ftc,76,qjrg1l5b,24,bargaining_tdl_survey,SurveyPage4,1779272758,1,0,0
ln6s1ftc,76,qjrg1l5b,25,bargaining_tdl_survey,SurveyPage5,1779272763,1,0,0
ln6s1ftc,76,qjrg1l5b,26,bargaining_tdl_survey,SurveyPage6,1779272774,1,0,0
ln6s1ftc,76,qjrg1l5b,27,bargaining_tdl_survey,SurveyPage7,1779272787,1,0,0
ln6s1ftc,36,oyvufias,22,bargaining_tdl_survey,SurveyQuestions,1779272788,1,1,0
ln6s1ftc,76,qjrg1l5b,28,bargaining_tdl_survey,SurveyPage8,1779272794,1,0,0
ln6s1ftc,76,qjrg1l5b,29,bargaining_tdl_survey,SurveyPage9,1779272802,1,0,0
ln6s1ftc,76,qjrg1l5b,30,bargaining_tdl_survey,SurveyPage10,1779272909,1,0,0
yd5nzig1,15,sthih2j8,0,,InitializeParticipant,1779438590,1,0,0
yd5nzig1,5,b6mb3dyb,0,,InitializeParticipant,1779438590,1,0,0
yd5nzig1,6,9r3ttt9c,0,,InitializeParticipant,1779438596,1,0,0
yd5nzig1,4,viaxlpcy,0,,InitializeParticipant,1779438597,1,0,0
yd5nzig1,11,n3fe0c5q,0,,InitializeParticipant,1779438598,1,0,0
yd5nzig1,1,i4i3tmug,0,,InitializeParticipant,1779438599,1,0,0
yd5nzig1,7,uq4bno51,0,,InitializeParticipant,1779438606,1,0,0
yd5nzig1,7,uq4bno51,1,bargaining_tdl_intro,Welcome,1779438618,1,0,0
yd5nzig1,9,bnuc6jnp,0,,InitializeParticipant,1779438623,1,0,0
yd5nzig1,11,n3fe0c5q,1,bargaining_tdl_intro,Welcome,1779438630,1,0,0
yd5nzig1,6,9r3ttt9c,1,bargaining_tdl_intro,Welcome,1779438634,1,0,0
yd5nzig1,13,dbc3qlg7,0,,InitializeParticipant,1779438657,1,0,0
yd5nzig1,8,4xzbaozv,0,,InitializeParticipant,1779438659,1,0,0
yd5nzig1,12,4uvdbn2v,0,,InitializeParticipant,1779438678,1,0,0
yd5nzig1,8,4xzbaozv,1,bargaining_tdl_intro,Welcome,1779438712,1,0,0
yd5nzig1,4,viaxlpcy,1,bargaining_tdl_intro,Welcome,1779438727,1,0,0
yd5nzig1,13,dbc3qlg7,1,bargaining_tdl_intro,Welcome,1779438736,1,0,0
yd5nzig1,5,b6mb3dyb,1,bargaining_tdl_intro,Welcome,1779438745,1,0,0
yd5nzig1,12,4uvdbn2v,1,bargaining_tdl_intro,Welcome,1779438750,1,0,0
yd5nzig1,11,n3fe0c5q,2,bargaining_tdl_intro,InstructionsPart1,1779438854,1,0,0
yd5nzig1,4,viaxlpcy,2,bargaining_tdl_intro,InstructionsPart1,1779438898,1,0,0
yd5nzig1,16,cpn08rvz,0,,InitializeParticipant,1779438899,1,0,0
yd5nzig1,10,qv5ox1qc,0,,InitializeParticipant,1779438913,1,0,0
yd5nzig1,13,dbc3qlg7,2,bargaining_tdl_intro,InstructionsPart1,1779438915,1,0,0
yd5nzig1,6,9r3ttt9c,2,bargaining_tdl_intro,InstructionsPart1,1779438916,1,0,0
yd5nzig1,1,i4i3tmug,1,bargaining_tdl_intro,Welcome,1779438917,1,0,0
yd5nzig1,11,n3fe0c5q,3,bargaining_tdl_intro,ControlQuestionsAttempt1,1779438920,1,0,0
yd5nzig1,10,qv5ox1qc,1,bargaining_tdl_intro,Welcome,1779438923,1,0,0
yd5nzig1,12,4uvdbn2v,2,bargaining_tdl_intro,InstructionsPart1,1779438939,1,0,0
yd5nzig1,15,sthih2j8,1,bargaining_tdl_intro,Welcome,1779438964,1,0,0
yd5nzig1,16,cpn08rvz,1,bargaining_tdl_intro,Welcome,1779438966,1,0,0
yd5nzig1,13,dbc3qlg7,3,bargaining_tdl_intro,ControlQuestionsAttempt1,1779439003,1,0,0
yd5nzig1,6,9r3ttt9c,3,bargaining_tdl_intro,ControlQuestionsAttempt1,1779439006,1,0,0
yd5nzig1,1,i4i3tmug,2,bargaining_tdl_intro,InstructionsPart1,1779439006,1,0,0
yd5nzig1,6,9r3ttt9c,4,bargaining_tdl_intro,ControlQuestionsAttempt2,1779439026,1,0,0
yd5nzig1,6,9r3ttt9c,9,bargaining_tdl_main,GroupingAfterControlQuestions,1779439026,1,0,1
yd5nzig1,11,n3fe0c5q,9,bargaining_tdl_main,GroupingAfterControlQuestions,1779439026,1,0,1
yd5nzig1,13,dbc3qlg7,9,bargaining_tdl_main,GroupingAfterControlQuestions,1779439026,1,0,1
yd5nzig1,8,4xzbaozv,2,bargaining_tdl_intro,InstructionsPart1,1779439028,1,0,0
yd5nzig1,7,uq4bno51,2,bargaining_tdl_intro,InstructionsPart1,1779439043,1,0,0
yd5nzig1,5,b6mb3dyb,2,bargaining_tdl_intro,InstructionsPart1,1779439043,1,0,0
yd5nzig1,9,bnuc6jnp,1,bargaining_tdl_intro,Welcome,1779439044,1,0,0
yd5nzig1,10,qv5ox1qc,2,bargaining_tdl_intro,InstructionsPart1,1779439046,1,0,0
yd5nzig1,2,9lowtshx,0,,InitializeParticipant,1779439047,1,0,0
yd5nzig1,11,n3fe0c5q,10,bargaining_tdl_main,Chat,1779439066,1,0,0
yd5nzig1,2,9lowtshx,1,bargaining_tdl_intro,Welcome,1779439068,1,0,0
yd5nzig1,12,4uvdbn2v,3,bargaining_tdl_intro,ControlQuestionsAttempt1,1779439068,1,0,0
yd5nzig1,11,n3fe0c5q,11,bargaining_tdl_main,Signals,1779439077,1,0,0
yd5nzig1,1,i4i3tmug,3,bargaining_tdl_intro,ControlQuestionsAttempt1,1779439096,1,0,0
yd5nzig1,8,4xzbaozv,3,bargaining_tdl_intro,ControlQuestionsAttempt1,1779439104,1,0,0
yd5nzig1,8,4xzbaozv,4,bargaining_tdl_intro,ControlQuestionsAttempt2,1779439111,1,0,0
yd5nzig1,3,simlh0ez,0,,InitializeParticipant,1779439117,1,0,0
yd5nzig1,10,qv5ox1qc,3,bargaining_tdl_intro,ControlQuestionsAttempt1,1779439138,1,0,0
yd5nzig1,5,b6mb3dyb,3,bargaining_tdl_intro,ControlQuestionsAttempt1,1779439152,1,0,0
yd5nzig1,15,sthih2j8,2,bargaining_tdl_intro,InstructionsPart1,1779439162,1,0,0
yd5nzig1,16,cpn08rvz,2,bargaining_tdl_intro,InstructionsPart1,1779439165,1,0,0
yd5nzig1,6,9r3ttt9c,10,bargaining_tdl_main,Chat,1779439173,1,0,0
yd5nzig1,9,bnuc6jnp,2,bargaining_tdl_intro,InstructionsPart1,1779439174,1,0,0
yd5nzig1,13,dbc3qlg7,10,bargaining_tdl_main,Chat,1779439174,1,0,0
yd5nzig1,6,9r3ttt9c,11,bargaining_tdl_main,Signals,1779439182,1,0,0
yd5nzig1,16,cpn08rvz,3,bargaining_tdl_intro,ControlQuestionsAttempt1,1779439184,1,0,0
yd5nzig1,5,b6mb3dyb,9,bargaining_tdl_main,GroupingAfterControlQuestions,1779439184,1,0,1
yd5nzig1,12,4uvdbn2v,9,bargaining_tdl_main,GroupingAfterControlQuestions,1779439184,1,0,1
yd5nzig1,16,cpn08rvz,9,bargaining_tdl_main,GroupingAfterControlQuestions,1779439184,1,0,1
yd5nzig1,4,viaxlpcy,3,bargaining_tdl_intro,ControlQuestionsAttempt1,1779439190,1,0,0
yd5nzig1,3,simlh0ez,1,bargaining_tdl_intro,Welcome,1779439193,1,0,0
yd5nzig1,1,i4i3tmug,4,bargaining_tdl_intro,ControlQuestionsAttempt2,1779439194,1,0,0
yd5nzig1,15,sthih2j8,3,bargaining_tdl_intro,ControlQuestionsAttempt1,1779439199,1,0,0
yd5nzig1,13,dbc3qlg7,11,bargaining_tdl_main,Signals,1779439215,1,0,0
yd5nzig1,6,9r3ttt9c,13,bargaining_tdl_main,DataMappingWaitPage,1779439215,1,0,1
yd5nzig1,11,n3fe0c5q,13,bargaining_tdl_main,DataMappingWaitPage,1779439215,1,0,1
yd5nzig1,13,dbc3qlg7,13,bargaining_tdl_main,DataMappingWaitPage,1779439215,1,0,1
yd5nzig1,7,uq4bno51,3,bargaining_tdl_intro,ControlQuestionsAttempt1,1779439217,1,0,0
yd5nzig1,8,4xzbaozv,5,bargaining_tdl_intro,ControlQuestionsAttempt3,1779439217,1,0,0
yd5nzig1,6,9r3ttt9c,14,bargaining_tdl_main,Decision,1779439226,1,0,0
yd5nzig1,11,n3fe0c5q,14,bargaining_tdl_main,Decision,1779439227,1,0,0
yd5nzig1,10,qv5ox1qc,4,bargaining_tdl_intro,ControlQuestionsAttempt2,1779439234,1,0,0
yd5nzig1,8,4xzbaozv,6,bargaining_tdl_intro,ControlQuestionsAttempt4,1779439243,1,0,0
yd5nzig1,10,qv5ox1qc,5,bargaining_tdl_intro,ControlQuestionsAttempt3,1779439245,1,0,0
yd5nzig1,9,bnuc6jnp,3,bargaining_tdl_intro,ControlQuestionsAttempt1,1779439247,1,0,0
yd5nzig1,4,viaxlpcy,9,bargaining_tdl_main,GroupingAfterControlQuestions,1779439247,1,0,1
yd5nzig1,9,bnuc6jnp,9,bargaining_tdl_main,GroupingAfterControlQuestions,1779439247,1,0,1
yd5nzig1,15,sthih2j8,9,bargaining_tdl_main,GroupingAfterControlQuestions,1779439247,1,0,1
yd5nzig1,13,dbc3qlg7,14,bargaining_tdl_main,Decision,1779439251,1,0,0
yd5nzig1,6,9r3ttt9c,15,bargaining_tdl_main,ResultsWaitPage,1779439251,1,0,1
yd5nzig1,13,dbc3qlg7,15,bargaining_tdl_main,ResultsWaitPage,1779439251,1,0,1
yd5nzig1,11,n3fe0c5q,15,bargaining_tdl_main,ResultsWaitPage,1779439251,1,0,1
yd5nzig1,8,4xzbaozv,7,bargaining_tdl_intro,ControlQuestionsAttempt5,1779439256,1,0,0
yd5nzig1,1,i4i3tmug,5,bargaining_tdl_intro,ControlQuestionsAttempt3,1779439257,1,0,0
yd5nzig1,13,dbc3qlg7,16,bargaining_tdl_main,Results,1779439257,1,0,0
yd5nzig1,11,n3fe0c5q,16,bargaining_tdl_main,Results,1779439259,1,0,0
yd5nzig1,2,9lowtshx,2,bargaining_tdl_intro,InstructionsPart1,1779439261,1,0,0
yd5nzig1,6,9r3ttt9c,16,bargaining_tdl_main,Results,1779439262,1,0,0
yd5nzig1,3,simlh0ez,2,bargaining_tdl_intro,InstructionsPart1,1779439273,1,0,0
yd5nzig1,11,n3fe0c5q,18,bargaining_tdl_part3,InstructionsPart3,1779439303,1,0,0
yd5nzig1,11,n3fe0c5q,20,bargaining_tdl_part3,ResultsPart3,1779439307,1,0,0
yd5nzig1,11,n3fe0c5q,21,bargaining_tdl_survey,SurveyIntro,1779439313,1,0,0
yd5nzig1,7,uq4bno51,4,bargaining_tdl_intro,ControlQuestionsAttempt2,1779439317,1,0,0
yd5nzig1,1,i4i3tmug,6,bargaining_tdl_intro,ControlQuestionsAttempt4,1779439320,1,0,0
yd5nzig1,10,qv5ox1qc,6,bargaining_tdl_intro,ControlQuestionsAttempt4,1779439322,1,0,0
yd5nzig1,10,qv5ox1qc,7,bargaining_tdl_intro,ControlQuestionsAttempt5,1779439330,1,0,0
yd5nzig1,7,uq4bno51,5,bargaining_tdl_intro,ControlQuestionsAttempt3,1779439334,1,0,0
yd5nzig1,11,n3fe0c5q,22,bargaining_tdl_survey,SurveyQuestions,1779439340,1,0,0
yd5nzig1,11,n3fe0c5q,23,bargaining_tdl_survey,SurveyScaleIntro,1779439354,1,0,0
yd5nzig1,7,uq4bno51,6,bargaining_tdl_intro,ControlQuestionsAttempt4,1779439355,1,0,0
yd5nzig1,13,dbc3qlg7,18,bargaining_tdl_part3,InstructionsPart3,1779439357,1,0,0
yd5nzig1,11,n3fe0c5q,24,bargaining_tdl_survey,SurveyPage4,1779439367,1,0,0
yd5nzig1,3,simlh0ez,3,bargaining_tdl_intro,ControlQuestionsAttempt1,1779439367,1,0,0
yd5nzig1,11,n3fe0c5q,25,bargaining_tdl_survey,SurveyPage5,1779439372,1,0,0
yd5nzig1,11,n3fe0c5q,26,bargaining_tdl_survey,SurveyPage6,1779439378,1,0,0
yd5nzig1,11,n3fe0c5q,27,bargaining_tdl_survey,SurveyPage7,1779439385,1,0,0
yd5nzig1,13,dbc3qlg7,20,bargaining_tdl_part3,ResultsPart3,1779439386,1,0,0
yd5nzig1,13,dbc3qlg7,21,bargaining_tdl_survey,SurveyIntro,1779439389,1,0,0
yd5nzig1,9,bnuc6jnp,10,bargaining_tdl_main,Chat,1779439392,1,0,0
yd5nzig1,11,n3fe0c5q,28,bargaining_tdl_survey,SurveyPage8,1779439392,1,0,0
yd5nzig1,11,n3fe0c5q,29,bargaining_tdl_survey,SurveyPage9,1779439396,1,0,0
yd5nzig1,4,viaxlpcy,10,bargaining_tdl_main,Chat,1779439404,1,0,0
yd5nzig1,7,uq4bno51,7,bargaining_tdl_intro,ControlQuestionsAttempt5,1779439412,1,0,0
yd5nzig1,9,bnuc6jnp,11,bargaining_tdl_main,Signals,1779439414,1,0,0
yd5nzig1,15,sthih2j8,10,bargaining_tdl_main,Chat,1779439414,1,1,0
yd5nzig1,4,viaxlpcy,11,bargaining_tdl_main,Signals,1779439438,1,0,0
yd5nzig1,11,n3fe0c5q,30,bargaining_tdl_survey,SurveyPage10,1779439439,1,0,0
yd5nzig1,1,i4i3tmug,7,bargaining_tdl_intro,ControlQuestionsAttempt5,1779439440,1,0,0
yd5nzig1,6,9r3ttt9c,18,bargaining_tdl_part3,InstructionsPart3,1779439451,1,0,0
yd5nzig1,6,9r3ttt9c,20,bargaining_tdl_part3,ResultsPart3,1779439455,1,0,0
yd5nzig1,2,9lowtshx,3,bargaining_tdl_intro,ControlQuestionsAttempt1,1779439462,1,0,0
yd5nzig1,6,9r3ttt9c,21,bargaining_tdl_survey,SurveyIntro,1779439463,1,0,0
yd5nzig1,6,9r3ttt9c,22,bargaining_tdl_survey,SurveyQuestions,1779439484,1,0,0
yd5nzig1,2,9lowtshx,4,bargaining_tdl_intro,ControlQuestionsAttempt2,1779439499,1,0,0
yd5nzig1,1,i4i3tmug,9,bargaining_tdl_main,GroupingAfterControlQuestions,1779439499,1,0,1
yd5nzig1,2,9lowtshx,9,bargaining_tdl_main,GroupingAfterControlQuestions,1779439499,1,0,1
yd5nzig1,3,simlh0ez,9,bargaining_tdl_main,GroupingAfterControlQuestions,1779439499,1,0,1
yd5nzig1,6,9r3ttt9c,23,bargaining_tdl_survey,SurveyScaleIntro,1779439514,1,0,0
yd5nzig1,12,4uvdbn2v,10,bargaining_tdl_main,Chat,1779439517,1,0,0
yd5nzig1,5,b6mb3dyb,10,bargaining_tdl_main,Chat,1779439518,1,0,0
yd5nzig1,13,dbc3qlg7,22,bargaining_tdl_survey,SurveyQuestions,1779439532,1,0,0
yd5nzig1,13,dbc3qlg7,23,bargaining_tdl_survey,SurveyScaleIntro,1779439536,1,0,0
yd5nzig1,5,b6mb3dyb,11,bargaining_tdl_main,Signals,1779439542,1,0,0
yd5nzig1,16,cpn08rvz,10,bargaining_tdl_main,Chat,1779439542,1,1,0
yd5nzig1,6,9r3ttt9c,24,bargaining_tdl_survey,SurveyPage4,1779439557,1,0,0
yd5nzig1,12,4uvdbn2v,11,bargaining_tdl_main,Signals,1779439567,1,0,0
yd5nzig1,13,dbc3qlg7,24,bargaining_tdl_survey,SurveyPage4,1779439567,1,0,0
yd5nzig1,6,9r3ttt9c,25,bargaining_tdl_survey,SurveyPage5,1779439569,1,0,0
yd5nzig1,6,9r3ttt9c,26,bargaining_tdl_survey,SurveyPage6,1779439577,1,0,0
yd5nzig1,13,dbc3qlg7,25,bargaining_tdl_survey,SurveyPage5,1779439583,1,0,0
yd5nzig1,6,9r3ttt9c,27,bargaining_tdl_survey,SurveyPage7,1779439590,1,0,0
yd5nzig1,13,dbc3qlg7,26,bargaining_tdl_survey,SurveyPage6,1779439590,1,0,0
yd5nzig1,16,cpn08rvz,11,bargaining_tdl_main,Signals,1779439610,1,0,0
yd5nzig1,5,b6mb3dyb,13,bargaining_tdl_main,DataMappingWaitPage,1779439610,1,0,1
yd5nzig1,12,4uvdbn2v,13,bargaining_tdl_main,DataMappingWaitPage,1779439610,1,0,1
yd5nzig1,16,cpn08rvz,13,bargaining_tdl_main,DataMappingWaitPage,1779439610,1,0,1
yd5nzig1,3,simlh0ez,10,bargaining_tdl_main,Chat,1779439614,1,0,0
yd5nzig1,6,9r3ttt9c,28,bargaining_tdl_survey,SurveyPage8,1779439616,1,0,0
yd5nzig1,15,sthih2j8,11,bargaining_tdl_main,Signals,1779439617,1,0,0
yd5nzig1,4,viaxlpcy,13,bargaining_tdl_main,DataMappingWaitPage,1779439617,1,0,1
yd5nzig1,9,bnuc6jnp,13,bargaining_tdl_main,DataMappingWaitPage,1779439617,1,0,1
yd5nzig1,15,sthih2j8,13,bargaining_tdl_main,DataMappingWaitPage,1779439617,1,0,1
yd5nzig1,13,dbc3qlg7,27,bargaining_tdl_survey,SurveyPage7,1779439624,1,0,0
yd5nzig1,12,4uvdbn2v,14,bargaining_tdl_main,Decision,1779439624,1,0,0
yd5nzig1,13,dbc3qlg7,28,bargaining_tdl_survey,SurveyPage8,1779439631,1,0,0
yd5nzig1,9,bnuc6jnp,14,bargaining_tdl_main,Decision,1779439636,1,0,0
yd5nzig1,5,b6mb3dyb,14,bargaining_tdl_main,Decision,1779439637,1,0,0
yd5nzig1,16,cpn08rvz,15,bargaining_tdl_main,ResultsWaitPage,1779439637,1,0,1
yd5nzig1,5,b6mb3dyb,15,bargaining_tdl_main,ResultsWaitPage,1779439637,1,0,1
yd5nzig1,12,4uvdbn2v,15,bargaining_tdl_main,ResultsWaitPage,1779439637,1,0,1
yd5nzig1,6,9r3ttt9c,29,bargaining_tdl_survey,SurveyPage9,1779439637,1,0,0
yd5nzig1,2,9lowtshx,10,bargaining_tdl_main,Chat,1779439645,1,0,0
yd5nzig1,12,4uvdbn2v,16,bargaining_tdl_main,Results,1779439645,1,0,0
yd5nzig1,1,i4i3tmug,10,bargaining_tdl_main,Chat,1779439646,1,0,0
yd5nzig1,5,b6mb3dyb,16,bargaining_tdl_main,Results,1779439647,1,0,0
yd5nzig1,13,dbc3qlg7,29,bargaining_tdl_survey,SurveyPage9,1779439656,1,0,0
yd5nzig1,4,viaxlpcy,14,bargaining_tdl_main,Decision,1779439671,1,0,0
yd5nzig1,9,bnuc6jnp,15,bargaining_tdl_main,ResultsWaitPage,1779439672,1,0,1
yd5nzig1,4,viaxlpcy,15,bargaining_tdl_main,ResultsWaitPage,1779439672,1,0,1
yd5nzig1,15,sthih2j8,15,bargaining_tdl_main,ResultsWaitPage,1779439672,1,0,1
yd5nzig1,1,i4i3tmug,11,bargaining_tdl_main,Signals,1779439677,1,0,0
yd5nzig1,9,bnuc6jnp,16,bargaining_tdl_main,Results,1779439683,1,0,0
yd5nzig1,13,dbc3qlg7,30,bargaining_tdl_survey,SurveyPage10,1779439684,1,0,0
yd5nzig1,12,4uvdbn2v,18,bargaining_tdl_part3,InstructionsPart3,1779439691,1,0,0
yd5nzig1,5,b6mb3dyb,18,bargaining_tdl_part3,InstructionsPart3,1779439697,1,0,0
yd5nzig1,12,4uvdbn2v,20,bargaining_tdl_part3,ResultsPart3,1779439699,1,0,0
yd5nzig1,4,viaxlpcy,16,bargaining_tdl_main,Results,1779439699,1,0,0
yd5nzig1,5,b6mb3dyb,20,bargaining_tdl_part3,ResultsPart3,1779439700,1,0,0
yd5nzig1,6,9r3ttt9c,30,bargaining_tdl_survey,SurveyPage10,1779439701,1,0,0
yd5nzig1,12,4uvdbn2v,21,bargaining_tdl_survey,SurveyIntro,1779439702,1,0,0
yd5nzig1,5,b6mb3dyb,21,bargaining_tdl_survey,SurveyIntro,1779439704,1,0,0
yd5nzig1,3,simlh0ez,11,bargaining_tdl_main,Signals,1779439709,1,0,0
yd5nzig1,2,9lowtshx,11,bargaining_tdl_main,Signals,1779439720,1,0,0
yd5nzig1,1,i4i3tmug,13,bargaining_tdl_main,DataMappingWaitPage,1779439720,1,0,1
yd5nzig1,2,9lowtshx,13,bargaining_tdl_main,DataMappingWaitPage,1779439720,1,0,1
yd5nzig1,3,simlh0ez,13,bargaining_tdl_main,DataMappingWaitPage,1779439720,1,0,1
yd5nzig1,5,b6mb3dyb,22,bargaining_tdl_survey,SurveyQuestions,1779439722,1,0,0
yd5nzig1,12,4uvdbn2v,22,bargaining_tdl_survey,SurveyQuestions,1779439729,1,0,0
yd5nzig1,5,b6mb3dyb,23,bargaining_tdl_survey,SurveyScaleIntro,1779439731,1,0,0
yd5nzig1,1,i4i3tmug,14,bargaining_tdl_main,Decision,1779439735,1,0,0
yd5nzig1,9,bnuc6jnp,18,bargaining_tdl_part3,InstructionsPart3,1779439745,1,0,0
yd5nzig1,12,4uvdbn2v,23,bargaining_tdl_survey,SurveyScaleIntro,1779439747,1,0,0
yd5nzig1,9,bnuc6jnp,20,bargaining_tdl_part3,ResultsPart3,1779439752,1,0,0
yd5nzig1,5,b6mb3dyb,24,bargaining_tdl_survey,SurveyPage4,1779439757,1,0,0
yd5nzig1,12,4uvdbn2v,24,bargaining_tdl_survey,SurveyPage4,1779439762,1,0,0
yd5nzig1,9,bnuc6jnp,21,bargaining_tdl_survey,SurveyIntro,1779439763,1,0,0
yd5nzig1,5,b6mb3dyb,25,bargaining_tdl_survey,SurveyPage5,1779439764,1,0,0
yd5nzig1,5,b6mb3dyb,26,bargaining_tdl_survey,SurveyPage6,1779439771,1,0,0
yd5nzig1,12,4uvdbn2v,25,bargaining_tdl_survey,SurveyPage5,1779439776,1,0,0
yd5nzig1,5,b6mb3dyb,27,bargaining_tdl_survey,SurveyPage7,1779439781,1,0,0
yd5nzig1,2,9lowtshx,14,bargaining_tdl_main,Decision,1779439783,1,0,0
yd5nzig1,4,viaxlpcy,18,bargaining_tdl_part3,InstructionsPart3,1779439784,1,0,0
yd5nzig1,12,4uvdbn2v,26,bargaining_tdl_survey,SurveyPage6,1779439785,1,0,0
yd5nzig1,3,simlh0ez,14,bargaining_tdl_main,Decision,1779439785,1,0,0
yd5nzig1,1,i4i3tmug,15,bargaining_tdl_main,ResultsWaitPage,1779439785,1,0,1
yd5nzig1,2,9lowtshx,15,bargaining_tdl_main,ResultsWaitPage,1779439785,1,0,1
yd5nzig1,3,simlh0ez,15,bargaining_tdl_main,ResultsWaitPage,1779439785,1,0,1
yd5nzig1,5,b6mb3dyb,28,bargaining_tdl_survey,SurveyPage8,1779439788,1,0,0
yd5nzig1,9,bnuc6jnp,22,bargaining_tdl_survey,SurveyQuestions,1779439795,1,0,0
yd5nzig1,12,4uvdbn2v,27,bargaining_tdl_survey,SurveyPage7,1779439795,1,0,0
yd5nzig1,1,i4i3tmug,16,bargaining_tdl_main,Results,1779439799,1,0,0
yd5nzig1,5,b6mb3dyb,29,bargaining_tdl_survey,SurveyPage9,1779439800,1,0,0
yd5nzig1,4,viaxlpcy,20,bargaining_tdl_part3,ResultsPart3,1779439801,1,0,0
yd5nzig1,12,4uvdbn2v,28,bargaining_tdl_survey,SurveyPage8,1779439803,1,0,0
yd5nzig1,2,9lowtshx,16,bargaining_tdl_main,Results,1779439806,1,0,0
yd5nzig1,12,4uvdbn2v,29,bargaining_tdl_survey,SurveyPage9,1779439808,1,0,0
yd5nzig1,9,bnuc6jnp,23,bargaining_tdl_survey,SurveyScaleIntro,1779439817,1,0,0
yd5nzig1,4,viaxlpcy,21,bargaining_tdl_survey,SurveyIntro,1779439819,1,0,0
yd5nzig1,9,bnuc6jnp,24,bargaining_tdl_survey,SurveyPage4,1779439829,1,0,0
yd5nzig1,9,bnuc6jnp,25,bargaining_tdl_survey,SurveyPage5,1779439838,1,0,0
yd5nzig1,9,bnuc6jnp,26,bargaining_tdl_survey,SurveyPage6,1779439844,1,0,0
yd5nzig1,9,bnuc6jnp,27,bargaining_tdl_survey,SurveyPage7,1779439853,1,0,0
yd5nzig1,4,viaxlpcy,22,bargaining_tdl_survey,SurveyQuestions,1779439861,1,0,0
yd5nzig1,1,i4i3tmug,18,bargaining_tdl_part3,InstructionsPart3,1779439863,1,0,0
yd5nzig1,9,bnuc6jnp,28,bargaining_tdl_survey,SurveyPage8,1779439863,1,0,0
yd5nzig1,1,i4i3tmug,20,bargaining_tdl_part3,ResultsPart3,1779439865,1,0,0
yd5nzig1,5,b6mb3dyb,30,bargaining_tdl_survey,SurveyPage10,1779439867,1,0,0
yd5nzig1,9,bnuc6jnp,29,bargaining_tdl_survey,SurveyPage9,1779439869,1,0,0
yd5nzig1,1,i4i3tmug,21,bargaining_tdl_survey,SurveyIntro,1779439870,1,0,0
yd5nzig1,12,4uvdbn2v,30,bargaining_tdl_survey,SurveyPage10,1779439876,1,0,0
yd5nzig1,4,viaxlpcy,23,bargaining_tdl_survey,SurveyScaleIntro,1779439885,1,0,0
yd5nzig1,2,9lowtshx,18,bargaining_tdl_part3,InstructionsPart3,1779439886,1,0,0
yd5nzig1,1,i4i3tmug,22,bargaining_tdl_survey,SurveyQuestions,1779439890,1,0,0
yd5nzig1,2,9lowtshx,20,bargaining_tdl_part3,ResultsPart3,1779439892,1,0,0
yd5nzig1,2,9lowtshx,21,bargaining_tdl_survey,SurveyIntro,1779439893,1,0,0
yd5nzig1,1,i4i3tmug,23,bargaining_tdl_survey,SurveyScaleIntro,1779439896,1,0,0
yd5nzig1,1,i4i3tmug,24,bargaining_tdl_survey,SurveyPage4,1779439910,1,0,0
yd5nzig1,2,9lowtshx,22,bargaining_tdl_survey,SurveyQuestions,1779439912,1,0,0
yd5nzig1,1,i4i3tmug,25,bargaining_tdl_survey,SurveyPage5,1779439916,1,0,0
yd5nzig1,2,9lowtshx,23,bargaining_tdl_survey,SurveyScaleIntro,1779439916,1,0,0
yd5nzig1,4,viaxlpcy,24,bargaining_tdl_survey,SurveyPage4,1779439918,1,0,0
yd5nzig1,1,i4i3tmug,26,bargaining_tdl_survey,SurveyPage6,1779439919,1,0,0
yd5nzig1,2,9lowtshx,24,bargaining_tdl_survey,SurveyPage4,1779439920,1,0,0
yd5nzig1,4,viaxlpcy,25,bargaining_tdl_survey,SurveyPage5,1779439926,1,0,0
yd5nzig1,1,i4i3tmug,27,bargaining_tdl_survey,SurveyPage7,1779439928,1,0,0
yd5nzig1,2,9lowtshx,25,bargaining_tdl_survey,SurveyPage5,1779439930,1,0,0
yd5nzig1,4,viaxlpcy,26,bargaining_tdl_survey,SurveyPage6,1779439934,1,0,0
yd5nzig1,1,i4i3tmug,28,bargaining_tdl_survey,SurveyPage8,1779439934,1,0,0
yd5nzig1,2,9lowtshx,26,bargaining_tdl_survey,SurveyPage6,1779439936,1,0,0
yd5nzig1,2,9lowtshx,27,bargaining_tdl_survey,SurveyPage7,1779439939,1,0,0
yd5nzig1,1,i4i3tmug,29,bargaining_tdl_survey,SurveyPage9,1779439940,1,0,0
yd5nzig1,2,9lowtshx,28,bargaining_tdl_survey,SurveyPage8,1779439943,1,0,0
yd5nzig1,9,bnuc6jnp,30,bargaining_tdl_survey,SurveyPage10,1779439964,1,0,0
yd5nzig1,4,viaxlpcy,27,bargaining_tdl_survey,SurveyPage7,1779439968,1,0,0
yd5nzig1,2,9lowtshx,29,bargaining_tdl_survey,SurveyPage9,1779439969,1,0,0
yd5nzig1,1,i4i3tmug,30,bargaining_tdl_survey,SurveyPage10,1779439969,1,0,0
yd5nzig1,4,viaxlpcy,28,bargaining_tdl_survey,SurveyPage8,1779439977,1,0,0
yd5nzig1,4,viaxlpcy,29,bargaining_tdl_survey,SurveyPage9,1779439983,1,0,0
yd5nzig1,2,9lowtshx,30,bargaining_tdl_survey,SurveyPage10,1779440033,1,0,0
yd5nzig1,4,viaxlpcy,30,bargaining_tdl_survey,SurveyPage10,1779440105,1,0,0
